dataset,subject,protocol,fold_name,seed,budget_frac,alpha,arm_pool,calibration_frac,include_recent_rewards,per_round_cap,policy,epsilon,kappa,accuracy,n_test,n_arms_surviving,stream_rounds_run,final_regret,budget_remaining
BCI-IV-2b,1,within,within_fold0,0,1.0,0.1,pruned,0.2,True,inf,oplb,,0.125,0.5625,48,96,154,71.0,144.0
BCI-IV-2b,1,within,within_fold0,1,1.0,0.1,pruned,0.2,True,inf,oplb,,0.25,0.625,48,68,154,64.0,144.0
BCI-IV-2b,1,within,within_fold0,2,1.0,0.1,pruned,0.2,True,inf,oplb,,0.2083,0.6042,48,78,154,73.0,150.0
BCI-IV-2b,1,within,within_fold0,3,1.0,0.1,pruned,0.2,True,inf,oplb,,-0.125,0.4375,48,56,154,71.0,144.0
BCI-IV-2b,1,within,within_fold0,42,1.0,0.1,pruned,0.2,True,inf,oplb,,-0.2917,0.3542,48,66,154,81.0,146.0
BCI-IV-2b,1,within,within_fold0,0,1.0,0.1,pruned,0.2,False,inf,oplb,,0.125,0.5625,48,96,154,71.0,144.0
BCI-IV-2b,1,within,within_fold0,1,1.0,0.1,pruned,0.2,False,inf,oplb,,0.0833,0.5417,48,68,154,54.0,144.0
BCI-IV-2b,1,within,within_fold0,2,1.0,0.1,pruned,0.2,False,inf,oplb,,0.2083,0.6042,48,78,154,73.0,150.0
BCI-IV-2b,1,within,within_fold0,3,1.0,0.1,pruned,0.2,False,inf,oplb,,-0.125,0.4375,48,56,154,71.0,144.0
BCI-IV-2b,1,within,within_fold0,42,1.0,0.1,pruned,0.2,False,inf,oplb,,-0.2917,0.3542,48,66,154,81.0,146.0
BCI-IV-2b,1,within,within_fold0,0,1.0,0.1,pruned,0.3,True,inf,oplb,,-0.0417,0.4792,48,76,134,68.0,144.0
BCI-IV-2b,1,within,within_fold0,1,1.0,0.1,pruned,0.3,True,inf,oplb,,0.2917,0.6458,48,64,134,67.0,144.0
BCI-IV-2b,1,within,within_fold0,2,1.0,0.1,pruned,0.3,True,inf,oplb,,-0.125,0.4375,48,92,134,67.0,277.0
BCI-IV-2b,1,within,within_fold0,3,1.0,0.1,pruned,0.3,True,inf,oplb,,0.0417,0.5208,48,72,134,57.0,144.0
BCI-IV-2b,1,within,within_fold0,42,1.0,0.1,pruned,0.3,True,inf,oplb,,-0.0417,0.4792,48,76,134,67.0,254.0
BCI-IV-2b,1,within,within_fold0,0,1.0,0.1,pruned,0.3,False,inf,oplb,,-0.0417,0.4792,48,76,134,67.0,144.0
BCI-IV-2b,1,within,within_fold0,1,1.0,0.1,pruned,0.3,False,inf,oplb,,0.2917,0.6458,48,64,134,67.0,144.0
BCI-IV-2b,1,within,within_fold0,2,1.0,0.1,pruned,0.3,False,inf,oplb,,-0.125,0.4375,48,92,134,67.0,277.0
BCI-IV-2b,1,within,within_fold0,3,1.0,0.1,pruned,0.3,False,inf,oplb,,0.0417,0.5208,48,72,134,57.0,144.0
BCI-IV-2b,1,within,within_fold0,42,1.0,0.1,pruned,0.3,False,inf,oplb,,0.0,0.5,48,76,134,67.0,144.0
BCI-IV-2b,1,within,within_fold0,0,1.0,0.5,pruned,0.2,True,inf,oplb,,0.25,0.625,48,96,154,84.0,154.0
BCI-IV-2b,1,within,within_fold0,1,1.0,0.5,pruned,0.2,True,inf,oplb,,0.3333,0.6667,48,68,154,69.0,171.0
BCI-IV-2b,1,within,within_fold0,2,1.0,0.5,pruned,0.2,True,inf,oplb,,-0.125,0.4375,48,78,154,77.0,192.0
BCI-IV-2b,1,within,within_fold0,3,1.0,0.5,pruned,0.2,True,inf,oplb,,0.125,0.5625,48,56,154,64.0,175.0
BCI-IV-2b,1,within,within_fold0,42,1.0,0.5,pruned,0.2,True,inf,oplb,,0.0,0.5,48,66,154,81.0,187.0
BCI-IV-2b,1,within,within_fold0,0,1.0,0.5,pruned,0.2,False,inf,oplb,,-0.0833,0.4583,48,96,154,77.0,179.0
BCI-IV-2b,1,within,within_fold0,1,1.0,0.5,pruned,0.2,False,inf,oplb,,0.25,0.625,48,68,154,72.0,173.0
BCI-IV-2b,1,within,within_fold0,2,1.0,0.5,pruned,0.2,False,inf,oplb,,-0.125,0.4375,48,78,154,70.0,156.0
BCI-IV-2b,1,within,within_fold0,3,1.0,0.5,pruned,0.2,False,inf,oplb,,0.0417,0.5208,48,56,154,71.0,186.0
BCI-IV-2b,1,within,within_fold0,42,1.0,0.5,pruned,0.2,False,inf,oplb,,0.1667,0.5833,48,66,154,76.0,173.0
BCI-IV-2b,1,within,within_fold0,0,1.0,0.5,pruned,0.3,True,inf,oplb,,0.5417,0.7708,48,76,134,69.0,144.0
BCI-IV-2b,1,within,within_fold0,1,1.0,0.5,pruned,0.3,True,inf,oplb,,0.125,0.5625,48,64,134,62.0,151.0
BCI-IV-2b,1,within,within_fold0,2,1.0,0.5,pruned,0.3,True,inf,oplb,,-0.0833,0.4583,48,92,134,61.0,187.0
BCI-IV-2b,1,within,within_fold0,3,1.0,0.5,pruned,0.3,True,inf,oplb,,-0.125,0.4375,48,72,134,75.0,176.0
BCI-IV-2b,1,within,within_fold0,42,1.0,0.5,pruned,0.3,True,inf,oplb,,0.25,0.625,48,76,134,60.0,194.0
BCI-IV-2b,1,within,within_fold0,0,1.0,0.5,pruned,0.3,False,inf,oplb,,0.0417,0.5208,48,76,134,69.0,149.0
BCI-IV-2b,1,within,within_fold0,1,1.0,0.5,pruned,0.3,False,inf,oplb,,0.3333,0.6667,48,64,134,59.0,172.0
BCI-IV-2b,1,within,within_fold0,2,1.0,0.5,pruned,0.3,False,inf,oplb,,-0.0833,0.4583,48,92,134,68.0,255.0
BCI-IV-2b,1,within,within_fold0,3,1.0,0.5,pruned,0.3,False,inf,oplb,,0.0833,0.5417,48,72,134,65.0,159.0
BCI-IV-2b,1,within,within_fold0,42,1.0,0.5,pruned,0.3,False,inf,oplb,,0.2083,0.6042,48,76,134,68.0,195.0
BCI-IV-2b,1,within,within_fold0,0,1.0,1.0,pruned,0.2,True,inf,oplb,,0.125,0.5625,48,96,154,70.0,166.0
BCI-IV-2b,1,within,within_fold0,1,1.0,1.0,pruned,0.2,True,inf,oplb,,0.125,0.5625,48,68,154,79.0,198.0
BCI-IV-2b,1,within,within_fold0,2,1.0,1.0,pruned,0.2,True,inf,oplb,,-0.125,0.4375,48,78,154,75.0,191.0
BCI-IV-2b,1,within,within_fold0,3,1.0,1.0,pruned,0.2,True,inf,oplb,,0.0833,0.5417,48,56,154,74.0,180.0
BCI-IV-2b,1,within,within_fold0,42,1.0,1.0,pruned,0.2,True,inf,oplb,,0.0417,0.5208,48,66,154,68.0,189.0
BCI-IV-2b,1,within,within_fold0,0,1.0,1.0,pruned,0.2,False,inf,oplb,,0.125,0.5625,48,96,154,63.0,174.0
BCI-IV-2b,1,within,within_fold0,1,1.0,1.0,pruned,0.2,False,inf,oplb,,0.0833,0.5417,48,68,154,83.0,187.0
BCI-IV-2b,1,within,within_fold0,2,1.0,1.0,pruned,0.2,False,inf,oplb,,0.0833,0.5417,48,78,154,75.0,187.0
BCI-IV-2b,1,within,within_fold0,3,1.0,1.0,pruned,0.2,False,inf,oplb,,-0.0833,0.4583,48,56,154,80.0,197.0
BCI-IV-2b,1,within,within_fold0,42,1.0,1.0,pruned,0.2,False,inf,oplb,,-0.0417,0.4792,48,66,154,74.0,184.0
BCI-IV-2b,1,within,within_fold0,0,1.0,1.0,pruned,0.3,True,inf,oplb,,0.25,0.625,48,76,134,54.0,175.0
BCI-IV-2b,1,within,within_fold0,1,1.0,1.0,pruned,0.3,True,inf,oplb,,-0.0833,0.4583,48,64,134,70.0,205.0
BCI-IV-2b,1,within,within_fold0,2,1.0,1.0,pruned,0.3,True,inf,oplb,,0.5,0.75,48,92,134,69.0,185.0
BCI-IV-2b,1,within,within_fold0,3,1.0,1.0,pruned,0.3,True,inf,oplb,,-0.0833,0.4583,48,72,134,66.0,175.0
BCI-IV-2b,1,within,within_fold0,42,1.0,1.0,pruned,0.3,True,inf,oplb,,0.0833,0.5417,48,76,134,67.0,176.0
BCI-IV-2b,1,within,within_fold0,0,1.0,1.0,pruned,0.3,False,inf,oplb,,0.25,0.625,48,76,134,52.0,175.0
BCI-IV-2b,1,within,within_fold0,1,1.0,1.0,pruned,0.3,False,inf,oplb,,0.0417,0.5208,48,64,134,73.0,197.0
BCI-IV-2b,1,within,within_fold0,2,1.0,1.0,pruned,0.3,False,inf,oplb,,0.0,0.5,48,92,134,60.0,190.0
BCI-IV-2b,1,within,within_fold0,3,1.0,1.0,pruned,0.3,False,inf,oplb,,0.125,0.5625,48,72,134,59.0,178.0
BCI-IV-2b,1,within,within_fold0,42,1.0,1.0,pruned,0.3,False,inf,oplb,,0.1667,0.5833,48,76,134,63.0,179.0
BCI-IV-2b,1,official,official[0→1],0,1.0,0.1,pruned,0.2,True,inf,oplb,,0.0833,0.5417,120,68,96,48.0,451.0
BCI-IV-2b,1,official,official[0→1],1,1.0,0.1,pruned,0.2,True,inf,oplb,,-0.0167,0.4917,120,80,96,48.0,449.0
BCI-IV-2b,1,official,official[0→1],2,1.0,0.1,pruned,0.2,True,inf,oplb,,0.0,0.5,120,44,96,48.0,455.0
BCI-IV-2b,1,official,official[0→1],3,1.0,0.1,pruned,0.2,True,inf,oplb,,0.0167,0.5083,120,74,96,50.0,362.0
BCI-IV-2b,1,official,official[0→1],42,1.0,0.1,pruned,0.2,True,inf,oplb,,0.1,0.55,120,72,96,38.0,456.0
BCI-IV-2b,1,official,official[0→1],0,1.0,0.1,pruned,0.2,False,inf,oplb,,0.2,0.6,120,68,96,51.0,450.0
BCI-IV-2b,1,official,official[0→1],1,1.0,0.1,pruned,0.2,False,inf,oplb,,-0.0167,0.4917,120,80,96,47.0,452.0
BCI-IV-2b,1,official,official[0→1],2,1.0,0.1,pruned,0.2,False,inf,oplb,,0.0,0.5,120,44,96,48.0,455.0
BCI-IV-2b,1,official,official[0→1],3,1.0,0.1,pruned,0.2,False,inf,oplb,,0.0167,0.5083,120,74,96,50.0,362.0
BCI-IV-2b,1,official,official[0→1],42,1.0,0.1,pruned,0.2,False,inf,oplb,,0.1,0.55,120,72,96,38.0,456.0
BCI-IV-2b,1,official,official[0→1],0,1.0,0.1,pruned,0.3,True,inf,oplb,,0.1333,0.5667,120,68,84,44.0,444.0
BCI-IV-2b,1,official,official[0→1],1,1.0,0.1,pruned,0.3,True,inf,oplb,,-0.15,0.425,120,60,84,36.0,418.0
BCI-IV-2b,1,official,official[0→1],2,1.0,0.1,pruned,0.3,True,inf,oplb,,0.2,0.6,120,88,84,39.0,360.0
BCI-IV-2b,1,official,official[0→1],3,1.0,0.1,pruned,0.3,True,inf,oplb,,0.1333,0.5667,120,90,84,38.0,360.0
BCI-IV-2b,1,official,official[0→1],42,1.0,0.1,pruned,0.3,True,inf,oplb,,-0.0333,0.4833,120,52,84,48.0,379.0
BCI-IV-2b,1,official,official[0→1],0,1.0,0.1,pruned,0.3,False,inf,oplb,,0.1333,0.5667,120,68,84,44.0,444.0
BCI-IV-2b,1,official,official[0→1],1,1.0,0.1,pruned,0.3,False,inf,oplb,,0.1667,0.5833,120,60,84,28.0,361.0
BCI-IV-2b,1,official,official[0→1],2,1.0,0.1,pruned,0.3,False,inf,oplb,,0.2,0.6,120,88,84,39.0,360.0
BCI-IV-2b,1,official,official[0→1],3,1.0,0.1,pruned,0.3,False,inf,oplb,,0.1333,0.5667,120,90,84,38.0,360.0
BCI-IV-2b,1,official,official[0→1],42,1.0,0.1,pruned,0.3,False,inf,oplb,,-0.0333,0.4833,120,52,84,46.0,368.0
BCI-IV-2b,1,official,official[0→1],0,1.0,0.5,pruned,0.2,True,inf,oplb,,0.0667,0.5333,120,68,96,46.0,419.0
BCI-IV-2b,1,official,official[0→1],1,1.0,0.5,pruned,0.2,True,inf,oplb,,0.15,0.575,120,80,96,45.0,384.0
BCI-IV-2b,1,official,official[0→1],2,1.0,0.5,pruned,0.2,True,inf,oplb,,0.1833,0.5917,120,44,96,44.0,386.0
BCI-IV-2b,1,official,official[0→1],3,1.0,0.5,pruned,0.2,True,inf,oplb,,0.1167,0.5583,120,74,96,48.0,364.0
BCI-IV-2b,1,official,official[0→1],42,1.0,0.5,pruned,0.2,True,inf,oplb,,-0.1167,0.4417,120,72,96,51.0,370.0
BCI-IV-2b,1,official,official[0→1],0,1.0,0.5,pruned,0.2,False,inf,oplb,,0.0667,0.5333,120,68,96,45.0,416.0
BCI-IV-2b,1,official,official[0→1],1,1.0,0.5,pruned,0.2,False,inf,oplb,,0.15,0.575,120,80,96,42.0,371.0
BCI-IV-2b,1,official,official[0→1],2,1.0,0.5,pruned,0.2,False,inf,oplb,,0.1833,0.5917,120,44,96,47.0,379.0
BCI-IV-2b,1,official,official[0→1],3,1.0,0.5,pruned,0.2,False,inf,oplb,,0.1667,0.5833,120,74,96,47.0,368.0
BCI-IV-2b,1,official,official[0→1],42,1.0,0.5,pruned,0.2,False,inf,oplb,,0.0667,0.5333,120,72,96,52.0,378.0
BCI-IV-2b,1,official,official[0→1],0,1.0,0.5,pruned,0.3,True,inf,oplb,,0.2333,0.6167,120,68,84,41.0,388.0
BCI-IV-2b,1,official,official[0→1],1,1.0,0.5,pruned,0.3,True,inf,oplb,,-0.0167,0.4917,120,60,84,46.0,384.0
BCI-IV-2b,1,official,official[0→1],2,1.0,0.5,pruned,0.3,True,inf,oplb,,-0.0667,0.4667,120,88,84,49.0,436.0
BCI-IV-2b,1,official,official[0→1],3,1.0,0.5,pruned,0.3,True,inf,oplb,,0.1333,0.5667,120,90,84,43.0,370.0
BCI-IV-2b,1,official,official[0→1],42,1.0,0.5,pruned,0.3,True,inf,oplb,,-0.0667,0.4667,120,52,84,48.0,408.0
BCI-IV-2b,1,official,official[0→1],0,1.0,0.5,pruned,0.3,False,inf,oplb,,0.0,0.5,120,68,84,45.0,370.0
BCI-IV-2b,1,official,official[0→1],1,1.0,0.5,pruned,0.3,False,inf,oplb,,0.1667,0.5833,120,60,84,42.0,398.0
BCI-IV-2b,1,official,official[0→1],2,1.0,0.5,pruned,0.3,False,inf,oplb,,-0.0667,0.4667,120,88,84,49.0,435.0
BCI-IV-2b,1,official,official[0→1],3,1.0,0.5,pruned,0.3,False,inf,oplb,,-0.0333,0.4833,120,90,84,42.0,360.0
BCI-IV-2b,1,official,official[0→1],42,1.0,0.5,pruned,0.3,False,inf,oplb,,-0.0333,0.4833,120,52,84,36.0,376.0
BCI-IV-2b,1,official,official[0→1],0,1.0,1.0,pruned,0.2,True,inf,oplb,,0.0667,0.5333,120,68,96,46.0,392.0
BCI-IV-2b,1,official,official[0→1],1,1.0,1.0,pruned,0.2,True,inf,oplb,,0.0167,0.5083,120,80,96,39.0,398.0
BCI-IV-2b,1,official,official[0→1],2,1.0,1.0,pruned,0.2,True,inf,oplb,,0.0667,0.5333,120,44,96,42.0,389.0
BCI-IV-2b,1,official,official[0→1],3,1.0,1.0,pruned,0.2,True,inf,oplb,,0.0333,0.5167,120,74,96,48.0,384.0
BCI-IV-2b,1,official,official[0→1],42,1.0,1.0,pruned,0.2,True,inf,oplb,,0.0833,0.5417,120,72,96,44.0,396.0
BCI-IV-2b,1,official,official[0→1],0,1.0,1.0,pruned,0.2,False,inf,oplb,,0.1667,0.5833,120,68,96,49.0,395.0
BCI-IV-2b,1,official,official[0→1],1,1.0,1.0,pruned,0.2,False,inf,oplb,,0.0167,0.5083,120,80,96,37.0,397.0
BCI-IV-2b,1,official,official[0→1],2,1.0,1.0,pruned,0.2,False,inf,oplb,,0.1167,0.5583,120,44,96,47.0,385.0
BCI-IV-2b,1,official,official[0→1],3,1.0,1.0,pruned,0.2,False,inf,oplb,,0.0333,0.5167,120,74,96,47.0,388.0
BCI-IV-2b,1,official,official[0→1],42,1.0,1.0,pruned,0.2,False,inf,oplb,,0.1167,0.5583,120,72,96,52.0,396.0
BCI-IV-2b,1,official,official[0→1],0,1.0,1.0,pruned,0.3,True,inf,oplb,,0.0167,0.5083,120,68,84,42.0,380.0
BCI-IV-2b,1,official,official[0→1],1,1.0,1.0,pruned,0.3,True,inf,oplb,,0.1667,0.5833,120,60,84,46.0,398.0
BCI-IV-2b,1,official,official[0→1],2,1.0,1.0,pruned,0.3,True,inf,oplb,,0.0667,0.5333,120,88,84,38.0,383.0
BCI-IV-2b,1,official,official[0→1],3,1.0,1.0,pruned,0.3,True,inf,oplb,,-0.0167,0.4917,120,90,84,40.0,383.0
BCI-IV-2b,1,official,official[0→1],42,1.0,1.0,pruned,0.3,True,inf,oplb,,-0.1,0.45,120,52,84,36.0,391.0
BCI-IV-2b,1,official,official[0→1],0,1.0,1.0,pruned,0.3,False,inf,oplb,,0.0,0.5,120,68,84,46.0,380.0
BCI-IV-2b,1,official,official[0→1],1,1.0,1.0,pruned,0.3,False,inf,oplb,,-0.0333,0.4833,120,60,84,46.0,400.0
BCI-IV-2b,1,official,official[0→1],2,1.0,1.0,pruned,0.3,False,inf,oplb,,-0.0667,0.4667,120,88,84,44.0,385.0
BCI-IV-2b,1,official,official[0→1],3,1.0,1.0,pruned,0.3,False,inf,oplb,,0.1,0.55,120,90,84,36.0,389.0
BCI-IV-2b,1,official,official[0→1],42,1.0,1.0,pruned,0.3,False,inf,oplb,,0.1333,0.5667,120,52,84,37.0,395.0
BCI-IV-2b,2,within,within_fold0,0,1.0,0.1,pruned,0.2,True,inf,oplb,,-0.0833,0.4583,48,36,154,76.0,147.0
BCI-IV-2b,2,within,within_fold0,1,1.0,0.1,pruned,0.2,True,inf,oplb,,0.0,0.5,48,86,154,79.0,144.0
BCI-IV-2b,2,within,within_fold0,2,1.0,0.1,pruned,0.2,True,inf,oplb,,0.1667,0.5833,48,52,154,68.0,145.0
BCI-IV-2b,2,within,within_fold0,3,1.0,0.1,pruned,0.2,True,inf,oplb,,-0.0833,0.4583,48,46,154,77.0,298.0
BCI-IV-2b,2,within,within_fold0,42,1.0,0.1,pruned,0.2,True,inf,oplb,,0.1667,0.5833,48,50,154,75.0,292.0
BCI-IV-2b,2,within,within_fold0,0,1.0,0.1,pruned,0.2,False,inf,oplb,,-0.0833,0.4583,48,36,154,76.0,146.0
BCI-IV-2b,2,within,within_fold0,1,1.0,0.1,pruned,0.2,False,inf,oplb,,0.0,0.5,48,86,154,79.0,144.0
BCI-IV-2b,2,within,within_fold0,2,1.0,0.1,pruned,0.2,False,inf,oplb,,0.1667,0.5833,48,52,154,68.0,145.0
BCI-IV-2b,2,within,within_fold0,3,1.0,0.1,pruned,0.2,False,inf,oplb,,-0.0833,0.4583,48,46,154,77.0,298.0
BCI-IV-2b,2,within,within_fold0,42,1.0,0.1,pruned,0.2,False,inf,oplb,,0.1667,0.5833,48,50,154,74.0,292.0
BCI-IV-2b,2,within,within_fold0,0,1.0,0.1,pruned,0.3,True,inf,oplb,,0.125,0.5625,48,48,134,74.0,144.0
BCI-IV-2b,2,within,within_fold0,1,1.0,0.1,pruned,0.3,True,inf,oplb,,-0.2917,0.3542,48,78,134,72.0,278.0
BCI-IV-2b,2,within,within_fold0,2,1.0,0.1,pruned,0.3,True,inf,oplb,,0.0417,0.5208,48,54,134,67.0,146.0
BCI-IV-2b,2,within,within_fold0,3,1.0,0.1,pruned,0.3,True,inf,oplb,,0.1667,0.5833,48,78,134,62.0,144.0
BCI-IV-2b,2,within,within_fold0,42,1.0,0.1,pruned,0.3,True,inf,oplb,,0.0417,0.5208,48,86,134,71.0,276.0
BCI-IV-2b,2,within,within_fold0,0,1.0,0.1,pruned,0.3,False,inf,oplb,,0.125,0.5625,48,48,134,74.0,144.0
BCI-IV-2b,2,within,within_fold0,1,1.0,0.1,pruned,0.3,False,inf,oplb,,-0.2917,0.3542,48,78,134,72.0,278.0
BCI-IV-2b,2,within,within_fold0,2,1.0,0.1,pruned,0.3,False,inf,oplb,,0.0417,0.5208,48,54,134,67.0,146.0
BCI-IV-2b,2,within,within_fold0,3,1.0,0.1,pruned,0.3,False,inf,oplb,,-0.0417,0.4792,48,78,134,72.0,144.0
BCI-IV-2b,2,within,within_fold0,42,1.0,0.1,pruned,0.3,False,inf,oplb,,0.0417,0.5208,48,86,134,71.0,276.0
BCI-IV-2b,2,within,within_fold0,0,1.0,0.5,pruned,0.2,True,inf,oplb,,0.0417,0.5208,48,36,154,72.0,194.0
BCI-IV-2b,2,within,within_fold0,1,1.0,0.5,pruned,0.2,True,inf,oplb,,-0.0417,0.4792,48,86,154,79.0,205.0
BCI-IV-2b,2,within,within_fold0,2,1.0,0.5,pruned,0.2,True,inf,oplb,,0.125,0.5625,48,52,154,70.0,174.0
BCI-IV-2b,2,within,within_fold0,3,1.0,0.5,pruned,0.2,True,inf,oplb,,-0.0417,0.4792,48,46,154,82.0,248.0
BCI-IV-2b,2,within,within_fold0,42,1.0,0.5,pruned,0.2,True,inf,oplb,,-0.25,0.375,48,50,154,67.0,173.0
BCI-IV-2b,2,within,within_fold0,0,1.0,0.5,pruned,0.2,False,inf,oplb,,0.2083,0.6042,48,36,154,75.0,182.0
BCI-IV-2b,2,within,within_fold0,1,1.0,0.5,pruned,0.2,False,inf,oplb,,0.375,0.6875,48,86,154,81.0,163.0
BCI-IV-2b,2,within,within_fold0,2,1.0,0.5,pruned,0.2,False,inf,oplb,,0.0833,0.5417,48,52,154,65.0,191.0
BCI-IV-2b,2,within,within_fold0,3,1.0,0.5,pruned,0.2,False,inf,oplb,,-0.0833,0.4583,48,46,154,74.0,233.0
BCI-IV-2b,2,within,within_fold0,42,1.0,0.5,pruned,0.2,False,inf,oplb,,0.25,0.625,48,50,154,75.0,183.0
BCI-IV-2b,2,within,within_fold0,0,1.0,0.5,pruned,0.3,True,inf,oplb,,-0.1667,0.4167,48,48,134,73.0,183.0
BCI-IV-2b,2,within,within_fold0,1,1.0,0.5,pruned,0.3,True,inf,oplb,,0.0417,0.5208,48,78,134,78.0,177.0
BCI-IV-2b,2,within,within_fold0,2,1.0,0.5,pruned,0.3,True,inf,oplb,,0.1667,0.5833,48,54,134,70.0,149.0
BCI-IV-2b,2,within,within_fold0,3,1.0,0.5,pruned,0.3,True,inf,oplb,,-0.0833,0.4583,48,78,134,67.0,162.0
BCI-IV-2b,2,within,within_fold0,42,1.0,0.5,pruned,0.3,True,inf,oplb,,-0.1667,0.4167,48,86,134,77.0,173.0
BCI-IV-2b,2,within,within_fold0,0,1.0,0.5,pruned,0.3,False,inf,oplb,,0.2083,0.6042,48,48,134,78.0,199.0
BCI-IV-2b,2,within,within_fold0,1,1.0,0.5,pruned,0.3,False,inf,oplb,,0.125,0.5625,48,78,134,80.0,208.0
BCI-IV-2b,2,within,within_fold0,2,1.0,0.5,pruned,0.3,False,inf,oplb,,0.125,0.5625,48,54,134,70.0,188.0
BCI-IV-2b,2,within,within_fold0,3,1.0,0.5,pruned,0.3,False,inf,oplb,,-0.0833,0.4583,48,78,134,68.0,166.0
BCI-IV-2b,2,within,within_fold0,42,1.0,0.5,pruned,0.3,False,inf,oplb,,0.0833,0.5417,48,86,134,69.0,157.0
BCI-IV-2b,2,within,within_fold0,0,1.0,1.0,pruned,0.2,True,inf,oplb,,0.0833,0.5417,48,36,154,75.0,173.0
BCI-IV-2b,2,within,within_fold0,1,1.0,1.0,pruned,0.2,True,inf,oplb,,-0.125,0.4375,48,86,154,83.0,164.0
BCI-IV-2b,2,within,within_fold0,2,1.0,1.0,pruned,0.2,True,inf,oplb,,0.125,0.5625,48,52,154,71.0,201.0
BCI-IV-2b,2,within,within_fold0,3,1.0,1.0,pruned,0.2,True,inf,oplb,,-0.0833,0.4583,48,46,154,76.0,216.0
BCI-IV-2b,2,within,within_fold0,42,1.0,1.0,pruned,0.2,True,inf,oplb,,0.1667,0.5833,48,50,154,77.0,172.0
BCI-IV-2b,2,within,within_fold0,0,1.0,1.0,pruned,0.2,False,inf,oplb,,-0.0833,0.4583,48,36,154,76.0,176.0
BCI-IV-2b,2,within,within_fold0,1,1.0,1.0,pruned,0.2,False,inf,oplb,,0.1667,0.5833,48,86,154,80.0,168.0
BCI-IV-2b,2,within,within_fold0,2,1.0,1.0,pruned,0.2,False,inf,oplb,,0.0,0.5,48,52,154,76.0,181.0
BCI-IV-2b,2,within,within_fold0,3,1.0,1.0,pruned,0.2,False,inf,oplb,,-0.0833,0.4583,48,46,154,67.0,193.0
BCI-IV-2b,2,within,within_fold0,42,1.0,1.0,pruned,0.2,False,inf,oplb,,-0.3333,0.3333,48,50,154,67.0,181.0
BCI-IV-2b,2,within,within_fold0,0,1.0,1.0,pruned,0.3,True,inf,oplb,,-0.0833,0.4583,48,48,134,72.0,200.0
BCI-IV-2b,2,within,within_fold0,1,1.0,1.0,pruned,0.3,True,inf,oplb,,-0.0417,0.4792,48,78,134,69.0,189.0
BCI-IV-2b,2,within,within_fold0,2,1.0,1.0,pruned,0.3,True,inf,oplb,,0.1667,0.5833,48,54,134,70.0,188.0
BCI-IV-2b,2,within,within_fold0,3,1.0,1.0,pruned,0.3,True,inf,oplb,,0.0417,0.5208,48,78,134,66.0,197.0
BCI-IV-2b,2,within,within_fold0,42,1.0,1.0,pruned,0.3,True,inf,oplb,,-0.25,0.375,48,86,134,63.0,175.0
BCI-IV-2b,2,within,within_fold0,0,1.0,1.0,pruned,0.3,False,inf,oplb,,0.0833,0.5417,48,48,134,70.0,196.0
BCI-IV-2b,2,within,within_fold0,1,1.0,1.0,pruned,0.3,False,inf,oplb,,-0.125,0.4375,48,78,134,72.0,197.0
BCI-IV-2b,2,within,within_fold0,2,1.0,1.0,pruned,0.3,False,inf,oplb,,0.1667,0.5833,48,54,134,63.0,190.0
BCI-IV-2b,2,within,within_fold0,3,1.0,1.0,pruned,0.3,False,inf,oplb,,0.0833,0.5417,48,78,134,56.0,197.0
BCI-IV-2b,2,within,within_fold0,42,1.0,1.0,pruned,0.3,False,inf,oplb,,0.125,0.5625,48,86,134,71.0,181.0
BCI-IV-2b,2,official,official[0→1],0,1.0,0.1,pruned,0.2,True,inf,oplb,,0.0333,0.5167,120,74,96,50.0,360.0
BCI-IV-2b,2,official,official[0→1],1,1.0,0.1,pruned,0.2,True,inf,oplb,,-0.0333,0.4833,120,66,96,41.0,454.0
BCI-IV-2b,2,official,official[0→1],2,1.0,0.1,pruned,0.2,True,inf,oplb,,0.1,0.55,120,38,96,47.0,144.0
BCI-IV-2b,2,official,official[0→1],3,1.0,0.1,pruned,0.2,True,inf,oplb,,-0.0833,0.4583,120,66,96,51.0,360.0
BCI-IV-2b,2,official,official[0→1],42,1.0,0.1,pruned,0.2,True,inf,oplb,,0.0833,0.5417,120,72,96,46.0,361.0
BCI-IV-2b,2,official,official[0→1],0,1.0,0.1,pruned,0.2,False,inf,oplb,,0.0333,0.5167,120,74,96,50.0,360.0
BCI-IV-2b,2,official,official[0→1],1,1.0,0.1,pruned,0.2,False,inf,oplb,,-0.0333,0.4833,120,66,96,40.0,452.0
BCI-IV-2b,2,official,official[0→1],2,1.0,0.1,pruned,0.2,False,inf,oplb,,0.05,0.525,120,38,96,49.0,145.0
BCI-IV-2b,2,official,official[0→1],3,1.0,0.1,pruned,0.2,False,inf,oplb,,-0.0833,0.4583,120,66,96,50.0,360.0
BCI-IV-2b,2,official,official[0→1],42,1.0,0.1,pruned,0.2,False,inf,oplb,,0.0833,0.5417,120,72,96,45.0,361.0
BCI-IV-2b,2,official,official[0→1],0,1.0,0.1,pruned,0.3,True,inf,oplb,,0.0167,0.5083,120,94,84,46.0,443.0
BCI-IV-2b,2,official,official[0→1],1,1.0,0.1,pruned,0.3,True,inf,oplb,,0.0667,0.5333,120,62,84,40.0,371.0
BCI-IV-2b,2,official,official[0→1],2,1.0,0.1,pruned,0.3,True,inf,oplb,,0.0167,0.5083,120,58,84,48.0,360.0
BCI-IV-2b,2,official,official[0→1],3,1.0,0.1,pruned,0.3,True,inf,oplb,,-0.0667,0.4667,120,56,84,44.0,362.0
BCI-IV-2b,2,official,official[0→1],42,1.0,0.1,pruned,0.3,True,inf,oplb,,-0.05,0.475,120,60,84,55.0,360.0
BCI-IV-2b,2,official,official[0→1],0,1.0,0.1,pruned,0.3,False,inf,oplb,,0.0167,0.5083,120,94,84,46.0,443.0
BCI-IV-2b,2,official,official[0→1],1,1.0,0.1,pruned,0.3,False,inf,oplb,,0.0167,0.5083,120,62,84,47.0,400.0
BCI-IV-2b,2,official,official[0→1],2,1.0,0.1,pruned,0.3,False,inf,oplb,,0.0167,0.5083,120,58,84,47.0,360.0
BCI-IV-2b,2,official,official[0→1],3,1.0,0.1,pruned,0.3,False,inf,oplb,,-0.0667,0.4667,120,56,84,44.0,362.0
BCI-IV-2b,2,official,official[0→1],42,1.0,0.1,pruned,0.3,False,inf,oplb,,-0.05,0.475,120,60,84,55.0,360.0
BCI-IV-2b,2,official,official[0→1],0,1.0,0.5,pruned,0.2,True,inf,oplb,,0.0833,0.5417,120,74,96,49.0,380.0
BCI-IV-2b,2,official,official[0→1],1,1.0,0.5,pruned,0.2,True,inf,oplb,,-0.1333,0.4333,120,66,96,51.0,434.0
BCI-IV-2b,2,official,official[0→1],2,1.0,0.5,pruned,0.2,True,inf,oplb,,0.0167,0.5083,120,38,96,43.0,207.0
BCI-IV-2b,2,official,official[0→1],3,1.0,0.5,pruned,0.2,True,inf,oplb,,0.1167,0.5583,120,66,96,51.0,378.0
BCI-IV-2b,2,official,official[0→1],42,1.0,0.5,pruned,0.2,True,inf,oplb,,0.0167,0.5083,120,72,96,41.0,364.0
BCI-IV-2b,2,official,official[0→1],0,1.0,0.5,pruned,0.2,False,inf,oplb,,0.0333,0.5167,120,74,96,47.0,371.0
BCI-IV-2b,2,official,official[0→1],1,1.0,0.5,pruned,0.2,False,inf,oplb,,-0.0333,0.4833,120,66,96,44.0,394.0
BCI-IV-2b,2,official,official[0→1],2,1.0,0.5,pruned,0.2,False,inf,oplb,,0.05,0.525,120,38,96,48.0,189.0
BCI-IV-2b,2,official,official[0→1],3,1.0,0.5,pruned,0.2,False,inf,oplb,,0.0167,0.5083,120,66,96,50.0,375.0
BCI-IV-2b,2,official,official[0→1],42,1.0,0.5,pruned,0.2,False,inf,oplb,,0.0167,0.5083,120,72,96,43.0,363.0
BCI-IV-2b,2,official,official[0→1],0,1.0,0.5,pruned,0.3,True,inf,oplb,,0.0833,0.5417,120,94,84,45.0,369.0
BCI-IV-2b,2,official,official[0→1],1,1.0,0.5,pruned,0.3,True,inf,oplb,,0.0,0.5,120,62,84,47.0,380.0
BCI-IV-2b,2,official,official[0→1],2,1.0,0.5,pruned,0.3,True,inf,oplb,,0.0833,0.5417,120,58,84,41.0,365.0
BCI-IV-2b,2,official,official[0→1],3,1.0,0.5,pruned,0.3,True,inf,oplb,,0.1167,0.5583,120,56,84,41.0,380.0
BCI-IV-2b,2,official,official[0→1],42,1.0,0.5,pruned,0.3,True,inf,oplb,,0.0333,0.5167,120,60,84,41.0,360.0
BCI-IV-2b,2,official,official[0→1],0,1.0,0.5,pruned,0.3,False,inf,oplb,,0.0833,0.5417,120,94,84,48.0,379.0
BCI-IV-2b,2,official,official[0→1],1,1.0,0.5,pruned,0.3,False,inf,oplb,,0.0,0.5,120,62,84,48.0,397.0
BCI-IV-2b,2,official,official[0→1],2,1.0,0.5,pruned,0.3,False,inf,oplb,,0.0833,0.5417,120,58,84,46.0,369.0
BCI-IV-2b,2,official,official[0→1],3,1.0,0.5,pruned,0.3,False,inf,oplb,,0.0833,0.5417,120,56,84,41.0,383.0
BCI-IV-2b,2,official,official[0→1],42,1.0,0.5,pruned,0.3,False,inf,oplb,,0.0333,0.5167,120,60,84,39.0,360.0
BCI-IV-2b,2,official,official[0→1],0,1.0,1.0,pruned,0.2,True,inf,oplb,,0.0667,0.5333,120,74,96,54.0,376.0
BCI-IV-2b,2,official,official[0→1],1,1.0,1.0,pruned,0.2,True,inf,oplb,,0.1167,0.5583,120,66,96,42.0,394.0
BCI-IV-2b,2,official,official[0→1],2,1.0,1.0,pruned,0.2,True,inf,oplb,,-0.0833,0.4583,120,38,96,50.0,203.0
BCI-IV-2b,2,official,official[0→1],3,1.0,1.0,pruned,0.2,True,inf,oplb,,-0.0667,0.4667,120,66,96,46.0,380.0
BCI-IV-2b,2,official,official[0→1],42,1.0,1.0,pruned,0.2,True,inf,oplb,,0.15,0.575,120,72,96,47.0,384.0
BCI-IV-2b,2,official,official[0→1],0,1.0,1.0,pruned,0.2,False,inf,oplb,,0.0667,0.5333,120,74,96,50.0,376.0
BCI-IV-2b,2,official,official[0→1],1,1.0,1.0,pruned,0.2,False,inf,oplb,,0.0,0.5,120,66,96,44.0,401.0
BCI-IV-2b,2,official,official[0→1],2,1.0,1.0,pruned,0.2,False,inf,oplb,,-0.0833,0.4583,120,38,96,41.0,194.0
BCI-IV-2b,2,official,official[0→1],3,1.0,1.0,pruned,0.2,False,inf,oplb,,0.0333,0.5167,120,66,96,44.0,385.0
BCI-IV-2b,2,official,official[0→1],42,1.0,1.0,pruned,0.2,False,inf,oplb,,0.0833,0.5417,120,72,96,51.0,378.0
BCI-IV-2b,2,official,official[0→1],0,1.0,1.0,pruned,0.3,True,inf,oplb,,0.0167,0.5083,120,94,84,48.0,387.0
BCI-IV-2b,2,official,official[0→1],1,1.0,1.0,pruned,0.3,True,inf,oplb,,-0.1333,0.4333,120,62,84,42.0,401.0
BCI-IV-2b,2,official,official[0→1],2,1.0,1.0,pruned,0.3,True,inf,oplb,,0.05,0.525,120,58,84,42.0,389.0
BCI-IV-2b,2,official,official[0→1],3,1.0,1.0,pruned,0.3,True,inf,oplb,,-0.0167,0.4917,120,56,84,41.0,391.0
BCI-IV-2b,2,official,official[0→1],42,1.0,1.0,pruned,0.3,True,inf,oplb,,0.0333,0.5167,120,60,84,44.0,386.0
BCI-IV-2b,2,official,official[0→1],0,1.0,1.0,pruned,0.3,False,inf,oplb,,0.0167,0.5083,120,94,84,43.0,390.0
BCI-IV-2b,2,official,official[0→1],1,1.0,1.0,pruned,0.3,False,inf,oplb,,0.1,0.55,120,62,84,35.0,396.0
BCI-IV-2b,2,official,official[0→1],2,1.0,1.0,pruned,0.3,False,inf,oplb,,0.05,0.525,120,58,84,44.0,392.0
BCI-IV-2b,2,official,official[0→1],3,1.0,1.0,pruned,0.3,False,inf,oplb,,-0.0333,0.4833,120,56,84,42.0,392.0
BCI-IV-2b,2,official,official[0→1],42,1.0,1.0,pruned,0.3,False,inf,oplb,,-0.0833,0.4583,120,60,84,43.0,384.0
BCI-IV-2b,3,within,within_fold0,0,1.0,0.1,pruned,0.2,True,inf,oplb,,-0.2083,0.3958,48,56,154,73.0,148.0
BCI-IV-2b,3,within,within_fold0,1,1.0,0.1,pruned,0.2,True,inf,oplb,,0.0833,0.5417,48,64,154,89.0,144.0
BCI-IV-2b,3,within,within_fold0,2,1.0,0.1,pruned,0.2,True,inf,oplb,,0.1667,0.5833,48,58,154,80.0,145.0
BCI-IV-2b,3,within,within_fold0,3,1.0,0.1,pruned,0.2,True,inf,oplb,,-0.0417,0.4792,48,78,154,91.0,298.0
BCI-IV-2b,3,within,within_fold0,42,1.0,0.1,pruned,0.2,True,inf,oplb,,0.0417,0.5208,48,78,154,73.0,144.0
BCI-IV-2b,3,within,within_fold0,0,1.0,0.1,pruned,0.2,False,inf,oplb,,-0.2083,0.3958,48,56,154,74.0,144.0
BCI-IV-2b,3,within,within_fold0,1,1.0,0.1,pruned,0.2,False,inf,oplb,,0.0,0.5,48,64,154,90.0,144.0
BCI-IV-2b,3,within,within_fold0,2,1.0,0.1,pruned,0.2,False,inf,oplb,,0.1667,0.5833,48,58,154,80.0,145.0
BCI-IV-2b,3,within,within_fold0,3,1.0,0.1,pruned,0.2,False,inf,oplb,,-0.0417,0.4792,48,78,154,90.0,298.0
BCI-IV-2b,3,within,within_fold0,42,1.0,0.1,pruned,0.2,False,inf,oplb,,0.0417,0.5208,48,78,154,73.0,144.0
BCI-IV-2b,3,within,within_fold0,0,1.0,0.1,pruned,0.3,True,inf,oplb,,0.0,0.5,48,46,134,68.0,144.0
BCI-IV-2b,3,within,within_fold0,1,1.0,0.1,pruned,0.3,True,inf,oplb,,0.125,0.5625,48,86,134,69.0,146.0
BCI-IV-2b,3,within,within_fold0,2,1.0,0.1,pruned,0.3,True,inf,oplb,,0.25,0.625,48,84,134,64.0,144.0
BCI-IV-2b,3,within,within_fold0,3,1.0,0.1,pruned,0.3,True,inf,oplb,,0.2917,0.6458,48,42,134,56.0,144.0
BCI-IV-2b,3,within,within_fold0,42,1.0,0.1,pruned,0.3,True,inf,oplb,,-0.0417,0.4792,48,76,134,65.0,185.0
BCI-IV-2b,3,within,within_fold0,0,1.0,0.1,pruned,0.3,False,inf,oplb,,0.0,0.5,48,46,134,68.0,144.0
BCI-IV-2b,3,within,within_fold0,1,1.0,0.1,pruned,0.3,False,inf,oplb,,0.0833,0.5417,48,86,134,73.0,273.0
BCI-IV-2b,3,within,within_fold0,2,1.0,0.1,pruned,0.3,False,inf,oplb,,0.25,0.625,48,84,134,64.0,144.0
BCI-IV-2b,3,within,within_fold0,3,1.0,0.1,pruned,0.3,False,inf,oplb,,0.2917,0.6458,48,42,134,56.0,144.0
BCI-IV-2b,3,within,within_fold0,42,1.0,0.1,pruned,0.3,False,inf,oplb,,-0.0417,0.4792,48,76,134,72.0,145.0
BCI-IV-2b,3,within,within_fold0,0,1.0,0.5,pruned,0.2,True,inf,oplb,,0.0,0.5,48,56,154,72.0,206.0
BCI-IV-2b,3,within,within_fold0,1,1.0,0.5,pruned,0.2,True,inf,oplb,,0.0,0.5,48,64,154,81.0,161.0
BCI-IV-2b,3,within,within_fold0,2,1.0,0.5,pruned,0.2,True,inf,oplb,,0.0417,0.5208,48,58,154,78.0,239.0
BCI-IV-2b,3,within,within_fold0,3,1.0,0.5,pruned,0.2,True,inf,oplb,,0.0,0.5,48,78,154,81.0,182.0
BCI-IV-2b,3,within,within_fold0,42,1.0,0.5,pruned,0.2,True,inf,oplb,,-0.125,0.4375,48,78,154,81.0,205.0
BCI-IV-2b,3,within,within_fold0,0,1.0,0.5,pruned,0.2,False,inf,oplb,,-0.2917,0.3542,48,56,154,74.0,186.0
BCI-IV-2b,3,within,within_fold0,1,1.0,0.5,pruned,0.2,False,inf,oplb,,0.0,0.5,48,64,154,72.0,182.0
BCI-IV-2b,3,within,within_fold0,2,1.0,0.5,pruned,0.2,False,inf,oplb,,-0.0833,0.4583,48,58,154,80.0,214.0
BCI-IV-2b,3,within,within_fold0,3,1.0,0.5,pruned,0.2,False,inf,oplb,,0.0833,0.5417,48,78,154,74.0,189.0
BCI-IV-2b,3,within,within_fold0,42,1.0,0.5,pruned,0.2,False,inf,oplb,,0.0,0.5,48,78,154,88.0,223.0
BCI-IV-2b,3,within,within_fold0,0,1.0,0.5,pruned,0.3,True,inf,oplb,,-0.0833,0.4583,48,46,134,63.0,202.0
BCI-IV-2b,3,within,within_fold0,1,1.0,0.5,pruned,0.3,True,inf,oplb,,0.0417,0.5208,48,86,134,73.0,172.0
BCI-IV-2b,3,within,within_fold0,2,1.0,0.5,pruned,0.3,True,inf,oplb,,0.1667,0.5833,48,84,134,66.0,144.0
BCI-IV-2b,3,within,within_fold0,3,1.0,0.5,pruned,0.3,True,inf,oplb,,0.125,0.5625,48,42,134,59.0,144.0
BCI-IV-2b,3,within,within_fold0,42,1.0,0.5,pruned,0.3,True,inf,oplb,,0.25,0.625,48,76,134,69.0,167.0
BCI-IV-2b,3,within,within_fold0,0,1.0,0.5,pruned,0.3,False,inf,oplb,,-0.0417,0.4792,48,46,134,70.0,170.0
BCI-IV-2b,3,within,within_fold0,1,1.0,0.5,pruned,0.3,False,inf,oplb,,0.0833,0.5417,48,86,134,67.0,222.0
BCI-IV-2b,3,within,within_fold0,2,1.0,0.5,pruned,0.3,False,inf,oplb,,0.1667,0.5833,48,84,134,65.0,147.0
BCI-IV-2b,3,within,within_fold0,3,1.0,0.5,pruned,0.3,False,inf,oplb,,0.125,0.5625,48,42,134,59.0,144.0
BCI-IV-2b,3,within,within_fold0,42,1.0,0.5,pruned,0.3,False,inf,oplb,,0.0833,0.5417,48,76,134,67.0,188.0
BCI-IV-2b,3,within,within_fold0,0,1.0,1.0,pruned,0.2,True,inf,oplb,,-0.0417,0.4792,48,56,154,75.0,207.0
BCI-IV-2b,3,within,within_fold0,1,1.0,1.0,pruned,0.2,True,inf,oplb,,-0.0417,0.4792,48,64,154,80.0,205.0
BCI-IV-2b,3,within,within_fold0,2,1.0,1.0,pruned,0.2,True,inf,oplb,,0.0417,0.5208,48,58,154,77.0,216.0
BCI-IV-2b,3,within,within_fold0,3,1.0,1.0,pruned,0.2,True,inf,oplb,,0.0,0.5,48,78,154,77.0,185.0
BCI-IV-2b,3,within,within_fold0,42,1.0,1.0,pruned,0.2,True,inf,oplb,,0.1667,0.5833,48,78,154,77.0,203.0
BCI-IV-2b,3,within,within_fold0,0,1.0,1.0,pruned,0.2,False,inf,oplb,,0.0417,0.5208,48,56,154,70.0,182.0
BCI-IV-2b,3,within,within_fold0,1,1.0,1.0,pruned,0.2,False,inf,oplb,,0.0,0.5,48,64,154,76.0,198.0
BCI-IV-2b,3,within,within_fold0,2,1.0,1.0,pruned,0.2,False,inf,oplb,,0.1667,0.5833,48,58,154,69.0,215.0
BCI-IV-2b,3,within,within_fold0,3,1.0,1.0,pruned,0.2,False,inf,oplb,,0.0,0.5,48,78,154,74.0,186.0
BCI-IV-2b,3,within,within_fold0,42,1.0,1.0,pruned,0.2,False,inf,oplb,,-0.0833,0.4583,48,78,154,95.0,203.0
BCI-IV-2b,3,within,within_fold0,0,1.0,1.0,pruned,0.3,True,inf,oplb,,0.375,0.6875,48,46,134,71.0,202.0
BCI-IV-2b,3,within,within_fold0,1,1.0,1.0,pruned,0.3,True,inf,oplb,,0.125,0.5625,48,86,134,74.0,163.0
BCI-IV-2b,3,within,within_fold0,2,1.0,1.0,pruned,0.3,True,inf,oplb,,0.125,0.5625,48,84,134,65.0,167.0
BCI-IV-2b,3,within,within_fold0,3,1.0,1.0,pruned,0.3,True,inf,oplb,,0.1667,0.5833,48,42,134,64.0,178.0
BCI-IV-2b,3,within,within_fold0,42,1.0,1.0,pruned,0.3,True,inf,oplb,,0.0833,0.5417,48,76,134,67.0,180.0
BCI-IV-2b,3,within,within_fold0,0,1.0,1.0,pruned,0.3,False,inf,oplb,,0.375,0.6875,48,46,134,64.0,197.0
BCI-IV-2b,3,within,within_fold0,1,1.0,1.0,pruned,0.3,False,inf,oplb,,0.125,0.5625,48,86,134,75.0,185.0
BCI-IV-2b,3,within,within_fold0,2,1.0,1.0,pruned,0.3,False,inf,oplb,,0.125,0.5625,48,84,134,70.0,162.0
BCI-IV-2b,3,within,within_fold0,3,1.0,1.0,pruned,0.3,False,inf,oplb,,0.1667,0.5833,48,42,134,61.0,172.0
BCI-IV-2b,3,within,within_fold0,42,1.0,1.0,pruned,0.3,False,inf,oplb,,-0.0833,0.4583,48,76,134,65.0,177.0
BCI-IV-2b,3,official,official[0→1],0,1.0,0.1,pruned,0.2,True,inf,oplb,,0.0,0.5,120,16,96,34.0,360.0
BCI-IV-2b,3,official,official[0→1],1,1.0,0.1,pruned,0.2,True,inf,oplb,,0.1333,0.5667,120,76,96,45.0,360.0
BCI-IV-2b,3,official,official[0→1],2,1.0,0.1,pruned,0.2,True,inf,oplb,,0.15,0.575,120,59,96,32.0,360.0
BCI-IV-2b,3,official,official[0→1],3,1.0,0.1,pruned,0.2,True,inf,oplb,,0.1167,0.5583,120,68,96,48.0,360.0
BCI-IV-2b,3,official,official[0→1],42,1.0,0.1,pruned,0.2,True,inf,oplb,,0.05,0.525,120,50,96,48.0,455.0
BCI-IV-2b,3,official,official[0→1],0,1.0,0.1,pruned,0.2,False,inf,oplb,,-0.0167,0.4917,120,16,96,30.0,360.0
BCI-IV-2b,3,official,official[0→1],1,1.0,0.1,pruned,0.2,False,inf,oplb,,0.1333,0.5667,120,76,96,45.0,360.0
BCI-IV-2b,3,official,official[0→1],2,1.0,0.1,pruned,0.2,False,inf,oplb,,0.15,0.575,120,59,96,33.0,360.0
BCI-IV-2b,3,official,official[0→1],3,1.0,0.1,pruned,0.2,False,inf,oplb,,0.1167,0.5583,120,68,96,46.0,360.0
BCI-IV-2b,3,official,official[0→1],42,1.0,0.1,pruned,0.2,False,inf,oplb,,0.05,0.525,120,50,96,48.0,455.0
BCI-IV-2b,3,official,official[0→1],0,1.0,0.1,pruned,0.3,True,inf,oplb,,-0.0333,0.4833,120,16,84,29.0,360.0
BCI-IV-2b,3,official,official[0→1],1,1.0,0.1,pruned,0.3,True,inf,oplb,,0.1667,0.5833,120,96,84,39.0,360.0
BCI-IV-2b,3,official,official[0→1],2,1.0,0.1,pruned,0.3,True,inf,oplb,,0.2167,0.6083,120,18,84,23.0,360.0
BCI-IV-2b,3,official,official[0→1],3,1.0,0.1,pruned,0.3,True,inf,oplb,,0.1833,0.5917,120,52,84,33.0,360.0
BCI-IV-2b,3,official,official[0→1],42,1.0,0.1,pruned,0.3,True,inf,oplb,,0.0,0.5,120,64,84,43.0,437.0
BCI-IV-2b,3,official,official[0→1],0,1.0,0.1,pruned,0.3,False,inf,oplb,,-0.0333,0.4833,120,16,84,29.0,360.0
BCI-IV-2b,3,official,official[0→1],1,1.0,0.1,pruned,0.3,False,inf,oplb,,0.15,0.575,120,96,84,36.0,360.0
BCI-IV-2b,3,official,official[0→1],2,1.0,0.1,pruned,0.3,False,inf,oplb,,0.2167,0.6083,120,18,84,23.0,360.0
BCI-IV-2b,3,official,official[0→1],3,1.0,0.1,pruned,0.3,False,inf,oplb,,0.1833,0.5917,120,52,84,33.0,360.0
BCI-IV-2b,3,official,official[0→1],42,1.0,0.1,pruned,0.3,False,inf,oplb,,0.0,0.5,120,64,84,43.0,437.0
BCI-IV-2b,3,official,official[0→1],0,1.0,0.5,pruned,0.2,True,inf,oplb,,0.0167,0.5083,120,16,96,38.0,360.0
BCI-IV-2b,3,official,official[0→1],1,1.0,0.5,pruned,0.2,True,inf,oplb,,0.1333,0.5667,120,76,96,48.0,361.0
BCI-IV-2b,3,official,official[0→1],2,1.0,0.5,pruned,0.2,True,inf,oplb,,0.15,0.575,120,59,96,43.0,405.0
BCI-IV-2b,3,official,official[0→1],3,1.0,0.5,pruned,0.2,True,inf,oplb,,0.0333,0.5167,120,68,96,50.0,392.0
BCI-IV-2b,3,official,official[0→1],42,1.0,0.5,pruned,0.2,True,inf,oplb,,0.2167,0.6083,120,50,96,37.0,388.0
BCI-IV-2b,3,official,official[0→1],0,1.0,0.5,pruned,0.2,False,inf,oplb,,-0.0667,0.4667,120,16,96,37.0,360.0
BCI-IV-2b,3,official,official[0→1],1,1.0,0.5,pruned,0.2,False,inf,oplb,,0.1333,0.5667,120,76,96,49.0,362.0
BCI-IV-2b,3,official,official[0→1],2,1.0,0.5,pruned,0.2,False,inf,oplb,,-0.0667,0.4667,120,59,96,43.0,365.0
BCI-IV-2b,3,official,official[0→1],3,1.0,0.5,pruned,0.2,False,inf,oplb,,0.15,0.575,120,68,96,43.0,390.0
BCI-IV-2b,3,official,official[0→1],42,1.0,0.5,pruned,0.2,False,inf,oplb,,0.1,0.55,120,50,96,44.0,399.0
BCI-IV-2b,3,official,official[0→1],0,1.0,0.5,pruned,0.3,True,inf,oplb,,0.05,0.525,120,16,84,27.0,360.0
BCI-IV-2b,3,official,official[0→1],1,1.0,0.5,pruned,0.3,True,inf,oplb,,0.0833,0.5417,120,96,84,41.0,395.0
BCI-IV-2b,3,official,official[0→1],2,1.0,0.5,pruned,0.3,True,inf,oplb,,0.2167,0.6083,120,18,84,31.0,360.0
BCI-IV-2b,3,official,official[0→1],3,1.0,0.5,pruned,0.3,True,inf,oplb,,0.0333,0.5167,120,52,84,37.0,360.0
BCI-IV-2b,3,official,official[0→1],42,1.0,0.5,pruned,0.3,True,inf,oplb,,0.0667,0.5333,120,64,84,45.0,366.0
BCI-IV-2b,3,official,official[0→1],0,1.0,0.5,pruned,0.3,False,inf,oplb,,-0.0333,0.4833,120,16,84,28.0,360.0
BCI-IV-2b,3,official,official[0→1],1,1.0,0.5,pruned,0.3,False,inf,oplb,,0.05,0.525,120,96,84,38.0,382.0
BCI-IV-2b,3,official,official[0→1],2,1.0,0.5,pruned,0.3,False,inf,oplb,,0.1167,0.5583,120,18,84,33.0,360.0
BCI-IV-2b,3,official,official[0→1],3,1.0,0.5,pruned,0.3,False,inf,oplb,,0.0667,0.5333,120,52,84,41.0,361.0
BCI-IV-2b,3,official,official[0→1],42,1.0,0.5,pruned,0.3,False,inf,oplb,,0.2667,0.6333,120,64,84,38.0,366.0
BCI-IV-2b,3,official,official[0→1],0,1.0,1.0,pruned,0.2,True,inf,oplb,,-0.1,0.45,120,16,96,33.0,360.0
BCI-IV-2b,3,official,official[0→1],1,1.0,1.0,pruned,0.2,True,inf,oplb,,0.2333,0.6167,120,76,96,52.0,383.0
BCI-IV-2b,3,official,official[0→1],2,1.0,1.0,pruned,0.2,True,inf,oplb,,0.0,0.5,120,59,96,40.0,380.0
BCI-IV-2b,3,official,official[0→1],3,1.0,1.0,pruned,0.2,True,inf,oplb,,0.0,0.5,120,68,96,47.0,383.0
BCI-IV-2b,3,official,official[0→1],42,1.0,1.0,pruned,0.2,True,inf,oplb,,0.0833,0.5417,120,50,96,55.0,404.0
BCI-IV-2b,3,official,official[0→1],0,1.0,1.0,pruned,0.2,False,inf,oplb,,0.0833,0.5417,120,16,96,38.0,360.0
BCI-IV-2b,3,official,official[0→1],1,1.0,1.0,pruned,0.2,False,inf,oplb,,0.0,0.5,120,76,96,53.0,386.0
BCI-IV-2b,3,official,official[0→1],2,1.0,1.0,pruned,0.2,False,inf,oplb,,0.15,0.575,120,59,96,43.0,380.0
BCI-IV-2b,3,official,official[0→1],3,1.0,1.0,pruned,0.2,False,inf,oplb,,0.0667,0.5333,120,68,96,44.0,387.0
BCI-IV-2b,3,official,official[0→1],42,1.0,1.0,pruned,0.2,False,inf,oplb,,0.0,0.5,120,50,96,46.0,402.0
BCI-IV-2b,3,official,official[0→1],0,1.0,1.0,pruned,0.3,True,inf,oplb,,0.1333,0.5667,120,16,84,29.0,360.0
BCI-IV-2b,3,official,official[0→1],1,1.0,1.0,pruned,0.3,True,inf,oplb,,0.0833,0.5417,120,96,84,42.0,375.0
BCI-IV-2b,3,official,official[0→1],2,1.0,1.0,pruned,0.3,True,inf,oplb,,0.0667,0.5333,120,18,84,32.0,360.0
BCI-IV-2b,3,official,official[0→1],3,1.0,1.0,pruned,0.3,True,inf,oplb,,-0.0333,0.4833,120,52,84,34.0,371.0
BCI-IV-2b,3,official,official[0→1],42,1.0,1.0,pruned,0.3,True,inf,oplb,,-0.1,0.45,120,64,84,42.0,390.0
BCI-IV-2b,3,official,official[0→1],0,1.0,1.0,pruned,0.3,False,inf,oplb,,0.1333,0.5667,120,16,84,26.0,360.0
BCI-IV-2b,3,official,official[0→1],1,1.0,1.0,pruned,0.3,False,inf,oplb,,0.1,0.55,120,96,84,36.0,382.0
BCI-IV-2b,3,official,official[0→1],2,1.0,1.0,pruned,0.3,False,inf,oplb,,0.2167,0.6083,120,18,84,31.0,360.0
BCI-IV-2b,3,official,official[0→1],3,1.0,1.0,pruned,0.3,False,inf,oplb,,-0.0333,0.4833,120,52,84,35.0,372.0
BCI-IV-2b,3,official,official[0→1],42,1.0,1.0,pruned,0.3,False,inf,oplb,,-0.0833,0.4583,120,64,84,45.0,404.0
BCI-IV-2b,4,within,within_fold0,0,1.0,0.1,pruned,0.2,True,inf,oplb,,0.5,0.75,52,62,166,37.0,156.0
BCI-IV-2b,4,within,within_fold0,1,1.0,0.1,pruned,0.2,True,inf,oplb,,0.6923,0.8462,52,80,166,34.0,156.0
BCI-IV-2b,4,within,within_fold0,2,1.0,0.1,pruned,0.2,True,inf,oplb,,0.6923,0.8462,52,72,166,21.0,156.0
BCI-IV-2b,4,within,within_fold0,3,1.0,0.1,pruned,0.2,True,inf,oplb,,0.4231,0.7115,52,98,166,68.0,156.0
BCI-IV-2b,4,within,within_fold0,42,1.0,0.1,pruned,0.2,True,inf,oplb,,0.1923,0.5962,52,68,166,54.0,156.0
BCI-IV-2b,4,within,within_fold0,0,1.0,0.1,pruned,0.2,False,inf,oplb,,0.5,0.75,52,62,166,37.0,156.0
BCI-IV-2b,4,within,within_fold0,1,1.0,0.1,pruned,0.2,False,inf,oplb,,0.6923,0.8462,52,80,166,34.0,156.0
BCI-IV-2b,4,within,within_fold0,2,1.0,0.1,pruned,0.2,False,inf,oplb,,0.5,0.75,52,72,166,30.0,156.0
BCI-IV-2b,4,within,within_fold0,3,1.0,0.1,pruned,0.2,False,inf,oplb,,0.4231,0.7115,52,98,166,68.0,156.0
BCI-IV-2b,4,within,within_fold0,42,1.0,0.1,pruned,0.2,False,inf,oplb,,0.1923,0.5962,52,68,166,54.0,156.0
BCI-IV-2b,4,within,within_fold0,0,1.0,0.1,pruned,0.3,True,inf,oplb,,0.7692,0.8846,52,84,146,23.0,156.0
BCI-IV-2b,4,within,within_fold0,1,1.0,0.1,pruned,0.3,True,inf,oplb,,0.1154,0.5577,52,82,146,77.0,159.0
BCI-IV-2b,4,within,within_fold0,2,1.0,0.1,pruned,0.3,True,inf,oplb,,0.5385,0.7692,52,90,146,35.0,156.0
BCI-IV-2b,4,within,within_fold0,3,1.0,0.1,pruned,0.3,True,inf,oplb,,0.7308,0.8654,52,70,146,22.0,156.0
BCI-IV-2b,4,within,within_fold0,42,1.0,0.1,pruned,0.3,True,inf,oplb,,0.4231,0.7115,52,86,146,21.0,156.0
BCI-IV-2b,4,within,within_fold0,0,1.0,0.1,pruned,0.3,False,inf,oplb,,0.5769,0.7885,52,84,146,28.0,156.0
BCI-IV-2b,4,within,within_fold0,1,1.0,0.1,pruned,0.3,False,inf,oplb,,0.1154,0.5577,52,82,146,78.0,160.0
BCI-IV-2b,4,within,within_fold0,2,1.0,0.1,pruned,0.3,False,inf,oplb,,0.5385,0.7692,52,90,146,36.0,156.0
BCI-IV-2b,4,within,within_fold0,3,1.0,0.1,pruned,0.3,False,inf,oplb,,0.7308,0.8654,52,70,146,22.0,156.0
BCI-IV-2b,4,within,within_fold0,42,1.0,0.1,pruned,0.3,False,inf,oplb,,0.4231,0.7115,52,86,146,21.0,156.0
BCI-IV-2b,4,within,within_fold0,0,1.0,0.5,pruned,0.2,True,inf,oplb,,0.5,0.75,52,62,166,48.0,171.0
BCI-IV-2b,4,within,within_fold0,1,1.0,0.5,pruned,0.2,True,inf,oplb,,0.6923,0.8462,52,80,166,36.0,156.0
BCI-IV-2b,4,within,within_fold0,2,1.0,0.5,pruned,0.2,True,inf,oplb,,0.5385,0.7692,52,72,166,38.0,158.0
BCI-IV-2b,4,within,within_fold0,3,1.0,0.5,pruned,0.2,True,inf,oplb,,0.6923,0.8462,52,98,166,56.0,169.0
BCI-IV-2b,4,within,within_fold0,42,1.0,0.5,pruned,0.2,True,inf,oplb,,0.4615,0.7308,52,68,166,36.0,162.0
BCI-IV-2b,4,within,within_fold0,0,1.0,0.5,pruned,0.2,False,inf,oplb,,0.7308,0.8654,52,62,166,52.0,169.0
BCI-IV-2b,4,within,within_fold0,1,1.0,0.5,pruned,0.2,False,inf,oplb,,0.6923,0.8462,52,80,166,34.0,156.0
BCI-IV-2b,4,within,within_fold0,2,1.0,0.5,pruned,0.2,False,inf,oplb,,0.2308,0.6154,52,72,166,45.0,183.0
BCI-IV-2b,4,within,within_fold0,3,1.0,0.5,pruned,0.2,False,inf,oplb,,0.0385,0.5192,52,98,166,51.0,182.0
BCI-IV-2b,4,within,within_fold0,42,1.0,0.5,pruned,0.2,False,inf,oplb,,0.4615,0.7308,52,68,166,34.0,163.0
BCI-IV-2b,4,within,within_fold0,0,1.0,0.5,pruned,0.3,True,inf,oplb,,0.5385,0.7692,52,84,146,33.0,163.0
BCI-IV-2b,4,within,within_fold0,1,1.0,0.5,pruned,0.3,True,inf,oplb,,0.6154,0.8077,52,82,146,42.0,164.0
BCI-IV-2b,4,within,within_fold0,2,1.0,0.5,pruned,0.3,True,inf,oplb,,0.6154,0.8077,52,90,146,36.0,169.0
BCI-IV-2b,4,within,within_fold0,3,1.0,0.5,pruned,0.3,True,inf,oplb,,0.7308,0.8654,52,70,146,27.0,156.0
BCI-IV-2b,4,within,within_fold0,42,1.0,0.5,pruned,0.3,True,inf,oplb,,0.6154,0.8077,52,86,146,26.0,158.0
BCI-IV-2b,4,within,within_fold0,0,1.0,0.5,pruned,0.3,False,inf,oplb,,0.6154,0.8077,52,84,146,47.0,187.0
BCI-IV-2b,4,within,within_fold0,1,1.0,0.5,pruned,0.3,False,inf,oplb,,0.6923,0.8462,52,82,146,30.0,167.0
BCI-IV-2b,4,within,within_fold0,2,1.0,0.5,pruned,0.3,False,inf,oplb,,0.5385,0.7692,52,90,146,47.0,177.0
BCI-IV-2b,4,within,within_fold0,3,1.0,0.5,pruned,0.3,False,inf,oplb,,0.6538,0.8269,52,70,146,38.0,169.0
BCI-IV-2b,4,within,within_fold0,42,1.0,0.5,pruned,0.3,False,inf,oplb,,0.4231,0.7115,52,86,146,37.0,163.0
BCI-IV-2b,4,within,within_fold0,0,1.0,1.0,pruned,0.2,True,inf,oplb,,0.7308,0.8654,52,62,166,61.0,184.0
BCI-IV-2b,4,within,within_fold0,1,1.0,1.0,pruned,0.2,True,inf,oplb,,0.3462,0.6731,52,80,166,61.0,202.0
BCI-IV-2b,4,within,within_fold0,2,1.0,1.0,pruned,0.2,True,inf,oplb,,0.5385,0.7692,52,72,166,65.0,198.0
BCI-IV-2b,4,within,within_fold0,3,1.0,1.0,pruned,0.2,True,inf,oplb,,0.2308,0.6154,52,98,166,58.0,210.0
BCI-IV-2b,4,within,within_fold0,42,1.0,1.0,pruned,0.2,True,inf,oplb,,0.5,0.75,52,68,166,58.0,192.0
BCI-IV-2b,4,within,within_fold0,0,1.0,1.0,pruned,0.2,False,inf,oplb,,0.6538,0.8269,52,62,166,56.0,196.0
BCI-IV-2b,4,within,within_fold0,1,1.0,1.0,pruned,0.2,False,inf,oplb,,0.5385,0.7692,52,80,166,59.0,202.0
BCI-IV-2b,4,within,within_fold0,2,1.0,1.0,pruned,0.2,False,inf,oplb,,0.6923,0.8462,52,72,166,65.0,187.0
BCI-IV-2b,4,within,within_fold0,3,1.0,1.0,pruned,0.2,False,inf,oplb,,0.6923,0.8462,52,98,166,69.0,208.0
BCI-IV-2b,4,within,within_fold0,42,1.0,1.0,pruned,0.2,False,inf,oplb,,0.5,0.75,52,68,166,60.0,190.0
BCI-IV-2b,4,within,within_fold0,0,1.0,1.0,pruned,0.3,True,inf,oplb,,0.5769,0.7885,52,84,146,56.0,184.0
BCI-IV-2b,4,within,within_fold0,1,1.0,1.0,pruned,0.3,True,inf,oplb,,-0.1154,0.4423,52,82,146,62.0,191.0
BCI-IV-2b,4,within,within_fold0,2,1.0,1.0,pruned,0.3,True,inf,oplb,,0.0,0.5,52,90,146,64.0,210.0
BCI-IV-2b,4,within,within_fold0,3,1.0,1.0,pruned,0.3,True,inf,oplb,,0.2308,0.6154,52,70,146,51.0,186.0
BCI-IV-2b,4,within,within_fold0,42,1.0,1.0,pruned,0.3,True,inf,oplb,,0.4231,0.7115,52,86,146,60.0,206.0
BCI-IV-2b,4,within,within_fold0,0,1.0,1.0,pruned,0.3,False,inf,oplb,,0.5769,0.7885,52,84,146,56.0,186.0
BCI-IV-2b,4,within,within_fold0,1,1.0,1.0,pruned,0.3,False,inf,oplb,,-0.1923,0.4038,52,82,146,48.0,193.0
BCI-IV-2b,4,within,within_fold0,2,1.0,1.0,pruned,0.3,False,inf,oplb,,0.1538,0.5769,52,90,146,61.0,210.0
BCI-IV-2b,4,within,within_fold0,3,1.0,1.0,pruned,0.3,False,inf,oplb,,0.2308,0.6154,52,70,146,55.0,188.0
BCI-IV-2b,4,within,within_fold0,42,1.0,1.0,pruned,0.3,False,inf,oplb,,0.6154,0.8077,52,86,146,61.0,203.0
BCI-IV-2b,4,official,official[0→1],0,1.0,0.1,pruned,0.2,True,inf,oplb,,0.6714,0.8357,140,66,96,21.0,420.0
BCI-IV-2b,4,official,official[0→1],1,1.0,0.1,pruned,0.2,True,inf,oplb,,0.7143,0.8571,140,96,96,25.0,420.0
BCI-IV-2b,4,official,official[0→1],2,1.0,0.1,pruned,0.2,True,inf,oplb,,0.5286,0.7643,140,100,96,28.0,420.0
BCI-IV-2b,4,official,official[0→1],3,1.0,0.1,pruned,0.2,True,inf,oplb,,0.6857,0.8429,140,72,96,22.0,420.0
BCI-IV-2b,4,official,official[0→1],42,1.0,0.1,pruned,0.2,True,inf,oplb,,0.4143,0.7071,140,90,96,27.0,420.0
BCI-IV-2b,4,official,official[0→1],0,1.0,0.1,pruned,0.2,False,inf,oplb,,0.6714,0.8357,140,66,96,21.0,420.0
BCI-IV-2b,4,official,official[0→1],1,1.0,0.1,pruned,0.2,False,inf,oplb,,0.7143,0.8571,140,96,96,25.0,420.0
BCI-IV-2b,4,official,official[0→1],2,1.0,0.1,pruned,0.2,False,inf,oplb,,0.5286,0.7643,140,100,96,28.0,420.0
BCI-IV-2b,4,official,official[0→1],3,1.0,0.1,pruned,0.2,False,inf,oplb,,0.6857,0.8429,140,72,96,22.0,420.0
BCI-IV-2b,4,official,official[0→1],42,1.0,0.1,pruned,0.2,False,inf,oplb,,0.4143,0.7071,140,90,96,27.0,420.0
BCI-IV-2b,4,official,official[0→1],0,1.0,0.1,pruned,0.3,True,inf,oplb,,0.6,0.8,140,86,84,20.0,420.0
BCI-IV-2b,4,official,official[0→1],1,1.0,0.1,pruned,0.3,True,inf,oplb,,0.5857,0.7929,140,84,84,19.0,420.0
BCI-IV-2b,4,official,official[0→1],2,1.0,0.1,pruned,0.3,True,inf,oplb,,0.6286,0.8143,140,100,84,20.0,420.0
BCI-IV-2b,4,official,official[0→1],3,1.0,0.1,pruned,0.3,True,inf,oplb,,0.5571,0.7786,140,76,84,18.0,420.0
BCI-IV-2b,4,official,official[0→1],42,1.0,0.1,pruned,0.3,True,inf,oplb,,0.5857,0.7929,140,86,84,18.0,420.0
BCI-IV-2b,4,official,official[0→1],0,1.0,0.1,pruned,0.3,False,inf,oplb,,0.6,0.8,140,86,84,20.0,420.0
BCI-IV-2b,4,official,official[0→1],1,1.0,0.1,pruned,0.3,False,inf,oplb,,0.5857,0.7929,140,84,84,19.0,420.0
BCI-IV-2b,4,official,official[0→1],2,1.0,0.1,pruned,0.3,False,inf,oplb,,0.6286,0.8143,140,100,84,20.0,420.0
BCI-IV-2b,4,official,official[0→1],3,1.0,0.1,pruned,0.3,False,inf,oplb,,0.5571,0.7786,140,76,84,18.0,420.0
BCI-IV-2b,4,official,official[0→1],42,1.0,0.1,pruned,0.3,False,inf,oplb,,0.5857,0.7929,140,86,84,18.0,420.0
BCI-IV-2b,4,official,official[0→1],0,1.0,0.5,pruned,0.2,True,inf,oplb,,0.5571,0.7786,140,66,96,27.0,423.0
BCI-IV-2b,4,official,official[0→1],1,1.0,0.5,pruned,0.2,True,inf,oplb,,0.4143,0.7071,140,96,96,22.0,432.0
BCI-IV-2b,4,official,official[0→1],2,1.0,0.5,pruned,0.2,True,inf,oplb,,0.0714,0.5357,140,100,96,29.0,420.0
BCI-IV-2b,4,official,official[0→1],3,1.0,0.5,pruned,0.2,True,inf,oplb,,0.5714,0.7857,140,72,96,33.0,429.0
BCI-IV-2b,4,official,official[0→1],42,1.0,0.5,pruned,0.2,True,inf,oplb,,0.0,0.5,140,90,96,29.0,428.0
BCI-IV-2b,4,official,official[0→1],0,1.0,0.5,pruned,0.2,False,inf,oplb,,0.5571,0.7786,140,66,96,24.0,426.0
BCI-IV-2b,4,official,official[0→1],1,1.0,0.5,pruned,0.2,False,inf,oplb,,0.7429,0.8714,140,96,96,24.0,422.0
BCI-IV-2b,4,official,official[0→1],2,1.0,0.5,pruned,0.2,False,inf,oplb,,0.0714,0.5357,140,100,96,28.0,420.0
BCI-IV-2b,4,official,official[0→1],3,1.0,0.5,pruned,0.2,False,inf,oplb,,0.5714,0.7857,140,72,96,29.0,428.0
BCI-IV-2b,4,official,official[0→1],42,1.0,0.5,pruned,0.2,False,inf,oplb,,-0.0143,0.4929,140,90,96,34.0,433.0
BCI-IV-2b,4,official,official[0→1],0,1.0,0.5,pruned,0.3,True,inf,oplb,,0.5,0.75,140,86,84,22.0,420.0
BCI-IV-2b,4,official,official[0→1],1,1.0,0.5,pruned,0.3,True,inf,oplb,,0.4714,0.7357,140,84,84,23.0,447.0
BCI-IV-2b,4,official,official[0→1],2,1.0,0.5,pruned,0.3,True,inf,oplb,,0.7714,0.8857,140,100,84,30.0,426.0
BCI-IV-2b,4,official,official[0→1],3,1.0,0.5,pruned,0.3,True,inf,oplb,,0.3571,0.6786,140,76,84,29.0,439.0
BCI-IV-2b,4,official,official[0→1],42,1.0,0.5,pruned,0.3,True,inf,oplb,,0.6429,0.8214,140,86,84,26.0,421.0
BCI-IV-2b,4,official,official[0→1],0,1.0,0.5,pruned,0.3,False,inf,oplb,,0.4143,0.7071,140,86,84,22.0,420.0
BCI-IV-2b,4,official,official[0→1],1,1.0,0.5,pruned,0.3,False,inf,oplb,,0.6429,0.8214,140,84,84,25.0,443.0
BCI-IV-2b,4,official,official[0→1],2,1.0,0.5,pruned,0.3,False,inf,oplb,,0.5714,0.7857,140,100,84,29.0,433.0
BCI-IV-2b,4,official,official[0→1],3,1.0,0.5,pruned,0.3,False,inf,oplb,,0.0571,0.5286,140,76,84,26.0,439.0
BCI-IV-2b,4,official,official[0→1],42,1.0,0.5,pruned,0.3,False,inf,oplb,,0.7,0.85,140,86,84,18.0,420.0
BCI-IV-2b,4,official,official[0→1],0,1.0,1.0,pruned,0.2,True,inf,oplb,,0.4286,0.7143,140,66,96,37.0,444.0
BCI-IV-2b,4,official,official[0→1],1,1.0,1.0,pruned,0.2,True,inf,oplb,,-0.0571,0.4714,140,96,96,41.0,439.0
BCI-IV-2b,4,official,official[0→1],2,1.0,1.0,pruned,0.2,True,inf,oplb,,0.5286,0.7643,140,100,96,50.0,439.0
BCI-IV-2b,4,official,official[0→1],3,1.0,1.0,pruned,0.2,True,inf,oplb,,-0.0429,0.4786,140,72,96,48.0,444.0
BCI-IV-2b,4,official,official[0→1],42,1.0,1.0,pruned,0.2,True,inf,oplb,,-0.0143,0.4929,140,90,96,39.0,448.0
BCI-IV-2b,4,official,official[0→1],0,1.0,1.0,pruned,0.2,False,inf,oplb,,0.6714,0.8357,140,66,96,40.0,446.0
BCI-IV-2b,4,official,official[0→1],1,1.0,1.0,pruned,0.2,False,inf,oplb,,0.4286,0.7143,140,96,96,41.0,435.0
BCI-IV-2b,4,official,official[0→1],2,1.0,1.0,pruned,0.2,False,inf,oplb,,-0.0429,0.4786,140,100,96,46.0,438.0
BCI-IV-2b,4,official,official[0→1],3,1.0,1.0,pruned,0.2,False,inf,oplb,,0.6286,0.8143,140,72,96,43.0,436.0
BCI-IV-2b,4,official,official[0→1],42,1.0,1.0,pruned,0.2,False,inf,oplb,,-0.0143,0.4929,140,90,96,39.0,447.0
BCI-IV-2b,4,official,official[0→1],0,1.0,1.0,pruned,0.3,True,inf,oplb,,-0.0286,0.4857,140,86,84,36.0,432.0
BCI-IV-2b,4,official,official[0→1],1,1.0,1.0,pruned,0.3,True,inf,oplb,,0.5,0.75,140,84,84,36.0,442.0
BCI-IV-2b,4,official,official[0→1],2,1.0,1.0,pruned,0.3,True,inf,oplb,,0.5714,0.7857,140,100,84,37.0,431.0
BCI-IV-2b,4,official,official[0→1],3,1.0,1.0,pruned,0.3,True,inf,oplb,,0.1143,0.5571,140,76,84,33.0,441.0
BCI-IV-2b,4,official,official[0→1],42,1.0,1.0,pruned,0.3,True,inf,oplb,,0.0714,0.5357,140,86,84,32.0,441.0
BCI-IV-2b,4,official,official[0→1],0,1.0,1.0,pruned,0.3,False,inf,oplb,,0.4286,0.7143,140,86,84,40.0,426.0
BCI-IV-2b,4,official,official[0→1],1,1.0,1.0,pruned,0.3,False,inf,oplb,,0.0857,0.5429,140,84,84,29.0,439.0
BCI-IV-2b,4,official,official[0→1],2,1.0,1.0,pruned,0.3,False,inf,oplb,,0.6286,0.8143,140,100,84,33.0,432.0
BCI-IV-2b,4,official,official[0→1],3,1.0,1.0,pruned,0.3,False,inf,oplb,,0.5571,0.7786,140,76,84,34.0,441.0
BCI-IV-2b,4,official,official[0→1],42,1.0,1.0,pruned,0.3,False,inf,oplb,,0.7286,0.8643,140,86,84,33.0,442.0
BCI-IV-2b,5,within,within_fold0,0,1.0,0.1,pruned,0.2,True,inf,oplb,,0.3462,0.6731,52,96,166,48.0,156.0
BCI-IV-2b,5,within,within_fold0,1,1.0,0.1,pruned,0.2,True,inf,oplb,,0.4231,0.7115,52,86,166,64.0,156.0
BCI-IV-2b,5,within,within_fold0,2,1.0,0.1,pruned,0.2,True,inf,oplb,,0.2692,0.6346,52,40,166,60.0,156.0
BCI-IV-2b,5,within,within_fold0,3,1.0,0.1,pruned,0.2,True,inf,oplb,,0.3846,0.6923,52,84,166,55.0,156.0
BCI-IV-2b,5,within,within_fold0,42,1.0,0.1,pruned,0.2,True,inf,oplb,,0.1154,0.5577,52,82,166,44.0,156.0
BCI-IV-2b,5,within,within_fold0,0,1.0,0.1,pruned,0.2,False,inf,oplb,,0.3462,0.6731,52,96,166,48.0,156.0
BCI-IV-2b,5,within,within_fold0,1,1.0,0.1,pruned,0.2,False,inf,oplb,,0.2308,0.6154,52,86,166,59.0,156.0
BCI-IV-2b,5,within,within_fold0,2,1.0,0.1,pruned,0.2,False,inf,oplb,,0.2692,0.6346,52,40,166,60.0,156.0
BCI-IV-2b,5,within,within_fold0,3,1.0,0.1,pruned,0.2,False,inf,oplb,,0.3846,0.6923,52,84,166,55.0,156.0
BCI-IV-2b,5,within,within_fold0,42,1.0,0.1,pruned,0.2,False,inf,oplb,,0.1154,0.5577,52,82,166,44.0,156.0
BCI-IV-2b,5,within,within_fold0,0,1.0,0.1,pruned,0.3,True,inf,oplb,,0.1154,0.5577,52,100,146,37.0,160.0
BCI-IV-2b,5,within,within_fold0,1,1.0,0.1,pruned,0.3,True,inf,oplb,,0.4231,0.7115,52,100,146,45.0,156.0
BCI-IV-2b,5,within,within_fold0,2,1.0,0.1,pruned,0.3,True,inf,oplb,,0.2692,0.6346,52,74,146,52.0,166.0
BCI-IV-2b,5,within,within_fold0,3,1.0,0.1,pruned,0.3,True,inf,oplb,,0.3846,0.6923,52,100,146,53.0,156.0
BCI-IV-2b,5,within,within_fold0,42,1.0,0.1,pruned,0.3,True,inf,oplb,,0.1154,0.5577,52,68,146,50.0,156.0
BCI-IV-2b,5,within,within_fold0,0,1.0,0.1,pruned,0.3,False,inf,oplb,,0.1154,0.5577,52,100,146,39.0,164.0
BCI-IV-2b,5,within,within_fold0,1,1.0,0.1,pruned,0.3,False,inf,oplb,,0.4231,0.7115,52,100,146,45.0,156.0
BCI-IV-2b,5,within,within_fold0,2,1.0,0.1,pruned,0.3,False,inf,oplb,,0.2692,0.6346,52,74,146,52.0,168.0
BCI-IV-2b,5,within,within_fold0,3,1.0,0.1,pruned,0.3,False,inf,oplb,,0.4615,0.7308,52,100,146,49.0,156.0
BCI-IV-2b,5,within,within_fold0,42,1.0,0.1,pruned,0.3,False,inf,oplb,,0.1154,0.5577,52,68,146,50.0,156.0
BCI-IV-2b,5,within,within_fold0,0,1.0,0.5,pruned,0.2,True,inf,oplb,,0.2692,0.6346,52,96,166,54.0,209.0
BCI-IV-2b,5,within,within_fold0,1,1.0,0.5,pruned,0.2,True,inf,oplb,,0.1538,0.5769,52,86,166,62.0,186.0
BCI-IV-2b,5,within,within_fold0,2,1.0,0.5,pruned,0.2,True,inf,oplb,,0.2692,0.6346,52,40,166,67.0,186.0
BCI-IV-2b,5,within,within_fold0,3,1.0,0.5,pruned,0.2,True,inf,oplb,,0.6154,0.8077,52,84,166,62.0,175.0
BCI-IV-2b,5,within,within_fold0,42,1.0,0.5,pruned,0.2,True,inf,oplb,,0.0769,0.5385,52,82,166,65.0,197.0
BCI-IV-2b,5,within,within_fold0,0,1.0,0.5,pruned,0.2,False,inf,oplb,,0.3462,0.6731,52,96,166,63.0,209.0
BCI-IV-2b,5,within,within_fold0,1,1.0,0.5,pruned,0.2,False,inf,oplb,,-0.0385,0.4808,52,86,166,65.0,199.0
BCI-IV-2b,5,within,within_fold0,2,1.0,0.5,pruned,0.2,False,inf,oplb,,0.2692,0.6346,52,40,166,69.0,197.0
BCI-IV-2b,5,within,within_fold0,3,1.0,0.5,pruned,0.2,False,inf,oplb,,-0.0385,0.4808,52,84,166,65.0,182.0
BCI-IV-2b,5,within,within_fold0,42,1.0,0.5,pruned,0.2,False,inf,oplb,,0.3846,0.6923,52,82,166,60.0,181.0
BCI-IV-2b,5,within,within_fold0,0,1.0,0.5,pruned,0.3,True,inf,oplb,,0.4231,0.7115,52,100,146,42.0,167.0
BCI-IV-2b,5,within,within_fold0,1,1.0,0.5,pruned,0.3,True,inf,oplb,,0.1154,0.5577,52,100,146,50.0,191.0
BCI-IV-2b,5,within,within_fold0,2,1.0,0.5,pruned,0.3,True,inf,oplb,,0.4231,0.7115,52,74,146,64.0,178.0
BCI-IV-2b,5,within,within_fold0,3,1.0,0.5,pruned,0.3,True,inf,oplb,,0.2308,0.6154,52,100,146,51.0,177.0
BCI-IV-2b,5,within,within_fold0,42,1.0,0.5,pruned,0.3,True,inf,oplb,,0.1154,0.5577,52,68,146,57.0,193.0
BCI-IV-2b,5,within,within_fold0,0,1.0,0.5,pruned,0.3,False,inf,oplb,,0.3462,0.6731,52,100,146,40.0,182.0
BCI-IV-2b,5,within,within_fold0,1,1.0,0.5,pruned,0.3,False,inf,oplb,,0.3077,0.6538,52,100,146,44.0,165.0
BCI-IV-2b,5,within,within_fold0,2,1.0,0.5,pruned,0.3,False,inf,oplb,,0.5,0.75,52,74,146,54.0,179.0
BCI-IV-2b,5,within,within_fold0,3,1.0,0.5,pruned,0.3,False,inf,oplb,,0.1538,0.5769,52,100,146,43.0,181.0
BCI-IV-2b,5,within,within_fold0,42,1.0,0.5,pruned,0.3,False,inf,oplb,,0.1923,0.5962,52,68,146,63.0,220.0
BCI-IV-2b,5,within,within_fold0,0,1.0,1.0,pruned,0.2,True,inf,oplb,,-0.1154,0.4423,52,96,166,65.0,221.0
BCI-IV-2b,5,within,within_fold0,1,1.0,1.0,pruned,0.2,True,inf,oplb,,0.2692,0.6346,52,86,166,67.0,208.0
BCI-IV-2b,5,within,within_fold0,2,1.0,1.0,pruned,0.2,True,inf,oplb,,0.3077,0.6538,52,40,166,63.0,173.0
BCI-IV-2b,5,within,within_fold0,3,1.0,1.0,pruned,0.2,True,inf,oplb,,-0.1923,0.4038,52,84,166,81.0,190.0
BCI-IV-2b,5,within,within_fold0,42,1.0,1.0,pruned,0.2,True,inf,oplb,,0.3846,0.6923,52,82,166,74.0,201.0
BCI-IV-2b,5,within,within_fold0,0,1.0,1.0,pruned,0.2,False,inf,oplb,,0.3077,0.6538,52,96,166,51.0,218.0
BCI-IV-2b,5,within,within_fold0,1,1.0,1.0,pruned,0.2,False,inf,oplb,,0.1923,0.5962,52,86,166,70.0,207.0
BCI-IV-2b,5,within,within_fold0,2,1.0,1.0,pruned,0.2,False,inf,oplb,,0.6538,0.8269,52,40,166,66.0,179.0
BCI-IV-2b,5,within,within_fold0,3,1.0,1.0,pruned,0.2,False,inf,oplb,,0.0,0.5,52,84,166,82.0,189.0
BCI-IV-2b,5,within,within_fold0,42,1.0,1.0,pruned,0.2,False,inf,oplb,,0.3846,0.6923,52,82,166,68.0,217.0
BCI-IV-2b,5,within,within_fold0,0,1.0,1.0,pruned,0.3,True,inf,oplb,,-0.1154,0.4423,52,100,146,66.0,197.0
BCI-IV-2b,5,within,within_fold0,1,1.0,1.0,pruned,0.3,True,inf,oplb,,0.2692,0.6346,52,100,146,79.0,200.0
BCI-IV-2b,5,within,within_fold0,2,1.0,1.0,pruned,0.3,True,inf,oplb,,0.3846,0.6923,52,74,146,71.0,195.0
BCI-IV-2b,5,within,within_fold0,3,1.0,1.0,pruned,0.3,True,inf,oplb,,0.1154,0.5577,52,100,146,60.0,202.0
BCI-IV-2b,5,within,within_fold0,42,1.0,1.0,pruned,0.3,True,inf,oplb,,0.0769,0.5385,52,68,146,61.0,202.0
BCI-IV-2b,5,within,within_fold0,0,1.0,1.0,pruned,0.3,False,inf,oplb,,0.1538,0.5769,52,100,146,56.0,203.0
BCI-IV-2b,5,within,within_fold0,1,1.0,1.0,pruned,0.3,False,inf,oplb,,0.1923,0.5962,52,100,146,69.0,189.0
BCI-IV-2b,5,within,within_fold0,2,1.0,1.0,pruned,0.3,False,inf,oplb,,0.3846,0.6923,52,74,146,59.0,198.0
BCI-IV-2b,5,within,within_fold0,3,1.0,1.0,pruned,0.3,False,inf,oplb,,0.4615,0.7308,52,100,146,58.0,186.0
BCI-IV-2b,5,within,within_fold0,42,1.0,1.0,pruned,0.3,False,inf,oplb,,0.2692,0.6346,52,68,146,70.0,207.0
BCI-IV-2b,5,official,official[0→1],0,1.0,0.1,pruned,0.2,True,inf,oplb,,0.4429,0.7214,140,90,96,37.0,422.0
BCI-IV-2b,5,official,official[0→1],1,1.0,0.1,pruned,0.2,True,inf,oplb,,0.2286,0.6143,140,100,96,35.0,420.0
BCI-IV-2b,5,official,official[0→1],2,1.0,0.1,pruned,0.2,True,inf,oplb,,0.0571,0.5286,140,38,96,43.0,425.0
BCI-IV-2b,5,official,official[0→1],3,1.0,0.1,pruned,0.2,True,inf,oplb,,0.0571,0.5286,140,72,96,55.0,515.0
BCI-IV-2b,5,official,official[0→1],42,1.0,0.1,pruned,0.2,True,inf,oplb,,0.3143,0.6571,140,72,96,35.0,420.0
BCI-IV-2b,5,official,official[0→1],0,1.0,0.1,pruned,0.2,False,inf,oplb,,0.4429,0.7214,140,90,96,37.0,422.0
BCI-IV-2b,5,official,official[0→1],1,1.0,0.1,pruned,0.2,False,inf,oplb,,0.2286,0.6143,140,100,96,35.0,420.0
BCI-IV-2b,5,official,official[0→1],2,1.0,0.1,pruned,0.2,False,inf,oplb,,0.0571,0.5286,140,38,96,43.0,425.0
BCI-IV-2b,5,official,official[0→1],3,1.0,0.1,pruned,0.2,False,inf,oplb,,0.0571,0.5286,140,72,96,55.0,515.0
BCI-IV-2b,5,official,official[0→1],42,1.0,0.1,pruned,0.2,False,inf,oplb,,0.3143,0.6571,140,72,96,35.0,420.0
BCI-IV-2b,5,official,official[0→1],0,1.0,0.1,pruned,0.3,True,inf,oplb,,0.2857,0.6429,140,100,84,30.0,428.0
BCI-IV-2b,5,official,official[0→1],1,1.0,0.1,pruned,0.3,True,inf,oplb,,0.3571,0.6786,140,84,84,25.0,423.0
BCI-IV-2b,5,official,official[0→1],2,1.0,0.1,pruned,0.3,True,inf,oplb,,0.2571,0.6286,140,46,84,35.0,420.0
BCI-IV-2b,5,official,official[0→1],3,1.0,0.1,pruned,0.3,True,inf,oplb,,0.1429,0.5714,140,76,84,36.0,504.0
BCI-IV-2b,5,official,official[0→1],42,1.0,0.1,pruned,0.3,True,inf,oplb,,0.3429,0.6714,140,70,84,28.0,420.0
BCI-IV-2b,5,official,official[0→1],0,1.0,0.1,pruned,0.3,False,inf,oplb,,0.3143,0.6571,140,100,84,35.0,427.0
BCI-IV-2b,5,official,official[0→1],1,1.0,0.1,pruned,0.3,False,inf,oplb,,0.3571,0.6786,140,84,84,27.0,427.0
BCI-IV-2b,5,official,official[0→1],2,1.0,0.1,pruned,0.3,False,inf,oplb,,0.2571,0.6286,140,46,84,30.0,420.0
BCI-IV-2b,5,official,official[0→1],3,1.0,0.1,pruned,0.3,False,inf,oplb,,0.1429,0.5714,140,76,84,36.0,504.0
BCI-IV-2b,5,official,official[0→1],42,1.0,0.1,pruned,0.3,False,inf,oplb,,0.3429,0.6714,140,70,84,28.0,420.0
BCI-IV-2b,5,official,official[0→1],0,1.0,0.5,pruned,0.2,True,inf,oplb,,0.2429,0.6214,140,90,96,48.0,457.0
BCI-IV-2b,5,official,official[0→1],1,1.0,0.5,pruned,0.2,True,inf,oplb,,0.2286,0.6143,140,100,96,35.0,420.0
BCI-IV-2b,5,official,official[0→1],2,1.0,0.5,pruned,0.2,True,inf,oplb,,0.3143,0.6571,140,38,96,44.0,423.0
BCI-IV-2b,5,official,official[0→1],3,1.0,0.5,pruned,0.2,True,inf,oplb,,0.3,0.65,140,72,96,36.0,439.0
BCI-IV-2b,5,official,official[0→1],42,1.0,0.5,pruned,0.2,True,inf,oplb,,0.0429,0.5214,140,72,96,46.0,475.0
BCI-IV-2b,5,official,official[0→1],0,1.0,0.5,pruned,0.2,False,inf,oplb,,0.2429,0.6214,140,90,96,40.0,450.0
BCI-IV-2b,5,official,official[0→1],1,1.0,0.5,pruned,0.2,False,inf,oplb,,0.2286,0.6143,140,100,96,37.0,425.0
BCI-IV-2b,5,official,official[0→1],2,1.0,0.5,pruned,0.2,False,inf,oplb,,0.2857,0.6429,140,38,96,52.0,426.0
BCI-IV-2b,5,official,official[0→1],3,1.0,0.5,pruned,0.2,False,inf,oplb,,0.3,0.65,140,72,96,39.0,440.0
BCI-IV-2b,5,official,official[0→1],42,1.0,0.5,pruned,0.2,False,inf,oplb,,-0.0143,0.4929,140,72,96,45.0,462.0
BCI-IV-2b,5,official,official[0→1],0,1.0,0.5,pruned,0.3,True,inf,oplb,,0.0857,0.5429,140,100,84,26.0,434.0
BCI-IV-2b,5,official,official[0→1],1,1.0,0.5,pruned,0.3,True,inf,oplb,,0.1429,0.5714,140,84,84,32.0,445.0
BCI-IV-2b,5,official,official[0→1],2,1.0,0.5,pruned,0.3,True,inf,oplb,,0.1429,0.5714,140,46,84,37.0,427.0
BCI-IV-2b,5,official,official[0→1],3,1.0,0.5,pruned,0.3,True,inf,oplb,,0.3286,0.6643,140,76,84,28.0,444.0
BCI-IV-2b,5,official,official[0→1],42,1.0,0.5,pruned,0.3,True,inf,oplb,,0.3571,0.6786,140,70,84,26.0,429.0
BCI-IV-2b,5,official,official[0→1],0,1.0,0.5,pruned,0.3,False,inf,oplb,,0.1857,0.5929,140,100,84,37.0,444.0
BCI-IV-2b,5,official,official[0→1],1,1.0,0.5,pruned,0.3,False,inf,oplb,,0.3,0.65,140,84,84,28.0,443.0
BCI-IV-2b,5,official,official[0→1],2,1.0,0.5,pruned,0.3,False,inf,oplb,,0.4857,0.7429,140,46,84,36.0,432.0
BCI-IV-2b,5,official,official[0→1],3,1.0,0.5,pruned,0.3,False,inf,oplb,,0.3286,0.6643,140,76,84,31.0,443.0
BCI-IV-2b,5,official,official[0→1],42,1.0,0.5,pruned,0.3,False,inf,oplb,,0.3286,0.6643,140,70,84,21.0,423.0
BCI-IV-2b,5,official,official[0→1],0,1.0,1.0,pruned,0.2,True,inf,oplb,,-0.0286,0.4857,140,90,96,47.0,470.0
BCI-IV-2b,5,official,official[0→1],1,1.0,1.0,pruned,0.2,True,inf,oplb,,0.3143,0.6571,140,100,96,40.0,447.0
BCI-IV-2b,5,official,official[0→1],2,1.0,1.0,pruned,0.2,True,inf,oplb,,0.1286,0.5643,140,38,96,39.0,437.0
BCI-IV-2b,5,official,official[0→1],3,1.0,1.0,pruned,0.2,True,inf,oplb,,0.3429,0.6714,140,72,96,47.0,450.0
BCI-IV-2b,5,official,official[0→1],42,1.0,1.0,pruned,0.2,True,inf,oplb,,0.2857,0.6429,140,72,96,42.0,443.0
BCI-IV-2b,5,official,official[0→1],0,1.0,1.0,pruned,0.2,False,inf,oplb,,-0.0143,0.4929,140,90,96,45.0,463.0
BCI-IV-2b,5,official,official[0→1],1,1.0,1.0,pruned,0.2,False,inf,oplb,,0.1714,0.5857,140,100,96,42.0,448.0
BCI-IV-2b,5,official,official[0→1],2,1.0,1.0,pruned,0.2,False,inf,oplb,,0.1286,0.5643,140,38,96,44.0,439.0
BCI-IV-2b,5,official,official[0→1],3,1.0,1.0,pruned,0.2,False,inf,oplb,,-0.0429,0.4786,140,72,96,39.0,447.0
BCI-IV-2b,5,official,official[0→1],42,1.0,1.0,pruned,0.2,False,inf,oplb,,0.2857,0.6429,140,72,96,54.0,442.0
BCI-IV-2b,5,official,official[0→1],0,1.0,1.0,pruned,0.3,True,inf,oplb,,0.3,0.65,140,100,84,36.0,443.0
BCI-IV-2b,5,official,official[0→1],1,1.0,1.0,pruned,0.3,True,inf,oplb,,0.3,0.65,140,84,84,39.0,442.0
BCI-IV-2b,5,official,official[0→1],2,1.0,1.0,pruned,0.3,True,inf,oplb,,0.1714,0.5857,140,46,84,40.0,436.0
BCI-IV-2b,5,official,official[0→1],3,1.0,1.0,pruned,0.3,True,inf,oplb,,0.1429,0.5714,140,76,84,41.0,458.0
BCI-IV-2b,5,official,official[0→1],42,1.0,1.0,pruned,0.3,True,inf,oplb,,0.0143,0.5071,140,70,84,36.0,442.0
BCI-IV-2b,5,official,official[0→1],0,1.0,1.0,pruned,0.3,False,inf,oplb,,0.4286,0.7143,140,100,84,39.0,442.0
BCI-IV-2b,5,official,official[0→1],1,1.0,1.0,pruned,0.3,False,inf,oplb,,0.2714,0.6357,140,84,84,37.0,445.0
BCI-IV-2b,5,official,official[0→1],2,1.0,1.0,pruned,0.3,False,inf,oplb,,0.3571,0.6786,140,46,84,39.0,429.0
BCI-IV-2b,5,official,official[0→1],3,1.0,1.0,pruned,0.3,False,inf,oplb,,0.0429,0.5214,140,76,84,35.0,453.0
BCI-IV-2b,5,official,official[0→1],42,1.0,1.0,pruned,0.3,False,inf,oplb,,0.3571,0.6786,140,70,84,37.0,438.0
BCI-IV-2b,6,within,within_fold0,0,1.0,0.1,pruned,0.2,True,inf,oplb,,0.4583,0.7292,48,58,154,48.0,144.0
BCI-IV-2b,6,within,within_fold0,1,1.0,0.1,pruned,0.2,True,inf,oplb,,0.25,0.625,48,30,154,52.0,144.0
BCI-IV-2b,6,within,within_fold0,2,1.0,0.1,pruned,0.2,True,inf,oplb,,0.2083,0.6042,48,84,154,79.0,144.0
BCI-IV-2b,6,within,within_fold0,3,1.0,0.1,pruned,0.2,True,inf,oplb,,0.125,0.5625,48,48,154,54.0,144.0
BCI-IV-2b,6,within,within_fold0,42,1.0,0.1,pruned,0.2,True,inf,oplb,,0.0,0.5,48,52,154,81.0,144.0
BCI-IV-2b,6,within,within_fold0,0,1.0,0.1,pruned,0.2,False,inf,oplb,,0.4583,0.7292,48,58,154,60.0,144.0
BCI-IV-2b,6,within,within_fold0,1,1.0,0.1,pruned,0.2,False,inf,oplb,,0.25,0.625,48,30,154,52.0,144.0
BCI-IV-2b,6,within,within_fold0,2,1.0,0.1,pruned,0.2,False,inf,oplb,,0.2083,0.6042,48,84,154,61.0,144.0
BCI-IV-2b,6,within,within_fold0,3,1.0,0.1,pruned,0.2,False,inf,oplb,,0.125,0.5625,48,48,154,53.0,144.0
BCI-IV-2b,6,within,within_fold0,42,1.0,0.1,pruned,0.2,False,inf,oplb,,0.0,0.5,48,52,154,84.0,144.0
BCI-IV-2b,6,within,within_fold0,0,1.0,0.1,pruned,0.3,True,inf,oplb,,0.25,0.625,48,78,134,57.0,144.0
BCI-IV-2b,6,within,within_fold0,1,1.0,0.1,pruned,0.3,True,inf,oplb,,0.0833,0.5417,48,92,134,55.0,147.0
BCI-IV-2b,6,within,within_fold0,2,1.0,0.1,pruned,0.3,True,inf,oplb,,0.1667,0.5833,48,80,134,51.0,144.0
BCI-IV-2b,6,within,within_fold0,3,1.0,0.1,pruned,0.3,True,inf,oplb,,0.125,0.5625,48,64,134,45.0,144.0
BCI-IV-2b,6,within,within_fold0,42,1.0,0.1,pruned,0.3,True,inf,oplb,,0.2083,0.6042,48,70,134,44.0,144.0
BCI-IV-2b,6,within,within_fold0,0,1.0,0.1,pruned,0.3,False,inf,oplb,,0.25,0.625,48,78,134,52.0,144.0
BCI-IV-2b,6,within,within_fold0,1,1.0,0.1,pruned,0.3,False,inf,oplb,,0.0833,0.5417,48,92,134,55.0,147.0
BCI-IV-2b,6,within,within_fold0,2,1.0,0.1,pruned,0.3,False,inf,oplb,,0.1667,0.5833,48,80,134,51.0,144.0
BCI-IV-2b,6,within,within_fold0,3,1.0,0.1,pruned,0.3,False,inf,oplb,,0.125,0.5625,48,64,134,45.0,144.0
BCI-IV-2b,6,within,within_fold0,42,1.0,0.1,pruned,0.3,False,inf,oplb,,0.2083,0.6042,48,70,134,44.0,144.0
BCI-IV-2b,6,within,within_fold0,0,1.0,0.5,pruned,0.2,True,inf,oplb,,0.125,0.5625,48,58,154,65.0,148.0
BCI-IV-2b,6,within,within_fold0,1,1.0,0.5,pruned,0.2,True,inf,oplb,,0.0417,0.5208,48,30,154,59.0,144.0
BCI-IV-2b,6,within,within_fold0,2,1.0,0.5,pruned,0.2,True,inf,oplb,,-0.1667,0.4167,48,84,154,73.0,219.0
BCI-IV-2b,6,within,within_fold0,3,1.0,0.5,pruned,0.2,True,inf,oplb,,0.375,0.6875,48,48,154,56.0,169.0
BCI-IV-2b,6,within,within_fold0,42,1.0,0.5,pruned,0.2,True,inf,oplb,,0.125,0.5625,48,52,154,86.0,177.0
BCI-IV-2b,6,within,within_fold0,0,1.0,0.5,pruned,0.2,False,inf,oplb,,-0.2083,0.3958,48,58,154,61.0,159.0
BCI-IV-2b,6,within,within_fold0,1,1.0,0.5,pruned,0.2,False,inf,oplb,,0.3333,0.6667,48,30,154,66.0,144.0
BCI-IV-2b,6,within,within_fold0,2,1.0,0.5,pruned,0.2,False,inf,oplb,,-0.2083,0.3958,48,84,154,82.0,197.0
BCI-IV-2b,6,within,within_fold0,3,1.0,0.5,pruned,0.2,False,inf,oplb,,0.375,0.6875,48,48,154,64.0,168.0
BCI-IV-2b,6,within,within_fold0,42,1.0,0.5,pruned,0.2,False,inf,oplb,,0.0833,0.5417,48,52,154,73.0,150.0
BCI-IV-2b,6,within,within_fold0,0,1.0,0.5,pruned,0.3,True,inf,oplb,,0.5,0.75,48,78,134,49.0,144.0
BCI-IV-2b,6,within,within_fold0,1,1.0,0.5,pruned,0.3,True,inf,oplb,,0.25,0.625,48,92,134,50.0,147.0
BCI-IV-2b,6,within,within_fold0,2,1.0,0.5,pruned,0.3,True,inf,oplb,,0.4167,0.7083,48,80,134,52.0,178.0
BCI-IV-2b,6,within,within_fold0,3,1.0,0.5,pruned,0.3,True,inf,oplb,,0.2917,0.6458,48,64,134,57.0,144.0
BCI-IV-2b,6,within,within_fold0,42,1.0,0.5,pruned,0.3,True,inf,oplb,,0.125,0.5625,48,70,134,61.0,148.0
BCI-IV-2b,6,within,within_fold0,0,1.0,0.5,pruned,0.3,False,inf,oplb,,0.5,0.75,48,78,134,57.0,145.0
BCI-IV-2b,6,within,within_fold0,1,1.0,0.5,pruned,0.3,False,inf,oplb,,0.2083,0.6042,48,92,134,59.0,151.0
BCI-IV-2b,6,within,within_fold0,2,1.0,0.5,pruned,0.3,False,inf,oplb,,0.5417,0.7708,48,80,134,60.0,169.0
BCI-IV-2b,6,within,within_fold0,3,1.0,0.5,pruned,0.3,False,inf,oplb,,-0.125,0.4375,48,64,134,54.0,155.0
BCI-IV-2b,6,within,within_fold0,42,1.0,0.5,pruned,0.3,False,inf,oplb,,0.0417,0.5208,48,70,134,55.0,158.0
BCI-IV-2b,6,within,within_fold0,0,1.0,1.0,pruned,0.2,True,inf,oplb,,0.0,0.5,48,58,154,70.0,166.0
BCI-IV-2b,6,within,within_fold0,1,1.0,1.0,pruned,0.2,True,inf,oplb,,0.25,0.625,48,30,154,62.0,144.0
BCI-IV-2b,6,within,within_fold0,2,1.0,1.0,pruned,0.2,True,inf,oplb,,0.2083,0.6042,48,84,154,76.0,207.0
BCI-IV-2b,6,within,within_fold0,3,1.0,1.0,pruned,0.2,True,inf,oplb,,-0.0417,0.4792,48,48,154,74.0,160.0
BCI-IV-2b,6,within,within_fold0,42,1.0,1.0,pruned,0.2,True,inf,oplb,,0.1667,0.5833,48,52,154,69.0,155.0
BCI-IV-2b,6,within,within_fold0,0,1.0,1.0,pruned,0.2,False,inf,oplb,,0.25,0.625,48,58,154,75.0,165.0
BCI-IV-2b,6,within,within_fold0,1,1.0,1.0,pruned,0.2,False,inf,oplb,,0.25,0.625,48,30,154,72.0,144.0
BCI-IV-2b,6,within,within_fold0,2,1.0,1.0,pruned,0.2,False,inf,oplb,,-0.0833,0.4583,48,84,154,61.0,198.0
BCI-IV-2b,6,within,within_fold0,3,1.0,1.0,pruned,0.2,False,inf,oplb,,-0.2083,0.3958,48,48,154,75.0,169.0
BCI-IV-2b,6,within,within_fold0,42,1.0,1.0,pruned,0.2,False,inf,oplb,,0.125,0.5625,48,52,154,70.0,155.0
BCI-IV-2b,6,within,within_fold0,0,1.0,1.0,pruned,0.3,True,inf,oplb,,-0.2917,0.3542,48,78,134,62.0,168.0
BCI-IV-2b,6,within,within_fold0,1,1.0,1.0,pruned,0.3,True,inf,oplb,,-0.0417,0.4792,48,92,134,53.0,178.0
BCI-IV-2b,6,within,within_fold0,2,1.0,1.0,pruned,0.3,True,inf,oplb,,0.5417,0.7708,48,80,134,60.0,192.0
BCI-IV-2b,6,within,within_fold0,3,1.0,1.0,pruned,0.3,True,inf,oplb,,-0.0417,0.4792,48,64,134,73.0,174.0
BCI-IV-2b,6,within,within_fold0,42,1.0,1.0,pruned,0.3,True,inf,oplb,,0.125,0.5625,48,70,134,62.0,179.0
BCI-IV-2b,6,within,within_fold0,0,1.0,1.0,pruned,0.3,False,inf,oplb,,0.375,0.6875,48,78,134,70.0,170.0
BCI-IV-2b,6,within,within_fold0,1,1.0,1.0,pruned,0.3,False,inf,oplb,,0.2917,0.6458,48,92,134,63.0,180.0
BCI-IV-2b,6,within,within_fold0,2,1.0,1.0,pruned,0.3,False,inf,oplb,,0.4167,0.7083,48,80,134,62.0,183.0
BCI-IV-2b,6,within,within_fold0,3,1.0,1.0,pruned,0.3,False,inf,oplb,,0.0,0.5,48,64,134,58.0,175.0
BCI-IV-2b,6,within,within_fold0,42,1.0,1.0,pruned,0.3,False,inf,oplb,,0.2917,0.6458,48,70,134,61.0,183.0
BCI-IV-2b,6,official,official[0→1],0,1.0,0.1,pruned,0.2,True,inf,oplb,,0.1,0.55,120,100,96,48.0,360.0
BCI-IV-2b,6,official,official[0→1],1,1.0,0.1,pruned,0.2,True,inf,oplb,,0.1167,0.5583,120,72,96,50.0,456.0
BCI-IV-2b,6,official,official[0→1],2,1.0,0.1,pruned,0.2,True,inf,oplb,,-0.0667,0.4667,120,74,96,50.0,360.0
BCI-IV-2b,6,official,official[0→1],3,1.0,0.1,pruned,0.2,True,inf,oplb,,0.1833,0.5917,120,84,96,51.0,360.0
BCI-IV-2b,6,official,official[0→1],42,1.0,0.1,pruned,0.2,True,inf,oplb,,0.0667,0.5333,120,58,96,51.0,360.0
BCI-IV-2b,6,official,official[0→1],0,1.0,0.1,pruned,0.2,False,inf,oplb,,-0.05,0.475,120,100,96,48.0,360.0
BCI-IV-2b,6,official,official[0→1],1,1.0,0.1,pruned,0.2,False,inf,oplb,,0.1167,0.5583,120,72,96,50.0,456.0
BCI-IV-2b,6,official,official[0→1],2,1.0,0.1,pruned,0.2,False,inf,oplb,,-0.0667,0.4667,120,74,96,50.0,360.0
BCI-IV-2b,6,official,official[0→1],3,1.0,0.1,pruned,0.2,False,inf,oplb,,0.1833,0.5917,120,84,96,47.0,360.0
BCI-IV-2b,6,official,official[0→1],42,1.0,0.1,pruned,0.2,False,inf,oplb,,0.0667,0.5333,120,58,96,51.0,360.0
BCI-IV-2b,6,official,official[0→1],0,1.0,0.1,pruned,0.3,True,inf,oplb,,0.0833,0.5417,120,80,84,33.0,362.0
BCI-IV-2b,6,official,official[0→1],1,1.0,0.1,pruned,0.3,True,inf,oplb,,0.1,0.55,120,72,84,44.0,362.0
BCI-IV-2b,6,official,official[0→1],2,1.0,0.1,pruned,0.3,True,inf,oplb,,0.4,0.7,120,78,84,26.0,361.0
BCI-IV-2b,6,official,official[0→1],3,1.0,0.1,pruned,0.3,True,inf,oplb,,0.1,0.55,120,80,84,47.0,360.0
BCI-IV-2b,6,official,official[0→1],42,1.0,0.1,pruned,0.3,True,inf,oplb,,0.1,0.55,120,72,84,26.0,363.0
BCI-IV-2b,6,official,official[0→1],0,1.0,0.1,pruned,0.3,False,inf,oplb,,0.0833,0.5417,120,80,84,33.0,362.0
BCI-IV-2b,6,official,official[0→1],1,1.0,0.1,pruned,0.3,False,inf,oplb,,0.1,0.55,120,72,84,38.0,362.0
BCI-IV-2b,6,official,official[0→1],2,1.0,0.1,pruned,0.3,False,inf,oplb,,0.4,0.7,120,78,84,26.0,361.0
BCI-IV-2b,6,official,official[0→1],3,1.0,0.1,pruned,0.3,False,inf,oplb,,0.1,0.55,120,80,84,47.0,360.0
BCI-IV-2b,6,official,official[0→1],42,1.0,0.1,pruned,0.3,False,inf,oplb,,0.1,0.55,120,72,84,26.0,363.0
BCI-IV-2b,6,official,official[0→1],0,1.0,0.5,pruned,0.2,True,inf,oplb,,0.2167,0.6083,120,100,96,46.0,369.0
BCI-IV-2b,6,official,official[0→1],1,1.0,0.5,pruned,0.2,True,inf,oplb,,0.0167,0.5083,120,72,96,46.0,374.0
BCI-IV-2b,6,official,official[0→1],2,1.0,0.5,pruned,0.2,True,inf,oplb,,-0.1667,0.4167,120,74,96,42.0,436.0
BCI-IV-2b,6,official,official[0→1],3,1.0,0.5,pruned,0.2,True,inf,oplb,,0.0167,0.5083,120,84,96,52.0,372.0
BCI-IV-2b,6,official,official[0→1],42,1.0,0.5,pruned,0.2,True,inf,oplb,,0.3333,0.6667,120,58,96,27.0,360.0
BCI-IV-2b,6,official,official[0→1],0,1.0,0.5,pruned,0.2,False,inf,oplb,,0.2167,0.6083,120,100,96,47.0,367.0
BCI-IV-2b,6,official,official[0→1],1,1.0,0.5,pruned,0.2,False,inf,oplb,,0.05,0.525,120,72,96,52.0,389.0
BCI-IV-2b,6,official,official[0→1],2,1.0,0.5,pruned,0.2,False,inf,oplb,,0.0167,0.5083,120,74,96,46.0,362.0
BCI-IV-2b,6,official,official[0→1],3,1.0,0.5,pruned,0.2,False,inf,oplb,,-0.05,0.475,120,84,96,52.0,365.0
BCI-IV-2b,6,official,official[0→1],42,1.0,0.5,pruned,0.2,False,inf,oplb,,0.3333,0.6667,120,58,96,29.0,360.0
BCI-IV-2b,6,official,official[0→1],0,1.0,0.5,pruned,0.3,True,inf,oplb,,0.1167,0.5583,120,80,84,30.0,380.0
BCI-IV-2b,6,official,official[0→1],1,1.0,0.5,pruned,0.3,True,inf,oplb,,-0.05,0.475,120,72,84,37.0,430.0
BCI-IV-2b,6,official,official[0→1],2,1.0,0.5,pruned,0.3,True,inf,oplb,,0.4,0.7,120,78,84,35.0,368.0
BCI-IV-2b,6,official,official[0→1],3,1.0,0.5,pruned,0.3,True,inf,oplb,,0.1333,0.5667,120,80,84,33.0,378.0
BCI-IV-2b,6,official,official[0→1],42,1.0,0.5,pruned,0.3,True,inf,oplb,,0.1,0.55,120,72,84,28.0,367.0
BCI-IV-2b,6,official,official[0→1],0,1.0,0.5,pruned,0.3,False,inf,oplb,,0.1167,0.5583,120,80,84,32.0,380.0
BCI-IV-2b,6,official,official[0→1],1,1.0,0.5,pruned,0.3,False,inf,oplb,,-0.05,0.475,120,72,84,40.0,427.0
BCI-IV-2b,6,official,official[0→1],2,1.0,0.5,pruned,0.3,False,inf,oplb,,0.4,0.7,120,78,84,35.0,369.0
BCI-IV-2b,6,official,official[0→1],3,1.0,0.5,pruned,0.3,False,inf,oplb,,0.2167,0.6083,120,80,84,40.0,373.0
BCI-IV-2b,6,official,official[0→1],42,1.0,0.5,pruned,0.3,False,inf,oplb,,0.1,0.55,120,72,84,31.0,371.0
BCI-IV-2b,6,official,official[0→1],0,1.0,1.0,pruned,0.2,True,inf,oplb,,0.0667,0.5333,120,100,96,53.0,385.0
BCI-IV-2b,6,official,official[0→1],1,1.0,1.0,pruned,0.2,True,inf,oplb,,0.0833,0.5417,120,72,96,48.0,399.0
BCI-IV-2b,6,official,official[0→1],2,1.0,1.0,pruned,0.2,True,inf,oplb,,-0.1167,0.4417,120,74,96,43.0,369.0
BCI-IV-2b,6,official,official[0→1],3,1.0,1.0,pruned,0.2,True,inf,oplb,,0.0833,0.5417,120,84,96,52.0,383.0
BCI-IV-2b,6,official,official[0→1],42,1.0,1.0,pruned,0.2,True,inf,oplb,,0.25,0.625,120,58,96,40.0,381.0
BCI-IV-2b,6,official,official[0→1],0,1.0,1.0,pruned,0.2,False,inf,oplb,,0.0167,0.5083,120,100,96,49.0,392.0
BCI-IV-2b,6,official,official[0→1],1,1.0,1.0,pruned,0.2,False,inf,oplb,,0.1167,0.5583,120,72,96,49.0,399.0
BCI-IV-2b,6,official,official[0→1],2,1.0,1.0,pruned,0.2,False,inf,oplb,,0.0833,0.5417,120,74,96,44.0,367.0
BCI-IV-2b,6,official,official[0→1],3,1.0,1.0,pruned,0.2,False,inf,oplb,,0.1667,0.5833,120,84,96,55.0,383.0
BCI-IV-2b,6,official,official[0→1],42,1.0,1.0,pruned,0.2,False,inf,oplb,,0.25,0.625,120,58,96,43.0,374.0
BCI-IV-2b,6,official,official[0→1],0,1.0,1.0,pruned,0.3,True,inf,oplb,,-0.0333,0.4833,120,80,84,36.0,384.0
BCI-IV-2b,6,official,official[0→1],1,1.0,1.0,pruned,0.3,True,inf,oplb,,0.0333,0.5167,120,72,84,39.0,396.0
BCI-IV-2b,6,official,official[0→1],2,1.0,1.0,pruned,0.3,True,inf,oplb,,0.0833,0.5417,120,78,84,37.0,382.0
BCI-IV-2b,6,official,official[0→1],3,1.0,1.0,pruned,0.3,True,inf,oplb,,0.2167,0.6083,120,80,84,42.0,378.0
BCI-IV-2b,6,official,official[0→1],42,1.0,1.0,pruned,0.3,True,inf,oplb,,-0.0833,0.4583,120,72,84,37.0,391.0
BCI-IV-2b,6,official,official[0→1],0,1.0,1.0,pruned,0.3,False,inf,oplb,,0.0833,0.5417,120,80,84,34.0,389.0
BCI-IV-2b,6,official,official[0→1],1,1.0,1.0,pruned,0.3,False,inf,oplb,,0.1167,0.5583,120,72,84,36.0,389.0
BCI-IV-2b,6,official,official[0→1],2,1.0,1.0,pruned,0.3,False,inf,oplb,,0.4,0.7,120,78,84,40.0,388.0
BCI-IV-2b,6,official,official[0→1],3,1.0,1.0,pruned,0.3,False,inf,oplb,,-0.15,0.425,120,80,84,39.0,375.0
BCI-IV-2b,6,official,official[0→1],42,1.0,1.0,pruned,0.3,False,inf,oplb,,0.1,0.55,120,72,84,27.0,386.0
BCI-IV-2b,7,within,within_fold0,0,1.0,0.1,pruned,0.2,True,inf,oplb,,0.375,0.6875,48,78,154,56.0,147.0
BCI-IV-2b,7,within,within_fold0,1,1.0,0.1,pruned,0.2,True,inf,oplb,,0.375,0.6875,48,88,154,54.0,298.0
BCI-IV-2b,7,within,within_fold0,2,1.0,0.1,pruned,0.2,True,inf,oplb,,0.25,0.625,48,56,154,57.0,144.0
BCI-IV-2b,7,within,within_fold0,3,1.0,0.1,pruned,0.2,True,inf,oplb,,0.4167,0.7083,48,40,154,50.0,144.0
BCI-IV-2b,7,within,within_fold0,42,1.0,0.1,pruned,0.2,True,inf,oplb,,-0.0833,0.4583,48,86,154,53.0,296.0
BCI-IV-2b,7,within,within_fold0,0,1.0,0.1,pruned,0.2,False,inf,oplb,,0.375,0.6875,48,78,154,56.0,147.0
BCI-IV-2b,7,within,within_fold0,1,1.0,0.1,pruned,0.2,False,inf,oplb,,0.375,0.6875,48,88,154,54.0,298.0
BCI-IV-2b,7,within,within_fold0,2,1.0,0.1,pruned,0.2,False,inf,oplb,,0.25,0.625,48,56,154,57.0,144.0
BCI-IV-2b,7,within,within_fold0,3,1.0,0.1,pruned,0.2,False,inf,oplb,,0.4167,0.7083,48,40,154,50.0,144.0
BCI-IV-2b,7,within,within_fold0,42,1.0,0.1,pruned,0.2,False,inf,oplb,,-0.0833,0.4583,48,86,154,53.0,296.0
BCI-IV-2b,7,within,within_fold0,0,1.0,0.1,pruned,0.3,True,inf,oplb,,0.125,0.5625,48,88,134,68.0,144.0
BCI-IV-2b,7,within,within_fold0,1,1.0,0.1,pruned,0.3,True,inf,oplb,,0.125,0.5625,48,98,134,67.0,144.0
BCI-IV-2b,7,within,within_fold0,2,1.0,0.1,pruned,0.3,True,inf,oplb,,-0.0417,0.4792,48,62,134,64.0,144.0
BCI-IV-2b,7,within,within_fold0,3,1.0,0.1,pruned,0.3,True,inf,oplb,,0.2083,0.6042,48,52,134,58.0,144.0
BCI-IV-2b,7,within,within_fold0,42,1.0,0.1,pruned,0.3,True,inf,oplb,,0.0417,0.5208,48,98,134,71.0,277.0
BCI-IV-2b,7,within,within_fold0,0,1.0,0.1,pruned,0.3,False,inf,oplb,,0.125,0.5625,48,88,134,70.0,149.0
BCI-IV-2b,7,within,within_fold0,1,1.0,0.1,pruned,0.3,False,inf,oplb,,0.3333,0.6667,48,98,134,67.0,144.0
BCI-IV-2b,7,within,within_fold0,2,1.0,0.1,pruned,0.3,False,inf,oplb,,-0.0417,0.4792,48,62,134,64.0,144.0
BCI-IV-2b,7,within,within_fold0,3,1.0,0.1,pruned,0.3,False,inf,oplb,,0.2083,0.6042,48,52,134,58.0,144.0
BCI-IV-2b,7,within,within_fold0,42,1.0,0.1,pruned,0.3,False,inf,oplb,,0.0417,0.5208,48,98,134,71.0,277.0
BCI-IV-2b,7,within,within_fold0,0,1.0,0.5,pruned,0.2,True,inf,oplb,,0.0833,0.5417,48,78,154,63.0,227.0
BCI-IV-2b,7,within,within_fold0,1,1.0,0.5,pruned,0.2,True,inf,oplb,,0.375,0.6875,48,88,154,61.0,294.0
BCI-IV-2b,7,within,within_fold0,2,1.0,0.5,pruned,0.2,True,inf,oplb,,0.0,0.5,48,56,154,70.0,178.0
BCI-IV-2b,7,within,within_fold0,3,1.0,0.5,pruned,0.2,True,inf,oplb,,0.2917,0.6458,48,40,154,63.0,186.0
BCI-IV-2b,7,within,within_fold0,42,1.0,0.5,pruned,0.2,True,inf,oplb,,0.1667,0.5833,48,86,154,51.0,221.0
BCI-IV-2b,7,within,within_fold0,0,1.0,0.5,pruned,0.2,False,inf,oplb,,0.1667,0.5833,48,78,154,62.0,165.0
BCI-IV-2b,7,within,within_fold0,1,1.0,0.5,pruned,0.2,False,inf,oplb,,0.1667,0.5833,48,88,154,81.0,206.0
BCI-IV-2b,7,within,within_fold0,2,1.0,0.5,pruned,0.2,False,inf,oplb,,0.125,0.5625,48,56,154,66.0,168.0
BCI-IV-2b,7,within,within_fold0,3,1.0,0.5,pruned,0.2,False,inf,oplb,,0.2917,0.6458,48,40,154,57.0,180.0
BCI-IV-2b,7,within,within_fold0,42,1.0,0.5,pruned,0.2,False,inf,oplb,,-0.0833,0.4583,48,86,154,53.0,242.0
BCI-IV-2b,7,within,within_fold0,0,1.0,0.5,pruned,0.3,True,inf,oplb,,0.2917,0.6458,48,88,134,65.0,172.0
BCI-IV-2b,7,within,within_fold0,1,1.0,0.5,pruned,0.3,True,inf,oplb,,0.2917,0.6458,48,98,134,70.0,169.0
BCI-IV-2b,7,within,within_fold0,2,1.0,0.5,pruned,0.3,True,inf,oplb,,-0.0417,0.4792,48,62,134,66.0,148.0
BCI-IV-2b,7,within,within_fold0,3,1.0,0.5,pruned,0.3,True,inf,oplb,,0.125,0.5625,48,52,134,45.0,211.0
BCI-IV-2b,7,within,within_fold0,42,1.0,0.5,pruned,0.3,True,inf,oplb,,0.25,0.625,48,98,134,66.0,158.0
BCI-IV-2b,7,within,within_fold0,0,1.0,0.5,pruned,0.3,False,inf,oplb,,0.3333,0.6667,48,88,134,55.0,245.0
BCI-IV-2b,7,within,within_fold0,1,1.0,0.5,pruned,0.3,False,inf,oplb,,0.0,0.5,48,98,134,71.0,164.0
BCI-IV-2b,7,within,within_fold0,2,1.0,0.5,pruned,0.3,False,inf,oplb,,-0.0833,0.4583,48,62,134,72.0,200.0
BCI-IV-2b,7,within,within_fold0,3,1.0,0.5,pruned,0.3,False,inf,oplb,,0.125,0.5625,48,52,134,50.0,195.0
BCI-IV-2b,7,within,within_fold0,42,1.0,0.5,pruned,0.3,False,inf,oplb,,0.0,0.5,48,98,134,68.0,185.0
BCI-IV-2b,7,within,within_fold0,0,1.0,1.0,pruned,0.2,True,inf,oplb,,0.125,0.5625,48,78,154,75.0,193.0
BCI-IV-2b,7,within,within_fold0,1,1.0,1.0,pruned,0.2,True,inf,oplb,,0.2917,0.6458,48,88,154,74.0,215.0
BCI-IV-2b,7,within,within_fold0,2,1.0,1.0,pruned,0.2,True,inf,oplb,,0.25,0.625,48,56,154,71.0,174.0
BCI-IV-2b,7,within,within_fold0,3,1.0,1.0,pruned,0.2,True,inf,oplb,,-0.0833,0.4583,48,40,154,68.0,199.0
BCI-IV-2b,7,within,within_fold0,42,1.0,1.0,pruned,0.2,True,inf,oplb,,-0.0417,0.4792,48,86,154,49.0,205.0
BCI-IV-2b,7,within,within_fold0,0,1.0,1.0,pruned,0.2,False,inf,oplb,,-0.0417,0.4792,48,78,154,66.0,187.0
BCI-IV-2b,7,within,within_fold0,1,1.0,1.0,pruned,0.2,False,inf,oplb,,0.125,0.5625,48,88,154,67.0,208.0
BCI-IV-2b,7,within,within_fold0,2,1.0,1.0,pruned,0.2,False,inf,oplb,,0.25,0.625,48,56,154,76.0,179.0
BCI-IV-2b,7,within,within_fold0,3,1.0,1.0,pruned,0.2,False,inf,oplb,,0.3333,0.6667,48,40,154,67.0,206.0
BCI-IV-2b,7,within,within_fold0,42,1.0,1.0,pruned,0.2,False,inf,oplb,,0.0,0.5,48,86,154,53.0,199.0
BCI-IV-2b,7,within,within_fold0,0,1.0,1.0,pruned,0.3,True,inf,oplb,,0.0833,0.5417,48,88,134,54.0,186.0
BCI-IV-2b,7,within,within_fold0,1,1.0,1.0,pruned,0.3,True,inf,oplb,,-0.0833,0.4583,48,98,134,59.0,172.0
BCI-IV-2b,7,within,within_fold0,2,1.0,1.0,pruned,0.3,True,inf,oplb,,0.0833,0.5417,48,62,134,65.0,201.0
BCI-IV-2b,7,within,within_fold0,3,1.0,1.0,pruned,0.3,True,inf,oplb,,0.1667,0.5833,48,52,134,63.0,182.0
BCI-IV-2b,7,within,within_fold0,42,1.0,1.0,pruned,0.3,True,inf,oplb,,0.0,0.5,48,98,134,69.0,201.0
BCI-IV-2b,7,within,within_fold0,0,1.0,1.0,pruned,0.3,False,inf,oplb,,0.0833,0.5417,48,88,134,67.0,182.0
BCI-IV-2b,7,within,within_fold0,1,1.0,1.0,pruned,0.3,False,inf,oplb,,-0.1667,0.4167,48,98,134,59.0,172.0
BCI-IV-2b,7,within,within_fold0,2,1.0,1.0,pruned,0.3,False,inf,oplb,,0.0833,0.5417,48,62,134,65.0,193.0
BCI-IV-2b,7,within,within_fold0,3,1.0,1.0,pruned,0.3,False,inf,oplb,,0.1667,0.5833,48,52,134,58.0,181.0
BCI-IV-2b,7,within,within_fold0,42,1.0,1.0,pruned,0.3,False,inf,oplb,,0.0417,0.5208,48,98,134,72.0,200.0
BCI-IV-2b,7,official,official[0→1],0,1.0,0.1,pruned,0.2,True,inf,oplb,,-0.0333,0.4833,120,100,96,47.0,360.0
BCI-IV-2b,7,official,official[0→1],1,1.0,0.1,pruned,0.2,True,inf,oplb,,0.1333,0.5667,120,44,96,46.0,360.0
BCI-IV-2b,7,official,official[0→1],2,1.0,0.1,pruned,0.2,True,inf,oplb,,-0.1667,0.4167,120,100,96,46.0,360.0
BCI-IV-2b,7,official,official[0→1],3,1.0,0.1,pruned,0.2,True,inf,oplb,,-0.0833,0.4583,120,82,96,44.0,362.0
BCI-IV-2b,7,official,official[0→1],42,1.0,0.1,pruned,0.2,True,inf,oplb,,0.35,0.675,120,46,96,46.0,364.0
BCI-IV-2b,7,official,official[0→1],0,1.0,0.1,pruned,0.2,False,inf,oplb,,-0.0333,0.4833,120,100,96,47.0,360.0
BCI-IV-2b,7,official,official[0→1],1,1.0,0.1,pruned,0.2,False,inf,oplb,,0.1333,0.5667,120,44,96,46.0,360.0
BCI-IV-2b,7,official,official[0→1],2,1.0,0.1,pruned,0.2,False,inf,oplb,,-0.1667,0.4167,120,100,96,46.0,360.0
BCI-IV-2b,7,official,official[0→1],3,1.0,0.1,pruned,0.2,False,inf,oplb,,-0.0833,0.4583,120,82,96,44.0,362.0
BCI-IV-2b,7,official,official[0→1],42,1.0,0.1,pruned,0.2,False,inf,oplb,,0.35,0.675,120,46,96,34.0,366.0
BCI-IV-2b,7,official,official[0→1],0,1.0,0.1,pruned,0.3,True,inf,oplb,,-0.0333,0.4833,120,100,84,41.0,442.0
BCI-IV-2b,7,official,official[0→1],1,1.0,0.1,pruned,0.3,True,inf,oplb,,0.1333,0.5667,120,96,84,41.0,360.0
BCI-IV-2b,7,official,official[0→1],2,1.0,0.1,pruned,0.3,True,inf,oplb,,-0.05,0.475,120,47,84,36.0,362.0
BCI-IV-2b,7,official,official[0→1],3,1.0,0.1,pruned,0.3,True,inf,oplb,,-0.0167,0.4917,120,62,84,47.0,360.0
BCI-IV-2b,7,official,official[0→1],42,1.0,0.1,pruned,0.3,True,inf,oplb,,0.2333,0.6167,120,40,84,34.0,360.0
BCI-IV-2b,7,official,official[0→1],0,1.0,0.1,pruned,0.3,False,inf,oplb,,0.0667,0.5333,120,100,84,39.0,362.0
BCI-IV-2b,7,official,official[0→1],1,1.0,0.1,pruned,0.3,False,inf,oplb,,0.1333,0.5667,120,96,84,41.0,360.0
BCI-IV-2b,7,official,official[0→1],2,1.0,0.1,pruned,0.3,False,inf,oplb,,-0.05,0.475,120,47,84,36.0,362.0
BCI-IV-2b,7,official,official[0→1],3,1.0,0.1,pruned,0.3,False,inf,oplb,,-0.0167,0.4917,120,62,84,47.0,360.0
BCI-IV-2b,7,official,official[0→1],42,1.0,0.1,pruned,0.3,False,inf,oplb,,0.2333,0.6167,120,40,84,34.0,360.0
BCI-IV-2b,7,official,official[0→1],0,1.0,0.5,pruned,0.2,True,inf,oplb,,0.0,0.5,120,100,96,50.0,372.0
BCI-IV-2b,7,official,official[0→1],1,1.0,0.5,pruned,0.2,True,inf,oplb,,0.05,0.525,120,44,96,48.0,385.0
BCI-IV-2b,7,official,official[0→1],2,1.0,0.5,pruned,0.2,True,inf,oplb,,0.1833,0.5917,120,100,96,49.0,396.0
BCI-IV-2b,7,official,official[0→1],3,1.0,0.5,pruned,0.2,True,inf,oplb,,-0.05,0.475,120,82,96,51.0,409.0
BCI-IV-2b,7,official,official[0→1],42,1.0,0.5,pruned,0.2,True,inf,oplb,,0.15,0.575,120,46,96,44.0,402.0
BCI-IV-2b,7,official,official[0→1],0,1.0,0.5,pruned,0.2,False,inf,oplb,,0.2333,0.6167,120,100,96,57.0,378.0
BCI-IV-2b,7,official,official[0→1],1,1.0,0.5,pruned,0.2,False,inf,oplb,,0.05,0.525,120,44,96,47.0,373.0
BCI-IV-2b,7,official,official[0→1],2,1.0,0.5,pruned,0.2,False,inf,oplb,,0.1833,0.5917,120,100,96,41.0,391.0
BCI-IV-2b,7,official,official[0→1],3,1.0,0.5,pruned,0.2,False,inf,oplb,,0.1,0.55,120,82,96,44.0,394.0
BCI-IV-2b,7,official,official[0→1],42,1.0,0.5,pruned,0.2,False,inf,oplb,,0.35,0.675,120,46,96,35.0,387.0
BCI-IV-2b,7,official,official[0→1],0,1.0,0.5,pruned,0.3,True,inf,oplb,,0.0167,0.5083,120,100,84,41.0,372.0
BCI-IV-2b,7,official,official[0→1],1,1.0,0.5,pruned,0.3,True,inf,oplb,,0.2833,0.6417,120,96,84,43.0,376.0
BCI-IV-2b,7,official,official[0→1],2,1.0,0.5,pruned,0.3,True,inf,oplb,,0.0167,0.5083,120,47,84,39.0,369.0
BCI-IV-2b,7,official,official[0→1],3,1.0,0.5,pruned,0.3,True,inf,oplb,,0.1667,0.5833,120,62,84,39.0,366.0
BCI-IV-2b,7,official,official[0→1],42,1.0,0.5,pruned,0.3,True,inf,oplb,,0.2167,0.6083,120,40,84,35.0,419.0
BCI-IV-2b,7,official,official[0→1],0,1.0,0.5,pruned,0.3,False,inf,oplb,,0.1333,0.5667,120,100,84,40.0,368.0
BCI-IV-2b,7,official,official[0→1],1,1.0,0.5,pruned,0.3,False,inf,oplb,,0.1333,0.5667,120,96,84,44.0,368.0
BCI-IV-2b,7,official,official[0→1],2,1.0,0.5,pruned,0.3,False,inf,oplb,,0.2,0.6,120,47,84,31.0,379.0
BCI-IV-2b,7,official,official[0→1],3,1.0,0.5,pruned,0.3,False,inf,oplb,,0.1667,0.5833,120,62,84,44.0,368.0
BCI-IV-2b,7,official,official[0→1],42,1.0,0.5,pruned,0.3,False,inf,oplb,,0.2333,0.6167,120,40,84,32.0,434.0
BCI-IV-2b,7,official,official[0→1],0,1.0,1.0,pruned,0.2,True,inf,oplb,,0.1,0.55,120,100,96,48.0,378.0
BCI-IV-2b,7,official,official[0→1],1,1.0,1.0,pruned,0.2,True,inf,oplb,,0.25,0.625,120,44,96,46.0,386.0
BCI-IV-2b,7,official,official[0→1],2,1.0,1.0,pruned,0.2,True,inf,oplb,,0.1833,0.5917,120,100,96,43.0,393.0
BCI-IV-2b,7,official,official[0→1],3,1.0,1.0,pruned,0.2,True,inf,oplb,,0.1333,0.5667,120,82,96,46.0,394.0
BCI-IV-2b,7,official,official[0→1],42,1.0,1.0,pruned,0.2,True,inf,oplb,,-0.0833,0.4583,120,46,96,40.0,395.0
BCI-IV-2b,7,official,official[0→1],0,1.0,1.0,pruned,0.2,False,inf,oplb,,-0.1,0.45,120,100,96,45.0,380.0
BCI-IV-2b,7,official,official[0→1],1,1.0,1.0,pruned,0.2,False,inf,oplb,,0.25,0.625,120,44,96,47.0,380.0
BCI-IV-2b,7,official,official[0→1],2,1.0,1.0,pruned,0.2,False,inf,oplb,,0.1833,0.5917,120,100,96,40.0,394.0
BCI-IV-2b,7,official,official[0→1],3,1.0,1.0,pruned,0.2,False,inf,oplb,,0.0,0.5,120,82,96,39.0,387.0
BCI-IV-2b,7,official,official[0→1],42,1.0,1.0,pruned,0.2,False,inf,oplb,,0.15,0.575,120,46,96,37.0,393.0
BCI-IV-2b,7,official,official[0→1],0,1.0,1.0,pruned,0.3,True,inf,oplb,,0.1167,0.5583,120,100,84,48.0,379.0
BCI-IV-2b,7,official,official[0→1],1,1.0,1.0,pruned,0.3,True,inf,oplb,,-0.0167,0.4917,120,96,84,42.0,376.0
BCI-IV-2b,7,official,official[0→1],2,1.0,1.0,pruned,0.3,True,inf,oplb,,0.2667,0.6333,120,47,84,35.0,373.0
BCI-IV-2b,7,official,official[0→1],3,1.0,1.0,pruned,0.3,True,inf,oplb,,0.0333,0.5167,120,62,84,40.0,378.0
BCI-IV-2b,7,official,official[0→1],42,1.0,1.0,pruned,0.3,True,inf,oplb,,0.2167,0.6083,120,40,84,38.0,381.0
BCI-IV-2b,7,official,official[0→1],0,1.0,1.0,pruned,0.3,False,inf,oplb,,-0.05,0.475,120,100,84,47.0,386.0
BCI-IV-2b,7,official,official[0→1],1,1.0,1.0,pruned,0.3,False,inf,oplb,,-0.0167,0.4917,120,96,84,39.0,382.0
BCI-IV-2b,7,official,official[0→1],2,1.0,1.0,pruned,0.3,False,inf,oplb,,0.3333,0.6667,120,47,84,40.0,375.0
BCI-IV-2b,7,official,official[0→1],3,1.0,1.0,pruned,0.3,False,inf,oplb,,0.4167,0.7083,120,62,84,41.0,377.0
BCI-IV-2b,7,official,official[0→1],42,1.0,1.0,pruned,0.3,False,inf,oplb,,-0.1,0.45,120,40,84,46.0,380.0
BCI-IV-2b,8,within,within_fold0,0,1.0,0.1,pruned,0.2,True,inf,oplb,,0.0357,0.5179,56,62,179,88.0,233.0
BCI-IV-2b,8,within,within_fold0,1,1.0,0.1,pruned,0.2,True,inf,oplb,,-0.1786,0.4107,56,88,179,86.0,168.0
BCI-IV-2b,8,within,within_fold0,2,1.0,0.1,pruned,0.2,True,inf,oplb,,0.2857,0.6429,56,46,179,95.0,193.0
BCI-IV-2b,8,within,within_fold0,3,1.0,0.1,pruned,0.2,True,inf,oplb,,0.1071,0.5536,56,88,179,75.0,168.0
BCI-IV-2b,8,within,within_fold0,42,1.0,0.1,pruned,0.2,True,inf,oplb,,0.2857,0.6429,56,100,179,77.0,168.0
BCI-IV-2b,8,within,within_fold0,0,1.0,0.1,pruned,0.2,False,inf,oplb,,-0.0357,0.4821,56,62,179,87.0,347.0
BCI-IV-2b,8,within,within_fold0,1,1.0,0.1,pruned,0.2,False,inf,oplb,,-0.1786,0.4107,56,88,179,86.0,168.0
BCI-IV-2b,8,within,within_fold0,2,1.0,0.1,pruned,0.2,False,inf,oplb,,0.2857,0.6429,56,46,179,95.0,193.0
BCI-IV-2b,8,within,within_fold0,3,1.0,0.1,pruned,0.2,False,inf,oplb,,0.1071,0.5536,56,88,179,75.0,168.0
BCI-IV-2b,8,within,within_fold0,42,1.0,0.1,pruned,0.2,False,inf,oplb,,0.2857,0.6429,56,100,179,77.0,168.0
BCI-IV-2b,8,within,within_fold0,0,1.0,0.1,pruned,0.3,True,inf,oplb,,0.1071,0.5536,56,44,157,68.0,296.0
BCI-IV-2b,8,within,within_fold0,1,1.0,0.1,pruned,0.3,True,inf,oplb,,0.0714,0.5357,56,56,157,69.0,201.0
BCI-IV-2b,8,within,within_fold0,2,1.0,0.1,pruned,0.3,True,inf,oplb,,0.25,0.625,56,62,157,84.0,168.0
BCI-IV-2b,8,within,within_fold0,3,1.0,0.1,pruned,0.3,True,inf,oplb,,-0.1071,0.4464,56,82,157,77.0,325.0
BCI-IV-2b,8,within,within_fold0,42,1.0,0.1,pruned,0.3,True,inf,oplb,,-0.1786,0.4107,56,48,157,75.0,306.0
BCI-IV-2b,8,within,within_fold0,0,1.0,0.1,pruned,0.3,False,inf,oplb,,0.1071,0.5536,56,44,157,68.0,303.0
BCI-IV-2b,8,within,within_fold0,1,1.0,0.1,pruned,0.3,False,inf,oplb,,0.0714,0.5357,56,56,157,74.0,170.0
BCI-IV-2b,8,within,within_fold0,2,1.0,0.1,pruned,0.3,False,inf,oplb,,0.25,0.625,56,62,157,84.0,168.0
BCI-IV-2b,8,within,within_fold0,3,1.0,0.1,pruned,0.3,False,inf,oplb,,-0.1071,0.4464,56,82,157,77.0,325.0
BCI-IV-2b,8,within,within_fold0,42,1.0,0.1,pruned,0.3,False,inf,oplb,,-0.1786,0.4107,56,48,157,78.0,325.0
BCI-IV-2b,8,within,within_fold0,0,1.0,0.5,pruned,0.2,True,inf,oplb,,0.0714,0.5357,56,62,179,76.0,216.0
BCI-IV-2b,8,within,within_fold0,1,1.0,0.5,pruned,0.2,True,inf,oplb,,0.0714,0.5357,56,88,179,73.0,242.0
BCI-IV-2b,8,within,within_fold0,2,1.0,0.5,pruned,0.2,True,inf,oplb,,0.1071,0.5536,56,46,179,88.0,219.0
BCI-IV-2b,8,within,within_fold0,3,1.0,0.5,pruned,0.2,True,inf,oplb,,0.1786,0.5893,56,88,179,80.0,245.0
BCI-IV-2b,8,within,within_fold0,42,1.0,0.5,pruned,0.2,True,inf,oplb,,0.3214,0.6607,56,100,179,85.0,243.0
BCI-IV-2b,8,within,within_fold0,0,1.0,0.5,pruned,0.2,False,inf,oplb,,0.1429,0.5714,56,62,179,84.0,222.0
BCI-IV-2b,8,within,within_fold0,1,1.0,0.5,pruned,0.2,False,inf,oplb,,0.0357,0.5179,56,88,179,75.0,257.0
BCI-IV-2b,8,within,within_fold0,2,1.0,0.5,pruned,0.2,False,inf,oplb,,0.1071,0.5536,56,46,179,91.0,190.0
BCI-IV-2b,8,within,within_fold0,3,1.0,0.5,pruned,0.2,False,inf,oplb,,-0.0714,0.4643,56,88,179,104.0,232.0
BCI-IV-2b,8,within,within_fold0,42,1.0,0.5,pruned,0.2,False,inf,oplb,,0.3214,0.6607,56,100,179,86.0,224.0
BCI-IV-2b,8,within,within_fold0,0,1.0,0.5,pruned,0.3,True,inf,oplb,,0.0714,0.5357,56,44,157,79.0,229.0
BCI-IV-2b,8,within,within_fold0,1,1.0,0.5,pruned,0.3,True,inf,oplb,,-0.0714,0.4643,56,56,157,71.0,210.0
BCI-IV-2b,8,within,within_fold0,2,1.0,0.5,pruned,0.3,True,inf,oplb,,0.0,0.5,56,62,157,72.0,220.0
BCI-IV-2b,8,within,within_fold0,3,1.0,0.5,pruned,0.3,True,inf,oplb,,0.2143,0.6071,56,82,157,61.0,201.0
BCI-IV-2b,8,within,within_fold0,42,1.0,0.5,pruned,0.3,True,inf,oplb,,-0.0714,0.4643,56,48,157,72.0,187.0
BCI-IV-2b,8,within,within_fold0,0,1.0,0.5,pruned,0.3,False,inf,oplb,,0.1071,0.5536,56,44,157,82.0,237.0
BCI-IV-2b,8,within,within_fold0,1,1.0,0.5,pruned,0.3,False,inf,oplb,,0.0714,0.5357,56,56,157,74.0,199.0
BCI-IV-2b,8,within,within_fold0,2,1.0,0.5,pruned,0.3,False,inf,oplb,,0.25,0.625,56,62,157,68.0,220.0
BCI-IV-2b,8,within,within_fold0,3,1.0,0.5,pruned,0.3,False,inf,oplb,,-0.1071,0.4464,56,82,157,61.0,239.0
BCI-IV-2b,8,within,within_fold0,42,1.0,0.5,pruned,0.3,False,inf,oplb,,0.0714,0.5357,56,48,157,70.0,196.0
BCI-IV-2b,8,within,within_fold0,0,1.0,1.0,pruned,0.2,True,inf,oplb,,-0.1429,0.4286,56,62,179,72.0,210.0
BCI-IV-2b,8,within,within_fold0,1,1.0,1.0,pruned,0.2,True,inf,oplb,,0.0,0.5,56,88,179,89.0,229.0
BCI-IV-2b,8,within,within_fold0,2,1.0,1.0,pruned,0.2,True,inf,oplb,,0.1071,0.5536,56,46,179,99.0,196.0
BCI-IV-2b,8,within,within_fold0,3,1.0,1.0,pruned,0.2,True,inf,oplb,,0.0357,0.5179,56,88,179,81.0,236.0
BCI-IV-2b,8,within,within_fold0,42,1.0,1.0,pruned,0.2,True,inf,oplb,,0.0,0.5,56,100,179,84.0,215.0
BCI-IV-2b,8,within,within_fold0,0,1.0,1.0,pruned,0.2,False,inf,oplb,,0.0714,0.5357,56,62,179,90.0,219.0
BCI-IV-2b,8,within,within_fold0,1,1.0,1.0,pruned,0.2,False,inf,oplb,,-0.25,0.375,56,88,179,87.0,242.0
BCI-IV-2b,8,within,within_fold0,2,1.0,1.0,pruned,0.2,False,inf,oplb,,0.1071,0.5536,56,46,179,95.0,211.0
BCI-IV-2b,8,within,within_fold0,3,1.0,1.0,pruned,0.2,False,inf,oplb,,-0.1071,0.4464,56,88,179,84.0,210.0
BCI-IV-2b,8,within,within_fold0,42,1.0,1.0,pruned,0.2,False,inf,oplb,,0.1786,0.5893,56,100,179,81.0,205.0
BCI-IV-2b,8,within,within_fold0,0,1.0,1.0,pruned,0.3,True,inf,oplb,,-0.0357,0.4821,56,44,157,73.0,239.0
BCI-IV-2b,8,within,within_fold0,1,1.0,1.0,pruned,0.3,True,inf,oplb,,0.0357,0.5179,56,56,157,71.0,212.0
BCI-IV-2b,8,within,within_fold0,2,1.0,1.0,pruned,0.3,True,inf,oplb,,-0.0714,0.4643,56,62,157,77.0,223.0
BCI-IV-2b,8,within,within_fold0,3,1.0,1.0,pruned,0.3,True,inf,oplb,,-0.0357,0.4821,56,82,157,71.0,215.0
BCI-IV-2b,8,within,within_fold0,42,1.0,1.0,pruned,0.3,True,inf,oplb,,0.3571,0.6786,56,48,157,74.0,202.0
BCI-IV-2b,8,within,within_fold0,0,1.0,1.0,pruned,0.3,False,inf,oplb,,0.0357,0.5179,56,44,157,72.0,218.0
BCI-IV-2b,8,within,within_fold0,1,1.0,1.0,pruned,0.3,False,inf,oplb,,0.0357,0.5179,56,56,157,76.0,207.0
BCI-IV-2b,8,within,within_fold0,2,1.0,1.0,pruned,0.3,False,inf,oplb,,0.25,0.625,56,62,157,72.0,208.0
BCI-IV-2b,8,within,within_fold0,3,1.0,1.0,pruned,0.3,False,inf,oplb,,0.1071,0.5536,56,82,157,65.0,224.0
BCI-IV-2b,8,within,within_fold0,42,1.0,1.0,pruned,0.3,False,inf,oplb,,0.3571,0.6786,56,48,157,79.0,221.0
BCI-IV-2b,8,official,official[0→1],0,1.0,0.1,pruned,0.2,True,inf,oplb,,0.0667,0.5333,120,76,128,61.0,363.0
BCI-IV-2b,8,official,official[0→1],1,1.0,0.1,pruned,0.2,True,inf,oplb,,0.2167,0.6083,120,70,128,44.0,463.0
BCI-IV-2b,8,official,official[0→1],2,1.0,0.1,pruned,0.2,True,inf,oplb,,-0.2833,0.3583,120,60,128,62.0,369.0
BCI-IV-2b,8,official,official[0→1],3,1.0,0.1,pruned,0.2,True,inf,oplb,,-0.2167,0.3917,120,66,128,76.0,360.0
BCI-IV-2b,8,official,official[0→1],42,1.0,0.1,pruned,0.2,True,inf,oplb,,0.15,0.575,120,80,128,58.0,360.0
BCI-IV-2b,8,official,official[0→1],0,1.0,0.1,pruned,0.2,False,inf,oplb,,0.0667,0.5333,120,76,128,61.0,363.0
BCI-IV-2b,8,official,official[0→1],1,1.0,0.1,pruned,0.2,False,inf,oplb,,0.2167,0.6083,120,70,128,42.0,475.0
BCI-IV-2b,8,official,official[0→1],2,1.0,0.1,pruned,0.2,False,inf,oplb,,0.2167,0.6083,120,60,128,64.0,413.0
BCI-IV-2b,8,official,official[0→1],3,1.0,0.1,pruned,0.2,False,inf,oplb,,-0.0333,0.4833,120,66,128,75.0,360.0
BCI-IV-2b,8,official,official[0→1],42,1.0,0.1,pruned,0.2,False,inf,oplb,,0.15,0.575,120,80,128,58.0,361.0
BCI-IV-2b,8,official,official[0→1],0,1.0,0.1,pruned,0.3,True,inf,oplb,,0.0,0.5,120,90,112,49.0,374.0
BCI-IV-2b,8,official,official[0→1],1,1.0,0.1,pruned,0.3,True,inf,oplb,,0.1833,0.5917,120,78,112,44.0,466.0
BCI-IV-2b,8,official,official[0→1],2,1.0,0.1,pruned,0.3,True,inf,oplb,,-0.0333,0.4833,120,68,112,62.0,360.0
BCI-IV-2b,8,official,official[0→1],3,1.0,0.1,pruned,0.3,True,inf,oplb,,-0.1333,0.4333,120,54,112,50.0,360.0
BCI-IV-2b,8,official,official[0→1],42,1.0,0.1,pruned,0.3,True,inf,oplb,,0.2667,0.6333,120,64,112,45.0,360.0
BCI-IV-2b,8,official,official[0→1],0,1.0,0.1,pruned,0.3,False,inf,oplb,,0.0,0.5,120,90,112,52.0,370.0
BCI-IV-2b,8,official,official[0→1],1,1.0,0.1,pruned,0.3,False,inf,oplb,,0.1833,0.5917,120,78,112,44.0,466.0
BCI-IV-2b,8,official,official[0→1],2,1.0,0.1,pruned,0.3,False,inf,oplb,,0.0,0.5,120,68,112,56.0,360.0
BCI-IV-2b,8,official,official[0→1],3,1.0,0.1,pruned,0.3,False,inf,oplb,,-0.1167,0.4417,120,54,112,51.0,360.0
BCI-IV-2b,8,official,official[0→1],42,1.0,0.1,pruned,0.3,False,inf,oplb,,0.2667,0.6333,120,64,112,45.0,360.0
BCI-IV-2b,8,official,official[0→1],0,1.0,0.5,pruned,0.2,True,inf,oplb,,0.0833,0.5417,120,76,128,69.0,420.0
BCI-IV-2b,8,official,official[0→1],1,1.0,0.5,pruned,0.2,True,inf,oplb,,-0.0333,0.4833,120,70,128,53.0,399.0
BCI-IV-2b,8,official,official[0→1],2,1.0,0.5,pruned,0.2,True,inf,oplb,,0.0333,0.5167,120,60,128,57.0,374.0
BCI-IV-2b,8,official,official[0→1],3,1.0,0.5,pruned,0.2,True,inf,oplb,,0.0,0.5,120,66,128,61.0,368.0
BCI-IV-2b,8,official,official[0→1],42,1.0,0.5,pruned,0.2,True,inf,oplb,,0.2167,0.6083,120,80,128,66.0,428.0
BCI-IV-2b,8,official,official[0→1],0,1.0,0.5,pruned,0.2,False,inf,oplb,,-0.0333,0.4833,120,76,128,64.0,428.0
BCI-IV-2b,8,official,official[0→1],1,1.0,0.5,pruned,0.2,False,inf,oplb,,0.0333,0.5167,120,70,128,47.0,446.0
BCI-IV-2b,8,official,official[0→1],2,1.0,0.5,pruned,0.2,False,inf,oplb,,0.2167,0.6083,120,60,128,63.0,384.0
BCI-IV-2b,8,official,official[0→1],3,1.0,0.5,pruned,0.2,False,inf,oplb,,-0.0667,0.4667,120,66,128,70.0,366.0
BCI-IV-2b,8,official,official[0→1],42,1.0,0.5,pruned,0.2,False,inf,oplb,,0.0667,0.5333,120,80,128,67.0,398.0
BCI-IV-2b,8,official,official[0→1],0,1.0,0.5,pruned,0.3,True,inf,oplb,,0.0833,0.5417,120,90,112,55.0,412.0
BCI-IV-2b,8,official,official[0→1],1,1.0,0.5,pruned,0.3,True,inf,oplb,,0.0167,0.5083,120,78,112,64.0,411.0
BCI-IV-2b,8,official,official[0→1],2,1.0,0.5,pruned,0.3,True,inf,oplb,,0.0,0.5,120,68,112,57.0,365.0
BCI-IV-2b,8,official,official[0→1],3,1.0,0.5,pruned,0.3,True,inf,oplb,,0.1,0.55,120,54,112,51.0,367.0
BCI-IV-2b,8,official,official[0→1],42,1.0,0.5,pruned,0.3,True,inf,oplb,,0.1,0.55,120,64,112,51.0,382.0
BCI-IV-2b,8,official,official[0→1],0,1.0,0.5,pruned,0.3,False,inf,oplb,,0.0833,0.5417,120,90,112,55.0,408.0
BCI-IV-2b,8,official,official[0→1],1,1.0,0.5,pruned,0.3,False,inf,oplb,,0.1833,0.5917,120,78,112,56.0,418.0
BCI-IV-2b,8,official,official[0→1],2,1.0,0.5,pruned,0.3,False,inf,oplb,,0.0,0.5,120,68,112,54.0,372.0
BCI-IV-2b,8,official,official[0→1],3,1.0,0.5,pruned,0.3,False,inf,oplb,,0.1167,0.5583,120,54,112,50.0,362.0
BCI-IV-2b,8,official,official[0→1],42,1.0,0.5,pruned,0.3,False,inf,oplb,,0.1,0.55,120,64,112,58.0,367.0
BCI-IV-2b,8,official,official[0→1],0,1.0,1.0,pruned,0.2,True,inf,oplb,,-0.0167,0.4917,120,76,128,73.0,407.0
BCI-IV-2b,8,official,official[0→1],1,1.0,1.0,pruned,0.2,True,inf,oplb,,0.1,0.55,120,70,128,63.0,404.0
BCI-IV-2b,8,official,official[0→1],2,1.0,1.0,pruned,0.2,True,inf,oplb,,0.05,0.525,120,60,128,63.0,414.0
BCI-IV-2b,8,official,official[0→1],3,1.0,1.0,pruned,0.2,True,inf,oplb,,0.1333,0.5667,120,66,128,71.0,391.0
BCI-IV-2b,8,official,official[0→1],42,1.0,1.0,pruned,0.2,True,inf,oplb,,0.2667,0.6333,120,80,128,63.0,385.0
BCI-IV-2b,8,official,official[0→1],0,1.0,1.0,pruned,0.2,False,inf,oplb,,-0.0167,0.4917,120,76,128,70.0,408.0
BCI-IV-2b,8,official,official[0→1],1,1.0,1.0,pruned,0.2,False,inf,oplb,,0.1,0.55,120,70,128,58.0,404.0
BCI-IV-2b,8,official,official[0→1],2,1.0,1.0,pruned,0.2,False,inf,oplb,,0.1,0.55,120,60,128,56.0,415.0
BCI-IV-2b,8,official,official[0→1],3,1.0,1.0,pruned,0.2,False,inf,oplb,,0.05,0.525,120,66,128,64.0,395.0
BCI-IV-2b,8,official,official[0→1],42,1.0,1.0,pruned,0.2,False,inf,oplb,,-0.15,0.425,120,80,128,58.0,384.0
BCI-IV-2b,8,official,official[0→1],0,1.0,1.0,pruned,0.3,True,inf,oplb,,0.1333,0.5667,120,90,112,56.0,391.0
BCI-IV-2b,8,official,official[0→1],1,1.0,1.0,pruned,0.3,True,inf,oplb,,-0.0333,0.4833,120,78,112,47.0,387.0
BCI-IV-2b,8,official,official[0→1],2,1.0,1.0,pruned,0.3,True,inf,oplb,,0.05,0.525,120,68,112,57.0,392.0
BCI-IV-2b,8,official,official[0→1],3,1.0,1.0,pruned,0.3,True,inf,oplb,,-0.0333,0.4833,120,54,112,52.0,373.0
BCI-IV-2b,8,official,official[0→1],42,1.0,1.0,pruned,0.3,True,inf,oplb,,-0.1833,0.4083,120,64,112,53.0,393.0
BCI-IV-2b,8,official,official[0→1],0,1.0,1.0,pruned,0.3,False,inf,oplb,,0.0667,0.5333,120,90,112,59.0,392.0
BCI-IV-2b,8,official,official[0→1],1,1.0,1.0,pruned,0.3,False,inf,oplb,,0.25,0.625,120,78,112,56.0,387.0
BCI-IV-2b,8,official,official[0→1],2,1.0,1.0,pruned,0.3,False,inf,oplb,,0.0,0.5,120,68,112,59.0,388.0
BCI-IV-2b,8,official,official[0→1],3,1.0,1.0,pruned,0.3,False,inf,oplb,,-0.1167,0.4417,120,54,112,54.0,369.0
BCI-IV-2b,8,official,official[0→1],42,1.0,1.0,pruned,0.3,False,inf,oplb,,0.1,0.55,120,64,112,47.0,402.0
BCI-IV-2b,9,within,within_fold0,0,1.0,0.1,pruned,0.2,True,inf,oplb,,-0.25,0.375,48,62,154,77.0,298.0
BCI-IV-2b,9,within,within_fold0,1,1.0,0.1,pruned,0.2,True,inf,oplb,,0.0833,0.5417,48,46,154,60.0,146.0
BCI-IV-2b,9,within,within_fold0,2,1.0,0.1,pruned,0.2,True,inf,oplb,,-0.125,0.4375,48,56,154,70.0,144.0
BCI-IV-2b,9,within,within_fold0,3,1.0,0.1,pruned,0.2,True,inf,oplb,,0.0,0.5,48,90,154,70.0,144.0
BCI-IV-2b,9,within,within_fold0,42,1.0,0.1,pruned,0.2,True,inf,oplb,,0.1667,0.5833,48,68,154,76.0,144.0
BCI-IV-2b,9,within,within_fold0,0,1.0,0.1,pruned,0.2,False,inf,oplb,,-0.25,0.375,48,62,154,77.0,298.0
BCI-IV-2b,9,within,within_fold0,1,1.0,0.1,pruned,0.2,False,inf,oplb,,0.0833,0.5417,48,46,154,60.0,145.0
BCI-IV-2b,9,within,within_fold0,2,1.0,0.1,pruned,0.2,False,inf,oplb,,-0.125,0.4375,48,56,154,70.0,144.0
BCI-IV-2b,9,within,within_fold0,3,1.0,0.1,pruned,0.2,False,inf,oplb,,0.0,0.5,48,90,154,70.0,144.0
BCI-IV-2b,9,within,within_fold0,42,1.0,0.1,pruned,0.2,False,inf,oplb,,0.1667,0.5833,48,68,154,76.0,144.0
BCI-IV-2b,9,within,within_fold0,0,1.0,0.1,pruned,0.3,True,inf,oplb,,-0.0417,0.4792,48,62,134,69.0,176.0
BCI-IV-2b,9,within,within_fold0,1,1.0,0.1,pruned,0.3,True,inf,oplb,,0.125,0.5625,48,80,134,61.0,144.0
BCI-IV-2b,9,within,within_fold0,2,1.0,0.1,pruned,0.3,True,inf,oplb,,-0.0417,0.4792,48,74,134,61.0,277.0
BCI-IV-2b,9,within,within_fold0,3,1.0,0.1,pruned,0.3,True,inf,oplb,,0.0833,0.5417,48,62,134,56.0,144.0
BCI-IV-2b,9,within,within_fold0,42,1.0,0.1,pruned,0.3,True,inf,oplb,,0.25,0.625,48,94,134,70.0,277.0
BCI-IV-2b,9,within,within_fold0,0,1.0,0.1,pruned,0.3,False,inf,oplb,,-0.25,0.375,48,62,134,71.0,277.0
BCI-IV-2b,9,within,within_fold0,1,1.0,0.1,pruned,0.3,False,inf,oplb,,0.125,0.5625,48,80,134,61.0,144.0
BCI-IV-2b,9,within,within_fold0,2,1.0,0.1,pruned,0.3,False,inf,oplb,,-0.0417,0.4792,48,74,134,61.0,277.0
BCI-IV-2b,9,within,within_fold0,3,1.0,0.1,pruned,0.3,False,inf,oplb,,0.0833,0.5417,48,62,134,56.0,144.0
BCI-IV-2b,9,within,within_fold0,42,1.0,0.1,pruned,0.3,False,inf,oplb,,0.25,0.625,48,94,134,69.0,277.0
BCI-IV-2b,9,within,within_fold0,0,1.0,0.5,pruned,0.2,True,inf,oplb,,0.0833,0.5417,48,62,154,67.0,210.0
BCI-IV-2b,9,within,within_fold0,1,1.0,0.5,pruned,0.2,True,inf,oplb,,-0.0417,0.4792,48,46,154,69.0,231.0
BCI-IV-2b,9,within,within_fold0,2,1.0,0.5,pruned,0.2,True,inf,oplb,,0.3333,0.6667,48,56,154,69.0,166.0
BCI-IV-2b,9,within,within_fold0,3,1.0,0.5,pruned,0.2,True,inf,oplb,,0.0417,0.5208,48,90,154,75.0,163.0
BCI-IV-2b,9,within,within_fold0,42,1.0,0.5,pruned,0.2,True,inf,oplb,,0.125,0.5625,48,68,154,77.0,213.0
BCI-IV-2b,9,within,within_fold0,0,1.0,0.5,pruned,0.2,False,inf,oplb,,0.0,0.5,48,62,154,75.0,242.0
BCI-IV-2b,9,within,within_fold0,1,1.0,0.5,pruned,0.2,False,inf,oplb,,0.0417,0.5208,48,46,154,68.0,191.0
BCI-IV-2b,9,within,within_fold0,2,1.0,0.5,pruned,0.2,False,inf,oplb,,-0.1667,0.4167,48,56,154,69.0,171.0
BCI-IV-2b,9,within,within_fold0,3,1.0,0.5,pruned,0.2,False,inf,oplb,,0.125,0.5625,48,90,154,78.0,155.0
BCI-IV-2b,9,within,within_fold0,42,1.0,0.5,pruned,0.2,False,inf,oplb,,0.2083,0.6042,48,68,154,80.0,166.0
BCI-IV-2b,9,within,within_fold0,0,1.0,0.5,pruned,0.3,True,inf,oplb,,-0.1667,0.4167,48,62,134,63.0,176.0
BCI-IV-2b,9,within,within_fold0,1,1.0,0.5,pruned,0.3,True,inf,oplb,,0.0,0.5,48,80,134,61.0,197.0
BCI-IV-2b,9,within,within_fold0,2,1.0,0.5,pruned,0.3,True,inf,oplb,,-0.0417,0.4792,48,74,134,58.0,165.0
BCI-IV-2b,9,within,within_fold0,3,1.0,0.5,pruned,0.3,True,inf,oplb,,0.0417,0.5208,48,62,134,63.0,192.0
BCI-IV-2b,9,within,within_fold0,42,1.0,0.5,pruned,0.3,True,inf,oplb,,0.2917,0.6458,48,94,134,63.0,203.0
BCI-IV-2b,9,within,within_fold0,0,1.0,0.5,pruned,0.3,False,inf,oplb,,0.0833,0.5417,48,62,134,61.0,177.0
BCI-IV-2b,9,within,within_fold0,1,1.0,0.5,pruned,0.3,False,inf,oplb,,0.0,0.5,48,80,134,67.0,207.0
BCI-IV-2b,9,within,within_fold0,2,1.0,0.5,pruned,0.3,False,inf,oplb,,0.1667,0.5833,48,74,134,57.0,180.0
BCI-IV-2b,9,within,within_fold0,3,1.0,0.5,pruned,0.3,False,inf,oplb,,-0.0417,0.4792,48,62,134,59.0,164.0
BCI-IV-2b,9,within,within_fold0,42,1.0,0.5,pruned,0.3,False,inf,oplb,,0.25,0.625,48,94,134,62.0,196.0
BCI-IV-2b,9,within,within_fold0,0,1.0,1.0,pruned,0.2,True,inf,oplb,,0.0417,0.5208,48,62,154,73.0,202.0
BCI-IV-2b,9,within,within_fold0,1,1.0,1.0,pruned,0.2,True,inf,oplb,,0.0833,0.5417,48,46,154,71.0,188.0
BCI-IV-2b,9,within,within_fold0,2,1.0,1.0,pruned,0.2,True,inf,oplb,,0.0833,0.5417,48,56,154,71.0,197.0
BCI-IV-2b,9,within,within_fold0,3,1.0,1.0,pruned,0.2,True,inf,oplb,,-0.0417,0.4792,48,90,154,74.0,179.0
BCI-IV-2b,9,within,within_fold0,42,1.0,1.0,pruned,0.2,True,inf,oplb,,0.2083,0.6042,48,68,154,64.0,204.0
BCI-IV-2b,9,within,within_fold0,0,1.0,1.0,pruned,0.2,False,inf,oplb,,-0.25,0.375,48,62,154,74.0,198.0
BCI-IV-2b,9,within,within_fold0,1,1.0,1.0,pruned,0.2,False,inf,oplb,,0.0833,0.5417,48,46,154,70.0,188.0
BCI-IV-2b,9,within,within_fold0,2,1.0,1.0,pruned,0.2,False,inf,oplb,,-0.0833,0.4583,48,56,154,74.0,192.0
BCI-IV-2b,9,within,within_fold0,3,1.0,1.0,pruned,0.2,False,inf,oplb,,0.0417,0.5208,48,90,154,70.0,180.0
BCI-IV-2b,9,within,within_fold0,42,1.0,1.0,pruned,0.2,False,inf,oplb,,0.2083,0.6042,48,68,154,68.0,192.0
BCI-IV-2b,9,within,within_fold0,0,1.0,1.0,pruned,0.3,True,inf,oplb,,0.4583,0.7292,48,62,134,68.0,184.0
BCI-IV-2b,9,within,within_fold0,1,1.0,1.0,pruned,0.3,True,inf,oplb,,0.125,0.5625,48,80,134,66.0,204.0
BCI-IV-2b,9,within,within_fold0,2,1.0,1.0,pruned,0.3,True,inf,oplb,,0.0833,0.5417,48,74,134,67.0,185.0
BCI-IV-2b,9,within,within_fold0,3,1.0,1.0,pruned,0.3,True,inf,oplb,,0.125,0.5625,48,62,134,65.0,198.0
BCI-IV-2b,9,within,within_fold0,42,1.0,1.0,pruned,0.3,True,inf,oplb,,0.0833,0.5417,48,94,134,60.0,194.0
BCI-IV-2b,9,within,within_fold0,0,1.0,1.0,pruned,0.3,False,inf,oplb,,0.25,0.625,48,62,134,75.0,177.0
BCI-IV-2b,9,within,within_fold0,1,1.0,1.0,pruned,0.3,False,inf,oplb,,0.125,0.5625,48,80,134,61.0,195.0
BCI-IV-2b,9,within,within_fold0,2,1.0,1.0,pruned,0.3,False,inf,oplb,,0.1667,0.5833,48,74,134,67.0,180.0
BCI-IV-2b,9,within,within_fold0,3,1.0,1.0,pruned,0.3,False,inf,oplb,,0.0833,0.5417,48,62,134,64.0,199.0
BCI-IV-2b,9,within,within_fold0,42,1.0,1.0,pruned,0.3,False,inf,oplb,,0.25,0.625,48,94,134,61.0,183.0
BCI-IV-2b,9,official,official[0→1],0,1.0,0.1,pruned,0.2,True,inf,oplb,,-0.0167,0.4917,120,18,96,29.0,436.0
BCI-IV-2b,9,official,official[0→1],1,1.0,0.1,pruned,0.2,True,inf,oplb,,0.0833,0.5417,120,34,96,35.0,454.0
BCI-IV-2b,9,official,official[0→1],2,1.0,0.1,pruned,0.2,True,inf,oplb,,0.0833,0.5417,120,68,96,43.0,360.0
BCI-IV-2b,9,official,official[0→1],3,1.0,0.1,pruned,0.2,True,inf,oplb,,0.1,0.55,120,94,96,53.0,454.0
BCI-IV-2b,9,official,official[0→1],42,1.0,0.1,pruned,0.2,True,inf,oplb,,-0.0333,0.4833,120,80,96,42.0,360.0
BCI-IV-2b,9,official,official[0→1],0,1.0,0.1,pruned,0.2,False,inf,oplb,,0.0167,0.5083,120,18,96,28.0,444.0
BCI-IV-2b,9,official,official[0→1],1,1.0,0.1,pruned,0.2,False,inf,oplb,,0.0833,0.5417,120,34,96,35.0,454.0
BCI-IV-2b,9,official,official[0→1],2,1.0,0.1,pruned,0.2,False,inf,oplb,,0.0833,0.5417,120,68,96,43.0,360.0
BCI-IV-2b,9,official,official[0→1],3,1.0,0.1,pruned,0.2,False,inf,oplb,,0.1,0.55,120,94,96,52.0,455.0
BCI-IV-2b,9,official,official[0→1],42,1.0,0.1,pruned,0.2,False,inf,oplb,,-0.0333,0.4833,120,80,96,44.0,360.0
BCI-IV-2b,9,official,official[0→1],0,1.0,0.1,pruned,0.3,True,inf,oplb,,0.1,0.55,120,52,84,43.0,366.0
BCI-IV-2b,9,official,official[0→1],1,1.0,0.1,pruned,0.3,True,inf,oplb,,0.0833,0.5417,120,44,84,31.0,360.0
BCI-IV-2b,9,official,official[0→1],2,1.0,0.1,pruned,0.3,True,inf,oplb,,0.05,0.525,120,96,84,41.0,444.0
BCI-IV-2b,9,official,official[0→1],3,1.0,0.1,pruned,0.3,True,inf,oplb,,0.0833,0.5417,120,56,84,40.0,360.0
BCI-IV-2b,9,official,official[0→1],42,1.0,0.1,pruned,0.3,True,inf,oplb,,-0.0167,0.4917,120,52,84,39.0,360.0
BCI-IV-2b,9,official,official[0→1],0,1.0,0.1,pruned,0.3,False,inf,oplb,,0.1333,0.5667,120,52,84,42.0,385.0
BCI-IV-2b,9,official,official[0→1],1,1.0,0.1,pruned,0.3,False,inf,oplb,,0.0833,0.5417,120,44,84,31.0,360.0
BCI-IV-2b,9,official,official[0→1],2,1.0,0.1,pruned,0.3,False,inf,oplb,,0.1,0.55,120,96,84,37.0,444.0
BCI-IV-2b,9,official,official[0→1],3,1.0,0.1,pruned,0.3,False,inf,oplb,,0.0833,0.5417,120,56,84,38.0,360.0
BCI-IV-2b,9,official,official[0→1],42,1.0,0.1,pruned,0.3,False,inf,oplb,,-0.0167,0.4917,120,52,84,38.0,360.0
BCI-IV-2b,9,official,official[0→1],0,1.0,0.5,pruned,0.2,True,inf,oplb,,0.1333,0.5667,120,18,96,28.0,393.0
BCI-IV-2b,9,official,official[0→1],1,1.0,0.5,pruned,0.2,True,inf,oplb,,0.0167,0.5083,120,34,96,37.0,375.0
BCI-IV-2b,9,official,official[0→1],2,1.0,0.5,pruned,0.2,True,inf,oplb,,0.1167,0.5583,120,68,96,40.0,419.0
BCI-IV-2b,9,official,official[0→1],3,1.0,0.5,pruned,0.2,True,inf,oplb,,0.0,0.5,120,94,96,48.0,393.0
BCI-IV-2b,9,official,official[0→1],42,1.0,0.5,pruned,0.2,True,inf,oplb,,0.0167,0.5083,120,80,96,45.0,395.0
BCI-IV-2b,9,official,official[0→1],0,1.0,0.5,pruned,0.2,False,inf,oplb,,0.1333,0.5667,120,18,96,31.0,387.0
BCI-IV-2b,9,official,official[0→1],1,1.0,0.5,pruned,0.2,False,inf,oplb,,0.0167,0.5083,120,34,96,34.0,394.0
BCI-IV-2b,9,official,official[0→1],2,1.0,0.5,pruned,0.2,False,inf,oplb,,0.1167,0.5583,120,68,96,40.0,405.0
BCI-IV-2b,9,official,official[0→1],3,1.0,0.5,pruned,0.2,False,inf,oplb,,0.0167,0.5083,120,94,96,43.0,398.0
BCI-IV-2b,9,official,official[0→1],42,1.0,0.5,pruned,0.2,False,inf,oplb,,0.0,0.5,120,80,96,44.0,379.0
BCI-IV-2b,9,official,official[0→1],0,1.0,0.5,pruned,0.3,True,inf,oplb,,0.05,0.525,120,52,84,42.0,380.0
BCI-IV-2b,9,official,official[0→1],1,1.0,0.5,pruned,0.3,True,inf,oplb,,0.0833,0.5417,120,44,84,32.0,371.0
BCI-IV-2b,9,official,official[0→1],2,1.0,0.5,pruned,0.3,True,inf,oplb,,0.05,0.525,120,96,84,40.0,434.0
BCI-IV-2b,9,official,official[0→1],3,1.0,0.5,pruned,0.3,True,inf,oplb,,-0.0167,0.4917,120,56,84,43.0,402.0
BCI-IV-2b,9,official,official[0→1],42,1.0,0.5,pruned,0.3,True,inf,oplb,,0.1833,0.5917,120,52,84,43.0,363.0
BCI-IV-2b,9,official,official[0→1],0,1.0,0.5,pruned,0.3,False,inf,oplb,,0.0167,0.5083,120,52,84,37.0,374.0
BCI-IV-2b,9,official,official[0→1],1,1.0,0.5,pruned,0.3,False,inf,oplb,,0.0833,0.5417,120,44,84,33.0,365.0
BCI-IV-2b,9,official,official[0→1],2,1.0,0.5,pruned,0.3,False,inf,oplb,,0.0333,0.5167,120,96,84,43.0,372.0
BCI-IV-2b,9,official,official[0→1],3,1.0,0.5,pruned,0.3,False,inf,oplb,,-0.0333,0.4833,120,56,84,45.0,376.0
BCI-IV-2b,9,official,official[0→1],42,1.0,0.5,pruned,0.3,False,inf,oplb,,0.0833,0.5417,120,52,84,49.0,377.0
BCI-IV-2b,9,official,official[0→1],0,1.0,1.0,pruned,0.2,True,inf,oplb,,0.1333,0.5667,120,18,96,26.0,391.0
BCI-IV-2b,9,official,official[0→1],1,1.0,1.0,pruned,0.2,True,inf,oplb,,0.0167,0.5083,120,34,96,34.0,402.0
BCI-IV-2b,9,official,official[0→1],2,1.0,1.0,pruned,0.2,True,inf,oplb,,0.0667,0.5333,120,68,96,46.0,392.0
BCI-IV-2b,9,official,official[0→1],3,1.0,1.0,pruned,0.2,True,inf,oplb,,0.0833,0.5417,120,94,96,41.0,389.0
BCI-IV-2b,9,official,official[0→1],42,1.0,1.0,pruned,0.2,True,inf,oplb,,0.15,0.575,120,80,96,40.0,396.0
BCI-IV-2b,9,official,official[0→1],0,1.0,1.0,pruned,0.2,False,inf,oplb,,0.1333,0.5667,120,18,96,30.0,405.0
BCI-IV-2b,9,official,official[0→1],1,1.0,1.0,pruned,0.2,False,inf,oplb,,0.0167,0.5083,120,34,96,33.0,397.0
BCI-IV-2b,9,official,official[0→1],2,1.0,1.0,pruned,0.2,False,inf,oplb,,-0.0833,0.4583,120,68,96,47.0,382.0
BCI-IV-2b,9,official,official[0→1],3,1.0,1.0,pruned,0.2,False,inf,oplb,,0.0833,0.5417,120,94,96,49.0,390.0
BCI-IV-2b,9,official,official[0→1],42,1.0,1.0,pruned,0.2,False,inf,oplb,,0.15,0.575,120,80,96,48.0,397.0
BCI-IV-2b,9,official,official[0→1],0,1.0,1.0,pruned,0.3,True,inf,oplb,,0.1333,0.5667,120,52,84,46.0,373.0
BCI-IV-2b,9,official,official[0→1],1,1.0,1.0,pruned,0.3,True,inf,oplb,,0.0167,0.5083,120,44,84,28.0,386.0
BCI-IV-2b,9,official,official[0→1],2,1.0,1.0,pruned,0.3,True,inf,oplb,,0.1333,0.5667,120,96,84,37.0,386.0
BCI-IV-2b,9,official,official[0→1],3,1.0,1.0,pruned,0.3,True,inf,oplb,,0.0,0.5,120,56,84,36.0,375.0
BCI-IV-2b,9,official,official[0→1],42,1.0,1.0,pruned,0.3,True,inf,oplb,,0.2167,0.6083,120,52,84,38.0,371.0
BCI-IV-2b,9,official,official[0→1],0,1.0,1.0,pruned,0.3,False,inf,oplb,,0.1167,0.5583,120,52,84,42.0,377.0
BCI-IV-2b,9,official,official[0→1],1,1.0,1.0,pruned,0.3,False,inf,oplb,,0.1333,0.5667,120,44,84,33.0,378.0
BCI-IV-2b,9,official,official[0→1],2,1.0,1.0,pruned,0.3,False,inf,oplb,,-0.0667,0.4667,120,96,84,44.0,391.0
BCI-IV-2b,9,official,official[0→1],3,1.0,1.0,pruned,0.3,False,inf,oplb,,0.0,0.5,120,56,84,41.0,381.0
BCI-IV-2b,9,official,official[0→1],42,1.0,1.0,pruned,0.3,False,inf,oplb,,0.0,0.5,120,52,84,42.0,378.0
