dataset,subject,protocol,fold_name,seed,alpha,calibration_frac,window_size,per_round_cap,n_components,include_riemann_arms,epoch_seconds,context,kappa,accuracy,n_test,n_arms_surviving,stream_rounds_run,final_regret,error
WAUC,1,within,within_fold0,0,0.5,0.3,inf,inf,4,False,4.0,workload,0.3400413507925568,0.672514619883041,171,100,477,178.0,
WAUC,1,within,within_fold0,0,0.5,0.3,25,inf,4,False,4.0,workload,0.3400413507925568,0.672514619883041,171,100,477,159.0,
WAUC,1,within,within_fold0,0,0.5,0.3,50,inf,4,False,4.0,workload,0.25492772667542707,0.631578947368421,171,100,477,157.0,
WAUC,1,within,within_fold0,0,0.5,0.3,100,inf,4,False,4.0,workload,0.18271200327734538,0.5906432748538012,171,100,477,170.0,
WAUC,1,within,within_fold0,1,0.5,0.3,inf,inf,4,False,4.0,workload,0.3227016885553471,0.6666666666666666,171,90,477,162.0,
WAUC,1,within,within_fold0,1,0.5,0.3,25,inf,4,False,4.0,workload,0.39399624765478425,0.7017543859649122,171,90,477,138.0,
WAUC,1,within,within_fold0,1,0.5,0.3,50,inf,4,False,4.0,workload,0.39399624765478425,0.7017543859649122,171,90,477,148.0,
WAUC,1,within,within_fold0,1,0.5,0.3,100,inf,4,False,4.0,workload,0.29026331904470304,0.6432748538011696,171,90,477,162.0,
WAUC,1,within,within_fold0,2,0.5,0.3,inf,inf,4,False,4.0,workload,0.19294836202109933,0.6023391812865497,171,98,477,165.0,
WAUC,1,within,within_fold0,2,0.5,0.3,25,inf,4,False,4.0,workload,0.31066917495296964,0.6491228070175439,171,98,477,170.0,
WAUC,1,within,within_fold0,2,0.5,0.3,50,inf,4,False,4.0,workload,0.3227016885553471,0.6666666666666666,171,98,477,159.0,
WAUC,1,within,within_fold0,2,0.5,0.3,100,inf,4,False,4.0,workload,0.31066917495296964,0.6491228070175439,171,98,475,151.0,
WAUC,1,within,within_fold0,3,0.5,0.3,inf,inf,4,False,4.0,workload,0.19385714285714284,0.6140350877192983,171,100,477,185.0,
WAUC,1,within,within_fold0,3,0.5,0.3,25,inf,4,False,4.0,workload,0.33720930232558144,0.6842105263157895,171,100,477,169.0,
WAUC,1,within,within_fold0,3,0.5,0.3,50,inf,4,False,4.0,workload,0.297225891677675,0.672514619883041,171,100,477,160.0,
WAUC,1,within,within_fold0,3,0.5,0.3,100,inf,4,False,4.0,workload,0.30759219088937095,0.672514619883041,171,100,477,173.0,
WAUC,1,within,within_fold0,42,0.5,0.3,inf,inf,4,False,4.0,workload,0.34519926251595523,0.6842105263157895,171,100,477,167.0,
WAUC,1,within,within_fold0,42,0.5,0.3,25,inf,4,False,4.0,workload,0.26999790048288896,0.6432748538011696,171,100,477,172.0,
WAUC,1,within,within_fold0,42,0.5,0.3,50,inf,4,False,4.0,workload,0.26999790048288896,0.6432748538011696,171,100,477,162.0,
WAUC,1,within,within_fold0,42,0.5,0.3,100,inf,4,False,4.0,workload,0.26999790048288896,0.6432748538011696,171,100,477,162.0,
WAUC,2,within,within_fold0,0,0.5,0.3,inf,inf,4,False,4.0,workload,0.7024590163934425,0.8512396694214877,121,100,337,66.0,
WAUC,2,within,within_fold0,0,0.5,0.3,25,inf,4,False,4.0,workload,0.6855423334701136,0.8429752066115702,121,100,337,38.0,
WAUC,2,within,within_fold0,0,0.5,0.3,50,inf,4,False,4.0,workload,0.7189506763219019,0.859504132231405,121,100,337,54.0,
WAUC,2,within,within_fold0,0,0.5,0.3,100,inf,4,False,4.0,workload,0.6355421686746987,0.8181818181818182,121,100,337,59.0,
WAUC,2,within,within_fold0,1,0.5,0.3,inf,inf,4,False,4.0,workload,0.42057737036530307,0.7107438016528925,121,100,337,65.0,
WAUC,2,within,within_fold0,1,0.5,0.3,25,inf,4,False,4.0,workload,0.6862290159683363,0.8429752066115702,121,100,337,29.0,
WAUC,2,within,within_fold0,1,0.5,0.3,50,inf,4,False,4.0,workload,0.7684527063969382,0.8842975206611571,121,100,337,51.0,
WAUC,2,within,within_fold0,1,0.5,0.3,100,inf,4,False,4.0,workload,0.834609075997813,0.9173553719008265,121,100,337,54.0,
WAUC,2,within,within_fold0,2,0.5,0.3,inf,inf,4,False,4.0,workload,0.8842421757550909,0.9421487603305785,121,100,337,54.0,
WAUC,2,within,within_fold0,2,0.5,0.3,25,inf,4,False,4.0,workload,0.8842421757550909,0.9421487603305785,121,100,337,34.0,
WAUC,2,within,within_fold0,2,0.5,0.3,50,inf,4,False,4.0,workload,0.8017476788640088,0.9008264462809917,121,100,337,45.0,
WAUC,2,within,within_fold0,2,0.5,0.3,100,inf,4,False,4.0,workload,0.6203792115673168,0.8099173553719008,121,100,337,54.0,
WAUC,2,within,within_fold0,3,0.5,0.3,inf,inf,4,False,4.0,workload,0.8015851325498771,0.9008264462809917,121,100,337,72.0,
WAUC,2,within,within_fold0,3,0.5,0.3,25,inf,4,False,4.0,workload,0.8512091815821834,0.9256198347107438,121,100,337,34.0,
WAUC,2,within,within_fold0,3,0.5,0.3,50,inf,4,False,4.0,workload,0.7519475194751948,0.8760330578512396,121,100,337,47.0,
WAUC,2,within,within_fold0,3,0.5,0.3,100,inf,4,False,4.0,workload,0.8015851325498771,0.9008264462809917,121,100,337,55.0,
WAUC,2,within,within_fold0,42,0.5,0.3,inf,inf,4,False,4.0,workload,0.8512498292582981,0.9256198347107438,121,100,337,62.0,
WAUC,2,within,within_fold0,42,0.5,0.3,25,inf,4,False,4.0,workload,0.8512498292582981,0.9256198347107438,121,100,337,38.0,
WAUC,2,within,within_fold0,42,0.5,0.3,50,inf,4,False,4.0,workload,0.5036915504511894,0.7520661157024794,121,100,337,47.0,
WAUC,2,within,within_fold0,42,0.5,0.3,100,inf,4,False,4.0,workload,0.45353770357191736,0.7272727272727273,121,100,337,60.0,
WAUC,3,within,within_fold0,0,0.5,0.3,inf,inf,4,False,4.0,workload,0.15535108958837784,0.6274509803921569,153,64,426,148.0,
WAUC,3,within,within_fold0,0,0.5,0.3,25,inf,4,False,4.0,workload,0.13794443365067022,0.6209150326797386,153,64,426,137.0,
WAUC,3,within,within_fold0,0,0.5,0.3,50,inf,4,False,4.0,workload,0.13794443365067022,0.6209150326797386,153,64,426,141.0,
WAUC,3,within,within_fold0,0,0.5,0.3,100,inf,4,False,4.0,workload,0.13794443365067022,0.6209150326797386,153,64,426,157.0,
WAUC,3,within,within_fold0,1,0.5,0.3,inf,inf,4,False,4.0,workload,0.23632175081589568,0.6601307189542484,153,72,426,152.0,
WAUC,3,within,within_fold0,1,0.5,0.3,25,inf,4,False,4.0,workload,0.28657470371089955,0.6862745098039216,153,72,426,140.0,
WAUC,3,within,within_fold0,1,0.5,0.3,50,inf,4,False,4.0,workload,0.28657470371089955,0.6862745098039216,153,72,426,141.0,
WAUC,3,within,within_fold0,1,0.5,0.3,100,inf,4,False,4.0,workload,0.22712259568680782,0.6601307189542484,153,72,426,157.0,
WAUC,3,within,within_fold0,2,0.5,0.3,inf,inf,4,False,4.0,workload,0.37408429264579957,0.7189542483660131,153,72,426,150.0,
WAUC,3,within,within_fold0,2,0.5,0.3,25,inf,4,False,4.0,workload,0.42029387302467425,0.7320261437908496,153,72,426,126.0,
WAUC,3,within,within_fold0,2,0.5,0.3,50,inf,4,False,4.0,workload,0.15752212389380527,0.6339869281045751,153,72,426,149.0,
WAUC,3,within,within_fold0,2,0.5,0.3,100,inf,4,False,4.0,workload,0.42029387302467425,0.7320261437908496,153,72,426,151.0,
WAUC,3,within,within_fold0,3,0.5,0.3,inf,inf,4,False,4.0,workload,0.21931260229132565,0.6535947712418301,153,76,426,138.0,
WAUC,3,within,within_fold0,3,0.5,0.3,25,inf,4,False,4.0,workload,0.21786411376521986,0.6405228758169934,153,76,426,134.0,
WAUC,3,within,within_fold0,3,0.5,0.3,50,inf,4,False,4.0,workload,0.432808155699722,0.738562091503268,153,76,426,130.0,
WAUC,3,within,within_fold0,3,0.5,0.3,100,inf,4,False,4.0,workload,0.38851194348917184,0.7189542483660131,153,76,426,147.0,
WAUC,3,within,within_fold0,42,0.5,0.3,inf,inf,4,False,4.0,workload,0.5224628771398846,0.7843137254901961,153,80,396,138.0,
WAUC,3,within,within_fold0,42,0.5,0.3,25,inf,4,False,4.0,workload,0.5224628771398846,0.7843137254901961,153,80,337,92.0,
WAUC,3,within,within_fold0,42,0.5,0.3,50,inf,4,False,4.0,workload,0.5224628771398846,0.7843137254901961,153,80,367,106.0,
WAUC,3,within,within_fold0,42,0.5,0.3,100,inf,4,False,4.0,workload,0.5224628771398846,0.7843137254901961,153,80,420,126.0,
WAUC,4,within,within_fold0,0,0.5,0.3,inf,inf,4,False,4.0,workload,0.34782608695652173,0.6739130434782609,184,94,513,182.0,
WAUC,4,within,within_fold0,0,0.5,0.3,25,inf,4,False,4.0,workload,0.2934782608695652,0.6467391304347826,184,94,513,156.0,
WAUC,4,within,within_fold0,0,0.5,0.3,50,inf,4,False,4.0,workload,0.3586956521739131,0.6793478260869565,184,94,513,176.0,
WAUC,4,within,within_fold0,0,0.5,0.3,100,inf,4,False,4.0,workload,0.2934782608695652,0.6467391304347826,184,94,513,176.0,
WAUC,4,within,within_fold0,1,0.5,0.3,inf,inf,4,False,4.0,workload,0.3586956521739131,0.6793478260869565,184,100,513,187.0,
WAUC,4,within,within_fold0,1,0.5,0.3,25,inf,4,False,4.0,workload,0.3586956521739131,0.6793478260869565,184,100,513,165.0,
WAUC,4,within,within_fold0,1,0.5,0.3,50,inf,4,False,4.0,workload,0.4782608695652174,0.7391304347826086,184,100,513,162.0,
WAUC,4,within,within_fold0,1,0.5,0.3,100,inf,4,False,4.0,workload,0.32608695652173914,0.6630434782608695,184,100,513,170.0,
WAUC,4,within,within_fold0,2,0.5,0.3,inf,inf,4,False,4.0,workload,0.42391304347826086,0.7119565217391305,184,98,494,175.0,
WAUC,4,within,within_fold0,2,0.5,0.3,25,inf,4,False,4.0,workload,0.42391304347826086,0.7119565217391305,184,98,513,161.0,
WAUC,4,within,within_fold0,2,0.5,0.3,50,inf,4,False,4.0,workload,0.18478260869565222,0.592391304347826,184,98,513,176.0,
WAUC,4,within,within_fold0,2,0.5,0.3,100,inf,4,False,4.0,workload,0.42391304347826086,0.7119565217391305,184,98,500,153.0,
WAUC,4,within,within_fold0,3,0.5,0.3,inf,inf,4,False,4.0,workload,0.40217391304347827,0.7010869565217391,184,100,470,170.0,
WAUC,4,within,within_fold0,3,0.5,0.3,25,inf,4,False,4.0,workload,0.44565217391304346,0.7228260869565217,184,100,513,167.0,
WAUC,4,within,within_fold0,3,0.5,0.3,50,inf,4,False,4.0,workload,0.3152173913043478,0.657608695652174,184,100,513,159.0,
WAUC,4,within,within_fold0,3,0.5,0.3,100,inf,4,False,4.0,workload,0.44565217391304346,0.7228260869565217,184,100,513,176.0,
WAUC,4,within,within_fold0,42,0.5,0.3,inf,inf,4,False,4.0,workload,0.5652173913043479,0.782608695652174,184,96,466,174.0,
WAUC,4,within,within_fold0,42,0.5,0.3,25,inf,4,False,4.0,workload,0.26086956521739135,0.6304347826086957,184,96,513,153.0,
WAUC,4,within,within_fold0,42,0.5,0.3,50,inf,4,False,4.0,workload,0.5652173913043479,0.782608695652174,184,96,513,156.0,
WAUC,4,within,within_fold0,42,0.5,0.3,100,inf,4,False,4.0,workload,0.5652173913043479,0.782608695652174,184,96,498,151.0,
WAUC,5,within,within_fold0,0,0.5,0.3,inf,inf,4,False,4.0,workload,0.6467456637472093,0.8235294117647058,187,100,521,116.0,
WAUC,5,within,within_fold0,0,0.5,0.3,25,inf,4,False,4.0,workload,0.5716903344021989,0.786096256684492,187,100,521,98.0,
WAUC,5,within,within_fold0,0,0.5,0.3,50,inf,4,False,4.0,workload,0.475230513716282,0.7379679144385026,187,100,521,102.0,
WAUC,5,within,within_fold0,0,0.5,0.3,100,inf,4,False,4.0,workload,0.5289672544080604,0.7647058823529411,187,100,521,110.0,
WAUC,5,within,within_fold0,1,0.5,0.3,inf,inf,4,False,4.0,workload,0.6046059774844277,0.8021390374331551,187,100,521,100.0,
WAUC,5,within,within_fold0,1,0.5,0.3,25,inf,4,False,4.0,workload,0.6046059774844277,0.8021390374331551,187,100,521,118.0,
WAUC,5,within,within_fold0,1,0.5,0.3,50,inf,4,False,4.0,workload,0.6044703595724004,0.8021390374331551,187,100,521,112.0,
WAUC,5,within,within_fold0,1,0.5,0.3,100,inf,4,False,4.0,workload,0.5085133127642555,0.7540106951871658,187,100,521,119.0,
WAUC,5,within,within_fold0,2,0.5,0.3,inf,inf,4,False,4.0,workload,0.5396461899582069,0.7700534759358288,187,100,521,127.0,
WAUC,5,within,within_fold0,2,0.5,0.3,25,inf,4,False,4.0,workload,0.5717393793656247,0.786096256684492,187,100,521,99.0,
WAUC,5,within,within_fold0,2,0.5,0.3,50,inf,4,False,4.0,workload,0.6040176271962456,0.8021390374331551,187,100,521,107.0,
WAUC,5,within,within_fold0,2,0.5,0.3,100,inf,4,False,4.0,workload,0.6040176271962456,0.8021390374331551,187,100,521,119.0,
WAUC,5,within,within_fold0,3,0.5,0.3,inf,inf,4,False,4.0,workload,0.5290211791642816,0.7647058823529411,187,100,521,119.0,
WAUC,5,within,within_fold0,3,0.5,0.3,25,inf,4,False,4.0,workload,0.48614609571788414,0.7433155080213903,187,100,521,101.0,
WAUC,5,within,within_fold0,3,0.5,0.3,50,inf,4,False,4.0,workload,0.4540614803365963,0.7272727272727273,187,100,521,110.0,
WAUC,5,within,within_fold0,3,0.5,0.3,100,inf,4,False,4.0,workload,0.5288054060245104,0.7647058823529411,187,100,521,113.0,
WAUC,5,within,within_fold0,42,0.5,0.3,inf,inf,4,False,4.0,workload,0.5290750915750916,0.7647058823529411,187,100,521,114.0,
WAUC,5,within,within_fold0,42,0.5,0.3,25,inf,4,False,4.0,workload,0.4864400961208376,0.7433155080213903,187,100,521,138.0,
WAUC,5,within,within_fold0,42,0.5,0.3,50,inf,4,False,4.0,workload,0.3158015092613766,0.6577540106951871,187,100,521,133.0,
WAUC,5,within,within_fold0,42,0.5,0.3,100,inf,4,False,4.0,workload,0.5405930411929383,0.7700534759358288,187,100,521,125.0,
WAUC,6,within,within_fold0,0,0.5,0.3,inf,inf,4,False,4.0,workload,0.4285131433234248,0.7135135135135136,185,100,491,141.0,
WAUC,6,within,within_fold0,0,0.5,0.3,25,inf,4,False,4.0,workload,0.4285131433234248,0.7135135135135136,185,100,427,111.0,
WAUC,6,within,within_fold0,0,0.5,0.3,50,inf,4,False,4.0,workload,0.4285131433234248,0.7135135135135136,185,100,450,118.0,
WAUC,6,within,within_fold0,0,0.5,0.3,100,inf,4,False,4.0,workload,0.4285131433234248,0.7135135135135136,185,100,509,146.0,
WAUC,6,within,within_fold0,1,0.5,0.3,inf,inf,4,False,4.0,workload,0.5343323772171165,0.7675675675675676,185,100,515,159.0,
WAUC,6,within,within_fold0,1,0.5,0.3,25,inf,4,False,4.0,workload,0.5560433128475271,0.7783783783783784,185,100,515,124.0,
WAUC,6,within,within_fold0,1,0.5,0.3,50,inf,4,False,4.0,workload,0.5670995670995671,0.7837837837837838,185,100,515,131.0,
WAUC,6,within,within_fold0,1,0.5,0.3,100,inf,4,False,4.0,workload,0.61048075798339,0.8054054054054054,185,100,515,123.0,
WAUC,6,within,within_fold0,2,0.5,0.3,inf,inf,4,False,4.0,workload,0.5357997315749548,0.7675675675675676,185,100,507,135.0,
WAUC,6,within,within_fold0,2,0.5,0.3,25,inf,4,False,4.0,workload,0.43860877684407096,0.7189189189189189,185,100,515,111.0,
WAUC,6,within,within_fold0,2,0.5,0.3,50,inf,4,False,4.0,workload,0.43860877684407096,0.7189189189189189,185,100,515,120.0,
WAUC,6,within,within_fold0,2,0.5,0.3,100,inf,4,False,4.0,workload,0.3199719936985822,0.6594594594594595,185,100,515,143.0,
WAUC,6,within,within_fold0,3,0.5,0.3,inf,inf,4,False,4.0,workload,0.48094458732756606,0.7405405405405405,185,100,515,170.0,
WAUC,6,within,within_fold0,3,0.5,0.3,25,inf,4,False,4.0,workload,0.5136414091254309,0.7567567567567568,185,100,515,119.0,
WAUC,6,within,within_fold0,3,0.5,0.3,50,inf,4,False,4.0,workload,0.3396336824858096,0.6702702702702703,185,100,515,127.0,
WAUC,6,within,within_fold0,3,0.5,0.3,100,inf,4,False,4.0,workload,0.3078452005144394,0.654054054054054,185,100,515,128.0,
WAUC,6,within,within_fold0,42,0.5,0.3,inf,inf,4,False,4.0,workload,0.5572354211663066,0.7783783783783784,185,100,515,136.0,
WAUC,6,within,within_fold0,42,0.5,0.3,25,inf,4,False,4.0,workload,0.513925380977404,0.7567567567567568,185,100,515,125.0,
WAUC,6,within,within_fold0,42,0.5,0.3,50,inf,4,False,4.0,workload,0.5461978740801309,0.772972972972973,185,100,515,130.0,
WAUC,6,within,within_fold0,42,0.5,0.3,100,inf,4,False,4.0,workload,0.49214415045850124,0.745945945945946,185,100,515,129.0,
WAUC,7,within,within_fold0,0,0.5,0.3,inf,inf,4,False,4.0,workload,0.40583941605839413,0.7027027027027027,185,100,517,161.0,
WAUC,7,within,within_fold0,0,0.5,0.3,25,inf,4,False,4.0,workload,0.40583941605839413,0.7027027027027027,185,100,464,150.0,
WAUC,7,within,within_fold0,0,0.5,0.3,50,inf,4,False,4.0,workload,0.40583941605839413,0.7027027027027027,185,100,517,154.0,
WAUC,7,within,within_fold0,0,0.5,0.3,100,inf,4,False,4.0,workload,0.3721474546518432,0.6864864864864865,185,100,517,145.0,
WAUC,7,within,within_fold0,1,0.5,0.3,inf,inf,4,False,4.0,workload,0.41338813857897827,0.7081081081081081,185,100,517,179.0,
WAUC,7,within,within_fold0,1,0.5,0.3,25,inf,4,False,4.0,workload,0.4126984126984127,0.7081081081081081,185,100,517,167.0,
WAUC,7,within,within_fold0,1,0.5,0.3,50,inf,4,False,4.0,workload,0.3877068557919622,0.6972972972972973,185,100,517,173.0,
WAUC,7,within,within_fold0,1,0.5,0.3,100,inf,4,False,4.0,workload,0.33441462695370094,0.6702702702702703,185,100,517,181.0,
WAUC,7,within,within_fold0,2,0.5,0.3,inf,inf,4,False,4.0,workload,0.38170624450307833,0.6918918918918919,185,100,503,171.0,
WAUC,7,within,within_fold0,2,0.5,0.3,25,inf,4,False,4.0,workload,0.38170624450307833,0.6918918918918919,185,100,458,141.0,
WAUC,7,within,within_fold0,2,0.5,0.3,50,inf,4,False,4.0,workload,0.38170624450307833,0.6918918918918919,185,100,464,164.0,
WAUC,7,within,within_fold0,2,0.5,0.3,100,inf,4,False,4.0,workload,0.38170624450307833,0.6918918918918919,185,100,506,162.0,
WAUC,7,within,within_fold0,3,0.5,0.3,inf,inf,4,False,4.0,workload,0.4354460093896714,0.7189189189189189,185,100,517,182.0,
WAUC,7,within,within_fold0,3,0.5,0.3,25,inf,4,False,4.0,workload,0.3607613469985358,0.6810810810810811,185,100,517,179.0,
WAUC,7,within,within_fold0,3,0.5,0.3,50,inf,4,False,4.0,workload,0.3035294117647058,0.654054054054054,185,100,517,187.0,
WAUC,7,within,within_fold0,3,0.5,0.3,100,inf,4,False,4.0,workload,0.2867990654205608,0.6432432432432432,185,100,517,189.0,
WAUC,7,within,within_fold0,42,0.5,0.3,inf,inf,4,False,4.0,workload,0.37324766355140193,0.6864864864864865,185,100,453,150.0,
WAUC,7,within,within_fold0,42,0.5,0.3,25,inf,4,False,4.0,workload,0.3644832605531295,0.6810810810810811,185,100,517,167.0,
WAUC,7,within,within_fold0,42,0.5,0.3,50,inf,4,False,4.0,workload,0.3644832605531295,0.6810810810810811,185,100,517,172.0,
WAUC,7,within,within_fold0,42,0.5,0.3,100,inf,4,False,4.0,workload,0.42944428280477154,0.7135135135135136,185,100,517,177.0,
WAUC,8,within,within_fold0,0,0.5,0.3,inf,inf,4,False,4.0,workload,0.46739130434782605,0.7336956521739131,184,100,512,169.0,
WAUC,8,within,within_fold0,0,0.5,0.3,25,inf,4,False,4.0,workload,0.34782608695652173,0.6739130434782609,184,100,512,190.0,
WAUC,8,within,within_fold0,0,0.5,0.3,50,inf,4,False,4.0,workload,0.32608695652173914,0.6630434782608695,184,100,512,189.0,
WAUC,8,within,within_fold0,0,0.5,0.3,100,inf,4,False,4.0,workload,0.40217391304347827,0.7010869565217391,184,100,512,186.0,
WAUC,8,within,within_fold0,1,0.5,0.3,inf,inf,4,False,4.0,workload,0.6413043478260869,0.8206521739130435,184,100,512,163.0,
WAUC,8,within,within_fold0,1,0.5,0.3,25,inf,4,False,4.0,workload,0.25,0.625,184,100,512,171.0,
WAUC,8,within,within_fold0,1,0.5,0.3,50,inf,4,False,4.0,workload,0.25,0.625,184,100,512,173.0,
WAUC,8,within,within_fold0,1,0.5,0.3,100,inf,4,False,4.0,workload,0.5,0.75,184,100,512,168.0,
WAUC,8,within,within_fold0,2,0.5,0.3,inf,inf,4,False,4.0,workload,0.32608695652173914,0.6630434782608695,184,100,512,167.0,
WAUC,8,within,within_fold0,2,0.5,0.3,25,inf,4,False,4.0,workload,0.44565217391304346,0.7228260869565217,184,100,512,154.0,
WAUC,8,within,within_fold0,2,0.5,0.3,50,inf,4,False,4.0,workload,0.34782608695652173,0.6739130434782609,184,100,512,162.0,
WAUC,8,within,within_fold0,2,0.5,0.3,100,inf,4,False,4.0,workload,0.48913043478260865,0.7445652173913043,184,100,512,163.0,
WAUC,8,within,within_fold0,3,0.5,0.3,inf,inf,4,False,4.0,workload,0.4347826086956522,0.717391304347826,184,100,477,189.0,
WAUC,8,within,within_fold0,3,0.5,0.3,25,inf,4,False,4.0,workload,0.4347826086956522,0.717391304347826,184,100,512,154.0,
WAUC,8,within,within_fold0,3,0.5,0.3,50,inf,4,False,4.0,workload,0.4347826086956522,0.717391304347826,184,100,466,145.0,
WAUC,8,within,within_fold0,3,0.5,0.3,100,inf,4,False,4.0,workload,0.4347826086956522,0.717391304347826,184,100,505,171.0,
WAUC,8,within,within_fold0,42,0.5,0.3,inf,inf,4,False,4.0,workload,0.32608695652173914,0.6630434782608695,184,100,501,178.0,
WAUC,8,within,within_fold0,42,0.5,0.3,25,inf,4,False,4.0,workload,0.23913043478260865,0.6195652173913043,184,100,512,144.0,
WAUC,8,within,within_fold0,42,0.5,0.3,50,inf,4,False,4.0,workload,0.32608695652173914,0.6630434782608695,184,100,512,164.0,
WAUC,8,within,within_fold0,42,0.5,0.3,100,inf,4,False,4.0,workload,0.32608695652173914,0.6630434782608695,184,100,512,157.0,
WAUC,9,within,within_fold0,0,0.5,0.3,inf,inf,4,False,4.0,workload,0.47060432048126877,0.7355371900826446,121,100,339,85.0,
WAUC,9,within,within_fold0,0,0.5,0.3,25,inf,4,False,4.0,workload,0.48777823296463196,0.743801652892562,121,100,339,72.0,
WAUC,9,within,within_fold0,0,0.5,0.3,50,inf,4,False,4.0,workload,0.6028446389496718,0.8016528925619835,121,100,339,84.0,
WAUC,9,within,within_fold0,0,0.5,0.3,100,inf,4,False,4.0,workload,0.6028446389496718,0.8016528925619835,121,100,339,82.0,
WAUC,9,within,within_fold0,1,0.5,0.3,inf,inf,4,False,4.0,workload,0.48623476236132046,0.743801652892562,121,100,308,73.0,
WAUC,9,within,within_fold0,1,0.5,0.3,25,inf,4,False,4.0,workload,0.48623476236132046,0.743801652892562,121,100,259,56.0,
WAUC,9,within,within_fold0,1,0.5,0.3,50,inf,4,False,4.0,workload,0.48623476236132046,0.743801652892562,121,100,280,61.0,
WAUC,9,within,within_fold0,1,0.5,0.3,100,inf,4,False,4.0,workload,0.48623476236132046,0.743801652892562,121,100,289,70.0,
WAUC,9,within,within_fold0,2,0.5,0.3,inf,inf,4,False,4.0,workload,0.552527051088892,0.7768595041322314,121,100,339,85.0,
WAUC,9,within,within_fold0,2,0.5,0.3,25,inf,4,False,4.0,workload,0.6026272577996716,0.8016528925619835,121,100,339,83.0,
WAUC,9,within,within_fold0,2,0.5,0.3,50,inf,4,False,4.0,workload,0.5034199726402189,0.7520661157024794,121,100,339,84.0,
WAUC,9,within,within_fold0,2,0.5,0.3,100,inf,4,False,4.0,workload,0.4523384995199562,0.7272727272727273,121,100,339,78.0,
WAUC,9,within,within_fold0,3,0.5,0.3,inf,inf,4,False,4.0,workload,0.5042338158972959,0.7520661157024794,121,100,339,87.0,
WAUC,9,within,within_fold0,3,0.5,0.3,25,inf,4,False,4.0,workload,0.5042338158972959,0.7520661157024794,121,100,339,81.0,
WAUC,9,within,within_fold0,3,0.5,0.3,50,inf,4,False,4.0,workload,0.5699835975943138,0.7851239669421488,121,100,339,74.0,
WAUC,9,within,within_fold0,3,0.5,0.3,100,inf,4,False,4.0,workload,0.5045045045045045,0.7520661157024794,121,100,339,85.0,
WAUC,9,within,within_fold0,42,0.5,0.3,inf,inf,4,False,4.0,workload,0.6192365576686277,0.8099173553719008,121,100,339,95.0,
WAUC,9,within,within_fold0,42,0.5,0.3,25,inf,4,False,4.0,workload,0.569159134483703,0.7851239669421488,121,100,339,92.0,
WAUC,9,within,within_fold0,42,0.5,0.3,50,inf,4,False,4.0,workload,0.5688048245614035,0.7851239669421488,121,100,339,101.0,
WAUC,9,within,within_fold0,42,0.5,0.3,100,inf,4,False,4.0,workload,0.5688048245614035,0.7851239669421488,121,100,339,87.0,
WAUC,10,within,within_fold0,0,0.5,0.3,inf,inf,4,False,4.0,workload,0.4810052600818234,0.7405405405405405,185,100,516,118.0,
WAUC,10,within,within_fold0,0,0.5,0.3,25,inf,4,False,4.0,workload,0.5893691588785047,0.7945945945945946,185,100,516,101.0,
WAUC,10,within,within_fold0,0,0.5,0.3,50,inf,4,False,4.0,workload,0.5568215016067777,0.7783783783783784,185,100,516,96.0,
WAUC,10,within,within_fold0,0,0.5,0.3,100,inf,4,False,4.0,workload,0.5241435753536771,0.7621621621621621,185,100,516,110.0,
WAUC,10,within,within_fold0,1,0.5,0.3,inf,inf,4,False,4.0,workload,0.5137550376730331,0.7567567567567568,185,100,516,151.0,
WAUC,10,within,within_fold0,1,0.5,0.3,25,inf,4,False,4.0,workload,0.5464627597478403,0.772972972972973,185,100,516,113.0,
WAUC,10,within,within_fold0,1,0.5,0.3,50,inf,4,False,4.0,workload,0.5244771585465591,0.7621621621621621,185,100,516,119.0,
WAUC,10,within,within_fold0,1,0.5,0.3,100,inf,4,False,4.0,workload,0.5137550376730331,0.7567567567567568,185,100,516,138.0,
WAUC,10,within,within_fold0,2,0.5,0.3,inf,inf,4,False,4.0,workload,0.45919083255378856,0.7297297297297297,185,100,516,124.0,
WAUC,10,within,within_fold0,2,0.5,0.3,25,inf,4,False,4.0,workload,0.7405329593267882,0.8702702702702703,185,100,516,122.0,
WAUC,10,within,within_fold0,2,0.5,0.3,50,inf,4,False,4.0,workload,0.6540843753651981,0.827027027027027,185,100,516,119.0,
WAUC,10,within,within_fold0,2,0.5,0.3,100,inf,4,False,4.0,workload,0.6216326769122889,0.8108108108108109,185,100,516,124.0,
WAUC,10,within,within_fold0,3,0.5,0.3,inf,inf,4,False,4.0,workload,0.38401775804661487,0.6918918918918919,185,100,516,136.0,
WAUC,10,within,within_fold0,3,0.5,0.3,25,inf,4,False,4.0,workload,0.4599486221391873,0.7297297297297297,185,100,516,113.0,
WAUC,10,within,within_fold0,3,0.5,0.3,50,inf,4,False,4.0,workload,0.513868613138686,0.7567567567567568,185,100,516,123.0,
WAUC,10,within,within_fold0,3,0.5,0.3,100,inf,4,False,4.0,workload,0.47059510599778076,0.7351351351351352,185,100,516,122.0,
WAUC,10,within,within_fold0,42,0.5,0.3,inf,inf,4,False,4.0,workload,0.33135128832925265,0.6648648648648648,185,100,516,149.0,
WAUC,10,within,within_fold0,42,0.5,0.3,25,inf,4,False,4.0,workload,0.4602007469654529,0.7297297297297297,185,100,516,109.0,
WAUC,10,within,within_fold0,42,0.5,0.3,50,inf,4,False,4.0,workload,0.5682613768961493,0.7837837837837838,185,100,516,134.0,
WAUC,10,within,within_fold0,42,0.5,0.3,100,inf,4,False,4.0,workload,0.46026374139339477,0.7297297297297297,185,100,516,123.0,
WAUC,11,within,within_fold0,0,0.5,0.3,inf,inf,4,False,4.0,workload,0.9839969274100627,0.992,125,100,347,42.0,
WAUC,11,within,within_fold0,0,0.5,0.3,25,inf,4,False,4.0,workload,0.967989756722151,0.984,125,100,347,13.0,
WAUC,11,within,within_fold0,0,0.5,0.3,50,inf,4,False,4.0,workload,0.967989756722151,0.984,125,100,347,19.0,
WAUC,11,within,within_fold0,0,0.5,0.3,100,inf,4,False,4.0,workload,1.0,1.0,125,100,338,30.0,
WAUC,11,within,within_fold0,1,0.5,0.3,inf,inf,4,False,4.0,workload,0.9039200614911607,0.952,125,100,345,42.0,
WAUC,11,within,within_fold0,1,0.5,0.3,25,inf,4,False,4.0,workload,0.9519784863618901,0.976,125,100,347,15.0,
WAUC,11,within,within_fold0,1,0.5,0.3,50,inf,4,False,4.0,workload,0.84007164790174,0.92,125,100,347,27.0,
WAUC,11,within,within_fold0,1,0.5,0.3,100,inf,4,False,4.0,workload,0.712128966223132,0.856,125,100,347,40.0,
WAUC,11,within,within_fold0,2,0.5,0.3,inf,inf,4,False,4.0,workload,0.936028659160696,0.968,125,100,347,44.0,
WAUC,11,within,within_fold0,2,0.5,0.3,25,inf,4,False,4.0,workload,1.0,1.0,125,100,347,9.0,
WAUC,11,within,within_fold0,2,0.5,0.3,50,inf,4,False,4.0,workload,0.936028659160696,0.968,125,100,347,24.0,
WAUC,11,within,within_fold0,2,0.5,0.3,100,inf,4,False,4.0,workload,0.9839969274100627,0.992,125,100,347,43.0,
WAUC,11,within,within_fold0,3,0.5,0.3,inf,inf,4,False,4.0,workload,1.0,1.0,125,100,334,37.0,
WAUC,11,within,within_fold0,3,0.5,0.3,25,inf,4,False,4.0,workload,0.9839969274100627,0.992,125,100,347,10.0,
WAUC,11,within,within_fold0,3,0.5,0.3,50,inf,4,False,4.0,workload,0.696408027610891,0.848,125,100,347,23.0,
WAUC,11,within,within_fold0,3,0.5,0.3,100,inf,4,False,4.0,workload,0.9839969274100627,0.992,125,100,347,39.0,
WAUC,11,within,within_fold0,42,0.5,0.3,inf,inf,4,False,4.0,workload,1.0,1.0,125,100,343,37.0,
WAUC,11,within,within_fold0,42,0.5,0.3,25,inf,4,False,4.0,workload,0.9200255918106206,0.96,125,100,347,12.0,
WAUC,11,within,within_fold0,42,0.5,0.3,50,inf,4,False,4.0,workload,0.967989756722151,0.984,125,100,347,21.0,
WAUC,11,within,within_fold0,42,0.5,0.3,100,inf,4,False,4.0,workload,0.9039446721311475,0.952,125,100,347,34.0,
WAUC,12,within,within_fold0,0,0.5,0.3,inf,inf,4,False,4.0,workload,0.31254331254331247,0.6559139784946236,186,100,520,140.0,
WAUC,12,within,within_fold0,0,0.5,0.3,25,inf,4,False,4.0,workload,0.45275181723779856,0.7258064516129032,186,100,520,148.0,
WAUC,12,within,within_fold0,0,0.5,0.3,50,inf,4,False,4.0,workload,0.4844074844074844,0.7419354838709677,186,100,520,127.0,
WAUC,12,within,within_fold0,0,0.5,0.3,100,inf,4,False,4.0,workload,0.43115983843046735,0.7150537634408602,186,100,520,145.0,
WAUC,12,within,within_fold0,1,0.5,0.3,inf,inf,4,False,4.0,workload,0.526827012025902,0.7634408602150538,186,100,520,140.0,
WAUC,12,within,within_fold0,1,0.5,0.3,25,inf,4,False,4.0,workload,0.505090236001851,0.7526881720430108,186,100,520,127.0,
WAUC,12,within,within_fold0,1,0.5,0.3,50,inf,4,False,4.0,workload,0.5045170257123002,0.7526881720430108,186,100,520,130.0,
WAUC,12,within,within_fold0,1,0.5,0.3,100,inf,4,False,4.0,workload,0.45123221103783406,0.7258064516129032,186,100,520,128.0,
WAUC,12,within,within_fold0,2,0.5,0.3,inf,inf,4,False,4.0,workload,0.5482303955586398,0.7741935483870968,186,100,446,126.0,
WAUC,12,within,within_fold0,2,0.5,0.3,25,inf,4,False,4.0,workload,0.5482303955586398,0.7741935483870968,186,100,475,132.0,
WAUC,12,within,within_fold0,2,0.5,0.3,50,inf,4,False,4.0,workload,0.5482303955586398,0.7741935483870968,186,100,467,135.0,
WAUC,12,within,within_fold0,2,0.5,0.3,100,inf,4,False,4.0,workload,0.5482303955586398,0.7741935483870968,186,100,439,121.0,
WAUC,12,within,within_fold0,3,0.5,0.3,inf,inf,4,False,4.0,workload,0.5376344086021505,0.7688172043010753,186,100,479,129.0,
WAUC,12,within,within_fold0,3,0.5,0.3,25,inf,4,False,4.0,workload,0.46304849884526567,0.7311827956989247,186,100,520,123.0,
WAUC,12,within,within_fold0,3,0.5,0.3,50,inf,4,False,4.0,workload,0.46304849884526567,0.7311827956989247,186,100,520,111.0,
WAUC,12,within,within_fold0,3,0.5,0.3,100,inf,4,False,4.0,workload,0.35386753126447423,0.6774193548387096,186,100,520,126.0,
WAUC,12,within,within_fold0,42,0.5,0.3,inf,inf,4,False,4.0,workload,0.6774566473988439,0.8387096774193549,186,100,520,152.0,
WAUC,12,within,within_fold0,42,0.5,0.3,25,inf,4,False,4.0,workload,0.3627917779584253,0.6827956989247311,186,100,520,133.0,
WAUC,12,within,within_fold0,42,0.5,0.3,50,inf,4,False,4.0,workload,0.31095160916878906,0.6559139784946236,186,100,520,135.0,
WAUC,12,within,within_fold0,42,0.5,0.3,100,inf,4,False,4.0,workload,0.3627917779584253,0.6827956989247311,186,100,520,145.0,
WAUC,13,within,within_fold0,0,0.5,0.3,inf,inf,4,False,4.0,workload,0.32942057942057945,0.664804469273743,179,100,473,145.0,
WAUC,13,within,within_fold0,0,0.5,0.3,25,inf,4,False,4.0,workload,0.35080040020010006,0.6759776536312849,179,100,499,141.0,
WAUC,13,within,within_fold0,0,0.5,0.3,50,inf,4,False,4.0,workload,0.4294731579276295,0.7150837988826816,179,100,499,145.0,
WAUC,13,within,within_fold0,0,0.5,0.3,100,inf,4,False,4.0,workload,0.4294731579276295,0.7150837988826816,179,100,499,149.0,
WAUC,13,within,within_fold0,1,0.5,0.3,inf,inf,4,False,4.0,workload,0.30177697975357565,0.6480446927374302,179,100,499,182.0,
WAUC,13,within,within_fold0,1,0.5,0.3,25,inf,4,False,4.0,workload,0.24510047134706026,0.6201117318435754,179,100,499,177.0,
WAUC,13,within,within_fold0,1,0.5,0.3,50,inf,4,False,4.0,workload,0.24510047134706026,0.6201117318435754,179,100,477,162.0,
WAUC,13,within,within_fold0,1,0.5,0.3,100,inf,4,False,4.0,workload,0.3678046966974411,0.6815642458100558,179,100,499,186.0,
WAUC,13,within,within_fold0,2,0.5,0.3,inf,inf,4,False,4.0,workload,0.4530772588389349,0.7262569832402235,179,100,466,142.0,
WAUC,13,within,within_fold0,2,0.5,0.3,25,inf,4,False,4.0,workload,0.4530772588389349,0.7262569832402235,179,100,499,143.0,
WAUC,13,within,within_fold0,2,0.5,0.3,50,inf,4,False,4.0,workload,0.4530772588389349,0.7262569832402235,179,100,499,128.0,
WAUC,13,within,within_fold0,2,0.5,0.3,100,inf,4,False,4.0,workload,0.3842641816248671,0.6927374301675978,179,100,499,148.0,
WAUC,13,within,within_fold0,3,0.5,0.3,inf,inf,4,False,4.0,workload,0.34244443060830576,0.6703910614525139,179,100,499,179.0,
WAUC,13,within,within_fold0,3,0.5,0.3,25,inf,4,False,4.0,workload,0.2887122811374644,0.6424581005586593,179,100,499,163.0,
WAUC,13,within,within_fold0,3,0.5,0.3,50,inf,4,False,4.0,workload,0.2887122811374644,0.6424581005586593,179,100,499,183.0,
WAUC,13,within,within_fold0,3,0.5,0.3,100,inf,4,False,4.0,workload,0.34244443060830576,0.6703910614525139,179,100,499,182.0,
WAUC,13,within,within_fold0,42,0.5,0.3,inf,inf,4,False,4.0,workload,0.453281805148663,0.7262569832402235,179,100,499,152.0,
WAUC,13,within,within_fold0,42,0.5,0.3,25,inf,4,False,4.0,workload,0.4730347635452553,0.7374301675977654,179,100,499,151.0,
WAUC,13,within,within_fold0,42,0.5,0.3,50,inf,4,False,4.0,workload,0.4416021961567258,0.7206703910614525,179,100,499,147.0,
WAUC,13,within,within_fold0,42,0.5,0.3,100,inf,4,False,4.0,workload,0.4730347635452553,0.7374301675977654,179,100,499,153.0,
WAUC,14,within,within_fold0,0,0.5,0.3,inf,inf,4,False,4.0,workload,0.6350454657163922,0.8166666666666667,180,100,503,110.0,
WAUC,14,within,within_fold0,0,0.5,0.3,25,inf,4,False,4.0,workload,0.6350454657163922,0.8166666666666667,180,100,503,81.0,
WAUC,14,within,within_fold0,0,0.5,0.3,50,inf,4,False,4.0,workload,0.6786505786752031,0.8388888888888889,180,100,503,87.0,
WAUC,14,within,within_fold0,0,0.5,0.3,100,inf,4,False,4.0,workload,0.734251968503937,0.8666666666666667,180,100,503,104.0,
WAUC,14,within,within_fold0,1,0.5,0.3,inf,inf,4,False,4.0,workload,0.6650124069478909,0.8333333333333334,180,100,503,114.0,
WAUC,14,within,within_fold0,1,0.5,0.3,25,inf,4,False,4.0,workload,0.6881188118811881,0.8444444444444444,180,100,503,94.0,
WAUC,14,within,within_fold0,1,0.5,0.3,50,inf,4,False,4.0,workload,0.6656760772659733,0.8333333333333334,180,100,503,90.0,
WAUC,14,within,within_fold0,1,0.5,0.3,100,inf,4,False,4.0,workload,0.554013875123885,0.7777777777777778,180,100,503,93.0,
WAUC,14,within,within_fold0,2,0.5,0.3,inf,inf,4,False,4.0,workload,0.6674876847290641,0.8333333333333334,180,100,503,89.0,
WAUC,14,within,within_fold0,2,0.5,0.3,25,inf,4,False,4.0,workload,0.533102766798419,0.7666666666666667,180,100,503,88.0,
WAUC,14,within,within_fold0,2,0.5,0.3,50,inf,4,False,4.0,workload,0.5456784043339079,0.7722222222222223,180,100,503,90.0,
WAUC,14,within,within_fold0,2,0.5,0.3,100,inf,4,False,4.0,workload,0.5996045477014336,0.8,180,100,503,87.0,
WAUC,14,within,within_fold0,3,0.5,0.3,inf,inf,4,False,4.0,workload,0.5228113440197287,0.7611111111111111,180,100,503,105.0,
WAUC,14,within,within_fold0,3,0.5,0.3,25,inf,4,False,4.0,workload,0.6781750924784218,0.8388888888888889,180,100,503,93.0,
WAUC,14,within,within_fold0,3,0.5,0.3,50,inf,4,False,4.0,workload,0.6005917159763314,0.8,180,100,503,103.0,
WAUC,14,within,within_fold0,3,0.5,0.3,100,inf,4,False,4.0,workload,0.6781750924784218,0.8388888888888889,180,100,503,88.0,
WAUC,14,within,within_fold0,42,0.5,0.3,inf,inf,4,False,4.0,workload,0.4575645756457565,0.7277777777777777,180,100,503,99.0,
WAUC,14,within,within_fold0,42,0.5,0.3,25,inf,4,False,4.0,workload,0.7890451517394522,0.8944444444444445,180,100,503,72.0,
WAUC,14,within,within_fold0,42,0.5,0.3,50,inf,4,False,4.0,workload,0.7890451517394522,0.8944444444444445,180,100,503,91.0,
WAUC,14,within,within_fold0,42,0.5,0.3,100,inf,4,False,4.0,workload,0.5456784043339079,0.7722222222222223,180,100,503,78.0,
WAUC,15,within,within_fold0,0,0.5,0.3,inf,inf,4,False,4.0,workload,0.48629277907185087,0.7431693989071039,183,100,437,129.0,
WAUC,15,within,within_fold0,0,0.5,0.3,25,inf,4,False,4.0,workload,0.48629277907185087,0.7431693989071039,183,100,378,108.0,
WAUC,15,within,within_fold0,0,0.5,0.3,50,inf,4,False,4.0,workload,0.48629277907185087,0.7431693989071039,183,100,406,106.0,
WAUC,15,within,within_fold0,0,0.5,0.3,100,inf,4,False,4.0,workload,0.48629277907185087,0.7431693989071039,183,100,411,104.0,
WAUC,15,within,within_fold0,1,0.5,0.3,inf,inf,4,False,4.0,workload,0.5075644322190994,0.7540983606557377,183,78,510,152.0,
WAUC,15,within,within_fold0,1,0.5,0.3,25,inf,4,False,4.0,workload,0.5074466176206711,0.7540983606557377,183,78,510,147.0,
WAUC,15,within,within_fold0,1,0.5,0.3,50,inf,4,False,4.0,workload,0.5074466176206711,0.7540983606557377,183,78,510,133.0,
WAUC,15,within,within_fold0,1,0.5,0.3,100,inf,4,False,4.0,workload,0.46411283093288713,0.73224043715847,183,78,510,144.0,
WAUC,15,within,within_fold0,2,0.5,0.3,inf,inf,4,False,4.0,workload,0.35389862964514396,0.6775956284153005,183,100,485,148.0,
WAUC,15,within,within_fold0,2,0.5,0.3,25,inf,4,False,4.0,workload,0.35389862964514396,0.6775956284153005,183,100,481,140.0,
WAUC,15,within,within_fold0,2,0.5,0.3,50,inf,4,False,4.0,workload,0.35389862964514396,0.6775956284153005,183,100,472,128.0,
WAUC,15,within,within_fold0,2,0.5,0.3,100,inf,4,False,4.0,workload,0.35389862964514396,0.6775956284153005,183,100,445,120.0,
WAUC,15,within,within_fold0,3,0.5,0.3,inf,inf,4,False,4.0,workload,0.5517117763039971,0.7759562841530054,183,100,510,165.0,
WAUC,15,within,within_fold0,3,0.5,0.3,25,inf,4,False,4.0,workload,0.5403659849300323,0.7704918032786885,183,100,510,148.0,
WAUC,15,within,within_fold0,3,0.5,0.3,50,inf,4,False,4.0,workload,0.5297316679615132,0.7650273224043715,183,100,510,149.0,
WAUC,15,within,within_fold0,3,0.5,0.3,100,inf,4,False,4.0,workload,0.37677003047141067,0.6885245901639344,183,100,510,137.0,
WAUC,15,within,within_fold0,42,0.5,0.3,inf,inf,4,False,4.0,workload,0.3984220907297831,0.6994535519125683,183,86,510,157.0,
WAUC,15,within,within_fold0,42,0.5,0.3,25,inf,4,False,4.0,workload,0.31067264573991027,0.6557377049180327,183,86,510,133.0,
WAUC,15,within,within_fold0,42,0.5,0.3,50,inf,4,False,4.0,workload,0.3436154949784792,0.6721311475409836,183,86,510,140.0,
WAUC,15,within,within_fold0,42,0.5,0.3,100,inf,4,False,4.0,workload,0.31067264573991027,0.6557377049180327,183,86,510,153.0,
WAUC,16,within,within_fold0,0,0.5,0.3,inf,inf,4,False,4.0,workload,1.0,1.0,124,96,315,44.0,
WAUC,16,within,within_fold0,0,0.5,0.3,25,inf,4,False,4.0,workload,1.0,1.0,124,96,251,13.0,
WAUC,16,within,within_fold0,0,0.5,0.3,50,inf,4,False,4.0,workload,1.0,1.0,124,96,292,20.0,
WAUC,16,within,within_fold0,0,0.5,0.3,100,inf,4,False,4.0,workload,1.0,1.0,124,96,312,35.0,
WAUC,16,within,within_fold0,1,0.5,0.3,inf,inf,4,False,4.0,workload,0.8681318681318682,0.9516129032258065,124,100,344,47.0,
WAUC,16,within,within_fold0,1,0.5,0.3,25,inf,4,False,4.0,workload,0.9139784946236559,0.967741935483871,124,100,344,12.0,
WAUC,16,within,within_fold0,1,0.5,0.3,50,inf,4,False,4.0,workload,0.9139784946236559,0.967741935483871,124,100,344,19.0,
WAUC,16,within,within_fold0,1,0.5,0.3,100,inf,4,False,4.0,workload,0.9361702127659575,0.9758064516129032,124,100,344,40.0,
WAUC,16,within,within_fold0,2,0.5,0.3,inf,inf,4,False,4.0,workload,0.9375,0.9758064516129032,124,100,344,49.0,
WAUC,16,within,within_fold0,2,0.5,0.3,25,inf,4,False,4.0,workload,0.956989247311828,0.9838709677419355,124,100,344,16.0,
WAUC,16,within,within_fold0,2,0.5,0.3,50,inf,4,False,4.0,workload,0.6851851851851851,0.8629032258064516,124,100,344,27.0,
WAUC,16,within,within_fold0,2,0.5,0.3,100,inf,4,False,4.0,workload,0.7843137254901961,0.9112903225806451,124,100,344,45.0,
WAUC,16,within,within_fold0,3,0.5,0.3,inf,inf,4,False,4.0,workload,0.8160919540229885,0.9354838709677419,124,100,344,54.0,
WAUC,16,within,within_fold0,3,0.5,0.3,25,inf,4,False,4.0,workload,0.8043478260869565,0.9274193548387096,124,100,344,10.0,
WAUC,16,within,within_fold0,3,0.5,0.3,50,inf,4,False,4.0,workload,0.9175257731958762,0.967741935483871,124,100,344,19.0,
WAUC,16,within,within_fold0,3,0.5,0.3,100,inf,4,False,4.0,workload,0.9782608695652174,0.9919354838709677,124,100,344,48.0,
WAUC,16,within,within_fold0,42,0.5,0.3,inf,inf,4,False,4.0,workload,0.8936170212765957,0.9596774193548387,124,100,344,51.0,
WAUC,16,within,within_fold0,42,0.5,0.3,25,inf,4,False,4.0,workload,0.9101123595505618,0.967741935483871,124,100,344,11.0,
WAUC,16,within,within_fold0,42,0.5,0.3,50,inf,4,False,4.0,workload,0.9560439560439561,0.9838709677419355,124,100,344,18.0,
WAUC,16,within,within_fold0,42,0.5,0.3,100,inf,4,False,4.0,workload,0.956989247311828,0.9838709677419355,124,100,344,39.0,
WAUC,17,within,within_fold0,0,0.5,0.3,inf,inf,4,False,4.0,workload,0.32696302451184045,0.6875,144,100,403,128.0,
WAUC,17,within,within_fold0,0,0.5,0.3,25,inf,4,False,4.0,workload,0.457573354480571,0.7361111111111112,144,100,403,110.0,
WAUC,17,within,within_fold0,0,0.5,0.3,50,inf,4,False,4.0,workload,0.3381294964028777,0.6805555555555556,144,100,403,106.0,
WAUC,17,within,within_fold0,0,0.5,0.3,100,inf,4,False,4.0,workload,0.32737611697806657,0.6805555555555556,144,100,403,107.0,
WAUC,17,within,within_fold0,1,0.5,0.3,inf,inf,4,False,4.0,workload,0.31753554502369663,0.6666666666666666,144,100,403,140.0,
WAUC,17,within,within_fold0,1,0.5,0.3,25,inf,4,False,4.0,workload,0.457573354480571,0.7361111111111112,144,100,403,100.0,
WAUC,17,within,within_fold0,1,0.5,0.3,50,inf,4,False,4.0,workload,0.6518936341659951,0.8333333333333334,144,100,403,107.0,
WAUC,17,within,within_fold0,1,0.5,0.3,100,inf,4,False,4.0,workload,0.5700636942675159,0.7916666666666666,144,100,403,107.0,
WAUC,17,within,within_fold0,2,0.5,0.3,inf,inf,4,False,4.0,workload,0.34597156398104256,0.6805555555555556,144,98,403,142.0,
WAUC,17,within,within_fold0,2,0.5,0.3,25,inf,4,False,4.0,workload,0.514670896114195,0.7638888888888888,144,98,403,104.0,
WAUC,17,within,within_fold0,2,0.5,0.3,50,inf,4,False,4.0,workload,0.5618374558303887,0.7847222222222222,144,98,403,114.0,
WAUC,17,within,within_fold0,2,0.5,0.3,100,inf,4,False,4.0,workload,0.3958810068649885,0.6944444444444444,144,98,403,107.0,
WAUC,17,within,within_fold0,3,0.5,0.3,inf,inf,4,False,4.0,workload,0.40752351097178685,0.7083333333333334,144,100,403,119.0,
WAUC,17,within,within_fold0,3,0.5,0.3,25,inf,4,False,4.0,workload,0.55895865237366,0.7777777777777778,144,100,403,104.0,
WAUC,17,within,within_fold0,3,0.5,0.3,50,inf,4,False,4.0,workload,0.40752351097178685,0.7083333333333334,144,100,403,101.0,
WAUC,17,within,within_fold0,3,0.5,0.3,100,inf,4,False,4.0,workload,0.40752351097178685,0.7083333333333334,144,100,403,104.0,
WAUC,17,within,within_fold0,42,0.5,0.3,inf,inf,4,False,4.0,workload,0.5884903429247142,0.7986111111111112,144,100,403,118.0,
WAUC,17,within,within_fold0,42,0.5,0.3,25,inf,4,False,4.0,workload,0.36111111111111116,0.6805555555555556,144,100,403,103.0,
WAUC,17,within,within_fold0,42,0.5,0.3,50,inf,4,False,4.0,workload,0.4681181959564541,0.7361111111111112,144,100,403,91.0,
WAUC,17,within,within_fold0,42,0.5,0.3,100,inf,4,False,4.0,workload,0.6003172085646313,0.8055555555555556,144,100,403,111.0,
WAUC,18,within,within_fold0,0,0.5,0.3,inf,inf,4,False,4.0,workload,0.27501900918289757,0.6378378378378379,185,100,516,142.0,
WAUC,18,within,within_fold0,0,0.5,0.3,25,inf,4,False,4.0,workload,0.45944366526414215,0.7297297297297297,185,100,516,150.0,
WAUC,18,within,within_fold0,0,0.5,0.3,50,inf,4,False,4.0,workload,0.4708423326133909,0.7351351351351352,185,100,516,149.0,
WAUC,18,within,within_fold0,0,0.5,0.3,100,inf,4,False,4.0,workload,0.3079261164367547,0.654054054054054,185,100,516,133.0,
WAUC,18,within,within_fold0,1,0.5,0.3,inf,inf,4,False,4.0,workload,0.25555490756400534,0.6270270270270271,185,100,516,156.0,
WAUC,18,within,within_fold0,1,0.5,0.3,25,inf,4,False,4.0,workload,0.5358539004609371,0.7675675675675676,185,100,516,119.0,
WAUC,18,within,within_fold0,1,0.5,0.3,50,inf,4,False,4.0,workload,0.4170848407048664,0.7081081081081081,185,100,516,121.0,
WAUC,18,within,within_fold0,1,0.5,0.3,100,inf,4,False,4.0,workload,0.43814974886111435,0.7189189189189189,185,100,516,132.0,
WAUC,18,within,within_fold0,2,0.5,0.3,inf,inf,4,False,4.0,workload,0.5359622003149973,0.7675675675675676,185,100,516,134.0,
WAUC,18,within,within_fold0,2,0.5,0.3,25,inf,4,False,4.0,workload,0.49267751910846613,0.745945945945946,185,100,516,106.0,
WAUC,18,within,within_fold0,2,0.5,0.3,50,inf,4,False,4.0,workload,0.4277126014124788,0.7135135135135136,185,100,516,122.0,
WAUC,18,within,within_fold0,2,0.5,0.3,100,inf,4,False,4.0,workload,0.40618616866063617,0.7027027027027027,185,100,516,121.0,
WAUC,18,within,within_fold0,3,0.5,0.3,inf,inf,4,False,4.0,workload,0.39464765688909664,0.6972972972972973,185,100,516,160.0,
WAUC,18,within,within_fold0,3,0.5,0.3,25,inf,4,False,4.0,workload,0.3510289990645463,0.6756756756756757,185,100,516,136.0,
WAUC,18,within,within_fold0,3,0.5,0.3,50,inf,4,False,4.0,workload,0.469541810521388,0.7351351351351352,185,100,516,159.0,
WAUC,18,within,within_fold0,3,0.5,0.3,100,inf,4,False,4.0,workload,0.524087932647334,0.7621621621621621,185,100,516,158.0,
WAUC,18,within,within_fold0,42,0.5,0.3,inf,inf,4,False,4.0,workload,0.5356913558629546,0.7675675675675676,185,100,516,143.0,
WAUC,18,within,within_fold0,42,0.5,0.3,25,inf,4,False,4.0,workload,0.40521423978488347,0.7027027027027027,185,100,516,150.0,
WAUC,18,within,within_fold0,42,0.5,0.3,50,inf,4,False,4.0,workload,0.40521423978488347,0.7027027027027027,185,100,516,131.0,
WAUC,18,within,within_fold0,42,0.5,0.3,100,inf,4,False,4.0,workload,0.33010162364209794,0.6648648648648648,185,100,516,142.0,
WAUC,19,within,within_fold0,0,0.5,0.3,inf,inf,4,False,4.0,workload,0.6196550909520435,0.8097826086956522,184,100,514,99.0,
WAUC,19,within,within_fold0,0,0.5,0.3,25,inf,4,False,4.0,workload,0.5868100697317102,0.7934782608695652,184,100,514,96.0,
WAUC,19,within,within_fold0,0,0.5,0.3,50,inf,4,False,4.0,workload,0.5868100697317102,0.7934782608695652,184,100,514,94.0,
WAUC,19,within,within_fold0,0,0.5,0.3,100,inf,4,False,4.0,workload,0.33570075757575757,0.6684782608695652,184,100,514,104.0,
WAUC,19,within,within_fold0,1,0.5,0.3,inf,inf,4,False,4.0,workload,0.6422342682064577,0.8206521739130435,184,100,463,95.0,
WAUC,19,within,within_fold0,1,0.5,0.3,25,inf,4,False,4.0,workload,0.6747967479674797,0.8369565217391305,184,100,514,90.0,
WAUC,19,within,within_fold0,1,0.5,0.3,50,inf,4,False,4.0,workload,0.6639962299717248,0.8315217391304348,184,100,514,93.0,
WAUC,19,within,within_fold0,1,0.5,0.3,100,inf,4,False,4.0,workload,0.6639962299717248,0.8315217391304348,184,100,514,105.0,
WAUC,19,within,within_fold0,2,0.5,0.3,inf,inf,4,False,4.0,workload,0.41380530973451324,0.7065217391304348,184,100,514,90.0,
WAUC,19,within,within_fold0,2,0.5,0.3,25,inf,4,False,4.0,workload,0.6855256954266855,0.842391304347826,184,100,514,93.0,
WAUC,19,within,within_fold0,2,0.5,0.3,50,inf,4,False,4.0,workload,0.5771859533349046,0.7880434782608695,184,100,514,86.0,
WAUC,19,within,within_fold0,2,0.5,0.3,100,inf,4,False,4.0,workload,0.6855256954266855,0.842391304347826,184,100,514,100.0,
WAUC,19,within,within_fold0,3,0.5,0.3,inf,inf,4,False,4.0,workload,0.6522971536553679,0.8260869565217391,184,100,514,115.0,
WAUC,19,within,within_fold0,3,0.5,0.3,25,inf,4,False,4.0,workload,0.6850802644003777,0.842391304347826,184,100,514,106.0,
WAUC,19,within,within_fold0,3,0.5,0.3,50,inf,4,False,4.0,workload,0.7178912607618824,0.8586956521739131,184,100,514,105.0,
WAUC,19,within,within_fold0,3,0.5,0.3,100,inf,4,False,4.0,workload,0.6525433730673905,0.8260869565217391,184,100,514,108.0,
WAUC,19,within,within_fold0,42,0.5,0.3,inf,inf,4,False,4.0,workload,0.5655766733561562,0.782608695652174,184,100,514,107.0,
WAUC,19,within,within_fold0,42,0.5,0.3,25,inf,4,False,4.0,workload,0.5655766733561562,0.782608695652174,184,100,514,92.0,
WAUC,19,within,within_fold0,42,0.5,0.3,50,inf,4,False,4.0,workload,0.5878816456442296,0.7934782608695652,184,100,514,100.0,
WAUC,19,within,within_fold0,42,0.5,0.3,100,inf,4,False,4.0,workload,0.6307401723527328,0.8152173913043478,184,100,514,95.0,
WAUC,20,within,within_fold0,0,0.5,0.3,inf,inf,4,False,4.0,workload,0.20254924681344144,0.6021505376344086,186,100,519,205.0,
WAUC,20,within,within_fold0,0,0.5,0.3,25,inf,4,False,4.0,workload,0.4832137068765918,0.7419354838709677,186,100,519,180.0,
WAUC,20,within,within_fold0,0,0.5,0.3,50,inf,4,False,4.0,workload,0.2036565609812543,0.6021505376344086,186,100,519,175.0,
WAUC,20,within,within_fold0,0,0.5,0.3,100,inf,4,False,4.0,workload,0.4188845174728072,0.7096774193548387,186,100,519,157.0,
WAUC,20,within,within_fold0,1,0.5,0.3,inf,inf,4,False,4.0,workload,0.332793334876186,0.6666666666666666,186,100,519,207.0,
WAUC,20,within,within_fold0,1,0.5,0.3,25,inf,4,False,4.0,workload,0.3669089650398061,0.6827956989247311,186,100,519,160.0,
WAUC,20,within,within_fold0,1,0.5,0.3,50,inf,4,False,4.0,workload,0.3120665742024965,0.6559139784946236,186,100,519,163.0,
WAUC,20,within,within_fold0,1,0.5,0.3,100,inf,4,False,4.0,workload,0.3547641073080481,0.6774193548387096,186,100,519,167.0,
WAUC,20,within,within_fold0,2,0.5,0.3,inf,inf,4,False,4.0,workload,0.36603119584055455,0.6827956989247311,186,100,503,168.0,
WAUC,20,within,within_fold0,2,0.5,0.3,25,inf,4,False,4.0,workload,0.4299757141205043,0.7150537634408602,186,100,519,160.0,
WAUC,20,within,within_fold0,2,0.5,0.3,50,inf,4,False,4.0,workload,0.4945067653521453,0.7473118279569892,186,100,519,158.0,
WAUC,20,within,within_fold0,2,0.5,0.3,100,inf,4,False,4.0,workload,0.16177490177952392,0.5806451612903226,186,100,519,174.0,
WAUC,20,within,within_fold0,3,0.5,0.3,inf,inf,4,False,4.0,workload,0.4946236559139785,0.7473118279569892,186,74,519,169.0,
WAUC,20,within,within_fold0,3,0.5,0.3,25,inf,4,False,4.0,workload,0.34332677393216804,0.6720430107526881,186,74,509,137.0,
WAUC,20,within,within_fold0,3,0.5,0.3,50,inf,4,False,4.0,workload,0.34332677393216804,0.6720430107526881,186,74,481,138.0,
WAUC,20,within,within_fold0,3,0.5,0.3,100,inf,4,False,4.0,workload,0.34332677393216804,0.6720430107526881,186,74,474,142.0,
WAUC,20,within,within_fold0,42,0.5,0.3,inf,inf,4,False,4.0,workload,0.44079555966697503,0.7204301075268817,186,100,519,163.0,
WAUC,20,within,within_fold0,42,0.5,0.3,25,inf,4,False,4.0,workload,0.49415576900821656,0.7473118279569892,186,100,519,123.0,
WAUC,20,within,within_fold0,42,0.5,0.3,50,inf,4,False,4.0,workload,0.49415576900821656,0.7473118279569892,186,100,519,164.0,
WAUC,20,within,within_fold0,42,0.5,0.3,100,inf,4,False,4.0,workload,0.5053191489361701,0.7526881720430108,186,100,519,154.0,
WAUC,21,within,within_fold0,0,0.5,0.3,inf,inf,4,False,4.0,workload,0.5662368112543963,0.7837837837837838,185,100,425,130.0,
WAUC,21,within,within_fold0,0,0.5,0.3,25,inf,4,False,4.0,workload,0.5662368112543963,0.7837837837837838,185,100,437,111.0,
WAUC,21,within,within_fold0,0,0.5,0.3,50,inf,4,False,4.0,workload,0.5662368112543963,0.7837837837837838,185,100,439,112.0,
WAUC,21,within,within_fold0,0,0.5,0.3,100,inf,4,False,4.0,workload,0.5662368112543963,0.7837837837837838,185,100,487,138.0,
WAUC,21,within,within_fold0,1,0.5,0.3,inf,inf,4,False,4.0,workload,0.20035046728971972,0.6,185,100,518,197.0,
WAUC,21,within,within_fold0,1,0.5,0.3,25,inf,4,False,4.0,workload,0.5016980911113713,0.7513513513513513,185,100,518,148.0,
WAUC,21,within,within_fold0,1,0.5,0.3,50,inf,4,False,4.0,workload,0.5016980911113713,0.7513513513513513,185,100,518,157.0,
WAUC,21,within,within_fold0,1,0.5,0.3,100,inf,4,False,4.0,workload,0.5018730976352141,0.7513513513513513,185,100,518,164.0,
WAUC,21,within,within_fold0,2,0.5,0.3,inf,inf,4,False,4.0,workload,0.350269257785062,0.6756756756756757,185,100,518,149.0,
WAUC,21,within,within_fold0,2,0.5,0.3,25,inf,4,False,4.0,workload,0.45817713214620437,0.7297297297297297,185,100,518,141.0,
WAUC,21,within,within_fold0,2,0.5,0.3,50,inf,4,False,4.0,workload,0.5994030549540587,0.8,185,100,518,149.0,
WAUC,21,within,within_fold0,2,0.5,0.3,100,inf,4,False,4.0,workload,0.44763187167027696,0.7243243243243244,185,100,518,137.0,
WAUC,21,within,within_fold0,3,0.5,0.3,inf,inf,4,False,4.0,workload,0.3465975983046856,0.6756756756756757,185,100,455,141.0,
WAUC,21,within,within_fold0,3,0.5,0.3,25,inf,4,False,4.0,workload,0.3465975983046856,0.6756756756756757,185,100,487,132.0,
WAUC,21,within,within_fold0,3,0.5,0.3,50,inf,4,False,4.0,workload,0.3465975983046856,0.6756756756756757,185,100,492,129.0,
WAUC,21,within,within_fold0,3,0.5,0.3,100,inf,4,False,4.0,workload,0.3465975983046856,0.6756756756756757,185,100,460,129.0,
WAUC,21,within,within_fold0,42,0.5,0.3,inf,inf,4,False,4.0,workload,0.4929142123986703,0.745945945945946,185,100,516,174.0,
WAUC,21,within,within_fold0,42,0.5,0.3,25,inf,4,False,4.0,workload,0.4929142123986703,0.745945945945946,185,100,456,116.0,
WAUC,21,within,within_fold0,42,0.5,0.3,50,inf,4,False,4.0,workload,0.4929142123986703,0.745945945945946,185,100,484,126.0,
WAUC,21,within,within_fold0,42,0.5,0.3,100,inf,4,False,4.0,workload,0.4929142123986703,0.745945945945946,185,100,477,134.0,
WAUC,22,within,within_fold0,0,0.5,0.3,inf,inf,4,False,4.0,workload,0.45353559483994266,0.726775956284153,183,100,496,134.0,
WAUC,22,within,within_fold0,0,0.5,0.3,25,inf,4,False,4.0,workload,0.5626717648464572,0.7814207650273224,183,100,510,120.0,
WAUC,22,within,within_fold0,0,0.5,0.3,50,inf,4,False,4.0,workload,0.42071313384698084,0.7103825136612022,183,100,510,119.0,
WAUC,22,within,within_fold0,0,0.5,0.3,100,inf,4,False,4.0,workload,0.48623140792067376,0.7431693989071039,183,100,510,126.0,
WAUC,22,within,within_fold0,1,0.5,0.3,inf,inf,4,False,4.0,workload,0.5084462484331165,0.7540983606557377,183,100,510,134.0,
WAUC,22,within,within_fold0,1,0.5,0.3,25,inf,4,False,4.0,workload,0.5627240143369177,0.7814207650273224,183,100,510,133.0,
WAUC,22,within,within_fold0,1,0.5,0.3,50,inf,4,False,4.0,workload,0.5297316679615132,0.7650273224043715,183,100,510,115.0,
WAUC,22,within,within_fold0,1,0.5,0.3,100,inf,4,False,4.0,workload,0.5297316679615132,0.7650273224043715,183,100,510,132.0,
WAUC,22,within,within_fold0,2,0.5,0.3,inf,inf,4,False,4.0,workload,0.35521051060017916,0.6775956284153005,183,100,510,143.0,
WAUC,22,within,within_fold0,2,0.5,0.3,25,inf,4,False,4.0,workload,0.5954955493159687,0.7978142076502732,183,100,510,112.0,
WAUC,22,within,within_fold0,2,0.5,0.3,50,inf,4,False,4.0,workload,0.6831452624037255,0.8415300546448088,183,100,510,114.0,
WAUC,22,within,within_fold0,2,0.5,0.3,100,inf,4,False,4.0,workload,0.6831452624037255,0.8415300546448088,183,100,510,125.0,
WAUC,22,within,within_fold0,3,0.5,0.3,inf,inf,4,False,4.0,workload,0.6063105055575475,0.8032786885245902,183,100,510,151.0,
WAUC,22,within,within_fold0,3,0.5,0.3,25,inf,4,False,4.0,workload,0.6065456282847588,0.8032786885245902,183,100,510,106.0,
WAUC,22,within,within_fold0,3,0.5,0.3,50,inf,4,False,4.0,workload,0.6502210010751404,0.825136612021858,183,100,510,102.0,
WAUC,22,within,within_fold0,3,0.5,0.3,100,inf,4,False,4.0,workload,0.5406406885010757,0.7704918032786885,183,100,510,117.0,
WAUC,22,within,within_fold0,42,0.5,0.3,inf,inf,4,False,4.0,workload,0.48629277907185087,0.7431693989071039,183,100,510,161.0,
WAUC,22,within,within_fold0,42,0.5,0.3,25,inf,4,False,4.0,workload,0.4312694238584748,0.7158469945355191,183,100,510,127.0,
WAUC,22,within,within_fold0,42,0.5,0.3,50,inf,4,False,4.0,workload,0.551604613637722,0.7759562841530054,183,100,510,146.0,
WAUC,22,within,within_fold0,42,0.5,0.3,100,inf,4,False,4.0,workload,0.453274378585086,0.726775956284153,183,100,510,146.0,
WAUC,24,within,within_fold0,0,0.5,0.3,inf,inf,4,False,4.0,workload,0.45950683650812196,0.7297297297297297,185,100,439,177.0,
WAUC,24,within,within_fold0,0,0.5,0.3,25,inf,4,False,4.0,workload,0.2759506980547929,0.6378378378378379,185,100,516,186.0,
WAUC,24,within,within_fold0,0,0.5,0.3,50,inf,4,False,4.0,workload,0.42711072158924923,0.7135135135135136,185,100,516,193.0,
WAUC,24,within,within_fold0,0,0.5,0.3,100,inf,4,False,4.0,workload,0.2763734018331484,0.6378378378378379,185,100,516,206.0,
WAUC,24,within,within_fold0,1,0.5,0.3,inf,inf,4,False,4.0,workload,0.3842335766423357,0.6918918918918919,185,90,516,185.0,
WAUC,24,within,within_fold0,1,0.5,0.3,25,inf,4,False,4.0,workload,0.38452109963228853,0.6918918918918919,185,90,516,181.0,
WAUC,24,within,within_fold0,1,0.5,0.3,50,inf,4,False,4.0,workload,0.3191775220515217,0.6594594594594595,185,90,516,168.0,
WAUC,24,within,within_fold0,1,0.5,0.3,100,inf,4,False,4.0,workload,0.3191775220515217,0.6594594594594595,185,90,516,177.0,
WAUC,24,within,within_fold0,2,0.5,0.3,inf,inf,4,False,4.0,workload,0.10251914197206158,0.5513513513513514,185,100,516,216.0,
WAUC,24,within,within_fold0,2,0.5,0.3,25,inf,4,False,4.0,workload,0.41640378548895896,0.7081081081081081,185,100,516,178.0,
WAUC,24,within,within_fold0,2,0.5,0.3,50,inf,4,False,4.0,workload,0.2753580824320374,0.6378378378378379,185,100,516,202.0,
WAUC,24,within,within_fold0,2,0.5,0.3,100,inf,4,False,4.0,workload,0.4703476482617587,0.7351351351351352,185,100,516,193.0,
WAUC,24,within,within_fold0,3,0.5,0.3,inf,inf,4,False,4.0,workload,0.244281045751634,0.6216216216216216,185,100,477,179.0,
WAUC,24,within,within_fold0,3,0.5,0.3,25,inf,4,False,4.0,workload,0.2982200175080245,0.6486486486486487,185,100,516,184.0,
WAUC,24,within,within_fold0,3,0.5,0.3,50,inf,4,False,4.0,workload,0.244281045751634,0.6216216216216216,185,100,516,194.0,
WAUC,24,within,within_fold0,3,0.5,0.3,100,inf,4,False,4.0,workload,0.244281045751634,0.6216216216216216,185,100,516,175.0,
WAUC,24,within,within_fold0,42,0.5,0.3,inf,inf,4,False,4.0,workload,0.3948598130841122,0.6972972972972973,185,100,476,188.0,
WAUC,24,within,within_fold0,42,0.5,0.3,25,inf,4,False,4.0,workload,0.4597593739049177,0.7297297297297297,185,100,516,184.0,
WAUC,24,within,within_fold0,42,0.5,0.3,50,inf,4,False,4.0,workload,0.3092987982732469,0.654054054054054,185,100,516,187.0,
WAUC,24,within,within_fold0,42,0.5,0.3,100,inf,4,False,4.0,workload,0.21212297998949892,0.6054054054054054,185,100,516,196.0,
WAUC,25,within,within_fold0,0,0.5,0.3,inf,inf,4,False,4.0,workload,0.4516129032258065,0.7258064516129032,186,100,507,146.0,
WAUC,25,within,within_fold0,0,0.5,0.3,25,inf,4,False,4.0,workload,0.5376344086021505,0.7688172043010753,186,100,520,152.0,
WAUC,25,within,within_fold0,0,0.5,0.3,50,inf,4,False,4.0,workload,0.4516129032258065,0.7258064516129032,186,100,520,144.0,
WAUC,25,within,within_fold0,0,0.5,0.3,100,inf,4,False,4.0,workload,0.4838709677419355,0.7419354838709677,186,100,520,159.0,
WAUC,25,within,within_fold0,1,0.5,0.3,inf,inf,4,False,4.0,workload,0.4516129032258065,0.7258064516129032,186,100,482,156.0,
WAUC,25,within,within_fold0,1,0.5,0.3,25,inf,4,False,4.0,workload,0.4516129032258065,0.7258064516129032,186,100,504,137.0,
WAUC,25,within,within_fold0,1,0.5,0.3,50,inf,4,False,4.0,workload,0.4516129032258065,0.7258064516129032,186,100,519,152.0,
WAUC,25,within,within_fold0,1,0.5,0.3,100,inf,4,False,4.0,workload,0.4516129032258065,0.7258064516129032,186,100,520,158.0,
WAUC,25,within,within_fold0,2,0.5,0.3,inf,inf,4,False,4.0,workload,0.4193548387096774,0.7096774193548387,186,100,520,147.0,
WAUC,25,within,within_fold0,2,0.5,0.3,25,inf,4,False,4.0,workload,0.5268817204301075,0.7634408602150538,186,100,520,135.0,
WAUC,25,within,within_fold0,2,0.5,0.3,50,inf,4,False,4.0,workload,0.33333333333333337,0.6666666666666666,186,100,520,144.0,
WAUC,25,within,within_fold0,2,0.5,0.3,100,inf,4,False,4.0,workload,0.23655913978494625,0.6182795698924731,186,100,520,147.0,
WAUC,25,within,within_fold0,3,0.5,0.3,inf,inf,4,False,4.0,workload,0.34408602150537637,0.6720430107526881,186,100,476,139.0,
WAUC,25,within,within_fold0,3,0.5,0.3,25,inf,4,False,4.0,workload,0.34408602150537637,0.6720430107526881,186,100,405,115.0,
WAUC,25,within,within_fold0,3,0.5,0.3,50,inf,4,False,4.0,workload,0.34408602150537637,0.6720430107526881,186,100,466,149.0,
WAUC,25,within,within_fold0,3,0.5,0.3,100,inf,4,False,4.0,workload,0.34408602150537637,0.6720430107526881,186,100,477,138.0,
WAUC,25,within,within_fold0,42,0.5,0.3,inf,inf,4,False,4.0,workload,0.4731182795698925,0.7365591397849462,186,100,520,158.0,
WAUC,25,within,within_fold0,42,0.5,0.3,25,inf,4,False,4.0,workload,0.3870967741935484,0.6935483870967742,186,100,520,128.0,
WAUC,25,within,within_fold0,42,0.5,0.3,50,inf,4,False,4.0,workload,0.4731182795698925,0.7365591397849462,186,100,520,136.0,
WAUC,25,within,within_fold0,42,0.5,0.3,100,inf,4,False,4.0,workload,0.3870967741935484,0.6935483870967742,186,100,520,148.0,
WAUC,27,within,within_fold0,0,0.5,0.3,inf,inf,4,False,4.0,workload,0.22250701818625662,0.6153846153846154,182,92,486,182.0,
WAUC,27,within,within_fold0,0,0.5,0.3,25,inf,4,False,4.0,workload,0.2680073126142596,0.6373626373626373,182,92,507,199.0,
WAUC,27,within,within_fold0,0,0.5,0.3,50,inf,4,False,4.0,workload,0.21120742278110127,0.6098901098901099,182,92,507,189.0,
WAUC,27,within,within_fold0,0,0.5,0.3,100,inf,4,False,4.0,workload,0.16758141236736201,0.5879120879120879,182,92,507,180.0,
WAUC,27,within,within_fold0,1,0.5,0.3,inf,inf,4,False,4.0,workload,0.38609806047464157,0.6923076923076923,182,94,489,184.0,
WAUC,27,within,within_fold0,1,0.5,0.3,25,inf,4,False,4.0,workload,0.44238856181665265,0.7197802197802198,182,94,507,175.0,
WAUC,27,within,within_fold0,1,0.5,0.3,50,inf,4,False,4.0,workload,0.38520931354807575,0.6923076923076923,182,94,507,186.0,
WAUC,27,within,within_fold0,1,0.5,0.3,100,inf,4,False,4.0,workload,0.36447922937989163,0.6813186813186813,182,94,507,191.0,
WAUC,27,within,within_fold0,2,0.5,0.3,inf,inf,4,False,4.0,workload,0.4077377365312763,0.7032967032967034,182,96,507,195.0,
WAUC,27,within,within_fold0,2,0.5,0.3,25,inf,4,False,4.0,workload,0.3170318363394262,0.6593406593406593,182,96,507,158.0,
WAUC,27,within,within_fold0,2,0.5,0.3,50,inf,4,False,4.0,workload,0.240841494377947,0.6208791208791209,182,96,507,171.0,
WAUC,27,within,within_fold0,2,0.5,0.3,100,inf,4,False,4.0,workload,0.32821009318649397,0.6648351648351648,182,96,507,183.0,
WAUC,27,within,within_fold0,3,0.5,0.3,inf,inf,4,False,4.0,workload,0.2531080265540133,0.6263736263736264,182,86,507,188.0,
WAUC,27,within,within_fold0,3,0.5,0.3,25,inf,4,False,4.0,workload,0.24047417442845043,0.6208791208791209,182,86,507,174.0,
WAUC,27,within,within_fold0,3,0.5,0.3,50,inf,4,False,4.0,workload,0.24047417442845043,0.6208791208791209,182,86,507,191.0,
WAUC,27,within,within_fold0,3,0.5,0.3,100,inf,4,False,4.0,workload,0.19410408831736015,0.5989010989010989,182,86,507,178.0,
WAUC,27,within,within_fold0,42,0.5,0.3,inf,inf,4,False,4.0,workload,0.1891631547260686,0.5934065934065934,182,100,507,195.0,
WAUC,27,within,within_fold0,42,0.5,0.3,25,inf,4,False,4.0,workload,0.25418826081716284,0.6263736263736264,182,100,507,178.0,
WAUC,27,within,within_fold0,42,0.5,0.3,50,inf,4,False,4.0,workload,0.25418826081716284,0.6263736263736264,182,100,507,187.0,
WAUC,27,within,within_fold0,42,0.5,0.3,100,inf,4,False,4.0,workload,0.34256472004816374,0.6703296703296703,182,100,507,204.0,
WAUC,29,within,within_fold0,0,0.5,0.3,inf,inf,4,False,4.0,workload,0.3804347826086957,0.6902173913043478,184,50,501,200.0,
WAUC,29,within,within_fold0,0,0.5,0.3,25,inf,4,False,4.0,workload,0.3804347826086957,0.6902173913043478,184,50,482,180.0,
WAUC,29,within,within_fold0,0,0.5,0.3,50,inf,4,False,4.0,workload,0.3804347826086957,0.6902173913043478,184,50,488,202.0,
WAUC,29,within,within_fold0,0,0.5,0.3,100,inf,4,False,4.0,workload,0.3804347826086957,0.6902173913043478,184,50,452,182.0,
WAUC,29,within,within_fold0,1,0.5,0.3,inf,inf,4,False,4.0,workload,0.30434782608695654,0.6521739130434783,184,34,514,170.0,
WAUC,29,within,within_fold0,1,0.5,0.3,25,inf,4,False,4.0,workload,0.3804347826086957,0.6902173913043478,184,34,448,165.0,
WAUC,29,within,within_fold0,1,0.5,0.3,50,inf,4,False,4.0,workload,0.3804347826086957,0.6902173913043478,184,34,491,182.0,
WAUC,29,within,within_fold0,1,0.5,0.3,100,inf,4,False,4.0,workload,0.3804347826086957,0.6902173913043478,184,34,513,209.0,
WAUC,29,within,within_fold0,2,0.5,0.3,inf,inf,4,False,4.0,workload,0.3369565217391305,0.6684782608695652,184,56,464,192.0,
WAUC,29,within,within_fold0,2,0.5,0.3,25,inf,4,False,4.0,workload,0.09782608695652173,0.5489130434782609,184,56,514,184.0,
WAUC,29,within,within_fold0,2,0.5,0.3,50,inf,4,False,4.0,workload,0.09782608695652173,0.5489130434782609,184,56,514,204.0,
WAUC,29,within,within_fold0,2,0.5,0.3,100,inf,4,False,4.0,workload,0.09782608695652173,0.5489130434782609,184,56,514,211.0,
WAUC,29,within,within_fold0,3,0.5,0.3,inf,inf,4,False,4.0,workload,0.06521739130434778,0.532608695652174,184,80,501,201.0,
WAUC,29,within,within_fold0,3,0.5,0.3,25,inf,4,False,4.0,workload,0.4347826086956522,0.717391304347826,184,80,514,204.0,
WAUC,29,within,within_fold0,3,0.5,0.3,50,inf,4,False,4.0,workload,0.13043478260869568,0.5652173913043478,184,80,514,191.0,
WAUC,29,within,within_fold0,3,0.5,0.3,100,inf,4,False,4.0,workload,0.021739130434782594,0.5108695652173914,184,80,514,201.0,
WAUC,29,within,within_fold0,42,0.5,0.3,inf,inf,4,False,4.0,workload,0.4130434782608695,0.7065217391304348,184,38,514,180.0,
WAUC,29,within,within_fold0,42,0.5,0.3,25,inf,4,False,4.0,workload,0.4130434782608695,0.7065217391304348,184,38,453,158.0,
WAUC,29,within,within_fold0,42,0.5,0.3,50,inf,4,False,4.0,workload,0.4130434782608695,0.7065217391304348,184,38,461,168.0,
WAUC,29,within,within_fold0,42,0.5,0.3,100,inf,4,False,4.0,workload,0.4130434782608695,0.7065217391304348,184,38,480,179.0,
WAUC,30,within,within_fold0,0,0.5,0.3,inf,inf,4,False,4.0,workload,0.46739130434782605,0.7336956521739131,184,100,512,192.0,
WAUC,30,within,within_fold0,0,0.5,0.3,25,inf,4,False,4.0,workload,0.4347826086956522,0.717391304347826,184,100,512,162.0,
WAUC,30,within,within_fold0,0,0.5,0.3,50,inf,4,False,4.0,workload,0.4347826086956522,0.717391304347826,184,100,512,170.0,
WAUC,30,within,within_fold0,0,0.5,0.3,100,inf,4,False,4.0,workload,0.42391304347826086,0.7119565217391305,184,100,512,184.0,
WAUC,30,within,within_fold0,1,0.5,0.3,inf,inf,4,False,4.0,workload,0.46739130434782605,0.7336956521739131,184,100,437,141.0,
WAUC,30,within,within_fold0,1,0.5,0.3,25,inf,4,False,4.0,workload,0.46739130434782605,0.7336956521739131,184,100,424,123.0,
WAUC,30,within,within_fold0,1,0.5,0.3,50,inf,4,False,4.0,workload,0.46739130434782605,0.7336956521739131,184,100,455,130.0,
WAUC,30,within,within_fold0,1,0.5,0.3,100,inf,4,False,4.0,workload,0.46739130434782605,0.7336956521739131,184,100,406,125.0,
WAUC,30,within,within_fold0,2,0.5,0.3,inf,inf,4,False,4.0,workload,0.4565217391304348,0.7282608695652174,184,100,488,157.0,
WAUC,30,within,within_fold0,2,0.5,0.3,25,inf,4,False,4.0,workload,0.4347826086956522,0.717391304347826,184,100,512,142.0,
WAUC,30,within,within_fold0,2,0.5,0.3,50,inf,4,False,4.0,workload,0.5,0.75,184,100,512,166.0,
WAUC,30,within,within_fold0,2,0.5,0.3,100,inf,4,False,4.0,workload,0.4565217391304348,0.7282608695652174,184,100,511,161.0,
WAUC,30,within,within_fold0,3,0.5,0.3,inf,inf,4,False,4.0,workload,0.4130434782608695,0.7065217391304348,184,100,512,160.0,
WAUC,30,within,within_fold0,3,0.5,0.3,25,inf,4,False,4.0,workload,0.2717391304347826,0.6358695652173914,184,100,512,136.0,
WAUC,30,within,within_fold0,3,0.5,0.3,50,inf,4,False,4.0,workload,0.42391304347826086,0.7119565217391305,184,100,512,153.0,
WAUC,30,within,within_fold0,3,0.5,0.3,100,inf,4,False,4.0,workload,0.4130434782608695,0.7065217391304348,184,100,512,148.0,
WAUC,30,within,within_fold0,42,0.5,0.3,inf,inf,4,False,4.0,workload,0.4565217391304348,0.7282608695652174,184,100,469,130.0,
WAUC,30,within,within_fold0,42,0.5,0.3,25,inf,4,False,4.0,workload,0.4565217391304348,0.7282608695652174,184,100,512,139.0,
WAUC,30,within,within_fold0,42,0.5,0.3,50,inf,4,False,4.0,workload,0.4347826086956522,0.717391304347826,184,100,512,149.0,
WAUC,30,within,within_fold0,42,0.5,0.3,100,inf,4,False,4.0,workload,0.4565217391304348,0.7282608695652174,184,100,484,144.0,
WAUC,31,within,within_fold0,0,0.5,0.3,inf,inf,4,False,4.0,workload,0.20162412993039447,0.6021505376344086,186,82,498,224.0,
WAUC,31,within,within_fold0,0,0.5,0.3,25,inf,4,False,4.0,workload,0.24442896935933145,0.6236559139784946,186,82,518,216.0,
WAUC,31,within,within_fold0,0,0.5,0.3,50,inf,4,False,4.0,workload,0.24442896935933145,0.6236559139784946,186,82,518,218.0,
WAUC,31,within,within_fold0,0,0.5,0.3,100,inf,4,False,4.0,workload,0.20162412993039447,0.6021505376344086,186,82,510,226.0,
WAUC,31,within,within_fold0,1,0.5,0.3,inf,inf,4,False,4.0,workload,0.01292108906322098,0.5053763440860215,186,56,518,257.0,
WAUC,31,within,within_fold0,1,0.5,0.3,25,inf,4,False,4.0,workload,0.27990292384144233,0.6397849462365591,186,56,518,208.0,
WAUC,31,within,within_fold0,1,0.5,0.3,50,inf,4,False,4.0,workload,0.15191042364077112,0.5752688172043011,186,56,518,213.0,
WAUC,31,within,within_fold0,1,0.5,0.3,100,inf,4,False,4.0,workload,0.1418685121107266,0.5698924731182796,186,56,518,207.0,
WAUC,31,within,within_fold0,2,0.5,0.3,inf,inf,4,False,4.0,workload,0.20291869353717862,0.6021505376344086,186,92,518,200.0,
WAUC,31,within,within_fold0,2,0.5,0.3,25,inf,4,False,4.0,workload,0.2899120777417863,0.6451612903225806,186,92,518,190.0,
WAUC,31,within,within_fold0,2,0.5,0.3,50,inf,4,False,4.0,workload,0.2899120777417863,0.6451612903225806,186,92,518,198.0,
WAUC,31,within,within_fold0,2,0.5,0.3,100,inf,4,False,4.0,workload,0.24530489218641316,0.6236559139784946,186,92,518,207.0,
WAUC,31,within,within_fold0,3,0.5,0.3,inf,inf,4,False,4.0,workload,0.21505376344086025,0.6075268817204301,186,98,518,213.0,
WAUC,31,within,within_fold0,3,0.5,0.3,25,inf,4,False,4.0,workload,0.28793503480278426,0.6451612903225806,186,98,518,220.0,
WAUC,31,within,within_fold0,3,0.5,0.3,50,inf,4,False,4.0,workload,0.09541454377026404,0.5483870967741935,186,98,518,208.0,
WAUC,31,within,within_fold0,3,0.5,0.3,100,inf,4,False,4.0,workload,0.14916039374638101,0.5752688172043011,186,98,518,204.0,
WAUC,31,within,within_fold0,42,0.5,0.3,inf,inf,4,False,4.0,workload,0.04653841723303764,0.521505376344086,186,42,518,228.0,
WAUC,31,within,within_fold0,42,0.5,0.3,25,inf,4,False,4.0,workload,-0.01656886434242333,0.489247311827957,186,42,518,232.0,
WAUC,31,within,within_fold0,42,0.5,0.3,50,inf,4,False,4.0,workload,0.04653841723303764,0.521505376344086,186,42,518,223.0,
WAUC,31,within,within_fold0,42,0.5,0.3,100,inf,4,False,4.0,workload,0.0009241076585423391,0.5,186,42,518,228.0,
WAUC,32,within,within_fold0,0,0.5,0.3,inf,inf,4,False,4.0,workload,0.17391304347826086,0.5869565217391305,184,78,513,189.0,
WAUC,32,within,within_fold0,0,0.5,0.3,25,inf,4,False,4.0,workload,0.32608695652173914,0.6630434782608695,184,78,513,170.0,
WAUC,32,within,within_fold0,0,0.5,0.3,50,inf,4,False,4.0,workload,0.26086956521739135,0.6304347826086957,184,78,513,176.0,
WAUC,32,within,within_fold0,0,0.5,0.3,100,inf,4,False,4.0,workload,0.2934782608695652,0.6467391304347826,184,78,513,175.0,
WAUC,32,within,within_fold0,1,0.5,0.3,inf,inf,4,False,4.0,workload,0.32608695652173914,0.6630434782608695,184,100,513,193.0,
WAUC,32,within,within_fold0,1,0.5,0.3,25,inf,4,False,4.0,workload,0.2282608695652174,0.6141304347826086,184,100,513,167.0,
WAUC,32,within,within_fold0,1,0.5,0.3,50,inf,4,False,4.0,workload,0.32608695652173914,0.6630434782608695,184,100,513,181.0,
WAUC,32,within,within_fold0,1,0.5,0.3,100,inf,4,False,4.0,workload,0.18478260869565222,0.592391304347826,184,100,513,189.0,
WAUC,32,within,within_fold0,2,0.5,0.3,inf,inf,4,False,4.0,workload,0.40217391304347827,0.7010869565217391,184,76,513,170.0,
WAUC,32,within,within_fold0,2,0.5,0.3,25,inf,4,False,4.0,workload,0.25,0.625,184,76,513,157.0,
WAUC,32,within,within_fold0,2,0.5,0.3,50,inf,4,False,4.0,workload,0.3695652173913043,0.6847826086956522,184,76,513,176.0,
WAUC,32,within,within_fold0,2,0.5,0.3,100,inf,4,False,4.0,workload,0.3152173913043478,0.657608695652174,184,76,513,161.0,
WAUC,32,within,within_fold0,3,0.5,0.3,inf,inf,4,False,4.0,workload,0.2717391304347826,0.6358695652173914,184,100,513,187.0,
WAUC,32,within,within_fold0,3,0.5,0.3,25,inf,4,False,4.0,workload,0.5108695652173914,0.7554347826086957,184,100,513,174.0,
WAUC,32,within,within_fold0,3,0.5,0.3,50,inf,4,False,4.0,workload,0.5108695652173914,0.7554347826086957,184,100,513,160.0,
WAUC,32,within,within_fold0,3,0.5,0.3,100,inf,4,False,4.0,workload,0.26086956521739135,0.6304347826086957,184,100,513,160.0,
WAUC,32,within,within_fold0,42,0.5,0.3,inf,inf,4,False,4.0,workload,0.3586956521739131,0.6793478260869565,184,76,513,181.0,
WAUC,32,within,within_fold0,42,0.5,0.3,25,inf,4,False,4.0,workload,0.3695652173913043,0.6847826086956522,184,76,513,164.0,
WAUC,32,within,within_fold0,42,0.5,0.3,50,inf,4,False,4.0,workload,0.34782608695652173,0.6739130434782609,184,76,513,164.0,
WAUC,32,within,within_fold0,42,0.5,0.3,100,inf,4,False,4.0,workload,0.3695652173913043,0.6847826086956522,184,76,513,182.0,
WAUC,33,within,within_fold0,0,0.5,0.3,inf,inf,4,False,4.0,workload,0.27952755905511817,0.639344262295082,183,88,512,193.0,
WAUC,33,within,within_fold0,0,0.5,0.3,25,inf,4,False,4.0,workload,0.38854415274463006,0.6939890710382514,183,88,512,156.0,
WAUC,33,within,within_fold0,0,0.5,0.3,50,inf,4,False,4.0,workload,0.31124917856502776,0.6557377049180327,183,88,512,167.0,
WAUC,33,within,within_fold0,0,0.5,0.3,100,inf,4,False,4.0,workload,0.1922939281879995,0.5956284153005464,183,88,512,197.0,
WAUC,33,within,within_fold0,1,0.5,0.3,inf,inf,4,False,4.0,workload,0.268480400930732,0.6338797814207651,183,88,512,204.0,
WAUC,33,within,within_fold0,1,0.5,0.3,25,inf,4,False,4.0,workload,0.36685755189692204,0.6830601092896175,183,88,512,199.0,
WAUC,33,within,within_fold0,1,0.5,0.3,50,inf,4,False,4.0,workload,0.18123247628706074,0.5901639344262295,183,88,512,195.0,
WAUC,33,within,within_fold0,1,0.5,0.3,100,inf,4,False,4.0,workload,0.18123247628706074,0.5901639344262295,183,88,512,175.0,
WAUC,33,within,within_fold0,2,0.5,0.3,inf,inf,4,False,4.0,workload,0.34447761194029847,0.6721311475409836,183,92,478,191.0,
WAUC,33,within,within_fold0,2,0.5,0.3,25,inf,4,False,4.0,workload,0.34447761194029847,0.6721311475409836,183,92,512,185.0,
WAUC,33,within,within_fold0,2,0.5,0.3,50,inf,4,False,4.0,workload,0.23522388059701493,0.6174863387978142,183,92,512,207.0,
WAUC,33,within,within_fold0,2,0.5,0.3,100,inf,4,False,4.0,workload,0.19055588762701736,0.5956284153005464,183,92,512,185.0,
WAUC,33,within,within_fold0,3,0.5,0.3,inf,inf,4,False,4.0,workload,0.1711561382598331,0.5846994535519126,183,72,512,183.0,
WAUC,33,within,within_fold0,3,0.5,0.3,25,inf,4,False,4.0,workload,0.35621012461987955,0.6775956284153005,183,72,512,188.0,
WAUC,33,within,within_fold0,3,0.5,0.3,50,inf,4,False,4.0,workload,0.1808415398388541,0.5901639344262295,183,72,512,183.0,
WAUC,33,within,within_fold0,3,0.5,0.3,100,inf,4,False,4.0,workload,0.3450250536864711,0.6721311475409836,183,72,512,197.0,
WAUC,33,within,within_fold0,42,0.5,0.3,inf,inf,4,False,4.0,workload,0.24529316837009152,0.6229508196721312,183,96,507,211.0,
WAUC,33,within,within_fold0,42,0.5,0.3,25,inf,4,False,4.0,workload,0.24529316837009152,0.6229508196721312,183,96,512,202.0,
WAUC,33,within,within_fold0,42,0.5,0.3,50,inf,4,False,4.0,workload,0.3662526868879866,0.6830601092896175,183,96,512,190.0,
WAUC,33,within,within_fold0,42,0.5,0.3,100,inf,4,False,4.0,workload,0.27832217973231355,0.639344262295082,183,96,512,188.0,
WAUC,34,within,within_fold0,0,0.5,0.3,inf,inf,4,False,4.0,workload,0.41002985074626863,0.7049180327868853,183,96,512,224.0,
WAUC,34,within,within_fold0,0,0.5,0.3,25,inf,4,False,4.0,workload,0.18093930894551535,0.5901639344262295,183,96,512,208.0,
WAUC,34,within,within_fold0,0,0.5,0.3,50,inf,4,False,4.0,workload,0.3224650662844859,0.6612021857923497,183,96,512,215.0,
WAUC,34,within,within_fold0,0,0.5,0.3,100,inf,4,False,4.0,workload,0.41002985074626863,0.7049180327868853,183,96,512,226.0,
WAUC,34,within,within_fold0,1,0.5,0.3,inf,inf,4,False,4.0,workload,0.24538337417080025,0.6229508196721312,183,100,492,184.0,
WAUC,34,within,within_fold0,1,0.5,0.3,25,inf,4,False,4.0,workload,0.26716872870719033,0.6338797814207651,183,100,512,206.0,
WAUC,34,within,within_fold0,1,0.5,0.3,50,inf,4,False,4.0,workload,0.3984220907297831,0.6994535519125683,183,100,512,200.0,
WAUC,34,within,within_fold0,1,0.5,0.3,100,inf,4,False,4.0,workload,0.004423985173671263,0.5027322404371585,183,100,512,206.0,
WAUC,34,within,within_fold0,2,0.5,0.3,inf,inf,4,False,4.0,workload,0.25645315487571696,0.6284153005464481,183,76,512,208.0,
WAUC,34,within,within_fold0,2,0.5,0.3,25,inf,4,False,4.0,workload,0.23494983277591974,0.6174863387978142,183,76,512,198.0,
WAUC,34,within,within_fold0,2,0.5,0.3,50,inf,4,False,4.0,workload,0.3554414661811236,0.6775956284153005,183,76,512,219.0,
WAUC,34,within,within_fold0,2,0.5,0.3,100,inf,4,False,4.0,workload,0.1903623101757742,0.5956284153005464,183,76,512,206.0,
WAUC,34,within,within_fold0,3,0.5,0.3,inf,inf,4,False,4.0,workload,0.35459381911650434,0.6775956284153005,183,84,512,215.0,
WAUC,34,within,within_fold0,3,0.5,0.3,25,inf,4,False,4.0,workload,0.20259058079150005,0.6010928961748634,183,84,512,179.0,
WAUC,34,within,within_fold0,3,0.5,0.3,50,inf,4,False,4.0,workload,0.2019236513531274,0.6010928961748634,183,84,495,165.0,
WAUC,34,within,within_fold0,3,0.5,0.3,100,inf,4,False,4.0,workload,0.11478053150194079,0.5573770491803278,183,84,512,188.0,
WAUC,34,within,within_fold0,42,0.5,0.3,inf,inf,4,False,4.0,workload,0.39899683525407537,0.6994535519125683,183,94,500,188.0,
WAUC,34,within,within_fold0,42,0.5,0.3,25,inf,4,False,4.0,workload,0.22378875679550747,0.6120218579234973,183,94,512,196.0,
WAUC,34,within,within_fold0,42,0.5,0.3,50,inf,4,False,4.0,workload,0.3880329630956647,0.6939890710382514,183,94,512,215.0,
WAUC,34,within,within_fold0,42,0.5,0.3,100,inf,4,False,4.0,workload,0.22378875679550747,0.6120218579234973,183,94,512,190.0,
WAUC,35,within,within_fold0,0,0.5,0.3,inf,inf,4,False,4.0,workload,0.32383638928067704,0.6928104575163399,153,72,426,147.0,
WAUC,35,within,within_fold0,0,0.5,0.3,25,inf,4,False,4.0,workload,0.44241982507288635,0.738562091503268,153,72,426,144.0,
WAUC,35,within,within_fold0,0,0.5,0.3,50,inf,4,False,4.0,workload,0.44555173038593954,0.738562091503268,153,72,426,142.0,
WAUC,35,within,within_fold0,0,0.5,0.3,100,inf,4,False,4.0,workload,0.32383638928067704,0.6928104575163399,153,72,426,136.0,
WAUC,35,within,within_fold0,1,0.5,0.3,inf,inf,4,False,4.0,workload,0.299149294194634,0.6797385620915033,153,92,362,126.0,
WAUC,35,within,within_fold0,1,0.5,0.3,25,inf,4,False,4.0,workload,0.299149294194634,0.6797385620915033,153,92,306,116.0,
WAUC,35,within,within_fold0,1,0.5,0.3,50,inf,4,False,4.0,workload,0.299149294194634,0.6797385620915033,153,92,320,111.0,
WAUC,35,within,within_fold0,1,0.5,0.3,100,inf,4,False,4.0,workload,0.299149294194634,0.6797385620915033,153,92,356,115.0,
WAUC,35,within,within_fold0,2,0.5,0.3,inf,inf,4,False,4.0,workload,0.2950511945392491,0.6470588235294118,153,94,426,146.0,
WAUC,35,within,within_fold0,2,0.5,0.3,25,inf,4,False,4.0,workload,0.2950511945392491,0.6470588235294118,153,94,426,119.0,
WAUC,35,within,within_fold0,2,0.5,0.3,50,inf,4,False,4.0,workload,0.2578503957110032,0.6274509803921569,153,94,426,131.0,
WAUC,35,within,within_fold0,2,0.5,0.3,100,inf,4,False,4.0,workload,0.3574668234503612,0.673202614379085,153,94,426,137.0,
WAUC,35,within,within_fold0,3,0.5,0.3,inf,inf,4,False,4.0,workload,0.2236174421604885,0.6143790849673203,153,98,426,150.0,
WAUC,35,within,within_fold0,3,0.5,0.3,25,inf,4,False,4.0,workload,0.2910874897792314,0.6666666666666666,153,98,426,145.0,
WAUC,35,within,within_fold0,3,0.5,0.3,50,inf,4,False,4.0,workload,0.2910874897792314,0.6666666666666666,153,98,426,129.0,
WAUC,35,within,within_fold0,3,0.5,0.3,100,inf,4,False,4.0,workload,0.29123328380386326,0.6535947712418301,153,98,426,136.0,
WAUC,35,within,within_fold0,42,0.5,0.3,inf,inf,4,False,4.0,workload,0.34014625914119634,0.6993464052287581,153,92,426,173.0,
WAUC,35,within,within_fold0,42,0.5,0.3,25,inf,4,False,4.0,workload,0.2700381679389313,0.673202614379085,153,92,426,138.0,
WAUC,35,within,within_fold0,42,0.5,0.3,50,inf,4,False,4.0,workload,0.32039397450753193,0.6993464052287581,153,92,426,143.0,
WAUC,35,within,within_fold0,42,0.5,0.3,100,inf,4,False,4.0,workload,0.3488130142816608,0.7058823529411765,153,92,426,157.0,
WAUC,36,within,within_fold0,0,0.5,0.3,inf,inf,4,False,4.0,workload,0.15217391304347827,0.5760869565217391,184,52,513,214.0,
WAUC,36,within,within_fold0,0,0.5,0.3,25,inf,4,False,4.0,workload,0.05434782608695654,0.5271739130434783,184,52,513,239.0,
WAUC,36,within,within_fold0,0,0.5,0.3,50,inf,4,False,4.0,workload,-0.04347826086956519,0.4782608695652174,184,52,513,239.0,
WAUC,36,within,within_fold0,0,0.5,0.3,100,inf,4,False,4.0,workload,-0.010869565217391353,0.4945652173913043,184,52,513,230.0,
WAUC,36,within,within_fold0,1,0.5,0.3,inf,inf,4,False,4.0,workload,0.15217391304347827,0.5760869565217391,184,86,513,224.0,
WAUC,36,within,within_fold0,1,0.5,0.3,25,inf,4,False,4.0,workload,0.25,0.625,184,86,513,216.0,
WAUC,36,within,within_fold0,1,0.5,0.3,50,inf,4,False,4.0,workload,0.07608695652173914,0.5380434782608695,184,86,513,226.0,
WAUC,36,within,within_fold0,1,0.5,0.3,100,inf,4,False,4.0,workload,0.07608695652173914,0.5380434782608695,184,86,513,219.0,
WAUC,36,within,within_fold0,2,0.5,0.3,inf,inf,4,False,4.0,workload,0.03260869565217395,0.5163043478260869,184,84,513,244.0,
WAUC,36,within,within_fold0,2,0.5,0.3,25,inf,4,False,4.0,workload,0.08695652173913049,0.5434782608695652,184,84,513,233.0,
WAUC,36,within,within_fold0,2,0.5,0.3,50,inf,4,False,4.0,workload,0.21739130434782605,0.6086956521739131,184,84,513,242.0,
WAUC,36,within,within_fold0,2,0.5,0.3,100,inf,4,False,4.0,workload,0.3369565217391305,0.6684782608695652,184,84,513,231.0,
WAUC,36,within,within_fold0,3,0.5,0.3,inf,inf,4,False,4.0,workload,0.23913043478260865,0.6195652173913043,184,86,513,208.0,
WAUC,36,within,within_fold0,3,0.5,0.3,25,inf,4,False,4.0,workload,0.2282608695652174,0.6141304347826086,184,86,513,188.0,
WAUC,36,within,within_fold0,3,0.5,0.3,50,inf,4,False,4.0,workload,0.23913043478260865,0.6195652173913043,184,86,513,206.0,
WAUC,36,within,within_fold0,3,0.5,0.3,100,inf,4,False,4.0,workload,0.2282608695652174,0.6141304347826086,184,86,513,204.0,
WAUC,36,within,within_fold0,42,0.5,0.3,inf,inf,4,False,4.0,workload,-0.04347826086956519,0.4782608695652174,184,78,485,216.0,
WAUC,36,within,within_fold0,42,0.5,0.3,25,inf,4,False,4.0,workload,0.15217391304347827,0.5760869565217391,184,78,513,226.0,
WAUC,36,within,within_fold0,42,0.5,0.3,50,inf,4,False,4.0,workload,0.07608695652173914,0.5380434782608695,184,78,513,219.0,
WAUC,36,within,within_fold0,42,0.5,0.3,100,inf,4,False,4.0,workload,-0.04347826086956519,0.4782608695652174,184,78,490,221.0,
WAUC,37,within,within_fold0,0,0.5,0.3,inf,inf,4,False,4.0,workload,0.5405308464849354,0.7704918032786885,183,100,509,157.0,
WAUC,37,within,within_fold0,0,0.5,0.3,25,inf,4,False,4.0,workload,0.5191113234591496,0.7595628415300546,183,100,512,143.0,
WAUC,37,within,within_fold0,0,0.5,0.3,50,inf,4,False,4.0,workload,0.5517653384312086,0.7759562841530054,183,100,512,134.0,
WAUC,37,within,within_fold0,0,0.5,0.3,100,inf,4,False,4.0,workload,0.46392060740120755,0.73224043715847,183,100,512,157.0,
WAUC,37,within,within_fold0,1,0.5,0.3,inf,inf,4,False,4.0,workload,0.48666069829901526,0.7431693989071039,183,100,512,133.0,
WAUC,37,within,within_fold0,1,0.5,0.3,25,inf,4,False,4.0,workload,0.5080351275464484,0.7540983606557377,183,100,512,119.0,
WAUC,37,within,within_fold0,1,0.5,0.3,50,inf,4,False,4.0,workload,0.5404759057754395,0.7704918032786885,183,100,512,125.0,
WAUC,37,within,within_fold0,1,0.5,0.3,100,inf,4,False,4.0,workload,0.48623140792067376,0.7431693989071039,183,100,512,127.0,
WAUC,37,within,within_fold0,2,0.5,0.3,inf,inf,4,False,4.0,workload,0.46398469723235103,0.73224043715847,183,100,512,123.0,
WAUC,37,within,within_fold0,2,0.5,0.3,25,inf,4,False,4.0,workload,0.5074466176206711,0.7540983606557377,183,100,512,136.0,
WAUC,37,within,within_fold0,2,0.5,0.3,50,inf,4,False,4.0,workload,0.49647086972125853,0.7486338797814208,183,100,512,125.0,
WAUC,37,within,within_fold0,2,0.5,0.3,100,inf,4,False,4.0,workload,0.5074466176206711,0.7540983606557377,183,100,512,132.0,
WAUC,37,within,within_fold0,3,0.5,0.3,inf,inf,4,False,4.0,workload,0.39835017036284304,0.6994535519125683,183,100,512,137.0,
WAUC,37,within,within_fold0,3,0.5,0.3,25,inf,4,False,4.0,workload,0.5951085331579262,0.7978142076502732,183,100,512,127.0,
WAUC,37,within,within_fold0,3,0.5,0.3,50,inf,4,False,4.0,workload,0.5410247223217485,0.7704918032786885,183,100,512,121.0,
WAUC,37,within,within_fold0,3,0.5,0.3,100,inf,4,False,4.0,workload,0.5628806879254747,0.7814207650273224,183,100,512,129.0,
WAUC,37,within,within_fold0,42,0.5,0.3,inf,inf,4,False,4.0,workload,0.5954955493159687,0.7978142076502732,183,100,512,136.0,
WAUC,37,within,within_fold0,42,0.5,0.3,25,inf,4,False,4.0,workload,0.5954955493159687,0.7978142076502732,183,100,512,113.0,
WAUC,37,within,within_fold0,42,0.5,0.3,50,inf,4,False,4.0,workload,0.3982782327972738,0.6994535519125683,183,100,512,136.0,
WAUC,37,within,within_fold0,42,0.5,0.3,100,inf,4,False,4.0,workload,0.4864154773989371,0.7431693989071039,183,100,512,120.0,
WAUC,38,within,within_fold0,0,0.5,0.3,inf,inf,4,False,4.0,workload,0.1253435296929143,0.5628415300546448,183,82,512,211.0,
WAUC,38,within,within_fold0,0,0.5,0.3,25,inf,4,False,4.0,workload,0.2565420002389771,0.6284153005464481,183,82,512,210.0,
WAUC,38,within,within_fold0,0,0.5,0.3,50,inf,4,False,4.0,workload,0.20240014329213674,0.6010928961748634,183,82,512,212.0,
WAUC,38,within,within_fold0,0,0.5,0.3,100,inf,4,False,4.0,workload,-0.016484500985486594,0.4918032786885246,183,82,512,205.0,
WAUC,38,within,within_fold0,1,0.5,0.3,inf,inf,4,False,4.0,workload,0.1930639971397926,0.5956284153005464,183,56,512,210.0,
WAUC,38,within,within_fold0,1,0.5,0.3,25,inf,4,False,4.0,workload,0.1821107204576604,0.5901639344262295,183,56,512,200.0,
WAUC,38,within,within_fold0,1,0.5,0.3,50,inf,4,False,4.0,workload,0.30219256434699715,0.6502732240437158,183,56,512,200.0,
WAUC,38,within,within_fold0,1,0.5,0.3,100,inf,4,False,4.0,workload,0.30219256434699715,0.6502732240437158,183,56,512,203.0,
WAUC,38,within,within_fold0,2,0.5,0.3,inf,inf,4,False,4.0,workload,0.23531518624641834,0.6174863387978142,183,70,466,187.0,
WAUC,38,within,within_fold0,2,0.5,0.3,25,inf,4,False,4.0,workload,0.0063249597231338495,0.5027322404371585,183,70,512,189.0,
WAUC,38,within,within_fold0,2,0.5,0.3,50,inf,4,False,4.0,workload,0.08183012782224353,0.5409836065573771,183,70,512,188.0,
WAUC,38,within,within_fold0,2,0.5,0.3,100,inf,4,False,4.0,workload,0.12586577501791263,0.5628415300546448,183,70,512,206.0,
WAUC,38,within,within_fold0,3,0.5,0.3,inf,inf,4,False,4.0,workload,0.2798712139279752,0.639344262295082,183,58,512,200.0,
WAUC,38,within,within_fold0,3,0.5,0.3,25,inf,4,False,4.0,workload,0.2907399678015622,0.644808743169399,183,58,512,186.0,
WAUC,38,within,within_fold0,3,0.5,0.3,50,inf,4,False,4.0,workload,0.18191571794718964,0.5901639344262295,183,58,512,192.0,
WAUC,38,within,within_fold0,3,0.5,0.3,100,inf,4,False,4.0,workload,0.2359537158535131,0.6174863387978142,183,58,512,195.0,
WAUC,38,within,within_fold0,42,0.5,0.3,inf,inf,4,False,4.0,workload,0.44223988525667846,0.7213114754098361,183,36,512,201.0,
WAUC,38,within,within_fold0,42,0.5,0.3,25,inf,4,False,4.0,workload,0.11382794284689424,0.5573770491803278,183,36,512,214.0,
WAUC,38,within,within_fold0,42,0.5,0.3,50,inf,4,False,4.0,workload,0.11382794284689424,0.5573770491803278,183,36,498,216.0,
WAUC,38,within,within_fold0,42,0.5,0.3,100,inf,4,False,4.0,workload,0.1573880284637923,0.5792349726775956,183,36,512,221.0,
WAUC,39,within,within_fold0,0,0.5,0.3,inf,inf,4,False,4.0,workload,,,0,0,0,0.0,"y should be a 1d array with more than two classes, but got 1 class from ['high' 'high' 'high' 'high' 'high' 'high' 'high' 'high' 'high' 'high'
 'high' 'high' 'high' 'high' 'high' 'high' 'high' 'high' 'high' 'high'
 'high' 'high']"
WAUC,39,within,within_fold0,0,0.5,0.3,25,inf,4,False,4.0,workload,,,0,0,0,0.0,"y should be a 1d array with more than two classes, but got 1 class from ['high' 'high' 'high' 'high' 'high' 'high' 'high' 'high' 'high' 'high'
 'high' 'high' 'high' 'high' 'high' 'high' 'high' 'high' 'high' 'high'
 'high' 'high']"
WAUC,39,within,within_fold0,0,0.5,0.3,50,inf,4,False,4.0,workload,,,0,0,0,0.0,"y should be a 1d array with more than two classes, but got 1 class from ['high' 'high' 'high' 'high' 'high' 'high' 'high' 'high' 'high' 'high'
 'high' 'high' 'high' 'high' 'high' 'high' 'high' 'high' 'high' 'high'
 'high' 'high']"
WAUC,39,within,within_fold0,0,0.5,0.3,100,inf,4,False,4.0,workload,,,0,0,0,0.0,"y should be a 1d array with more than two classes, but got 1 class from ['high' 'high' 'high' 'high' 'high' 'high' 'high' 'high' 'high' 'high'
 'high' 'high' 'high' 'high' 'high' 'high' 'high' 'high' 'high' 'high'
 'high' 'high']"
WAUC,39,within,within_fold0,1,0.5,0.3,inf,inf,4,False,4.0,workload,,,0,0,0,0.0,"y should be a 1d array with more than two classes, but got 1 class from ['high' 'high' 'high' 'high' 'high' 'high' 'high' 'high' 'high' 'high'
 'high' 'high' 'high' 'high' 'high' 'high' 'high' 'high' 'high' 'high'
 'high' 'high']"
WAUC,39,within,within_fold0,1,0.5,0.3,25,inf,4,False,4.0,workload,,,0,0,0,0.0,"y should be a 1d array with more than two classes, but got 1 class from ['high' 'high' 'high' 'high' 'high' 'high' 'high' 'high' 'high' 'high'
 'high' 'high' 'high' 'high' 'high' 'high' 'high' 'high' 'high' 'high'
 'high' 'high']"
WAUC,39,within,within_fold0,1,0.5,0.3,50,inf,4,False,4.0,workload,,,0,0,0,0.0,"y should be a 1d array with more than two classes, but got 1 class from ['high' 'high' 'high' 'high' 'high' 'high' 'high' 'high' 'high' 'high'
 'high' 'high' 'high' 'high' 'high' 'high' 'high' 'high' 'high' 'high'
 'high' 'high']"
WAUC,39,within,within_fold0,1,0.5,0.3,100,inf,4,False,4.0,workload,,,0,0,0,0.0,"y should be a 1d array with more than two classes, but got 1 class from ['high' 'high' 'high' 'high' 'high' 'high' 'high' 'high' 'high' 'high'
 'high' 'high' 'high' 'high' 'high' 'high' 'high' 'high' 'high' 'high'
 'high' 'high']"
WAUC,39,within,within_fold0,2,0.5,0.3,inf,inf,4,False,4.0,workload,,,0,0,0,0.0,"y should be a 1d array with more than two classes, but got 1 class from ['high' 'high' 'high' 'high' 'high' 'high' 'high' 'high' 'high' 'high'
 'high' 'high' 'high' 'high' 'high' 'high' 'high' 'high' 'high' 'high'
 'high' 'high']"
WAUC,39,within,within_fold0,2,0.5,0.3,25,inf,4,False,4.0,workload,,,0,0,0,0.0,"y should be a 1d array with more than two classes, but got 1 class from ['high' 'high' 'high' 'high' 'high' 'high' 'high' 'high' 'high' 'high'
 'high' 'high' 'high' 'high' 'high' 'high' 'high' 'high' 'high' 'high'
 'high' 'high']"
WAUC,39,within,within_fold0,2,0.5,0.3,50,inf,4,False,4.0,workload,,,0,0,0,0.0,"y should be a 1d array with more than two classes, but got 1 class from ['high' 'high' 'high' 'high' 'high' 'high' 'high' 'high' 'high' 'high'
 'high' 'high' 'high' 'high' 'high' 'high' 'high' 'high' 'high' 'high'
 'high' 'high']"
WAUC,39,within,within_fold0,2,0.5,0.3,100,inf,4,False,4.0,workload,,,0,0,0,0.0,"y should be a 1d array with more than two classes, but got 1 class from ['high' 'high' 'high' 'high' 'high' 'high' 'high' 'high' 'high' 'high'
 'high' 'high' 'high' 'high' 'high' 'high' 'high' 'high' 'high' 'high'
 'high' 'high']"
WAUC,39,within,within_fold0,3,0.5,0.3,inf,inf,4,False,4.0,workload,,,0,0,0,0.0,"y should be a 1d array with more than two classes, but got 1 class from ['high' 'high' 'high' 'high' 'high' 'high' 'high' 'high' 'high' 'high'
 'high' 'high' 'high' 'high' 'high' 'high' 'high' 'high' 'high' 'high'
 'high' 'high']"
WAUC,39,within,within_fold0,3,0.5,0.3,25,inf,4,False,4.0,workload,,,0,0,0,0.0,"y should be a 1d array with more than two classes, but got 1 class from ['high' 'high' 'high' 'high' 'high' 'high' 'high' 'high' 'high' 'high'
 'high' 'high' 'high' 'high' 'high' 'high' 'high' 'high' 'high' 'high'
 'high' 'high']"
WAUC,39,within,within_fold0,3,0.5,0.3,50,inf,4,False,4.0,workload,,,0,0,0,0.0,"y should be a 1d array with more than two classes, but got 1 class from ['high' 'high' 'high' 'high' 'high' 'high' 'high' 'high' 'high' 'high'
 'high' 'high' 'high' 'high' 'high' 'high' 'high' 'high' 'high' 'high'
 'high' 'high']"
WAUC,39,within,within_fold0,3,0.5,0.3,100,inf,4,False,4.0,workload,,,0,0,0,0.0,"y should be a 1d array with more than two classes, but got 1 class from ['high' 'high' 'high' 'high' 'high' 'high' 'high' 'high' 'high' 'high'
 'high' 'high' 'high' 'high' 'high' 'high' 'high' 'high' 'high' 'high'
 'high' 'high']"
WAUC,39,within,within_fold0,42,0.5,0.3,inf,inf,4,False,4.0,workload,,,0,0,0,0.0,"y should be a 1d array with more than two classes, but got 1 class from ['high' 'high' 'high' 'high' 'high' 'high' 'high' 'high' 'high' 'high'
 'high' 'high' 'high' 'high' 'high' 'high' 'high' 'high' 'high' 'high'
 'high' 'high']"
WAUC,39,within,within_fold0,42,0.5,0.3,25,inf,4,False,4.0,workload,,,0,0,0,0.0,"y should be a 1d array with more than two classes, but got 1 class from ['high' 'high' 'high' 'high' 'high' 'high' 'high' 'high' 'high' 'high'
 'high' 'high' 'high' 'high' 'high' 'high' 'high' 'high' 'high' 'high'
 'high' 'high']"
WAUC,39,within,within_fold0,42,0.5,0.3,50,inf,4,False,4.0,workload,,,0,0,0,0.0,"y should be a 1d array with more than two classes, but got 1 class from ['high' 'high' 'high' 'high' 'high' 'high' 'high' 'high' 'high' 'high'
 'high' 'high' 'high' 'high' 'high' 'high' 'high' 'high' 'high' 'high'
 'high' 'high']"
WAUC,39,within,within_fold0,42,0.5,0.3,100,inf,4,False,4.0,workload,,,0,0,0,0.0,"y should be a 1d array with more than two classes, but got 1 class from ['high' 'high' 'high' 'high' 'high' 'high' 'high' 'high' 'high' 'high'
 'high' 'high' 'high' 'high' 'high' 'high' 'high' 'high' 'high' 'high'
 'high' 'high']"
WAUC,40,within,within_fold0,0,0.5,0.3,inf,inf,4,False,4.0,workload,0.1444444444444445,0.5722222222222222,180,98,502,201.0,
WAUC,40,within,within_fold0,0,0.5,0.3,25,inf,4,False,4.0,workload,0.2222222222222222,0.6111111111111112,180,98,502,213.0,
WAUC,40,within,within_fold0,0,0.5,0.3,50,inf,4,False,4.0,workload,0.15555555555555556,0.5777777777777777,180,98,502,197.0,
WAUC,40,within,within_fold0,0,0.5,0.3,100,inf,4,False,4.0,workload,0.28888888888888886,0.6444444444444445,180,98,502,200.0,
WAUC,40,within,within_fold0,1,0.5,0.3,inf,inf,4,False,4.0,workload,0.18888888888888888,0.5944444444444444,180,96,502,236.0,
WAUC,40,within,within_fold0,1,0.5,0.3,25,inf,4,False,4.0,workload,0.0888888888888889,0.5444444444444444,180,96,502,206.0,
WAUC,40,within,within_fold0,1,0.5,0.3,50,inf,4,False,4.0,workload,0.0888888888888889,0.5444444444444444,180,96,502,205.0,
WAUC,40,within,within_fold0,1,0.5,0.3,100,inf,4,False,4.0,workload,0.09999999999999998,0.55,180,96,502,215.0,
WAUC,40,within,within_fold0,2,0.5,0.3,inf,inf,4,False,4.0,workload,0.24444444444444446,0.6222222222222222,180,96,502,205.0,
WAUC,40,within,within_fold0,2,0.5,0.3,25,inf,4,False,4.0,workload,0.4,0.7,180,96,502,171.0,
WAUC,40,within,within_fold0,2,0.5,0.3,50,inf,4,False,4.0,workload,0.11111111111111116,0.5555555555555556,180,96,502,201.0,
WAUC,40,within,within_fold0,2,0.5,0.3,100,inf,4,False,4.0,workload,0.11111111111111116,0.5555555555555556,180,96,502,184.0,
WAUC,40,within,within_fold0,3,0.5,0.3,inf,inf,4,False,4.0,workload,0.2222222222222222,0.6111111111111112,180,94,502,177.0,
WAUC,40,within,within_fold0,3,0.5,0.3,25,inf,4,False,4.0,workload,0.0444444444444444,0.5222222222222223,180,94,502,190.0,
WAUC,40,within,within_fold0,3,0.5,0.3,50,inf,4,False,4.0,workload,0.24444444444444446,0.6222222222222222,180,94,502,197.0,
WAUC,40,within,within_fold0,3,0.5,0.3,100,inf,4,False,4.0,workload,0.19999999999999996,0.6,180,94,502,188.0,
WAUC,40,within,within_fold0,42,0.5,0.3,inf,inf,4,False,4.0,workload,0.2222222222222222,0.6111111111111112,180,98,502,210.0,
WAUC,40,within,within_fold0,42,0.5,0.3,25,inf,4,False,4.0,workload,0.2222222222222222,0.6111111111111112,180,98,502,198.0,
WAUC,40,within,within_fold0,42,0.5,0.3,50,inf,4,False,4.0,workload,0.23333333333333328,0.6166666666666667,180,98,502,209.0,
WAUC,40,within,within_fold0,42,0.5,0.3,100,inf,4,False,4.0,workload,0.30000000000000004,0.65,180,98,502,191.0,
WAUC,41,within,within_fold0,0,0.5,0.3,inf,inf,4,False,4.0,workload,0.6086956521739131,0.8043478260869565,184,100,515,117.0,
WAUC,41,within,within_fold0,0,0.5,0.3,25,inf,4,False,4.0,workload,0.6086956521739131,0.8043478260869565,184,100,515,116.0,
WAUC,41,within,within_fold0,0,0.5,0.3,50,inf,4,False,4.0,workload,0.6086956521739131,0.8043478260869565,184,100,515,123.0,
WAUC,41,within,within_fold0,0,0.5,0.3,100,inf,4,False,4.0,workload,0.5,0.75,184,100,515,125.0,
WAUC,41,within,within_fold0,1,0.5,0.3,inf,inf,4,False,4.0,workload,0.5978260869565217,0.7989130434782609,184,100,474,116.0,
WAUC,41,within,within_fold0,1,0.5,0.3,25,inf,4,False,4.0,workload,0.5978260869565217,0.7989130434782609,184,100,515,106.0,
WAUC,41,within,within_fold0,1,0.5,0.3,50,inf,4,False,4.0,workload,0.6739130434782609,0.8369565217391305,184,100,515,118.0,
WAUC,41,within,within_fold0,1,0.5,0.3,100,inf,4,False,4.0,workload,0.6739130434782609,0.8369565217391305,184,100,515,118.0,
WAUC,41,within,within_fold0,2,0.5,0.3,inf,inf,4,False,4.0,workload,0.6304347826086957,0.8152173913043478,184,100,504,119.0,
WAUC,41,within,within_fold0,2,0.5,0.3,25,inf,4,False,4.0,workload,0.6086956521739131,0.8043478260869565,184,100,515,107.0,
WAUC,41,within,within_fold0,2,0.5,0.3,50,inf,4,False,4.0,workload,0.5217391304347826,0.7608695652173914,184,100,515,110.0,
WAUC,41,within,within_fold0,2,0.5,0.3,100,inf,4,False,4.0,workload,0.6304347826086957,0.8152173913043478,184,100,498,111.0,
WAUC,41,within,within_fold0,3,0.5,0.3,inf,inf,4,False,4.0,workload,0.5326086956521738,0.7663043478260869,184,100,515,127.0,
WAUC,41,within,within_fold0,3,0.5,0.3,25,inf,4,False,4.0,workload,0.6413043478260869,0.8206521739130435,184,100,515,115.0,
WAUC,41,within,within_fold0,3,0.5,0.3,50,inf,4,False,4.0,workload,0.42391304347826086,0.7119565217391305,184,100,515,117.0,
WAUC,41,within,within_fold0,3,0.5,0.3,100,inf,4,False,4.0,workload,0.6413043478260869,0.8206521739130435,184,100,515,117.0,
WAUC,41,within,within_fold0,42,0.5,0.3,inf,inf,4,False,4.0,workload,0.6847826086956521,0.842391304347826,184,100,515,146.0,
WAUC,41,within,within_fold0,42,0.5,0.3,25,inf,4,False,4.0,workload,0.7282608695652174,0.8641304347826086,184,100,515,95.0,
WAUC,41,within,within_fold0,42,0.5,0.3,50,inf,4,False,4.0,workload,0.6413043478260869,0.8206521739130435,184,100,515,111.0,
WAUC,41,within,within_fold0,42,0.5,0.3,100,inf,4,False,4.0,workload,0.6304347826086957,0.8152173913043478,184,100,515,111.0,
WAUC,42,within,within_fold0,0,0.5,0.3,inf,inf,4,False,4.0,workload,0.4090419806243273,0.7049180327868853,183,100,487,175.0,
WAUC,42,within,within_fold0,0,0.5,0.3,25,inf,4,False,4.0,workload,0.4090419806243273,0.7049180327868853,183,100,508,179.0,
WAUC,42,within,within_fold0,0,0.5,0.3,50,inf,4,False,4.0,workload,0.4090419806243273,0.7049180327868853,183,100,490,182.0,
WAUC,42,within,within_fold0,0,0.5,0.3,100,inf,4,False,4.0,workload,0.4090419806243273,0.7049180327868853,183,100,489,165.0,
WAUC,42,within,within_fold0,1,0.5,0.3,inf,inf,4,False,4.0,workload,0.20344642537713908,0.6010928961748634,183,88,512,214.0,
WAUC,42,within,within_fold0,1,0.5,0.3,25,inf,4,False,4.0,workload,0.15969944540521197,0.5792349726775956,183,88,512,186.0,
WAUC,42,within,within_fold0,1,0.5,0.3,50,inf,4,False,4.0,workload,0.1591980428426517,0.5792349726775956,183,88,512,189.0,
WAUC,42,within,within_fold0,1,0.5,0.3,100,inf,4,False,4.0,workload,0.11562555933416863,0.5573770491803278,183,88,512,193.0,
WAUC,42,within,within_fold0,2,0.5,0.3,inf,inf,4,False,4.0,workload,0.27832217973231355,0.639344262295082,183,84,512,184.0,
WAUC,42,within,within_fold0,2,0.5,0.3,25,inf,4,False,4.0,workload,0.4643689146407025,0.73224043715847,183,84,512,182.0,
WAUC,42,within,within_fold0,2,0.5,0.3,50,inf,4,False,4.0,workload,0.26804369888364876,0.6338797814207651,183,84,512,175.0,
WAUC,42,within,within_fold0,2,0.5,0.3,100,inf,4,False,4.0,workload,0.3111668757841908,0.6557377049180327,183,84,512,195.0,
WAUC,42,within,within_fold0,3,0.5,0.3,inf,inf,4,False,4.0,workload,0.19181188827882545,0.5956284153005464,183,74,512,208.0,
WAUC,42,within,within_fold0,3,0.5,0.3,25,inf,4,False,4.0,workload,0.15939867565471577,0.5792349726775956,183,74,512,196.0,
WAUC,42,within,within_fold0,3,0.5,0.3,50,inf,4,False,4.0,workload,0.3436939629408249,0.6721311475409836,183,74,512,180.0,
WAUC,42,within,within_fold0,3,0.5,0.3,100,inf,4,False,4.0,workload,0.15939867565471577,0.5792349726775956,183,74,512,197.0,
WAUC,42,within,within_fold0,42,0.5,0.3,inf,inf,4,False,4.0,workload,0.14649605357569961,0.5737704918032787,183,96,512,199.0,
WAUC,42,within,within_fold0,42,0.5,0.3,25,inf,4,False,4.0,workload,0.14649605357569961,0.5737704918032787,183,96,512,165.0,
WAUC,42,within,within_fold0,42,0.5,0.3,50,inf,4,False,4.0,workload,0.14649605357569961,0.5737704918032787,183,96,512,177.0,
WAUC,42,within,within_fold0,42,0.5,0.3,100,inf,4,False,4.0,workload,0.35420778754710214,0.6775956284153005,183,96,512,198.0,
WAUC,43,within,within_fold0,0,0.5,0.3,inf,inf,4,False,4.0,workload,0.3221412355120086,0.6612021857923497,183,100,498,162.0,
WAUC,43,within,within_fold0,0,0.5,0.3,25,inf,4,False,4.0,workload,0.33231652610802076,0.6666666666666666,183,100,511,167.0,
WAUC,43,within,within_fold0,0,0.5,0.3,50,inf,4,False,4.0,workload,0.33231652610802076,0.6666666666666666,183,100,511,169.0,
WAUC,43,within,within_fold0,0,0.5,0.3,100,inf,4,False,4.0,workload,0.5626717648464572,0.7814207650273224,183,100,511,149.0,
WAUC,43,within,within_fold0,1,0.5,0.3,inf,inf,4,False,4.0,workload,0.5961710502773305,0.7978142076502732,183,100,495,156.0,
WAUC,43,within,within_fold0,1,0.5,0.3,25,inf,4,False,4.0,workload,0.5305732864045816,0.7650273224043715,183,100,511,117.0,
WAUC,43,within,within_fold0,1,0.5,0.3,50,inf,4,False,4.0,workload,0.5305732864045816,0.7650273224043715,183,100,511,128.0,
WAUC,43,within,within_fold0,1,0.5,0.3,100,inf,4,False,4.0,workload,0.5305732864045816,0.7650273224043715,183,100,511,136.0,
WAUC,43,within,within_fold0,2,0.5,0.3,inf,inf,4,False,4.0,workload,0.43160912674710317,0.7158469945355191,183,100,511,147.0,
WAUC,43,within,within_fold0,2,0.5,0.3,25,inf,4,False,4.0,workload,0.5957370589288913,0.7978142076502732,183,100,511,121.0,
WAUC,43,within,within_fold0,2,0.5,0.3,50,inf,4,False,4.0,workload,0.48635413556285456,0.7431693989071039,183,100,511,119.0,
WAUC,43,within,within_fold0,2,0.5,0.3,100,inf,4,False,4.0,workload,0.4534703141799068,0.726775956284153,183,100,511,136.0,
WAUC,43,within,within_fold0,3,0.5,0.3,inf,inf,4,False,4.0,workload,0.4536008599068434,0.726775956284153,183,100,511,143.0,
WAUC,43,within,within_fold0,3,0.5,0.3,25,inf,4,False,4.0,workload,0.6392688608804731,0.819672131147541,183,100,511,114.0,
WAUC,43,within,within_fold0,3,0.5,0.3,50,inf,4,False,4.0,workload,0.36670644391408114,0.6830601092896175,183,100,511,124.0,
WAUC,43,within,within_fold0,3,0.5,0.3,100,inf,4,False,4.0,workload,0.5410795318844042,0.7704918032786885,183,100,511,146.0,
WAUC,43,within,within_fold0,42,0.5,0.3,inf,inf,4,False,4.0,workload,0.3884711779448621,0.6939890710382514,183,100,492,158.0,
WAUC,43,within,within_fold0,42,0.5,0.3,25,inf,4,False,4.0,workload,0.3881060425125388,0.6939890710382514,183,100,511,161.0,
WAUC,43,within,within_fold0,42,0.5,0.3,50,inf,4,False,4.0,workload,0.3884711779448621,0.6939890710382514,183,100,511,141.0,
WAUC,43,within,within_fold0,42,0.5,0.3,100,inf,4,False,4.0,workload,0.4974328358208955,0.7486338797814208,183,100,511,131.0,
WAUC,44,within,within_fold0,0,0.5,0.3,inf,inf,4,False,4.0,workload,0.11956521739130432,0.5597826086956522,184,62,468,204.0,
WAUC,44,within,within_fold0,0,0.5,0.3,25,inf,4,False,4.0,workload,0.11956521739130432,0.5597826086956522,184,62,509,221.0,
WAUC,44,within,within_fold0,0,0.5,0.3,50,inf,4,False,4.0,workload,0.11956521739130432,0.5597826086956522,184,62,442,200.0,
WAUC,44,within,within_fold0,0,0.5,0.3,100,inf,4,False,4.0,workload,0.11956521739130432,0.5597826086956522,184,62,441,203.0,
WAUC,44,within,within_fold0,1,0.5,0.3,inf,inf,4,False,4.0,workload,0.2065217391304348,0.6032608695652174,184,72,515,209.0,
WAUC,44,within,within_fold0,1,0.5,0.3,25,inf,4,False,4.0,workload,0.08695652173913049,0.5434782608695652,184,72,515,230.0,
WAUC,44,within,within_fold0,1,0.5,0.3,50,inf,4,False,4.0,workload,0.04347826086956519,0.5217391304347826,184,72,515,225.0,
WAUC,44,within,within_fold0,1,0.5,0.3,100,inf,4,False,4.0,workload,0.3152173913043478,0.657608695652174,184,72,515,212.0,
WAUC,44,within,within_fold0,2,0.5,0.3,inf,inf,4,False,4.0,workload,0.15217391304347827,0.5760869565217391,184,76,515,218.0,
WAUC,44,within,within_fold0,2,0.5,0.3,25,inf,4,False,4.0,workload,0.15217391304347827,0.5760869565217391,184,76,515,217.0,
WAUC,44,within,within_fold0,2,0.5,0.3,50,inf,4,False,4.0,workload,0.17391304347826086,0.5869565217391305,184,76,515,224.0,
WAUC,44,within,within_fold0,2,0.5,0.3,100,inf,4,False,4.0,workload,0.2065217391304348,0.6032608695652174,184,76,515,239.0,
WAUC,44,within,within_fold0,3,0.5,0.3,inf,inf,4,False,4.0,workload,0.2717391304347826,0.6358695652173914,184,58,515,207.0,
WAUC,44,within,within_fold0,3,0.5,0.3,25,inf,4,False,4.0,workload,0.21739130434782605,0.6086956521739131,184,58,515,218.0,
WAUC,44,within,within_fold0,3,0.5,0.3,50,inf,4,False,4.0,workload,0.2717391304347826,0.6358695652173914,184,58,515,208.0,
WAUC,44,within,within_fold0,3,0.5,0.3,100,inf,4,False,4.0,workload,0.13043478260869568,0.5652173913043478,184,58,515,227.0,
WAUC,44,within,within_fold0,42,0.5,0.3,inf,inf,4,False,4.0,workload,0.18478260869565222,0.592391304347826,184,94,495,217.0,
WAUC,44,within,within_fold0,42,0.5,0.3,25,inf,4,False,4.0,workload,0.18478260869565222,0.592391304347826,184,94,480,198.0,
WAUC,44,within,within_fold0,42,0.5,0.3,50,inf,4,False,4.0,workload,0.18478260869565222,0.592391304347826,184,94,443,184.0,
WAUC,44,within,within_fold0,42,0.5,0.3,100,inf,4,False,4.0,workload,0.18478260869565222,0.592391304347826,184,94,448,206.0,
WAUC,45,within,within_fold0,0,0.5,0.3,inf,inf,4,False,4.0,workload,0.4113775539403651,0.7058823529411765,187,100,524,190.0,
WAUC,45,within,within_fold0,0,0.5,0.3,25,inf,4,False,4.0,workload,0.33665179082274865,0.6684491978609626,187,100,524,172.0,
WAUC,45,within,within_fold0,0,0.5,0.3,50,inf,4,False,4.0,workload,0.20853351635781292,0.6042780748663101,187,100,524,165.0,
WAUC,45,within,within_fold0,0,0.5,0.3,100,inf,4,False,4.0,workload,0.33665179082274865,0.6684491978609626,187,100,524,170.0,
WAUC,45,within,within_fold0,1,0.5,0.3,inf,inf,4,False,4.0,workload,0.4228395061728395,0.7112299465240641,187,100,524,176.0,
WAUC,45,within,within_fold0,1,0.5,0.3,25,inf,4,False,4.0,workload,0.38001600548759573,0.6898395721925134,187,100,524,154.0,
WAUC,45,within,within_fold0,1,0.5,0.3,50,inf,4,False,4.0,workload,0.38001600548759573,0.6898395721925134,187,100,524,141.0,
WAUC,45,within,within_fold0,1,0.5,0.3,100,inf,4,False,4.0,workload,0.47666914158432805,0.7379679144385026,187,100,524,168.0,
WAUC,45,within,within_fold0,2,0.5,0.3,inf,inf,4,False,4.0,workload,0.19861722187303588,0.5989304812834224,187,100,499,183.0,
WAUC,45,within,within_fold0,2,0.5,0.3,25,inf,4,False,4.0,workload,0.4338835894213743,0.7165775401069518,187,100,524,174.0,
WAUC,45,within,within_fold0,2,0.5,0.3,50,inf,4,False,4.0,workload,0.4338835894213743,0.7165775401069518,187,100,524,166.0,
WAUC,45,within,within_fold0,2,0.5,0.3,100,inf,4,False,4.0,workload,0.30538887936453507,0.6524064171122995,187,100,524,166.0,
WAUC,45,within,within_fold0,3,0.5,0.3,inf,inf,4,False,4.0,workload,0.03663423010875788,0.5187165775401069,187,94,524,183.0,
WAUC,45,within,within_fold0,3,0.5,0.3,25,inf,4,False,4.0,workload,0.29336997595328074,0.6470588235294118,187,94,524,164.0,
WAUC,45,within,within_fold0,3,0.5,0.3,50,inf,4,False,4.0,workload,0.3256825596703108,0.6631016042780749,187,94,524,167.0,
WAUC,45,within,within_fold0,3,0.5,0.3,100,inf,4,False,4.0,workload,0.2931271477663231,0.6470588235294118,187,94,524,155.0,
WAUC,45,within,within_fold0,42,0.5,0.3,inf,inf,4,False,4.0,workload,0.40132632060370454,0.7005347593582888,187,100,496,163.0,
WAUC,45,within,within_fold0,42,0.5,0.3,25,inf,4,False,4.0,workload,0.40132632060370454,0.7005347593582888,187,100,524,187.0,
WAUC,45,within,within_fold0,42,0.5,0.3,50,inf,4,False,4.0,workload,0.3367276887871853,0.6684491978609626,187,100,524,187.0,
WAUC,45,within,within_fold0,42,0.5,0.3,100,inf,4,False,4.0,workload,0.26213758792245667,0.6310160427807486,187,100,524,183.0,
WAUC,46,within,within_fold0,0,0.5,0.3,inf,inf,4,False,4.0,workload,0.32411924119241187,0.6627906976744186,172,96,468,158.0,
WAUC,46,within,within_fold0,0,0.5,0.3,25,inf,4,False,4.0,workload,0.32411924119241187,0.6627906976744186,172,96,470,142.0,
WAUC,46,within,within_fold0,0,0.5,0.3,50,inf,4,False,4.0,workload,0.19440673364105343,0.5988372093023255,172,96,480,156.0,
WAUC,46,within,within_fold0,0,0.5,0.3,100,inf,4,False,4.0,workload,0.32411924119241187,0.6627906976744186,172,96,449,145.0,
WAUC,46,within,within_fold0,1,0.5,0.3,inf,inf,4,False,4.0,workload,0.3741239892183288,0.686046511627907,172,100,458,143.0,
WAUC,46,within,within_fold0,1,0.5,0.3,25,inf,4,False,4.0,workload,0.3741239892183288,0.686046511627907,172,100,457,126.0,
WAUC,46,within,within_fold0,1,0.5,0.3,50,inf,4,False,4.0,workload,0.3741239892183288,0.686046511627907,172,100,465,133.0,
WAUC,46,within,within_fold0,1,0.5,0.3,100,inf,4,False,4.0,workload,0.3741239892183288,0.686046511627907,172,100,455,123.0,
WAUC,46,within,within_fold0,2,0.5,0.3,inf,inf,4,False,4.0,workload,0.4542263029975695,0.7267441860465116,172,100,447,153.0,
WAUC,46,within,within_fold0,2,0.5,0.3,25,inf,4,False,4.0,workload,0.4542263029975695,0.7267441860465116,172,100,420,110.0,
WAUC,46,within,within_fold0,2,0.5,0.3,50,inf,4,False,4.0,workload,0.4542263029975695,0.7267441860465116,172,100,439,127.0,
WAUC,46,within,within_fold0,2,0.5,0.3,100,inf,4,False,4.0,workload,0.4542263029975695,0.7267441860465116,172,100,413,119.0,
WAUC,46,within,within_fold0,3,0.5,0.3,inf,inf,4,False,4.0,workload,0.44246353322528353,0.7209302325581395,172,100,480,153.0,
WAUC,46,within,within_fold0,3,0.5,0.3,25,inf,4,False,4.0,workload,0.3995703544575725,0.6976744186046512,172,100,480,152.0,
WAUC,46,within,within_fold0,3,0.5,0.3,50,inf,4,False,4.0,workload,0.2097297297297298,0.6046511627906976,172,100,480,144.0,
WAUC,46,within,within_fold0,3,0.5,0.3,100,inf,4,False,4.0,workload,0.3848852901484481,0.6918604651162791,172,100,480,142.0,
WAUC,46,within,within_fold0,42,0.5,0.3,inf,inf,4,False,4.0,workload,0.346717308735757,0.6744186046511628,172,70,480,159.0,
WAUC,46,within,within_fold0,42,0.5,0.3,25,inf,4,False,4.0,workload,0.39305103148751364,0.6976744186046512,172,70,480,136.0,
WAUC,46,within,within_fold0,42,0.5,0.3,50,inf,4,False,4.0,workload,0.42946114270241,0.7151162790697675,172,70,480,142.0,
WAUC,46,within,within_fold0,42,0.5,0.3,100,inf,4,False,4.0,workload,0.3352318958502848,0.6686046511627907,172,70,480,151.0,
WAUC,47,within,within_fold0,0,0.5,0.3,inf,inf,4,False,4.0,workload,0.967741935483871,0.9838709677419355,62,100,155,5.0,
WAUC,47,within,within_fold0,0,0.5,0.3,25,inf,4,False,4.0,workload,1.0,1.0,62,100,171,2.0,
WAUC,47,within,within_fold0,0,0.5,0.3,50,inf,4,False,4.0,workload,0.9032258064516129,0.9516129032258065,62,100,171,6.0,
WAUC,47,within,within_fold0,0,0.5,0.3,100,inf,4,False,4.0,workload,0.967741935483871,0.9838709677419355,62,100,165,8.0,
WAUC,47,within,within_fold0,1,0.5,0.3,inf,inf,4,False,4.0,workload,0.935483870967742,0.967741935483871,62,100,171,6.0,
WAUC,47,within,within_fold0,1,0.5,0.3,25,inf,4,False,4.0,workload,0.967741935483871,0.9838709677419355,62,100,171,4.0,
WAUC,47,within,within_fold0,1,0.5,0.3,50,inf,4,False,4.0,workload,0.967741935483871,0.9838709677419355,62,100,171,4.0,
WAUC,47,within,within_fold0,1,0.5,0.3,100,inf,4,False,4.0,workload,0.935483870967742,0.967741935483871,62,100,171,3.0,
WAUC,47,within,within_fold0,2,0.5,0.3,inf,inf,4,False,4.0,workload,0.935483870967742,0.967741935483871,62,100,161,8.0,
WAUC,47,within,within_fold0,2,0.5,0.3,25,inf,4,False,4.0,workload,0.967741935483871,0.9838709677419355,62,100,171,3.0,
WAUC,47,within,within_fold0,2,0.5,0.3,50,inf,4,False,4.0,workload,0.935483870967742,0.967741935483871,62,100,171,4.0,
WAUC,47,within,within_fold0,2,0.5,0.3,100,inf,4,False,4.0,workload,0.935483870967742,0.967741935483871,62,100,168,6.0,
WAUC,47,within,within_fold0,3,0.5,0.3,inf,inf,4,False,4.0,workload,0.967741935483871,0.9838709677419355,62,100,171,8.0,
WAUC,47,within,within_fold0,3,0.5,0.3,25,inf,4,False,4.0,workload,0.967741935483871,0.9838709677419355,62,100,171,6.0,
WAUC,47,within,within_fold0,3,0.5,0.3,50,inf,4,False,4.0,workload,0.9032258064516129,0.9516129032258065,62,100,171,5.0,
WAUC,47,within,within_fold0,3,0.5,0.3,100,inf,4,False,4.0,workload,0.9032258064516129,0.9516129032258065,62,100,171,9.0,
WAUC,47,within,within_fold0,42,0.5,0.3,inf,inf,4,False,4.0,workload,0.967741935483871,0.9838709677419355,62,100,157,9.0,
WAUC,47,within,within_fold0,42,0.5,0.3,25,inf,4,False,4.0,workload,0.935483870967742,0.967741935483871,62,100,171,2.0,
WAUC,47,within,within_fold0,42,0.5,0.3,50,inf,4,False,4.0,workload,0.967741935483871,0.9838709677419355,62,100,164,2.0,
WAUC,47,within,within_fold0,42,0.5,0.3,100,inf,4,False,4.0,workload,0.967741935483871,0.9838709677419355,62,100,159,7.0,
WAUC,48,within,within_fold0,0,0.5,0.3,inf,inf,4,False,4.0,workload,,,0,0,0,0.0,"y should be a 1d array with more than two classes, but got 1 class from ['low' 'low' 'low' 'low' 'low' 'low' 'low' 'low' 'low' 'low' 'low' 'low'
 'low' 'low' 'low' 'low' 'low' 'low' 'low' 'low' 'low' 'low' 'low' 'low'
 'low' 'low' 'low' 'low' 'low' 'low' 'low' 'low' 'low' 'low' 'low' 'low'
 'low' 'low' 'low' 'low' 'low' 'low' 'low' 'low']"
WAUC,48,within,within_fold0,0,0.5,0.3,25,inf,4,False,4.0,workload,,,0,0,0,0.0,"y should be a 1d array with more than two classes, but got 1 class from ['low' 'low' 'low' 'low' 'low' 'low' 'low' 'low' 'low' 'low' 'low' 'low'
 'low' 'low' 'low' 'low' 'low' 'low' 'low' 'low' 'low' 'low' 'low' 'low'
 'low' 'low' 'low' 'low' 'low' 'low' 'low' 'low' 'low' 'low' 'low' 'low'
 'low' 'low' 'low' 'low' 'low' 'low' 'low' 'low']"
WAUC,48,within,within_fold0,0,0.5,0.3,50,inf,4,False,4.0,workload,,,0,0,0,0.0,"y should be a 1d array with more than two classes, but got 1 class from ['low' 'low' 'low' 'low' 'low' 'low' 'low' 'low' 'low' 'low' 'low' 'low'
 'low' 'low' 'low' 'low' 'low' 'low' 'low' 'low' 'low' 'low' 'low' 'low'
 'low' 'low' 'low' 'low' 'low' 'low' 'low' 'low' 'low' 'low' 'low' 'low'
 'low' 'low' 'low' 'low' 'low' 'low' 'low' 'low']"
WAUC,48,within,within_fold0,0,0.5,0.3,100,inf,4,False,4.0,workload,,,0,0,0,0.0,"y should be a 1d array with more than two classes, but got 1 class from ['low' 'low' 'low' 'low' 'low' 'low' 'low' 'low' 'low' 'low' 'low' 'low'
 'low' 'low' 'low' 'low' 'low' 'low' 'low' 'low' 'low' 'low' 'low' 'low'
 'low' 'low' 'low' 'low' 'low' 'low' 'low' 'low' 'low' 'low' 'low' 'low'
 'low' 'low' 'low' 'low' 'low' 'low' 'low' 'low']"
WAUC,48,within,within_fold0,1,0.5,0.3,inf,inf,4,False,4.0,workload,,,0,0,0,0.0,"y should be a 1d array with more than two classes, but got 1 class from ['low' 'low' 'low' 'low' 'low' 'low' 'low' 'low' 'low' 'low' 'low' 'low'
 'low' 'low' 'low' 'low' 'low' 'low' 'low' 'low' 'low' 'low' 'low' 'low'
 'low' 'low' 'low' 'low' 'low' 'low' 'low' 'low' 'low' 'low' 'low' 'low'
 'low' 'low' 'low' 'low' 'low' 'low' 'low' 'low']"
WAUC,48,within,within_fold0,1,0.5,0.3,25,inf,4,False,4.0,workload,,,0,0,0,0.0,"y should be a 1d array with more than two classes, but got 1 class from ['low' 'low' 'low' 'low' 'low' 'low' 'low' 'low' 'low' 'low' 'low' 'low'
 'low' 'low' 'low' 'low' 'low' 'low' 'low' 'low' 'low' 'low' 'low' 'low'
 'low' 'low' 'low' 'low' 'low' 'low' 'low' 'low' 'low' 'low' 'low' 'low'
 'low' 'low' 'low' 'low' 'low' 'low' 'low' 'low']"
WAUC,48,within,within_fold0,1,0.5,0.3,50,inf,4,False,4.0,workload,,,0,0,0,0.0,"y should be a 1d array with more than two classes, but got 1 class from ['low' 'low' 'low' 'low' 'low' 'low' 'low' 'low' 'low' 'low' 'low' 'low'
 'low' 'low' 'low' 'low' 'low' 'low' 'low' 'low' 'low' 'low' 'low' 'low'
 'low' 'low' 'low' 'low' 'low' 'low' 'low' 'low' 'low' 'low' 'low' 'low'
 'low' 'low' 'low' 'low' 'low' 'low' 'low' 'low']"
WAUC,48,within,within_fold0,1,0.5,0.3,100,inf,4,False,4.0,workload,,,0,0,0,0.0,"y should be a 1d array with more than two classes, but got 1 class from ['low' 'low' 'low' 'low' 'low' 'low' 'low' 'low' 'low' 'low' 'low' 'low'
 'low' 'low' 'low' 'low' 'low' 'low' 'low' 'low' 'low' 'low' 'low' 'low'
 'low' 'low' 'low' 'low' 'low' 'low' 'low' 'low' 'low' 'low' 'low' 'low'
 'low' 'low' 'low' 'low' 'low' 'low' 'low' 'low']"
WAUC,48,within,within_fold0,2,0.5,0.3,inf,inf,4,False,4.0,workload,,,0,0,0,0.0,"y should be a 1d array with more than two classes, but got 1 class from ['low' 'low' 'low' 'low' 'low' 'low' 'low' 'low' 'low' 'low' 'low' 'low'
 'low' 'low' 'low' 'low' 'low' 'low' 'low' 'low' 'low' 'low' 'low' 'low'
 'low' 'low' 'low' 'low' 'low' 'low' 'low' 'low' 'low' 'low' 'low' 'low'
 'low' 'low' 'low' 'low' 'low' 'low' 'low' 'low']"
WAUC,48,within,within_fold0,2,0.5,0.3,25,inf,4,False,4.0,workload,,,0,0,0,0.0,"y should be a 1d array with more than two classes, but got 1 class from ['low' 'low' 'low' 'low' 'low' 'low' 'low' 'low' 'low' 'low' 'low' 'low'
 'low' 'low' 'low' 'low' 'low' 'low' 'low' 'low' 'low' 'low' 'low' 'low'
 'low' 'low' 'low' 'low' 'low' 'low' 'low' 'low' 'low' 'low' 'low' 'low'
 'low' 'low' 'low' 'low' 'low' 'low' 'low' 'low']"
WAUC,48,within,within_fold0,2,0.5,0.3,50,inf,4,False,4.0,workload,,,0,0,0,0.0,"y should be a 1d array with more than two classes, but got 1 class from ['low' 'low' 'low' 'low' 'low' 'low' 'low' 'low' 'low' 'low' 'low' 'low'
 'low' 'low' 'low' 'low' 'low' 'low' 'low' 'low' 'low' 'low' 'low' 'low'
 'low' 'low' 'low' 'low' 'low' 'low' 'low' 'low' 'low' 'low' 'low' 'low'
 'low' 'low' 'low' 'low' 'low' 'low' 'low' 'low']"
WAUC,48,within,within_fold0,2,0.5,0.3,100,inf,4,False,4.0,workload,,,0,0,0,0.0,"y should be a 1d array with more than two classes, but got 1 class from ['low' 'low' 'low' 'low' 'low' 'low' 'low' 'low' 'low' 'low' 'low' 'low'
 'low' 'low' 'low' 'low' 'low' 'low' 'low' 'low' 'low' 'low' 'low' 'low'
 'low' 'low' 'low' 'low' 'low' 'low' 'low' 'low' 'low' 'low' 'low' 'low'
 'low' 'low' 'low' 'low' 'low' 'low' 'low' 'low']"
WAUC,48,within,within_fold0,3,0.5,0.3,inf,inf,4,False,4.0,workload,,,0,0,0,0.0,"y should be a 1d array with more than two classes, but got 1 class from ['low' 'low' 'low' 'low' 'low' 'low' 'low' 'low' 'low' 'low' 'low' 'low'
 'low' 'low' 'low' 'low' 'low' 'low' 'low' 'low' 'low' 'low' 'low' 'low'
 'low' 'low' 'low' 'low' 'low' 'low' 'low' 'low' 'low' 'low' 'low' 'low'
 'low' 'low' 'low' 'low' 'low' 'low' 'low' 'low']"
WAUC,48,within,within_fold0,3,0.5,0.3,25,inf,4,False,4.0,workload,,,0,0,0,0.0,"y should be a 1d array with more than two classes, but got 1 class from ['low' 'low' 'low' 'low' 'low' 'low' 'low' 'low' 'low' 'low' 'low' 'low'
 'low' 'low' 'low' 'low' 'low' 'low' 'low' 'low' 'low' 'low' 'low' 'low'
 'low' 'low' 'low' 'low' 'low' 'low' 'low' 'low' 'low' 'low' 'low' 'low'
 'low' 'low' 'low' 'low' 'low' 'low' 'low' 'low']"
WAUC,48,within,within_fold0,3,0.5,0.3,50,inf,4,False,4.0,workload,,,0,0,0,0.0,"y should be a 1d array with more than two classes, but got 1 class from ['low' 'low' 'low' 'low' 'low' 'low' 'low' 'low' 'low' 'low' 'low' 'low'
 'low' 'low' 'low' 'low' 'low' 'low' 'low' 'low' 'low' 'low' 'low' 'low'
 'low' 'low' 'low' 'low' 'low' 'low' 'low' 'low' 'low' 'low' 'low' 'low'
 'low' 'low' 'low' 'low' 'low' 'low' 'low' 'low']"
WAUC,48,within,within_fold0,3,0.5,0.3,100,inf,4,False,4.0,workload,,,0,0,0,0.0,"y should be a 1d array with more than two classes, but got 1 class from ['low' 'low' 'low' 'low' 'low' 'low' 'low' 'low' 'low' 'low' 'low' 'low'
 'low' 'low' 'low' 'low' 'low' 'low' 'low' 'low' 'low' 'low' 'low' 'low'
 'low' 'low' 'low' 'low' 'low' 'low' 'low' 'low' 'low' 'low' 'low' 'low'
 'low' 'low' 'low' 'low' 'low' 'low' 'low' 'low']"
WAUC,48,within,within_fold0,42,0.5,0.3,inf,inf,4,False,4.0,workload,,,0,0,0,0.0,"y should be a 1d array with more than two classes, but got 1 class from ['low' 'low' 'low' 'low' 'low' 'low' 'low' 'low' 'low' 'low' 'low' 'low'
 'low' 'low' 'low' 'low' 'low' 'low' 'low' 'low' 'low' 'low' 'low' 'low'
 'low' 'low' 'low' 'low' 'low' 'low' 'low' 'low' 'low' 'low' 'low' 'low'
 'low' 'low' 'low' 'low' 'low' 'low' 'low' 'low']"
WAUC,48,within,within_fold0,42,0.5,0.3,25,inf,4,False,4.0,workload,,,0,0,0,0.0,"y should be a 1d array with more than two classes, but got 1 class from ['low' 'low' 'low' 'low' 'low' 'low' 'low' 'low' 'low' 'low' 'low' 'low'
 'low' 'low' 'low' 'low' 'low' 'low' 'low' 'low' 'low' 'low' 'low' 'low'
 'low' 'low' 'low' 'low' 'low' 'low' 'low' 'low' 'low' 'low' 'low' 'low'
 'low' 'low' 'low' 'low' 'low' 'low' 'low' 'low']"
WAUC,48,within,within_fold0,42,0.5,0.3,50,inf,4,False,4.0,workload,,,0,0,0,0.0,"y should be a 1d array with more than two classes, but got 1 class from ['low' 'low' 'low' 'low' 'low' 'low' 'low' 'low' 'low' 'low' 'low' 'low'
 'low' 'low' 'low' 'low' 'low' 'low' 'low' 'low' 'low' 'low' 'low' 'low'
 'low' 'low' 'low' 'low' 'low' 'low' 'low' 'low' 'low' 'low' 'low' 'low'
 'low' 'low' 'low' 'low' 'low' 'low' 'low' 'low']"
WAUC,48,within,within_fold0,42,0.5,0.3,100,inf,4,False,4.0,workload,,,0,0,0,0.0,"y should be a 1d array with more than two classes, but got 1 class from ['low' 'low' 'low' 'low' 'low' 'low' 'low' 'low' 'low' 'low' 'low' 'low'
 'low' 'low' 'low' 'low' 'low' 'low' 'low' 'low' 'low' 'low' 'low' 'low'
 'low' 'low' 'low' 'low' 'low' 'low' 'low' 'low' 'low' 'low' 'low' 'low'
 'low' 'low' 'low' 'low' 'low' 'low' 'low' 'low']"
