dataset,subject,protocol,fold_name,seed,alpha,calibration_frac,window_size,per_round_cap,n_components,include_riemann_arms,epoch_seconds,context,kappa,accuracy,n_test,n_arms_surviving,stream_rounds_run,final_regret,error
WAUC,1,within,within_fold0,0,0.5,0.3,50,inf,4,False,4.0,workload,0.25492772667542707,0.631578947368421,171,100,477,157.0,
WAUC,1,within,within_fold0,0,0.5,0.3,50,4.0,4,False,4.0,workload,0.3242980935875216,0.6666666666666666,171,100,477,167.0,
WAUC,1,within,within_fold0,0,0.5,0.3,50,3.0,4,False,4.0,workload,0.3400413507925568,0.672514619883041,171,100,0,0.0,
WAUC,1,within,within_fold0,0,0.5,0.3,50,2.0,4,False,4.0,workload,0.3400413507925568,0.672514619883041,171,100,0,0.0,
WAUC,1,within,within_fold0,1,0.5,0.3,50,inf,4,False,4.0,workload,0.39399624765478425,0.7017543859649122,171,90,477,148.0,
WAUC,1,within,within_fold0,1,0.5,0.3,50,4.0,4,False,4.0,workload,0.2945544554455446,0.6491228070175439,171,90,477,148.0,
WAUC,1,within,within_fold0,1,0.5,0.3,50,3.0,4,False,4.0,workload,0.39399624765478425,0.7017543859649122,171,90,0,0.0,
WAUC,1,within,within_fold0,1,0.5,0.3,50,2.0,4,False,4.0,workload,0.39399624765478425,0.7017543859649122,171,90,0,0.0,
WAUC,1,within,within_fold0,2,0.5,0.3,50,inf,4,False,4.0,workload,0.3227016885553471,0.6666666666666666,171,98,477,159.0,
WAUC,1,within,within_fold0,2,0.5,0.3,50,4.0,4,False,4.0,workload,0.13399945250479062,0.5672514619883041,171,98,477,171.0,
WAUC,1,within,within_fold0,2,0.5,0.3,50,3.0,4,False,4.0,workload,0.31066917495296964,0.6491228070175439,171,98,0,0.0,
WAUC,1,within,within_fold0,2,0.5,0.3,50,2.0,4,False,4.0,workload,0.31066917495296964,0.6491228070175439,171,98,0,0.0,
WAUC,1,within,within_fold0,3,0.5,0.3,50,inf,4,False,4.0,workload,0.297225891677675,0.672514619883041,171,100,477,160.0,
WAUC,1,within,within_fold0,3,0.5,0.3,50,4.0,4,False,4.0,workload,0.3388228555062295,0.6842105263157895,171,100,477,156.0,
WAUC,1,within,within_fold0,3,0.5,0.3,50,3.0,4,False,4.0,workload,0.30293928341557597,0.6666666666666666,171,100,0,0.0,
WAUC,1,within,within_fold0,3,0.5,0.3,50,2.0,4,False,4.0,workload,0.30293928341557597,0.6666666666666666,171,100,0,0.0,
WAUC,1,within,within_fold0,42,0.5,0.3,50,inf,4,False,4.0,workload,0.26999790048288896,0.6432748538011696,171,100,477,162.0,
WAUC,1,within,within_fold0,42,0.5,0.3,50,4.0,4,False,4.0,workload,0.26999790048288896,0.6432748538011696,171,100,477,151.0,
WAUC,1,within,within_fold0,42,0.5,0.3,50,3.0,4,False,4.0,workload,0.2599538372763993,0.6491228070175439,171,100,0,0.0,
WAUC,1,within,within_fold0,42,0.5,0.3,50,2.0,4,False,4.0,workload,0.2599538372763993,0.6491228070175439,171,100,0,0.0,
WAUC,2,within,within_fold0,0,0.5,0.3,50,inf,4,False,4.0,workload,0.7189506763219019,0.859504132231405,121,100,337,54.0,
WAUC,2,within,within_fold0,0,0.5,0.3,50,4.0,4,False,4.0,workload,0.4701696770662288,0.7355371900826446,121,100,337,81.0,
WAUC,2,within,within_fold0,0,0.5,0.3,50,3.0,4,False,4.0,workload,0.8512091815821834,0.9256198347107438,121,100,0,0.0,
WAUC,2,within,within_fold0,0,0.5,0.3,50,2.0,4,False,4.0,workload,0.8512091815821834,0.9256198347107438,121,100,0,0.0,
WAUC,2,within,within_fold0,1,0.5,0.3,50,inf,4,False,4.0,workload,0.7684527063969382,0.8842975206611571,121,100,337,51.0,
WAUC,2,within,within_fold0,1,0.5,0.3,50,4.0,4,False,4.0,workload,0.619964495425372,0.8099173553719008,121,100,337,58.0,
WAUC,2,within,within_fold0,1,0.5,0.3,50,3.0,4,False,4.0,workload,0.834609075997813,0.9173553719008265,121,100,0,0.0,
WAUC,2,within,within_fold0,1,0.5,0.3,50,2.0,4,False,4.0,workload,0.834609075997813,0.9173553719008265,121,100,0,0.0,
WAUC,2,within,within_fold0,2,0.5,0.3,50,inf,4,False,4.0,workload,0.8017476788640088,0.9008264462809917,121,100,337,45.0,
WAUC,2,within,within_fold0,2,0.5,0.3,50,4.0,4,False,4.0,workload,0.8017476788640088,0.9008264462809917,121,100,337,56.0,
WAUC,2,within,within_fold0,2,0.5,0.3,50,3.0,4,False,4.0,workload,0.8842421757550909,0.9421487603305785,121,100,0,0.0,
WAUC,2,within,within_fold0,2,0.5,0.3,50,2.0,4,False,4.0,workload,0.8842421757550909,0.9421487603305785,121,100,0,0.0,
WAUC,2,within,within_fold0,3,0.5,0.3,50,inf,4,False,4.0,workload,0.7519475194751948,0.8760330578512396,121,100,337,47.0,
WAUC,2,within,within_fold0,3,0.5,0.3,50,4.0,4,False,4.0,workload,0.4365927143248425,0.71900826446281,121,100,337,61.0,
WAUC,2,within,within_fold0,3,0.5,0.3,50,3.0,4,False,4.0,workload,0.9008467631794592,0.9504132231404959,121,100,0,0.0,
WAUC,2,within,within_fold0,3,0.5,0.3,50,2.0,4,False,4.0,workload,0.9008467631794592,0.9504132231404959,121,100,0,0.0,
WAUC,2,within,within_fold0,42,0.5,0.3,50,inf,4,False,4.0,workload,0.5036915504511894,0.7520661157024794,121,100,337,47.0,
WAUC,2,within,within_fold0,42,0.5,0.3,50,4.0,4,False,4.0,workload,0.6361399671951886,0.8181818181818182,121,100,337,50.0,
WAUC,2,within,within_fold0,42,0.5,0.3,50,3.0,4,False,4.0,workload,0.933861710849959,0.9669421487603306,121,100,0,0.0,
WAUC,2,within,within_fold0,42,0.5,0.3,50,2.0,4,False,4.0,workload,0.933861710849959,0.9669421487603306,121,100,0,0.0,
WAUC,3,within,within_fold0,0,0.5,0.3,50,inf,4,False,4.0,workload,0.13794443365067022,0.6209150326797386,153,64,426,141.0,
WAUC,3,within,within_fold0,0,0.5,0.3,50,4.0,4,False,4.0,workload,0.13794443365067022,0.6209150326797386,153,64,426,141.0,
WAUC,3,within,within_fold0,0,0.5,0.3,50,3.0,4,False,4.0,workload,0.11355735805330247,0.6078431372549019,153,64,0,0.0,
WAUC,3,within,within_fold0,0,0.5,0.3,50,2.0,4,False,4.0,workload,0.11355735805330247,0.6078431372549019,153,64,0,0.0,
WAUC,3,within,within_fold0,1,0.5,0.3,50,inf,4,False,4.0,workload,0.28657470371089955,0.6862745098039216,153,72,426,141.0,
WAUC,3,within,within_fold0,1,0.5,0.3,50,4.0,4,False,4.0,workload,0.37248322147651014,0.7124183006535948,153,72,426,144.0,
WAUC,3,within,within_fold0,1,0.5,0.3,50,3.0,4,False,4.0,workload,0.23632175081589568,0.6601307189542484,153,72,0,0.0,
WAUC,3,within,within_fold0,1,0.5,0.3,50,2.0,4,False,4.0,workload,0.23632175081589568,0.6601307189542484,153,72,0,0.0,
WAUC,3,within,within_fold0,2,0.5,0.3,50,inf,4,False,4.0,workload,0.15752212389380527,0.6339869281045751,153,72,426,149.0,
WAUC,3,within,within_fold0,2,0.5,0.3,50,4.0,4,False,4.0,workload,0.23304643904284494,0.6535947712418301,153,72,426,175.0,
WAUC,3,within,within_fold0,2,0.5,0.3,50,3.0,4,False,4.0,workload,0.42029387302467425,0.7320261437908496,153,72,0,0.0,
WAUC,3,within,within_fold0,2,0.5,0.3,50,2.0,4,False,4.0,workload,0.42029387302467425,0.7320261437908496,153,72,0,0.0,
WAUC,3,within,within_fold0,3,0.5,0.3,50,inf,4,False,4.0,workload,0.432808155699722,0.738562091503268,153,76,426,130.0,
WAUC,3,within,within_fold0,3,0.5,0.3,50,4.0,4,False,4.0,workload,0.35381071222883476,0.7124183006535948,153,76,426,153.0,
WAUC,3,within,within_fold0,3,0.5,0.3,50,3.0,4,False,4.0,workload,0.21931260229132565,0.6535947712418301,153,76,0,0.0,
WAUC,3,within,within_fold0,3,0.5,0.3,50,2.0,4,False,4.0,workload,0.21931260229132565,0.6535947712418301,153,76,0,0.0,
WAUC,3,within,within_fold0,42,0.5,0.3,50,inf,4,False,4.0,workload,0.5224628771398846,0.7843137254901961,153,80,367,106.0,
WAUC,3,within,within_fold0,42,0.5,0.3,50,4.0,4,False,4.0,workload,0.3033579965850882,0.6862745098039216,153,80,426,130.0,
WAUC,3,within,within_fold0,42,0.5,0.3,50,3.0,4,False,4.0,workload,0.5224628771398846,0.7843137254901961,153,80,0,0.0,
WAUC,3,within,within_fold0,42,0.5,0.3,50,2.0,4,False,4.0,workload,0.5224628771398846,0.7843137254901961,153,80,0,0.0,
WAUC,4,within,within_fold0,0,0.5,0.3,50,inf,4,False,4.0,workload,0.3586956521739131,0.6793478260869565,184,94,513,176.0,
WAUC,4,within,within_fold0,0,0.5,0.3,50,4.0,4,False,4.0,workload,0.34782608695652173,0.6739130434782609,184,94,513,157.0,
WAUC,4,within,within_fold0,0,0.5,0.3,50,3.0,4,False,4.0,workload,0.2934782608695652,0.6467391304347826,184,94,0,0.0,
WAUC,4,within,within_fold0,0,0.5,0.3,50,2.0,4,False,4.0,workload,0.2934782608695652,0.6467391304347826,184,94,0,0.0,
WAUC,4,within,within_fold0,1,0.5,0.3,50,inf,4,False,4.0,workload,0.4782608695652174,0.7391304347826086,184,100,513,162.0,
WAUC,4,within,within_fold0,1,0.5,0.3,50,4.0,4,False,4.0,workload,0.2934782608695652,0.6467391304347826,184,100,513,156.0,
WAUC,4,within,within_fold0,1,0.5,0.3,50,3.0,4,False,4.0,workload,0.4782608695652174,0.7391304347826086,184,100,0,0.0,
WAUC,4,within,within_fold0,1,0.5,0.3,50,2.0,4,False,4.0,workload,0.4782608695652174,0.7391304347826086,184,100,0,0.0,
WAUC,4,within,within_fold0,2,0.5,0.3,50,inf,4,False,4.0,workload,0.18478260869565222,0.592391304347826,184,98,513,176.0,
WAUC,4,within,within_fold0,2,0.5,0.3,50,4.0,4,False,4.0,workload,0.18478260869565222,0.592391304347826,184,98,513,176.0,
WAUC,4,within,within_fold0,2,0.5,0.3,50,3.0,4,False,4.0,workload,0.42391304347826086,0.7119565217391305,184,98,0,0.0,
WAUC,4,within,within_fold0,2,0.5,0.3,50,2.0,4,False,4.0,workload,0.42391304347826086,0.7119565217391305,184,98,0,0.0,
WAUC,4,within,within_fold0,3,0.5,0.3,50,inf,4,False,4.0,workload,0.3152173913043478,0.657608695652174,184,100,513,159.0,
WAUC,4,within,within_fold0,3,0.5,0.3,50,4.0,4,False,4.0,workload,0.4130434782608695,0.7065217391304348,184,100,513,152.0,
WAUC,4,within,within_fold0,3,0.5,0.3,50,3.0,4,False,4.0,workload,0.40217391304347827,0.7010869565217391,184,100,0,0.0,
WAUC,4,within,within_fold0,3,0.5,0.3,50,2.0,4,False,4.0,workload,0.40217391304347827,0.7010869565217391,184,100,0,0.0,
WAUC,4,within,within_fold0,42,0.5,0.3,50,inf,4,False,4.0,workload,0.5652173913043479,0.782608695652174,184,96,513,156.0,
WAUC,4,within,within_fold0,42,0.5,0.3,50,4.0,4,False,4.0,workload,0.19565217391304346,0.5978260869565217,184,96,513,158.0,
WAUC,4,within,within_fold0,42,0.5,0.3,50,3.0,4,False,4.0,workload,0.5652173913043479,0.782608695652174,184,96,0,0.0,
WAUC,4,within,within_fold0,42,0.5,0.3,50,2.0,4,False,4.0,workload,0.5652173913043479,0.782608695652174,184,96,0,0.0,
WAUC,5,within,within_fold0,0,0.5,0.3,50,inf,4,False,4.0,workload,0.475230513716282,0.7379679144385026,187,100,521,102.0,
WAUC,5,within,within_fold0,0,0.5,0.3,50,4.0,4,False,4.0,workload,0.550429307384087,0.7754010695187166,187,100,521,104.0,
WAUC,5,within,within_fold0,0,0.5,0.3,50,3.0,4,False,4.0,workload,0.614521300961979,0.8074866310160428,187,100,0,0.0,
WAUC,5,within,within_fold0,0,0.5,0.3,50,2.0,4,False,4.0,workload,0.614521300961979,0.8074866310160428,187,100,0,0.0,
WAUC,5,within,within_fold0,1,0.5,0.3,50,inf,4,False,4.0,workload,0.6044703595724004,0.8021390374331551,187,100,521,112.0,
WAUC,5,within,within_fold0,1,0.5,0.3,50,4.0,4,False,4.0,workload,0.5724737082761775,0.786096256684492,187,100,521,120.0,
WAUC,5,within,within_fold0,1,0.5,0.3,50,3.0,4,False,4.0,workload,0.6046059774844277,0.8021390374331551,187,100,0,0.0,
WAUC,5,within,within_fold0,1,0.5,0.3,50,2.0,4,False,4.0,workload,0.6046059774844277,0.8021390374331551,187,100,0,0.0,
WAUC,5,within,within_fold0,2,0.5,0.3,50,inf,4,False,4.0,workload,0.6040176271962456,0.8021390374331551,187,100,521,107.0,
WAUC,5,within,within_fold0,2,0.5,0.3,50,4.0,4,False,4.0,workload,0.47547083404888657,0.7379679144385026,187,100,521,118.0,
WAUC,5,within,within_fold0,2,0.5,0.3,50,3.0,4,False,4.0,workload,0.5290211791642816,0.7647058823529411,187,100,0,0.0,
WAUC,5,within,within_fold0,2,0.5,0.3,50,2.0,4,False,4.0,workload,0.5290211791642816,0.7647058823529411,187,100,0,0.0,
WAUC,5,within,within_fold0,3,0.5,0.3,50,inf,4,False,4.0,workload,0.4540614803365963,0.7272727272727273,187,100,521,110.0,
WAUC,5,within,within_fold0,3,0.5,0.3,50,4.0,4,False,4.0,workload,0.4327170740083567,0.7165775401069518,187,100,521,91.0,
WAUC,5,within,within_fold0,3,0.5,0.3,50,3.0,4,False,4.0,workload,0.4542489270386266,0.7272727272727273,187,100,0,0.0,
WAUC,5,within,within_fold0,3,0.5,0.3,50,2.0,4,False,4.0,workload,0.4542489270386266,0.7272727272727273,187,100,0,0.0,
WAUC,5,within,within_fold0,42,0.5,0.3,50,inf,4,False,4.0,workload,0.3158015092613766,0.6577540106951871,187,100,521,133.0,
WAUC,5,within,within_fold0,42,0.5,0.3,50,4.0,4,False,4.0,workload,0.5296135376171964,0.7647058823529411,187,100,521,129.0,
WAUC,5,within,within_fold0,42,0.5,0.3,50,3.0,4,False,4.0,workload,0.21954147847464411,0.6096256684491979,187,100,0,0.0,
WAUC,5,within,within_fold0,42,0.5,0.3,50,2.0,4,False,4.0,workload,0.21954147847464411,0.6096256684491979,187,100,0,0.0,
WAUC,6,within,within_fold0,0,0.5,0.3,50,inf,4,False,4.0,workload,0.4285131433234248,0.7135135135135136,185,100,450,118.0,
WAUC,6,within,within_fold0,0,0.5,0.3,50,4.0,4,False,4.0,workload,0.4929142123986703,0.745945945945946,185,100,515,149.0,
WAUC,6,within,within_fold0,0,0.5,0.3,50,3.0,4,False,4.0,workload,0.4285131433234248,0.7135135135135136,185,100,0,0.0,
WAUC,6,within,within_fold0,0,0.5,0.3,50,2.0,4,False,4.0,workload,0.4285131433234248,0.7135135135135136,185,100,0,0.0,
WAUC,6,within,within_fold0,1,0.5,0.3,50,inf,4,False,4.0,workload,0.5670995670995671,0.7837837837837838,185,100,515,131.0,
WAUC,6,within,within_fold0,1,0.5,0.3,50,4.0,4,False,4.0,workload,0.5344958745391772,0.7675675675675676,185,100,515,128.0,
WAUC,6,within,within_fold0,1,0.5,0.3,50,3.0,4,False,4.0,workload,0.5344958745391772,0.7675675675675676,185,100,0,0.0,
WAUC,6,within,within_fold0,1,0.5,0.3,50,2.0,4,False,4.0,workload,0.5344958745391772,0.7675675675675676,185,100,0,0.0,
WAUC,6,within,within_fold0,2,0.5,0.3,50,inf,4,False,4.0,workload,0.43860877684407096,0.7189189189189189,185,100,515,120.0,
WAUC,6,within,within_fold0,2,0.5,0.3,50,4.0,4,False,4.0,workload,0.3962000233127404,0.6972972972972973,185,100,515,119.0,
WAUC,6,within,within_fold0,2,0.5,0.3,50,3.0,4,False,4.0,workload,0.5357997315749548,0.7675675675675676,185,100,0,0.0,
WAUC,6,within,within_fold0,2,0.5,0.3,50,2.0,4,False,4.0,workload,0.5357997315749548,0.7675675675675676,185,100,0,0.0,
WAUC,6,within,within_fold0,3,0.5,0.3,50,inf,4,False,4.0,workload,0.3396336824858096,0.6702702702702703,185,100,515,127.0,
WAUC,6,within,within_fold0,3,0.5,0.3,50,4.0,4,False,4.0,workload,0.4373610948648965,0.7189189189189189,185,100,515,123.0,
WAUC,6,within,within_fold0,3,0.5,0.3,50,3.0,4,False,4.0,workload,0.6108449222858479,0.8054054054054054,185,100,0,0.0,
WAUC,6,within,within_fold0,3,0.5,0.3,50,2.0,4,False,4.0,workload,0.6108449222858479,0.8054054054054054,185,100,0,0.0,
WAUC,6,within,within_fold0,42,0.5,0.3,50,inf,4,False,4.0,workload,0.5461978740801309,0.772972972972973,185,100,515,130.0,
WAUC,6,within,within_fold0,42,0.5,0.3,50,4.0,4,False,4.0,workload,0.5354744525547446,0.7675675675675676,185,100,515,123.0,
WAUC,6,within,within_fold0,42,0.5,0.3,50,3.0,4,False,4.0,workload,0.49214415045850124,0.745945945945946,185,100,0,0.0,
WAUC,6,within,within_fold0,42,0.5,0.3,50,2.0,4,False,4.0,workload,0.49214415045850124,0.745945945945946,185,100,0,0.0,
WAUC,7,within,within_fold0,0,0.5,0.3,50,inf,4,False,4.0,workload,0.40583941605839413,0.7027027027027027,185,100,517,154.0,
WAUC,7,within,within_fold0,0,0.5,0.3,50,4.0,4,False,4.0,workload,0.3721474546518432,0.6864864864864865,185,100,517,168.0,
WAUC,7,within,within_fold0,0,0.5,0.3,50,3.0,4,False,4.0,workload,0.40583941605839413,0.7027027027027027,185,100,0,0.0,
WAUC,7,within,within_fold0,0,0.5,0.3,50,2.0,4,False,4.0,workload,0.40583941605839413,0.7027027027027027,185,100,0,0.0,
WAUC,7,within,within_fold0,1,0.5,0.3,50,inf,4,False,4.0,workload,0.3877068557919622,0.6972972972972973,185,100,517,173.0,
WAUC,7,within,within_fold0,1,0.5,0.3,50,4.0,4,False,4.0,workload,0.3554768231473281,0.6810810810810811,185,100,517,180.0,
WAUC,7,within,within_fold0,1,0.5,0.3,50,3.0,4,False,4.0,workload,0.33441462695370094,0.6702702702702703,185,100,0,0.0,
WAUC,7,within,within_fold0,1,0.5,0.3,50,2.0,4,False,4.0,workload,0.33441462695370094,0.6702702702702703,185,100,0,0.0,
WAUC,7,within,within_fold0,2,0.5,0.3,50,inf,4,False,4.0,workload,0.38170624450307833,0.6918918918918919,185,100,464,164.0,
WAUC,7,within,within_fold0,2,0.5,0.3,50,4.0,4,False,4.0,workload,0.27578147823546595,0.6378378378378379,185,100,517,151.0,
WAUC,7,within,within_fold0,2,0.5,0.3,50,3.0,4,False,4.0,workload,0.38170624450307833,0.6918918918918919,185,100,0,0.0,
WAUC,7,within,within_fold0,2,0.5,0.3,50,2.0,4,False,4.0,workload,0.38170624450307833,0.6918918918918919,185,100,0,0.0,
WAUC,7,within,within_fold0,3,0.5,0.3,50,inf,4,False,4.0,workload,0.3035294117647058,0.654054054054054,185,100,517,187.0,
WAUC,7,within,within_fold0,3,0.5,0.3,50,4.0,4,False,4.0,workload,0.5023391812865496,0.7513513513513513,185,100,517,178.0,
WAUC,7,within,within_fold0,3,0.5,0.3,50,3.0,4,False,4.0,workload,0.3607613469985358,0.6810810810810811,185,100,0,0.0,
WAUC,7,within,within_fold0,3,0.5,0.3,50,2.0,4,False,4.0,workload,0.3607613469985358,0.6810810810810811,185,100,0,0.0,
WAUC,7,within,within_fold0,42,0.5,0.3,50,inf,4,False,4.0,workload,0.3644832605531295,0.6810810810810811,185,100,517,172.0,
WAUC,7,within,within_fold0,42,0.5,0.3,50,4.0,4,False,4.0,workload,0.2982200175080245,0.6486486486486487,185,100,517,167.0,
WAUC,7,within,within_fold0,42,0.5,0.3,50,3.0,4,False,4.0,workload,0.37324766355140193,0.6864864864864865,185,100,0,0.0,
WAUC,7,within,within_fold0,42,0.5,0.3,50,2.0,4,False,4.0,workload,0.37324766355140193,0.6864864864864865,185,100,0,0.0,
WAUC,8,within,within_fold0,0,0.5,0.3,50,inf,4,False,4.0,workload,0.32608695652173914,0.6630434782608695,184,100,512,189.0,
WAUC,8,within,within_fold0,0,0.5,0.3,50,4.0,4,False,4.0,workload,0.30434782608695654,0.6521739130434783,184,100,512,168.0,
WAUC,8,within,within_fold0,0,0.5,0.3,50,3.0,4,False,4.0,workload,0.42391304347826086,0.7119565217391305,184,100,0,0.0,
WAUC,8,within,within_fold0,0,0.5,0.3,50,2.0,4,False,4.0,workload,0.42391304347826086,0.7119565217391305,184,100,0,0.0,
WAUC,8,within,within_fold0,1,0.5,0.3,50,inf,4,False,4.0,workload,0.25,0.625,184,100,512,173.0,
WAUC,8,within,within_fold0,1,0.5,0.3,50,4.0,4,False,4.0,workload,0.5,0.75,184,100,512,178.0,
WAUC,8,within,within_fold0,1,0.5,0.3,50,3.0,4,False,4.0,workload,0.25,0.625,184,100,0,0.0,
WAUC,8,within,within_fold0,1,0.5,0.3,50,2.0,4,False,4.0,workload,0.25,0.625,184,100,0,0.0,
WAUC,8,within,within_fold0,2,0.5,0.3,50,inf,4,False,4.0,workload,0.34782608695652173,0.6739130434782609,184,100,512,162.0,
WAUC,8,within,within_fold0,2,0.5,0.3,50,4.0,4,False,4.0,workload,0.40217391304347827,0.7010869565217391,184,100,512,155.0,
WAUC,8,within,within_fold0,2,0.5,0.3,50,3.0,4,False,4.0,workload,0.3913043478260869,0.6956521739130435,184,100,0,0.0,
WAUC,8,within,within_fold0,2,0.5,0.3,50,2.0,4,False,4.0,workload,0.3913043478260869,0.6956521739130435,184,100,0,0.0,
WAUC,8,within,within_fold0,3,0.5,0.3,50,inf,4,False,4.0,workload,0.4347826086956522,0.717391304347826,184,100,466,145.0,
WAUC,8,within,within_fold0,3,0.5,0.3,50,4.0,4,False,4.0,workload,0.3369565217391305,0.6684782608695652,184,100,512,176.0,
WAUC,8,within,within_fold0,3,0.5,0.3,50,3.0,4,False,4.0,workload,0.4347826086956522,0.717391304347826,184,100,0,0.0,
WAUC,8,within,within_fold0,3,0.5,0.3,50,2.0,4,False,4.0,workload,0.4347826086956522,0.717391304347826,184,100,0,0.0,
WAUC,8,within,within_fold0,42,0.5,0.3,50,inf,4,False,4.0,workload,0.32608695652173914,0.6630434782608695,184,100,512,164.0,
WAUC,8,within,within_fold0,42,0.5,0.3,50,4.0,4,False,4.0,workload,0.5217391304347826,0.7608695652173914,184,100,512,157.0,
WAUC,8,within,within_fold0,42,0.5,0.3,50,3.0,4,False,4.0,workload,0.32608695652173914,0.6630434782608695,184,100,0,0.0,
WAUC,8,within,within_fold0,42,0.5,0.3,50,2.0,4,False,4.0,workload,0.32608695652173914,0.6630434782608695,184,100,0,0.0,
WAUC,9,within,within_fold0,0,0.5,0.3,50,inf,4,False,4.0,workload,0.6028446389496718,0.8016528925619835,121,100,339,84.0,
WAUC,9,within,within_fold0,0,0.5,0.3,50,4.0,4,False,4.0,workload,0.488337198199427,0.743801652892562,121,100,339,96.0,
WAUC,9,within,within_fold0,0,0.5,0.3,50,3.0,4,False,4.0,workload,0.6028446389496718,0.8016528925619835,121,100,0,0.0,
WAUC,9,within,within_fold0,0,0.5,0.3,50,2.0,4,False,4.0,workload,0.6028446389496718,0.8016528925619835,121,100,0,0.0,
WAUC,9,within,within_fold0,1,0.5,0.3,50,inf,4,False,4.0,workload,0.48623476236132046,0.743801652892562,121,100,280,61.0,
WAUC,9,within,within_fold0,1,0.5,0.3,50,4.0,4,False,4.0,workload,0.45278881732218723,0.7272727272727273,121,100,339,88.0,
WAUC,9,within,within_fold0,1,0.5,0.3,50,3.0,4,False,4.0,workload,0.48623476236132046,0.743801652892562,121,100,0,0.0,
WAUC,9,within,within_fold0,1,0.5,0.3,50,2.0,4,False,4.0,workload,0.48623476236132046,0.743801652892562,121,100,0,0.0,
WAUC,9,within,within_fold0,2,0.5,0.3,50,inf,4,False,4.0,workload,0.5034199726402189,0.7520661157024794,121,100,339,84.0,
WAUC,9,within,within_fold0,2,0.5,0.3,50,4.0,4,False,4.0,workload,0.6353424657534247,0.8181818181818182,121,100,339,100.0,
WAUC,9,within,within_fold0,2,0.5,0.3,50,3.0,4,False,4.0,workload,0.552527051088892,0.7768595041322314,121,100,0,0.0,
WAUC,9,within,within_fold0,2,0.5,0.3,50,2.0,4,False,4.0,workload,0.552527051088892,0.7768595041322314,121,100,0,0.0,
WAUC,9,within,within_fold0,3,0.5,0.3,50,inf,4,False,4.0,workload,0.5699835975943138,0.7851239669421488,121,100,339,74.0,
WAUC,9,within,within_fold0,3,0.5,0.3,50,4.0,4,False,4.0,workload,0.5381679389312977,0.768595041322314,121,100,339,87.0,
WAUC,9,within,within_fold0,3,0.5,0.3,50,3.0,4,False,4.0,workload,0.6036036036036037,0.8016528925619835,121,100,0,0.0,
WAUC,9,within,within_fold0,3,0.5,0.3,50,2.0,4,False,4.0,workload,0.6036036036036037,0.8016528925619835,121,100,0,0.0,
WAUC,9,within,within_fold0,42,0.5,0.3,50,inf,4,False,4.0,workload,0.5688048245614035,0.7851239669421488,121,100,339,101.0,
WAUC,9,within,within_fold0,42,0.5,0.3,50,4.0,4,False,4.0,workload,0.5853324194653873,0.7933884297520661,121,100,339,95.0,
WAUC,9,within,within_fold0,42,0.5,0.3,50,3.0,4,False,4.0,workload,0.569159134483703,0.7851239669421488,121,100,0,0.0,
WAUC,9,within,within_fold0,42,0.5,0.3,50,2.0,4,False,4.0,workload,0.569159134483703,0.7851239669421488,121,100,0,0.0,
WAUC,10,within,within_fold0,0,0.5,0.3,50,inf,4,False,4.0,workload,0.5568215016067777,0.7783783783783784,185,100,516,96.0,
WAUC,10,within,within_fold0,0,0.5,0.3,50,4.0,4,False,4.0,workload,0.5241435753536771,0.7621621621621621,185,100,516,107.0,
WAUC,10,within,within_fold0,0,0.5,0.3,50,3.0,4,False,4.0,workload,0.6538416559466729,0.827027027027027,185,100,0,0.0,
WAUC,10,within,within_fold0,0,0.5,0.3,50,2.0,4,False,4.0,workload,0.6538416559466729,0.827027027027027,185,100,0,0.0,
WAUC,10,within,within_fold0,1,0.5,0.3,50,inf,4,False,4.0,workload,0.5244771585465591,0.7621621621621621,185,100,516,119.0,
WAUC,10,within,within_fold0,1,0.5,0.3,50,4.0,4,False,4.0,workload,0.22205349842308142,0.6108108108108108,185,100,516,134.0,
WAUC,10,within,within_fold0,1,0.5,0.3,50,3.0,4,False,4.0,workload,0.5464627597478403,0.772972972972973,185,100,0,0.0,
WAUC,10,within,within_fold0,1,0.5,0.3,50,2.0,4,False,4.0,workload,0.5464627597478403,0.772972972972973,185,100,0,0.0,
WAUC,10,within,within_fold0,2,0.5,0.3,50,inf,4,False,4.0,workload,0.6540843753651981,0.827027027027027,185,100,516,119.0,
WAUC,10,within,within_fold0,2,0.5,0.3,50,4.0,4,False,4.0,workload,0.6218536471412719,0.8108108108108109,185,100,516,131.0,
WAUC,10,within,within_fold0,2,0.5,0.3,50,3.0,4,False,4.0,workload,0.6646787113371924,0.8324324324324325,185,100,0,0.0,
WAUC,10,within,within_fold0,2,0.5,0.3,50,2.0,4,False,4.0,workload,0.6646787113371924,0.8324324324324325,185,100,0,0.0,
WAUC,10,within,within_fold0,3,0.5,0.3,50,inf,4,False,4.0,workload,0.513868613138686,0.7567567567567568,185,100,516,123.0,
WAUC,10,within,within_fold0,3,0.5,0.3,50,4.0,4,False,4.0,workload,0.4599486221391873,0.7297297297297297,185,100,516,116.0,
WAUC,10,within,within_fold0,3,0.5,0.3,50,3.0,4,False,4.0,workload,0.5140956049728593,0.7567567567567568,185,100,0,0.0,
WAUC,10,within,within_fold0,3,0.5,0.3,50,2.0,4,False,4.0,workload,0.5140956049728593,0.7567567567567568,185,100,0,0.0,
WAUC,10,within,within_fold0,42,0.5,0.3,50,inf,4,False,4.0,workload,0.5682613768961493,0.7837837837837838,185,100,516,134.0,
WAUC,10,within,within_fold0,42,0.5,0.3,50,4.0,4,False,4.0,workload,0.48233648128716333,0.7405405405405405,185,100,516,128.0,
WAUC,10,within,within_fold0,42,0.5,0.3,50,3.0,4,False,4.0,workload,0.40611685052238367,0.7027027027027027,185,100,0,0.0,
WAUC,10,within,within_fold0,42,0.5,0.3,50,2.0,4,False,4.0,workload,0.40611685052238367,0.7027027027027027,185,100,0,0.0,
WAUC,11,within,within_fold0,0,0.5,0.3,50,inf,4,False,4.0,workload,0.967989756722151,0.984,125,100,347,19.0,
WAUC,11,within,within_fold0,0,0.5,0.3,50,4.0,4,False,4.0,workload,0.967989756722151,0.984,125,100,347,19.0,
WAUC,11,within,within_fold0,0,0.5,0.3,50,3.0,4,False,4.0,workload,1.0,1.0,125,100,0,0.0,
WAUC,11,within,within_fold0,0,0.5,0.3,50,2.0,4,False,4.0,workload,1.0,1.0,125,100,0,0.0,
WAUC,11,within,within_fold0,1,0.5,0.3,50,inf,4,False,4.0,workload,0.84007164790174,0.92,125,100,347,27.0,
WAUC,11,within,within_fold0,1,0.5,0.3,50,4.0,4,False,4.0,workload,0.9039200614911607,0.952,125,100,347,25.0,
WAUC,11,within,within_fold0,1,0.5,0.3,50,3.0,4,False,4.0,workload,0.9039200614911607,0.952,125,100,0,0.0,
WAUC,11,within,within_fold0,1,0.5,0.3,50,2.0,4,False,4.0,workload,0.9039200614911607,0.952,125,100,0,0.0,
WAUC,11,within,within_fold0,2,0.5,0.3,50,inf,4,False,4.0,workload,0.936028659160696,0.968,125,100,347,24.0,
WAUC,11,within,within_fold0,2,0.5,0.3,50,4.0,4,False,4.0,workload,0.9360122856411569,0.968,125,100,347,26.0,
WAUC,11,within,within_fold0,2,0.5,0.3,50,3.0,4,False,4.0,workload,1.0,1.0,125,100,0,0.0,
WAUC,11,within,within_fold0,2,0.5,0.3,50,2.0,4,False,4.0,workload,1.0,1.0,125,100,0,0.0,
WAUC,11,within,within_fold0,3,0.5,0.3,50,inf,4,False,4.0,workload,0.696408027610891,0.848,125,100,347,23.0,
WAUC,11,within,within_fold0,3,0.5,0.3,50,4.0,4,False,4.0,workload,0.792172912137102,0.896,125,100,347,22.0,
WAUC,11,within,within_fold0,3,0.5,0.3,50,3.0,4,False,4.0,workload,1.0,1.0,125,100,0,0.0,
WAUC,11,within,within_fold0,3,0.5,0.3,50,2.0,4,False,4.0,workload,1.0,1.0,125,100,0,0.0,
WAUC,11,within,within_fold0,42,0.5,0.3,50,inf,4,False,4.0,workload,0.967989756722151,0.984,125,100,347,21.0,
WAUC,11,within,within_fold0,42,0.5,0.3,50,4.0,4,False,4.0,workload,0.9200255918106206,0.96,125,100,347,19.0,
WAUC,11,within,within_fold0,42,0.5,0.3,50,3.0,4,False,4.0,workload,1.0,1.0,125,100,0,0.0,
WAUC,11,within,within_fold0,42,0.5,0.3,50,2.0,4,False,4.0,workload,1.0,1.0,125,100,0,0.0,
WAUC,12,within,within_fold0,0,0.5,0.3,50,inf,4,False,4.0,workload,0.4844074844074844,0.7419354838709677,186,100,520,127.0,
WAUC,12,within,within_fold0,0,0.5,0.3,50,4.0,4,False,4.0,workload,0.45275181723779856,0.7258064516129032,186,100,520,153.0,
WAUC,12,within,within_fold0,0,0.5,0.3,50,3.0,4,False,4.0,workload,0.4844074844074844,0.7419354838709677,186,100,0,0.0,
WAUC,12,within,within_fold0,0,0.5,0.3,50,2.0,4,False,4.0,workload,0.4844074844074844,0.7419354838709677,186,100,0,0.0,
WAUC,12,within,within_fold0,1,0.5,0.3,50,inf,4,False,4.0,workload,0.5045170257123002,0.7526881720430108,186,100,520,130.0,
WAUC,12,within,within_fold0,1,0.5,0.3,50,4.0,4,False,4.0,workload,0.4839306358381503,0.7419354838709677,186,100,520,133.0,
WAUC,12,within,within_fold0,1,0.5,0.3,50,3.0,4,False,4.0,workload,0.4718970912040793,0.7365591397849462,186,100,0,0.0,
WAUC,12,within,within_fold0,1,0.5,0.3,50,2.0,4,False,4.0,workload,0.4718970912040793,0.7365591397849462,186,100,0,0.0,
WAUC,12,within,within_fold0,2,0.5,0.3,50,inf,4,False,4.0,workload,0.5482303955586398,0.7741935483870968,186,100,467,135.0,
WAUC,12,within,within_fold0,2,0.5,0.3,50,4.0,4,False,4.0,workload,0.24617878647521996,0.6236559139784946,186,100,520,128.0,
WAUC,12,within,within_fold0,2,0.5,0.3,50,3.0,4,False,4.0,workload,0.5482303955586398,0.7741935483870968,186,100,0,0.0,
WAUC,12,within,within_fold0,2,0.5,0.3,50,2.0,4,False,4.0,workload,0.5482303955586398,0.7741935483870968,186,100,0,0.0,
WAUC,12,within,within_fold0,3,0.5,0.3,50,inf,4,False,4.0,workload,0.46304849884526567,0.7311827956989247,186,100,520,111.0,
WAUC,12,within,within_fold0,3,0.5,0.3,50,4.0,4,False,4.0,workload,0.462054604349838,0.7311827956989247,186,100,520,123.0,
WAUC,12,within,within_fold0,3,0.5,0.3,50,3.0,4,False,4.0,workload,0.5376344086021505,0.7688172043010753,186,100,0,0.0,
WAUC,12,within,within_fold0,3,0.5,0.3,50,2.0,4,False,4.0,workload,0.5376344086021505,0.7688172043010753,186,100,0,0.0,
WAUC,12,within,within_fold0,42,0.5,0.3,50,inf,4,False,4.0,workload,0.31095160916878906,0.6559139784946236,186,100,520,135.0,
WAUC,12,within,within_fold0,42,0.5,0.3,50,4.0,4,False,4.0,workload,0.5261695229272811,0.7634408602150538,186,100,520,134.0,
WAUC,12,within,within_fold0,42,0.5,0.3,50,3.0,4,False,4.0,workload,0.46055684454756385,0.7311827956989247,186,100,0,0.0,
WAUC,12,within,within_fold0,42,0.5,0.3,50,2.0,4,False,4.0,workload,0.46055684454756385,0.7311827956989247,186,100,0,0.0,
WAUC,13,within,within_fold0,0,0.5,0.3,50,inf,4,False,4.0,workload,0.4294731579276295,0.7150837988826816,179,100,499,145.0,
WAUC,13,within,within_fold0,0,0.5,0.3,50,4.0,4,False,4.0,workload,0.4514353618112452,0.7262569832402235,179,100,499,151.0,
WAUC,13,within,within_fold0,0,0.5,0.3,50,3.0,4,False,4.0,workload,0.32942057942057945,0.664804469273743,179,100,0,0.0,
WAUC,13,within,within_fold0,0,0.5,0.3,50,2.0,4,False,4.0,workload,0.32942057942057945,0.664804469273743,179,100,0,0.0,
WAUC,13,within,within_fold0,1,0.5,0.3,50,inf,4,False,4.0,workload,0.24510047134706026,0.6201117318435754,179,100,477,162.0,
WAUC,13,within,within_fold0,1,0.5,0.3,50,4.0,4,False,4.0,workload,0.3678046966974411,0.6815642458100558,179,100,499,175.0,
WAUC,13,within,within_fold0,1,0.5,0.3,50,3.0,4,False,4.0,workload,0.24510047134706026,0.6201117318435754,179,100,0,0.0,
WAUC,13,within,within_fold0,1,0.5,0.3,50,2.0,4,False,4.0,workload,0.24510047134706026,0.6201117318435754,179,100,0,0.0,
WAUC,13,within,within_fold0,2,0.5,0.3,50,inf,4,False,4.0,workload,0.4530772588389349,0.7262569832402235,179,100,499,128.0,
WAUC,13,within,within_fold0,2,0.5,0.3,50,4.0,4,False,4.0,workload,0.4188311688311688,0.7094972067039106,179,100,499,134.0,
WAUC,13,within,within_fold0,2,0.5,0.3,50,3.0,4,False,4.0,workload,0.4530772588389349,0.7262569832402235,179,100,0,0.0,
WAUC,13,within,within_fold0,2,0.5,0.3,50,2.0,4,False,4.0,workload,0.4530772588389349,0.7262569832402235,179,100,0,0.0,
WAUC,13,within,within_fold0,3,0.5,0.3,50,inf,4,False,4.0,workload,0.2887122811374644,0.6424581005586593,179,100,499,183.0,
WAUC,13,within,within_fold0,3,0.5,0.3,50,4.0,4,False,4.0,workload,0.24594226242101347,0.6201117318435754,179,100,499,172.0,
WAUC,13,within,within_fold0,3,0.5,0.3,50,3.0,4,False,4.0,workload,0.13505141865939785,0.5642458100558659,179,100,0,0.0,
WAUC,13,within,within_fold0,3,0.5,0.3,50,2.0,4,False,4.0,workload,0.13505141865939785,0.5642458100558659,179,100,0,0.0,
WAUC,13,within,within_fold0,42,0.5,0.3,50,inf,4,False,4.0,workload,0.4416021961567258,0.7206703910614525,179,100,499,147.0,
WAUC,13,within,within_fold0,42,0.5,0.3,50,4.0,4,False,4.0,workload,0.41730311756604477,0.7094972067039106,179,100,499,142.0,
WAUC,13,within,within_fold0,42,0.5,0.3,50,3.0,4,False,4.0,workload,0.4420199501246883,0.7206703910614525,179,100,0,0.0,
WAUC,13,within,within_fold0,42,0.5,0.3,50,2.0,4,False,4.0,workload,0.4420199501246883,0.7206703910614525,179,100,0,0.0,
WAUC,14,within,within_fold0,0,0.5,0.3,50,inf,4,False,4.0,workload,0.6786505786752031,0.8388888888888889,180,100,503,87.0,
WAUC,14,within,within_fold0,0,0.5,0.3,50,4.0,4,False,4.0,workload,0.6568265682656826,0.8277777777777777,180,100,503,113.0,
WAUC,14,within,within_fold0,0,0.5,0.3,50,3.0,4,False,4.0,workload,0.6786505786752031,0.8388888888888889,180,100,0,0.0,
WAUC,14,within,within_fold0,0,0.5,0.3,50,2.0,4,False,4.0,workload,0.6786505786752031,0.8388888888888889,180,100,0,0.0,
WAUC,14,within,within_fold0,1,0.5,0.3,50,inf,4,False,4.0,workload,0.6656760772659733,0.8333333333333334,180,100,503,90.0,
WAUC,14,within,within_fold0,1,0.5,0.3,50,4.0,4,False,4.0,workload,0.45380232846172897,0.7277777777777777,180,100,503,119.0,
WAUC,14,within,within_fold0,1,0.5,0.3,50,3.0,4,False,4.0,workload,0.6656760772659733,0.8333333333333334,180,100,0,0.0,
WAUC,14,within,within_fold0,1,0.5,0.3,50,2.0,4,False,4.0,workload,0.6656760772659733,0.8333333333333334,180,100,0,0.0,
WAUC,14,within,within_fold0,2,0.5,0.3,50,inf,4,False,4.0,workload,0.5456784043339079,0.7722222222222223,180,100,503,90.0,
WAUC,14,within,within_fold0,2,0.5,0.3,50,4.0,4,False,4.0,workload,0.533102766798419,0.7666666666666667,180,100,503,86.0,
WAUC,14,within,within_fold0,2,0.5,0.3,50,3.0,4,False,4.0,workload,0.7555555555555555,0.8777777777777778,180,100,0,0.0,
WAUC,14,within,within_fold0,2,0.5,0.3,50,2.0,4,False,4.0,workload,0.7555555555555555,0.8777777777777778,180,100,0,0.0,
WAUC,14,within,within_fold0,3,0.5,0.3,50,inf,4,False,4.0,workload,0.6005917159763314,0.8,180,100,503,103.0,
WAUC,14,within,within_fold0,3,0.5,0.3,50,4.0,4,False,4.0,workload,0.5548961424332344,0.7777777777777778,180,100,503,107.0,
WAUC,14,within,within_fold0,3,0.5,0.3,50,3.0,4,False,4.0,workload,0.599009900990099,0.8,180,100,0,0.0,
WAUC,14,within,within_fold0,3,0.5,0.3,50,2.0,4,False,4.0,workload,0.599009900990099,0.8,180,100,0,0.0,
WAUC,14,within,within_fold0,42,0.5,0.3,50,inf,4,False,4.0,workload,0.7890451517394522,0.8944444444444445,180,100,503,91.0,
WAUC,14,within,within_fold0,42,0.5,0.3,50,4.0,4,False,4.0,workload,0.5456784043339079,0.7722222222222223,180,100,503,106.0,
WAUC,14,within,within_fold0,42,0.5,0.3,50,3.0,4,False,4.0,workload,0.7453874538745388,0.8722222222222222,180,100,0,0.0,
WAUC,14,within,within_fold0,42,0.5,0.3,50,2.0,4,False,4.0,workload,0.7453874538745388,0.8722222222222222,180,100,0,0.0,
WAUC,15,within,within_fold0,0,0.5,0.3,50,inf,4,False,4.0,workload,0.48629277907185087,0.7431693989071039,183,100,406,106.0,
WAUC,15,within,within_fold0,0,0.5,0.3,50,4.0,4,False,4.0,workload,0.5517117763039971,0.7759562841530054,183,100,510,150.0,
WAUC,15,within,within_fold0,0,0.5,0.3,50,3.0,4,False,4.0,workload,0.48629277907185087,0.7431693989071039,183,100,0,0.0,
WAUC,15,within,within_fold0,0,0.5,0.3,50,2.0,4,False,4.0,workload,0.48629277907185087,0.7431693989071039,183,100,0,0.0,
WAUC,15,within,within_fold0,1,0.5,0.3,50,inf,4,False,4.0,workload,0.5074466176206711,0.7540983606557377,183,78,510,133.0,
WAUC,15,within,within_fold0,1,0.5,0.3,50,4.0,4,False,4.0,workload,0.25663082437275986,0.6284153005464481,183,78,510,183.0,
WAUC,15,within,within_fold0,1,0.5,0.3,50,3.0,4,False,4.0,workload,0.5074466176206711,0.7540983606557377,183,78,0,0.0,
WAUC,15,within,within_fold0,1,0.5,0.3,50,2.0,4,False,4.0,workload,0.5074466176206711,0.7540983606557377,183,78,0,0.0,
WAUC,15,within,within_fold0,2,0.5,0.3,50,inf,4,False,4.0,workload,0.35389862964514396,0.6775956284153005,183,100,472,128.0,
WAUC,15,within,within_fold0,2,0.5,0.3,50,4.0,4,False,4.0,workload,0.44163924618606043,0.7213114754098361,183,100,510,151.0,
WAUC,15,within,within_fold0,2,0.5,0.3,50,3.0,4,False,4.0,workload,0.35389862964514396,0.6775956284153005,183,100,0,0.0,
WAUC,15,within,within_fold0,2,0.5,0.3,50,2.0,4,False,4.0,workload,0.35389862964514396,0.6775956284153005,183,100,0,0.0,
WAUC,15,within,within_fold0,3,0.5,0.3,50,inf,4,False,4.0,workload,0.5297316679615132,0.7650273224043715,183,100,510,149.0,
WAUC,15,within,within_fold0,3,0.5,0.3,50,4.0,4,False,4.0,workload,0.45307830245068736,0.726775956284153,183,100,510,129.0,
WAUC,15,within,within_fold0,3,0.5,0.3,50,3.0,4,False,4.0,workload,0.5403659849300323,0.7704918032786885,183,100,0,0.0,
WAUC,15,within,within_fold0,3,0.5,0.3,50,2.0,4,False,4.0,workload,0.5403659849300323,0.7704918032786885,183,100,0,0.0,
WAUC,15,within,within_fold0,42,0.5,0.3,50,inf,4,False,4.0,workload,0.3436154949784792,0.6721311475409836,183,86,510,140.0,
WAUC,15,within,within_fold0,42,0.5,0.3,50,4.0,4,False,4.0,workload,0.31067264573991027,0.6557377049180327,183,86,510,157.0,
WAUC,15,within,within_fold0,42,0.5,0.3,50,3.0,4,False,4.0,workload,0.31067264573991027,0.6557377049180327,183,86,0,0.0,
WAUC,15,within,within_fold0,42,0.5,0.3,50,2.0,4,False,4.0,workload,0.31067264573991027,0.6557377049180327,183,86,0,0.0,
WAUC,16,within,within_fold0,0,0.5,0.3,50,inf,4,False,4.0,workload,1.0,1.0,124,96,292,20.0,
WAUC,16,within,within_fold0,0,0.5,0.3,50,4.0,4,False,4.0,workload,0.20512820512820518,0.75,124,96,344,43.0,
WAUC,16,within,within_fold0,0,0.5,0.3,50,3.0,4,False,4.0,workload,1.0,1.0,124,96,0,0.0,
WAUC,16,within,within_fold0,0,0.5,0.3,50,2.0,4,False,4.0,workload,1.0,1.0,124,96,0,0.0,
WAUC,16,within,within_fold0,1,0.5,0.3,50,inf,4,False,4.0,workload,0.9139784946236559,0.967741935483871,124,100,344,19.0,
WAUC,16,within,within_fold0,1,0.5,0.3,50,4.0,4,False,4.0,workload,0.6705882352941177,0.8870967741935484,124,100,344,44.0,
WAUC,16,within,within_fold0,1,0.5,0.3,50,3.0,4,False,4.0,workload,1.0,1.0,124,100,0,0.0,
WAUC,16,within,within_fold0,1,0.5,0.3,50,2.0,4,False,4.0,workload,1.0,1.0,124,100,0,0.0,
WAUC,16,within,within_fold0,2,0.5,0.3,50,inf,4,False,4.0,workload,0.6851851851851851,0.8629032258064516,124,100,344,27.0,
WAUC,16,within,within_fold0,2,0.5,0.3,50,4.0,4,False,4.0,workload,0.7843137254901961,0.9112903225806451,124,100,344,40.0,
WAUC,16,within,within_fold0,2,0.5,0.3,50,3.0,4,False,4.0,workload,1.0,1.0,124,100,0,0.0,
WAUC,16,within,within_fold0,2,0.5,0.3,50,2.0,4,False,4.0,workload,1.0,1.0,124,100,0,0.0,
WAUC,16,within,within_fold0,3,0.5,0.3,50,inf,4,False,4.0,workload,0.9175257731958762,0.967741935483871,124,100,344,19.0,
WAUC,16,within,within_fold0,3,0.5,0.3,50,4.0,4,False,4.0,workload,0.8085106382978724,0.9274193548387096,124,100,344,44.0,
WAUC,16,within,within_fold0,3,0.5,0.3,50,3.0,4,False,4.0,workload,1.0,1.0,124,100,0,0.0,
WAUC,16,within,within_fold0,3,0.5,0.3,50,2.0,4,False,4.0,workload,1.0,1.0,124,100,0,0.0,
WAUC,16,within,within_fold0,42,0.5,0.3,50,inf,4,False,4.0,workload,0.9560439560439561,0.9838709677419355,124,100,344,18.0,
WAUC,16,within,within_fold0,42,0.5,0.3,50,4.0,4,False,4.0,workload,0.9787234042553191,0.9919354838709677,124,100,344,49.0,
WAUC,16,within,within_fold0,42,0.5,0.3,50,3.0,4,False,4.0,workload,1.0,1.0,124,100,0,0.0,
WAUC,16,within,within_fold0,42,0.5,0.3,50,2.0,4,False,4.0,workload,1.0,1.0,124,100,0,0.0,
WAUC,17,within,within_fold0,0,0.5,0.3,50,inf,4,False,4.0,workload,0.3381294964028777,0.6805555555555556,144,100,403,106.0,
WAUC,17,within,within_fold0,0,0.5,0.3,50,4.0,4,False,4.0,workload,0.24271844660194175,0.6388888888888888,144,100,403,131.0,
WAUC,17,within,within_fold0,0,0.5,0.3,50,3.0,4,False,4.0,workload,0.457573354480571,0.7361111111111112,144,100,0,0.0,
WAUC,17,within,within_fold0,0,0.5,0.3,50,2.0,4,False,4.0,workload,0.457573354480571,0.7361111111111112,144,100,0,0.0,
WAUC,17,within,within_fold0,1,0.5,0.3,50,inf,4,False,4.0,workload,0.6518936341659951,0.8333333333333334,144,100,403,107.0,
WAUC,17,within,within_fold0,1,0.5,0.3,50,4.0,4,False,4.0,workload,0.2587807832054906,0.6458333333333334,144,100,403,137.0,
WAUC,17,within,within_fold0,1,0.5,0.3,50,3.0,4,False,4.0,workload,0.6518936341659951,0.8333333333333334,144,100,0,0.0,
WAUC,17,within,within_fold0,1,0.5,0.3,50,2.0,4,False,4.0,workload,0.6518936341659951,0.8333333333333334,144,100,0,0.0,
WAUC,17,within,within_fold0,2,0.5,0.3,50,inf,4,False,4.0,workload,0.5618374558303887,0.7847222222222222,144,98,403,114.0,
WAUC,17,within,within_fold0,2,0.5,0.3,50,4.0,4,False,4.0,workload,0.206803247004252,0.6041666666666666,144,98,403,138.0,
WAUC,17,within,within_fold0,2,0.5,0.3,50,3.0,4,False,4.0,workload,0.514670896114195,0.7638888888888888,144,98,0,0.0,
WAUC,17,within,within_fold0,2,0.5,0.3,50,2.0,4,False,4.0,workload,0.514670896114195,0.7638888888888888,144,98,0,0.0,
WAUC,17,within,within_fold0,3,0.5,0.3,50,inf,4,False,4.0,workload,0.40752351097178685,0.7083333333333334,144,100,403,101.0,
WAUC,17,within,within_fold0,3,0.5,0.3,50,4.0,4,False,4.0,workload,0.3141576391483004,0.6458333333333334,144,100,403,140.0,
WAUC,17,within,within_fold0,3,0.5,0.3,50,3.0,4,False,4.0,workload,0.55895865237366,0.7777777777777778,144,100,0,0.0,
WAUC,17,within,within_fold0,3,0.5,0.3,50,2.0,4,False,4.0,workload,0.55895865237366,0.7777777777777778,144,100,0,0.0,
WAUC,17,within,within_fold0,42,0.5,0.3,50,inf,4,False,4.0,workload,0.4681181959564541,0.7361111111111112,144,100,403,91.0,
WAUC,17,within,within_fold0,42,0.5,0.3,50,4.0,4,False,4.0,workload,0.4554140127388534,0.7361111111111112,144,100,403,144.0,
WAUC,17,within,within_fold0,42,0.5,0.3,50,3.0,4,False,4.0,workload,0.6388888888888888,0.8194444444444444,144,100,0,0.0,
WAUC,17,within,within_fold0,42,0.5,0.3,50,2.0,4,False,4.0,workload,0.6388888888888888,0.8194444444444444,144,100,0,0.0,
WAUC,18,within,within_fold0,0,0.5,0.3,50,inf,4,False,4.0,workload,0.4708423326133909,0.7351351351351352,185,100,516,149.0,
WAUC,18,within,within_fold0,0,0.5,0.3,50,4.0,4,False,4.0,workload,0.37295465170640485,0.6864864864864865,185,100,516,135.0,
WAUC,18,within,within_fold0,0,0.5,0.3,50,3.0,4,False,4.0,workload,0.3079261164367547,0.654054054054054,185,100,0,0.0,
WAUC,18,within,within_fold0,0,0.5,0.3,50,2.0,4,False,4.0,workload,0.3079261164367547,0.654054054054054,185,100,0,0.0,
WAUC,18,within,within_fold0,1,0.5,0.3,50,inf,4,False,4.0,workload,0.4170848407048664,0.7081081081081081,185,100,516,121.0,
WAUC,18,within,within_fold0,1,0.5,0.3,50,4.0,4,False,4.0,workload,0.5791285072624395,0.7891891891891892,185,100,516,120.0,
WAUC,18,within,within_fold0,1,0.5,0.3,50,3.0,4,False,4.0,workload,0.5358539004609371,0.7675675675675676,185,100,0,0.0,
WAUC,18,within,within_fold0,1,0.5,0.3,50,2.0,4,False,4.0,workload,0.5358539004609371,0.7675675675675676,185,100,0,0.0,
WAUC,18,within,within_fold0,2,0.5,0.3,50,inf,4,False,4.0,workload,0.4277126014124788,0.7135135135135136,185,100,516,122.0,
WAUC,18,within,within_fold0,2,0.5,0.3,50,4.0,4,False,4.0,workload,0.49267751910846613,0.745945945945946,185,100,516,119.0,
WAUC,18,within,within_fold0,2,0.5,0.3,50,3.0,4,False,4.0,workload,0.5359622003149973,0.7675675675675676,185,100,0,0.0,
WAUC,18,within,within_fold0,2,0.5,0.3,50,2.0,4,False,4.0,workload,0.5359622003149973,0.7675675675675676,185,100,0,0.0,
WAUC,18,within,within_fold0,3,0.5,0.3,50,inf,4,False,4.0,workload,0.469541810521388,0.7351351351351352,185,100,516,159.0,
WAUC,18,within,within_fold0,3,0.5,0.3,50,4.0,4,False,4.0,workload,0.35163551401869164,0.6756756756756757,185,100,516,149.0,
WAUC,18,within,within_fold0,3,0.5,0.3,50,3.0,4,False,4.0,workload,0.3510289990645463,0.6756756756756757,185,100,0,0.0,
WAUC,18,within,within_fold0,3,0.5,0.3,50,2.0,4,False,4.0,workload,0.3510289990645463,0.6756756756756757,185,100,0,0.0,
WAUC,18,within,within_fold0,42,0.5,0.3,50,inf,4,False,4.0,workload,0.40521423978488347,0.7027027027027027,185,100,516,131.0,
WAUC,18,within,within_fold0,42,0.5,0.3,50,4.0,4,False,4.0,workload,0.4602007469654529,0.7297297297297297,185,100,516,124.0,
WAUC,18,within,within_fold0,42,0.5,0.3,50,3.0,4,False,4.0,workload,0.40521423978488347,0.7027027027027027,185,100,0,0.0,
WAUC,18,within,within_fold0,42,0.5,0.3,50,2.0,4,False,4.0,workload,0.40521423978488347,0.7027027027027027,185,100,0,0.0,
WAUC,19,within,within_fold0,0,0.5,0.3,50,inf,4,False,4.0,workload,0.5868100697317102,0.7934782608695652,184,100,514,94.0,
WAUC,19,within,within_fold0,0,0.5,0.3,50,4.0,4,False,4.0,workload,0.771900826446281,0.8858695652173914,184,100,514,90.0,
WAUC,19,within,within_fold0,0,0.5,0.3,50,3.0,4,False,4.0,workload,0.6418966737438075,0.8206521739130435,184,100,0,0.0,
WAUC,19,within,within_fold0,0,0.5,0.3,50,2.0,4,False,4.0,workload,0.6418966737438075,0.8206521739130435,184,100,0,0.0,
WAUC,19,within,within_fold0,1,0.5,0.3,50,inf,4,False,4.0,workload,0.6639962299717248,0.8315217391304348,184,100,514,93.0,
WAUC,19,within,within_fold0,1,0.5,0.3,50,4.0,4,False,4.0,workload,0.599152143193594,0.7989130434782609,184,100,514,87.0,
WAUC,19,within,within_fold0,1,0.5,0.3,50,3.0,4,False,4.0,workload,0.6422342682064577,0.8206521739130435,184,100,0,0.0,
WAUC,19,within,within_fold0,1,0.5,0.3,50,2.0,4,False,4.0,workload,0.6422342682064577,0.8206521739130435,184,100,0,0.0,
WAUC,19,within,within_fold0,2,0.5,0.3,50,inf,4,False,4.0,workload,0.5771859533349046,0.7880434782608695,184,100,514,86.0,
WAUC,19,within,within_fold0,2,0.5,0.3,50,4.0,4,False,4.0,workload,0.44695898161244696,0.7228260869565217,184,100,514,98.0,
WAUC,19,within,within_fold0,2,0.5,0.3,50,3.0,4,False,4.0,workload,0.5987741631305987,0.7989130434782609,184,100,0,0.0,
WAUC,19,within,within_fold0,2,0.5,0.3,50,2.0,4,False,4.0,workload,0.5987741631305987,0.7989130434782609,184,100,0,0.0,
WAUC,19,within,within_fold0,3,0.5,0.3,50,inf,4,False,4.0,workload,0.7178912607618824,0.8586956521739131,184,100,514,105.0,
WAUC,19,within,within_fold0,3,0.5,0.3,50,4.0,4,False,4.0,workload,0.6635999056381222,0.8315217391304348,184,100,514,104.0,
WAUC,19,within,within_fold0,3,0.5,0.3,50,3.0,4,False,4.0,workload,0.7178912607618824,0.8586956521739131,184,100,0,0.0,
WAUC,19,within,within_fold0,3,0.5,0.3,50,2.0,4,False,4.0,workload,0.7178912607618824,0.8586956521739131,184,100,0,0.0,
WAUC,19,within,within_fold0,42,0.5,0.3,50,inf,4,False,4.0,workload,0.5878816456442296,0.7934782608695652,184,100,514,100.0,
WAUC,19,within,within_fold0,42,0.5,0.3,50,4.0,4,False,4.0,workload,0.652461338684925,0.8260869565217391,184,100,514,88.0,
WAUC,19,within,within_fold0,42,0.5,0.3,50,3.0,4,False,4.0,workload,0.6635999056381222,0.8315217391304348,184,100,0,0.0,
WAUC,19,within,within_fold0,42,0.5,0.3,50,2.0,4,False,4.0,workload,0.6635999056381222,0.8315217391304348,184,100,0,0.0,
WAUC,20,within,within_fold0,0,0.5,0.3,50,inf,4,False,4.0,workload,0.2036565609812543,0.6021505376344086,186,100,519,175.0,
WAUC,20,within,within_fold0,0,0.5,0.3,50,4.0,4,False,4.0,workload,0.4188845174728072,0.7096774193548387,186,100,519,151.0,
WAUC,20,within,within_fold0,0,0.5,0.3,50,3.0,4,False,4.0,workload,0.4298438403701561,0.7150537634408602,186,100,0,0.0,
WAUC,20,within,within_fold0,0,0.5,0.3,50,2.0,4,False,4.0,workload,0.4298438403701561,0.7150537634408602,186,100,0,0.0,
WAUC,20,within,within_fold0,1,0.5,0.3,50,inf,4,False,4.0,workload,0.3120665742024965,0.6559139784946236,186,100,519,163.0,
WAUC,20,within,within_fold0,1,0.5,0.3,50,4.0,4,False,4.0,workload,0.3669089650398061,0.6827956989247311,186,100,519,165.0,
WAUC,20,within,within_fold0,1,0.5,0.3,50,3.0,4,False,4.0,workload,0.3663240558956,0.6827956989247311,186,100,0,0.0,
WAUC,20,within,within_fold0,1,0.5,0.3,50,2.0,4,False,4.0,workload,0.3663240558956,0.6827956989247311,186,100,0,0.0,
WAUC,20,within,within_fold0,2,0.5,0.3,50,inf,4,False,4.0,workload,0.4945067653521453,0.7473118279569892,186,100,519,158.0,
WAUC,20,within,within_fold0,2,0.5,0.3,50,4.0,4,False,4.0,workload,0.3765603328710124,0.6881720430107527,186,100,519,169.0,
WAUC,20,within,within_fold0,2,0.5,0.3,50,3.0,4,False,4.0,workload,0.36603119584055455,0.6827956989247311,186,100,0,0.0,
WAUC,20,within,within_fold0,2,0.5,0.3,50,2.0,4,False,4.0,workload,0.36603119584055455,0.6827956989247311,186,100,0,0.0,
WAUC,20,within,within_fold0,3,0.5,0.3,50,inf,4,False,4.0,workload,0.34332677393216804,0.6720430107526881,186,74,481,138.0,
WAUC,20,within,within_fold0,3,0.5,0.3,50,4.0,4,False,4.0,workload,0.4836918806384455,0.7419354838709677,186,74,519,141.0,
WAUC,20,within,within_fold0,3,0.5,0.3,50,3.0,4,False,4.0,workload,0.34332677393216804,0.6720430107526881,186,74,0,0.0,
WAUC,20,within,within_fold0,3,0.5,0.3,50,2.0,4,False,4.0,workload,0.34332677393216804,0.6720430107526881,186,74,0,0.0,
WAUC,20,within,within_fold0,42,0.5,0.3,50,inf,4,False,4.0,workload,0.49415576900821656,0.7473118279569892,186,100,519,164.0,
WAUC,20,within,within_fold0,42,0.5,0.3,50,4.0,4,False,4.0,workload,0.31254331254331247,0.6559139784946236,186,100,519,163.0,
WAUC,20,within,within_fold0,42,0.5,0.3,50,3.0,4,False,4.0,workload,0.49415576900821656,0.7473118279569892,186,100,0,0.0,
WAUC,20,within,within_fold0,42,0.5,0.3,50,2.0,4,False,4.0,workload,0.49415576900821656,0.7473118279569892,186,100,0,0.0,
WAUC,21,within,within_fold0,0,0.5,0.3,50,inf,4,False,4.0,workload,0.5662368112543963,0.7837837837837838,185,100,439,112.0,
WAUC,21,within,within_fold0,0,0.5,0.3,50,4.0,4,False,4.0,workload,0.3802527181898324,0.6918918918918919,185,100,518,147.0,
WAUC,21,within,within_fold0,0,0.5,0.3,50,3.0,4,False,4.0,workload,0.5662368112543963,0.7837837837837838,185,100,0,0.0,
WAUC,21,within,within_fold0,0,0.5,0.3,50,2.0,4,False,4.0,workload,0.5662368112543963,0.7837837837837838,185,100,0,0.0,
WAUC,21,within,within_fold0,1,0.5,0.3,50,inf,4,False,4.0,workload,0.5016980911113713,0.7513513513513513,185,100,518,157.0,
WAUC,21,within,within_fold0,1,0.5,0.3,50,4.0,4,False,4.0,workload,0.5018730976352141,0.7513513513513513,185,100,518,173.0,
WAUC,21,within,within_fold0,1,0.5,0.3,50,3.0,4,False,4.0,workload,0.5018730976352141,0.7513513513513513,185,100,0,0.0,
WAUC,21,within,within_fold0,1,0.5,0.3,50,2.0,4,False,4.0,workload,0.5018730976352141,0.7513513513513513,185,100,0,0.0,
WAUC,21,within,within_fold0,2,0.5,0.3,50,inf,4,False,4.0,workload,0.5994030549540587,0.8,185,100,518,149.0,
WAUC,21,within,within_fold0,2,0.5,0.3,50,4.0,4,False,4.0,workload,0.3411757837585381,0.6702702702702703,185,100,518,155.0,
WAUC,21,within,within_fold0,2,0.5,0.3,50,3.0,4,False,4.0,workload,0.5994030549540587,0.8,185,100,0,0.0,
WAUC,21,within,within_fold0,2,0.5,0.3,50,2.0,4,False,4.0,workload,0.5994030549540587,0.8,185,100,0,0.0,
WAUC,21,within,within_fold0,3,0.5,0.3,50,inf,4,False,4.0,workload,0.3465975983046856,0.6756756756756757,185,100,492,129.0,
WAUC,21,within,within_fold0,3,0.5,0.3,50,4.0,4,False,4.0,workload,0.2740849194729136,0.6378378378378379,185,100,518,155.0,
WAUC,21,within,within_fold0,3,0.5,0.3,50,3.0,4,False,4.0,workload,0.3465975983046856,0.6756756756756757,185,100,0,0.0,
WAUC,21,within,within_fold0,3,0.5,0.3,50,2.0,4,False,4.0,workload,0.3465975983046856,0.6756756756756757,185,100,0,0.0,
WAUC,21,within,within_fold0,42,0.5,0.3,50,inf,4,False,4.0,workload,0.4929142123986703,0.745945945945946,185,100,484,126.0,
WAUC,21,within,within_fold0,42,0.5,0.3,50,4.0,4,False,4.0,workload,0.6003853114600969,0.8,185,100,518,164.0,
WAUC,21,within,within_fold0,42,0.5,0.3,50,3.0,4,False,4.0,workload,0.4929142123986703,0.745945945945946,185,100,0,0.0,
WAUC,21,within,within_fold0,42,0.5,0.3,50,2.0,4,False,4.0,workload,0.4929142123986703,0.745945945945946,185,100,0,0.0,
WAUC,22,within,within_fold0,0,0.5,0.3,50,inf,4,False,4.0,workload,0.42071313384698084,0.7103825136612022,183,100,510,119.0,
WAUC,22,within,within_fold0,0,0.5,0.3,50,4.0,4,False,4.0,workload,0.5188239512370025,0.7595628415300546,183,100,510,118.0,
WAUC,22,within,within_fold0,0,0.5,0.3,50,3.0,4,False,4.0,workload,0.45353559483994266,0.726775956284153,183,100,0,0.0,
WAUC,22,within,within_fold0,0,0.5,0.3,50,2.0,4,False,4.0,workload,0.45353559483994266,0.726775956284153,183,100,0,0.0,
WAUC,22,within,within_fold0,1,0.5,0.3,50,inf,4,False,4.0,workload,0.5297316679615132,0.7650273224043715,183,100,510,115.0,
WAUC,22,within,within_fold0,1,0.5,0.3,50,4.0,4,False,4.0,workload,0.5957853262491792,0.7978142076502732,183,100,510,112.0,
WAUC,22,within,within_fold0,1,0.5,0.3,50,3.0,4,False,4.0,workload,0.5627240143369177,0.7814207650273224,183,100,0,0.0,
WAUC,22,within,within_fold0,1,0.5,0.3,50,2.0,4,False,4.0,workload,0.5627240143369177,0.7814207650273224,183,100,0,0.0,
WAUC,22,within,within_fold0,2,0.5,0.3,50,inf,4,False,4.0,workload,0.6831452624037255,0.8415300546448088,183,100,510,114.0,
WAUC,22,within,within_fold0,2,0.5,0.3,50,4.0,4,False,4.0,workload,0.5737832188713048,0.7868852459016393,183,100,510,120.0,
WAUC,22,within,within_fold0,2,0.5,0.3,50,3.0,4,False,4.0,workload,0.5079763398458506,0.7540983606557377,183,100,0,0.0,
WAUC,22,within,within_fold0,2,0.5,0.3,50,2.0,4,False,4.0,workload,0.5079763398458506,0.7540983606557377,183,100,0,0.0,
WAUC,22,within,within_fold0,3,0.5,0.3,50,inf,4,False,4.0,workload,0.6502210010751404,0.825136612021858,183,100,510,102.0,
WAUC,22,within,within_fold0,3,0.5,0.3,50,4.0,4,False,4.0,workload,0.6063105055575475,0.8032786885245902,183,100,510,103.0,
WAUC,22,within,within_fold0,3,0.5,0.3,50,3.0,4,False,4.0,workload,0.6175891097975998,0.8087431693989071,183,100,0,0.0,
WAUC,22,within,within_fold0,3,0.5,0.3,50,2.0,4,False,4.0,workload,0.6175891097975998,0.8087431693989071,183,100,0,0.0,
WAUC,22,within,within_fold0,42,0.5,0.3,50,inf,4,False,4.0,workload,0.551604613637722,0.7759562841530054,183,100,510,146.0,
WAUC,22,within,within_fold0,42,0.5,0.3,50,4.0,4,False,4.0,workload,0.6500956022944551,0.825136612021858,183,100,510,133.0,
WAUC,22,within,within_fold0,42,0.5,0.3,50,3.0,4,False,4.0,workload,0.6500956022944551,0.825136612021858,183,100,0,0.0,
WAUC,22,within,within_fold0,42,0.5,0.3,50,2.0,4,False,4.0,workload,0.6500956022944551,0.825136612021858,183,100,0,0.0,
WAUC,24,within,within_fold0,0,0.5,0.3,50,inf,4,False,4.0,workload,0.42711072158924923,0.7135135135135136,185,100,516,193.0,
WAUC,24,within,within_fold0,0,0.5,0.3,50,4.0,4,False,4.0,workload,0.42711072158924923,0.7135135135135136,185,100,516,193.0,
WAUC,24,within,within_fold0,0,0.5,0.3,50,3.0,4,False,4.0,workload,0.45950683650812196,0.7297297297297297,185,100,0,0.0,
WAUC,24,within,within_fold0,0,0.5,0.3,50,2.0,4,False,4.0,workload,0.45950683650812196,0.7297297297297297,185,100,0,0.0,
WAUC,24,within,within_fold0,1,0.5,0.3,50,inf,4,False,4.0,workload,0.3191775220515217,0.6594594594594595,185,90,516,168.0,
WAUC,24,within,within_fold0,1,0.5,0.3,50,4.0,4,False,4.0,workload,0.4712744240303296,0.7351351351351352,185,90,516,171.0,
WAUC,24,within,within_fold0,1,0.5,0.3,50,3.0,4,False,4.0,workload,0.4710893284322306,0.7351351351351352,185,90,0,0.0,
WAUC,24,within,within_fold0,1,0.5,0.3,50,2.0,4,False,4.0,workload,0.4710893284322306,0.7351351351351352,185,90,0,0.0,
WAUC,24,within,within_fold0,2,0.5,0.3,50,inf,4,False,4.0,workload,0.2753580824320374,0.6378378378378379,185,100,516,202.0,
WAUC,24,within,within_fold0,2,0.5,0.3,50,4.0,4,False,4.0,workload,0.4703476482617587,0.7351351351351352,185,100,516,188.0,
WAUC,24,within,within_fold0,2,0.5,0.3,50,3.0,4,False,4.0,workload,0.4703476482617587,0.7351351351351352,185,100,0,0.0,
WAUC,24,within,within_fold0,2,0.5,0.3,50,2.0,4,False,4.0,workload,0.4703476482617587,0.7351351351351352,185,100,0,0.0,
WAUC,24,within,within_fold0,3,0.5,0.3,50,inf,4,False,4.0,workload,0.244281045751634,0.6216216216216216,185,100,516,194.0,
WAUC,24,within,within_fold0,3,0.5,0.3,50,4.0,4,False,4.0,workload,0.244281045751634,0.6216216216216216,185,100,516,182.0,
WAUC,24,within,within_fold0,3,0.5,0.3,50,3.0,4,False,4.0,workload,0.244281045751634,0.6216216216216216,185,100,0,0.0,
WAUC,24,within,within_fold0,3,0.5,0.3,50,2.0,4,False,4.0,workload,0.244281045751634,0.6216216216216216,185,100,0,0.0,
WAUC,24,within,within_fold0,42,0.5,0.3,50,inf,4,False,4.0,workload,0.3092987982732469,0.654054054054054,185,100,516,187.0,
WAUC,24,within,within_fold0,42,0.5,0.3,50,4.0,4,False,4.0,workload,0.5029786239925242,0.7513513513513513,185,100,516,177.0,
WAUC,24,within,within_fold0,42,0.5,0.3,50,3.0,4,False,4.0,workload,0.3948598130841122,0.6972972972972973,185,100,0,0.0,
WAUC,24,within,within_fold0,42,0.5,0.3,50,2.0,4,False,4.0,workload,0.3948598130841122,0.6972972972972973,185,100,0,0.0,
WAUC,25,within,within_fold0,0,0.5,0.3,50,inf,4,False,4.0,workload,0.4516129032258065,0.7258064516129032,186,100,520,144.0,
WAUC,25,within,within_fold0,0,0.5,0.3,50,4.0,4,False,4.0,workload,0.5268817204301075,0.7634408602150538,186,100,520,145.0,
WAUC,25,within,within_fold0,0,0.5,0.3,50,3.0,4,False,4.0,workload,0.4516129032258065,0.7258064516129032,186,100,0,0.0,
WAUC,25,within,within_fold0,0,0.5,0.3,50,2.0,4,False,4.0,workload,0.4516129032258065,0.7258064516129032,186,100,0,0.0,
WAUC,25,within,within_fold0,1,0.5,0.3,50,inf,4,False,4.0,workload,0.4516129032258065,0.7258064516129032,186,100,519,152.0,
WAUC,25,within,within_fold0,1,0.5,0.3,50,4.0,4,False,4.0,workload,0.4516129032258065,0.7258064516129032,186,100,520,138.0,
WAUC,25,within,within_fold0,1,0.5,0.3,50,3.0,4,False,4.0,workload,0.4516129032258065,0.7258064516129032,186,100,0,0.0,
WAUC,25,within,within_fold0,1,0.5,0.3,50,2.0,4,False,4.0,workload,0.4516129032258065,0.7258064516129032,186,100,0,0.0,
WAUC,25,within,within_fold0,2,0.5,0.3,50,inf,4,False,4.0,workload,0.33333333333333337,0.6666666666666666,186,100,520,144.0,
WAUC,25,within,within_fold0,2,0.5,0.3,50,4.0,4,False,4.0,workload,0.33333333333333337,0.6666666666666666,186,100,520,144.0,
WAUC,25,within,within_fold0,2,0.5,0.3,50,3.0,4,False,4.0,workload,0.34408602150537637,0.6720430107526881,186,100,0,0.0,
WAUC,25,within,within_fold0,2,0.5,0.3,50,2.0,4,False,4.0,workload,0.34408602150537637,0.6720430107526881,186,100,0,0.0,
WAUC,25,within,within_fold0,3,0.5,0.3,50,inf,4,False,4.0,workload,0.34408602150537637,0.6720430107526881,186,100,466,149.0,
WAUC,25,within,within_fold0,3,0.5,0.3,50,4.0,4,False,4.0,workload,0.4731182795698925,0.7365591397849462,186,100,520,138.0,
WAUC,25,within,within_fold0,3,0.5,0.3,50,3.0,4,False,4.0,workload,0.34408602150537637,0.6720430107526881,186,100,0,0.0,
WAUC,25,within,within_fold0,3,0.5,0.3,50,2.0,4,False,4.0,workload,0.34408602150537637,0.6720430107526881,186,100,0,0.0,
WAUC,25,within,within_fold0,42,0.5,0.3,50,inf,4,False,4.0,workload,0.4731182795698925,0.7365591397849462,186,100,520,136.0,
WAUC,25,within,within_fold0,42,0.5,0.3,50,4.0,4,False,4.0,workload,0.4731182795698925,0.7365591397849462,186,100,520,145.0,
WAUC,25,within,within_fold0,42,0.5,0.3,50,3.0,4,False,4.0,workload,0.5591397849462365,0.7795698924731183,186,100,0,0.0,
WAUC,25,within,within_fold0,42,0.5,0.3,50,2.0,4,False,4.0,workload,0.5591397849462365,0.7795698924731183,186,100,0,0.0,
WAUC,27,within,within_fold0,0,0.5,0.3,50,inf,4,False,4.0,workload,0.21120742278110127,0.6098901098901099,182,92,507,189.0,
WAUC,27,within,within_fold0,0,0.5,0.3,50,4.0,4,False,4.0,workload,0.22250701818625662,0.6153846153846154,182,92,507,184.0,
WAUC,27,within,within_fold0,0,0.5,0.3,50,3.0,4,False,4.0,workload,0.22250701818625662,0.6153846153846154,182,92,0,0.0,
WAUC,27,within,within_fold0,0,0.5,0.3,50,2.0,4,False,4.0,workload,0.22250701818625662,0.6153846153846154,182,92,0,0.0,
WAUC,27,within,within_fold0,1,0.5,0.3,50,inf,4,False,4.0,workload,0.38520931354807575,0.6923076923076923,182,94,507,186.0,
WAUC,27,within,within_fold0,1,0.5,0.3,50,4.0,4,False,4.0,workload,0.38609806047464157,0.6923076923076923,182,94,507,185.0,
WAUC,27,within,within_fold0,1,0.5,0.3,50,3.0,4,False,4.0,workload,0.38609806047464157,0.6923076923076923,182,94,0,0.0,
WAUC,27,within,within_fold0,1,0.5,0.3,50,2.0,4,False,4.0,workload,0.38609806047464157,0.6923076923076923,182,94,0,0.0,
WAUC,27,within,within_fold0,2,0.5,0.3,50,inf,4,False,4.0,workload,0.240841494377947,0.6208791208791209,182,96,507,171.0,
WAUC,27,within,within_fold0,2,0.5,0.3,50,4.0,4,False,4.0,workload,0.32821009318649397,0.6648351648351648,182,96,507,177.0,
WAUC,27,within,within_fold0,2,0.5,0.3,50,3.0,4,False,4.0,workload,0.4077377365312763,0.7032967032967034,182,96,0,0.0,
WAUC,27,within,within_fold0,2,0.5,0.3,50,2.0,4,False,4.0,workload,0.4077377365312763,0.7032967032967034,182,96,0,0.0,
WAUC,27,within,within_fold0,3,0.5,0.3,50,inf,4,False,4.0,workload,0.24047417442845043,0.6208791208791209,182,86,507,191.0,
WAUC,27,within,within_fold0,3,0.5,0.3,50,4.0,4,False,4.0,workload,0.19605470168219774,0.5989010989010989,182,86,507,172.0,
WAUC,27,within,within_fold0,3,0.5,0.3,50,3.0,4,False,4.0,workload,0.3393829401088929,0.6703296703296703,182,86,0,0.0,
WAUC,27,within,within_fold0,3,0.5,0.3,50,2.0,4,False,4.0,workload,0.3393829401088929,0.6703296703296703,182,86,0,0.0,
WAUC,27,within,within_fold0,42,0.5,0.3,50,inf,4,False,4.0,workload,0.25418826081716284,0.6263736263736264,182,100,507,187.0,
WAUC,27,within,within_fold0,42,0.5,0.3,50,4.0,4,False,4.0,workload,0.23409883371407958,0.6153846153846154,182,100,507,182.0,
WAUC,27,within,within_fold0,42,0.5,0.3,50,3.0,4,False,4.0,workload,0.28554173209324796,0.6428571428571429,182,100,0,0.0,
WAUC,27,within,within_fold0,42,0.5,0.3,50,2.0,4,False,4.0,workload,0.28554173209324796,0.6428571428571429,182,100,0,0.0,
WAUC,29,within,within_fold0,0,0.5,0.3,50,inf,4,False,4.0,workload,0.3804347826086957,0.6902173913043478,184,50,488,202.0,
WAUC,29,within,within_fold0,0,0.5,0.3,50,4.0,4,False,4.0,workload,0.26086956521739135,0.6304347826086957,184,50,514,200.0,
WAUC,29,within,within_fold0,0,0.5,0.3,50,3.0,4,False,4.0,workload,0.3804347826086957,0.6902173913043478,184,50,0,0.0,
WAUC,29,within,within_fold0,0,0.5,0.3,50,2.0,4,False,4.0,workload,0.3804347826086957,0.6902173913043478,184,50,0,0.0,
WAUC,29,within,within_fold0,1,0.5,0.3,50,inf,4,False,4.0,workload,0.3804347826086957,0.6902173913043478,184,34,491,182.0,
WAUC,29,within,within_fold0,1,0.5,0.3,50,4.0,4,False,4.0,workload,0.15217391304347827,0.5760869565217391,184,34,514,200.0,
WAUC,29,within,within_fold0,1,0.5,0.3,50,3.0,4,False,4.0,workload,0.3804347826086957,0.6902173913043478,184,34,0,0.0,
WAUC,29,within,within_fold0,1,0.5,0.3,50,2.0,4,False,4.0,workload,0.3804347826086957,0.6902173913043478,184,34,0,0.0,
WAUC,29,within,within_fold0,2,0.5,0.3,50,inf,4,False,4.0,workload,0.09782608695652173,0.5489130434782609,184,56,514,204.0,
WAUC,29,within,within_fold0,2,0.5,0.3,50,4.0,4,False,4.0,workload,0.25,0.625,184,56,514,212.0,
WAUC,29,within,within_fold0,2,0.5,0.3,50,3.0,4,False,4.0,workload,0.3369565217391305,0.6684782608695652,184,56,0,0.0,
WAUC,29,within,within_fold0,2,0.5,0.3,50,2.0,4,False,4.0,workload,0.3369565217391305,0.6684782608695652,184,56,0,0.0,
WAUC,29,within,within_fold0,3,0.5,0.3,50,inf,4,False,4.0,workload,0.13043478260869568,0.5652173913043478,184,80,514,191.0,
WAUC,29,within,within_fold0,3,0.5,0.3,50,4.0,4,False,4.0,workload,0.4347826086956522,0.717391304347826,184,80,514,195.0,
WAUC,29,within,within_fold0,3,0.5,0.3,50,3.0,4,False,4.0,workload,0.06521739130434778,0.532608695652174,184,80,0,0.0,
WAUC,29,within,within_fold0,3,0.5,0.3,50,2.0,4,False,4.0,workload,0.06521739130434778,0.532608695652174,184,80,0,0.0,
WAUC,29,within,within_fold0,42,0.5,0.3,50,inf,4,False,4.0,workload,0.4130434782608695,0.7065217391304348,184,38,461,168.0,
WAUC,29,within,within_fold0,42,0.5,0.3,50,4.0,4,False,4.0,workload,0.03260869565217395,0.5163043478260869,184,38,514,203.0,
WAUC,29,within,within_fold0,42,0.5,0.3,50,3.0,4,False,4.0,workload,0.4130434782608695,0.7065217391304348,184,38,0,0.0,
WAUC,29,within,within_fold0,42,0.5,0.3,50,2.0,4,False,4.0,workload,0.4130434782608695,0.7065217391304348,184,38,0,0.0,
WAUC,30,within,within_fold0,0,0.5,0.3,50,inf,4,False,4.0,workload,0.4347826086956522,0.717391304347826,184,100,512,170.0,
WAUC,30,within,within_fold0,0,0.5,0.3,50,4.0,4,False,4.0,workload,0.3695652173913043,0.6847826086956522,184,100,512,162.0,
WAUC,30,within,within_fold0,0,0.5,0.3,50,3.0,4,False,4.0,workload,0.44565217391304346,0.7228260869565217,184,100,0,0.0,
WAUC,30,within,within_fold0,0,0.5,0.3,50,2.0,4,False,4.0,workload,0.44565217391304346,0.7228260869565217,184,100,0,0.0,
WAUC,30,within,within_fold0,1,0.5,0.3,50,inf,4,False,4.0,workload,0.46739130434782605,0.7336956521739131,184,100,455,130.0,
WAUC,30,within,within_fold0,1,0.5,0.3,50,4.0,4,False,4.0,workload,0.3695652173913043,0.6847826086956522,184,100,512,159.0,
WAUC,30,within,within_fold0,1,0.5,0.3,50,3.0,4,False,4.0,workload,0.46739130434782605,0.7336956521739131,184,100,0,0.0,
WAUC,30,within,within_fold0,1,0.5,0.3,50,2.0,4,False,4.0,workload,0.46739130434782605,0.7336956521739131,184,100,0,0.0,
WAUC,30,within,within_fold0,2,0.5,0.3,50,inf,4,False,4.0,workload,0.5,0.75,184,100,512,166.0,
WAUC,30,within,within_fold0,2,0.5,0.3,50,4.0,4,False,4.0,workload,0.28260869565217395,0.6413043478260869,184,100,512,152.0,
WAUC,30,within,within_fold0,2,0.5,0.3,50,3.0,4,False,4.0,workload,0.4565217391304348,0.7282608695652174,184,100,0,0.0,
WAUC,30,within,within_fold0,2,0.5,0.3,50,2.0,4,False,4.0,workload,0.4565217391304348,0.7282608695652174,184,100,0,0.0,
WAUC,30,within,within_fold0,3,0.5,0.3,50,inf,4,False,4.0,workload,0.42391304347826086,0.7119565217391305,184,100,512,153.0,
WAUC,30,within,within_fold0,3,0.5,0.3,50,4.0,4,False,4.0,workload,0.5543478260869565,0.7771739130434783,184,100,512,150.0,
WAUC,30,within,within_fold0,3,0.5,0.3,50,3.0,4,False,4.0,workload,0.2717391304347826,0.6358695652173914,184,100,0,0.0,
WAUC,30,within,within_fold0,3,0.5,0.3,50,2.0,4,False,4.0,workload,0.2717391304347826,0.6358695652173914,184,100,0,0.0,
WAUC,30,within,within_fold0,42,0.5,0.3,50,inf,4,False,4.0,workload,0.4347826086956522,0.717391304347826,184,100,512,149.0,
WAUC,30,within,within_fold0,42,0.5,0.3,50,4.0,4,False,4.0,workload,0.34782608695652173,0.6739130434782609,184,100,512,153.0,
WAUC,30,within,within_fold0,42,0.5,0.3,50,3.0,4,False,4.0,workload,0.4565217391304348,0.7282608695652174,184,100,0,0.0,
WAUC,30,within,within_fold0,42,0.5,0.3,50,2.0,4,False,4.0,workload,0.4565217391304348,0.7282608695652174,184,100,0,0.0,
WAUC,31,within,within_fold0,0,0.5,0.3,50,inf,4,False,4.0,workload,0.24442896935933145,0.6236559139784946,186,82,518,218.0,
WAUC,31,within,within_fold0,0,0.5,0.3,50,4.0,4,False,4.0,workload,0.24442896935933145,0.6236559139784946,186,82,518,219.0,
WAUC,31,within,within_fold0,0,0.5,0.3,50,3.0,4,False,4.0,workload,0.20162412993039447,0.6021505376344086,186,82,0,0.0,
WAUC,31,within,within_fold0,0,0.5,0.3,50,2.0,4,False,4.0,workload,0.20162412993039447,0.6021505376344086,186,82,0,0.0,
WAUC,31,within,within_fold0,1,0.5,0.3,50,inf,4,False,4.0,workload,0.15191042364077112,0.5752688172043011,186,56,518,213.0,
WAUC,31,within,within_fold0,1,0.5,0.3,50,4.0,4,False,4.0,workload,0.15191042364077112,0.5752688172043011,186,56,518,213.0,
WAUC,31,within,within_fold0,1,0.5,0.3,50,3.0,4,False,4.0,workload,0.15308357348703172,0.5752688172043011,186,56,0,0.0,
WAUC,31,within,within_fold0,1,0.5,0.3,50,2.0,4,False,4.0,workload,0.15308357348703172,0.5752688172043011,186,56,0,0.0,
WAUC,31,within,within_fold0,2,0.5,0.3,50,inf,4,False,4.0,workload,0.2899120777417863,0.6451612903225806,186,92,518,198.0,
WAUC,31,within,within_fold0,2,0.5,0.3,50,4.0,4,False,4.0,workload,0.20347222222222228,0.6021505376344086,186,92,518,191.0,
WAUC,31,within,within_fold0,2,0.5,0.3,50,3.0,4,False,4.0,workload,0.24530489218641316,0.6236559139784946,186,92,0,0.0,
WAUC,31,within,within_fold0,2,0.5,0.3,50,2.0,4,False,4.0,workload,0.24530489218641316,0.6236559139784946,186,92,0,0.0,
WAUC,31,within,within_fold0,3,0.5,0.3,50,inf,4,False,4.0,workload,0.09541454377026404,0.5483870967741935,186,98,518,208.0,
WAUC,31,within,within_fold0,3,0.5,0.3,50,4.0,4,False,4.0,workload,0.28793503480278426,0.6451612903225806,186,98,518,221.0,
WAUC,31,within,within_fold0,3,0.5,0.3,50,3.0,4,False,4.0,workload,0.14916039374638101,0.5752688172043011,186,98,0,0.0,
WAUC,31,within,within_fold0,3,0.5,0.3,50,2.0,4,False,4.0,workload,0.14916039374638101,0.5752688172043011,186,98,0,0.0,
WAUC,31,within,within_fold0,42,0.5,0.3,50,inf,4,False,4.0,workload,0.04653841723303764,0.521505376344086,186,42,518,223.0,
WAUC,31,within,within_fold0,42,0.5,0.3,50,4.0,4,False,4.0,workload,0.1418685121107266,0.5698924731182796,186,42,518,222.0,
WAUC,31,within,within_fold0,42,0.5,0.3,50,3.0,4,False,4.0,workload,0.08770917484131568,0.543010752688172,186,42,0,0.0,
WAUC,31,within,within_fold0,42,0.5,0.3,50,2.0,4,False,4.0,workload,0.08770917484131568,0.543010752688172,186,42,0,0.0,
WAUC,32,within,within_fold0,0,0.5,0.3,50,inf,4,False,4.0,workload,0.26086956521739135,0.6304347826086957,184,78,513,176.0,
WAUC,32,within,within_fold0,0,0.5,0.3,50,4.0,4,False,4.0,workload,0.30434782608695654,0.6521739130434783,184,78,513,191.0,
WAUC,32,within,within_fold0,0,0.5,0.3,50,3.0,4,False,4.0,workload,0.4565217391304348,0.7282608695652174,184,78,0,0.0,
WAUC,32,within,within_fold0,0,0.5,0.3,50,2.0,4,False,4.0,workload,0.4565217391304348,0.7282608695652174,184,78,0,0.0,
WAUC,32,within,within_fold0,1,0.5,0.3,50,inf,4,False,4.0,workload,0.32608695652173914,0.6630434782608695,184,100,513,181.0,
WAUC,32,within,within_fold0,1,0.5,0.3,50,4.0,4,False,4.0,workload,0.32608695652173914,0.6630434782608695,184,100,513,181.0,
WAUC,32,within,within_fold0,1,0.5,0.3,50,3.0,4,False,4.0,workload,0.3369565217391305,0.6684782608695652,184,100,0,0.0,
WAUC,32,within,within_fold0,1,0.5,0.3,50,2.0,4,False,4.0,workload,0.3369565217391305,0.6684782608695652,184,100,0,0.0,
WAUC,32,within,within_fold0,2,0.5,0.3,50,inf,4,False,4.0,workload,0.3695652173913043,0.6847826086956522,184,76,513,176.0,
WAUC,32,within,within_fold0,2,0.5,0.3,50,4.0,4,False,4.0,workload,0.2282608695652174,0.6141304347826086,184,76,513,170.0,
WAUC,32,within,within_fold0,2,0.5,0.3,50,3.0,4,False,4.0,workload,0.14130434782608692,0.5706521739130435,184,76,0,0.0,
WAUC,32,within,within_fold0,2,0.5,0.3,50,2.0,4,False,4.0,workload,0.14130434782608692,0.5706521739130435,184,76,0,0.0,
WAUC,32,within,within_fold0,3,0.5,0.3,50,inf,4,False,4.0,workload,0.5108695652173914,0.7554347826086957,184,100,513,160.0,
WAUC,32,within,within_fold0,3,0.5,0.3,50,4.0,4,False,4.0,workload,0.5108695652173914,0.7554347826086957,184,100,513,160.0,
WAUC,32,within,within_fold0,3,0.5,0.3,50,3.0,4,False,4.0,workload,0.2717391304347826,0.6358695652173914,184,100,0,0.0,
WAUC,32,within,within_fold0,3,0.5,0.3,50,2.0,4,False,4.0,workload,0.2717391304347826,0.6358695652173914,184,100,0,0.0,
WAUC,32,within,within_fold0,42,0.5,0.3,50,inf,4,False,4.0,workload,0.34782608695652173,0.6739130434782609,184,76,513,164.0,
WAUC,32,within,within_fold0,42,0.5,0.3,50,4.0,4,False,4.0,workload,0.34782608695652173,0.6739130434782609,184,76,513,164.0,
WAUC,32,within,within_fold0,42,0.5,0.3,50,3.0,4,False,4.0,workload,0.44565217391304346,0.7228260869565217,184,76,0,0.0,
WAUC,32,within,within_fold0,42,0.5,0.3,50,2.0,4,False,4.0,workload,0.44565217391304346,0.7228260869565217,184,76,0,0.0,
WAUC,33,within,within_fold0,0,0.5,0.3,50,inf,4,False,4.0,workload,0.31124917856502776,0.6557377049180327,183,88,512,167.0,
WAUC,33,within,within_fold0,0,0.5,0.3,50,4.0,4,False,4.0,workload,0.31124917856502776,0.6557377049180327,183,88,512,167.0,
WAUC,33,within,within_fold0,0,0.5,0.3,50,3.0,4,False,4.0,workload,0.33359202435675483,0.6666666666666666,183,88,0,0.0,
WAUC,33,within,within_fold0,0,0.5,0.3,50,2.0,4,False,4.0,workload,0.33359202435675483,0.6666666666666666,183,88,0,0.0,
WAUC,33,within,within_fold0,1,0.5,0.3,50,inf,4,False,4.0,workload,0.18123247628706074,0.5901639344262295,183,88,512,195.0,
WAUC,33,within,within_fold0,1,0.5,0.3,50,4.0,4,False,4.0,workload,0.22452999104744853,0.6120218579234973,183,88,512,191.0,
WAUC,33,within,within_fold0,1,0.5,0.3,50,3.0,4,False,4.0,workload,0.3010264979708761,0.6502732240437158,183,88,0,0.0,
WAUC,33,within,within_fold0,1,0.5,0.3,50,2.0,4,False,4.0,workload,0.3010264979708761,0.6502732240437158,183,88,0,0.0,
WAUC,33,within,within_fold0,2,0.5,0.3,50,inf,4,False,4.0,workload,0.23522388059701493,0.6174863387978142,183,92,512,207.0,
WAUC,33,within,within_fold0,2,0.5,0.3,50,4.0,4,False,4.0,workload,0.17976453714217422,0.5901639344262295,183,92,512,192.0,
WAUC,33,within,within_fold0,2,0.5,0.3,50,3.0,4,False,4.0,workload,0.34447761194029847,0.6721311475409836,183,92,0,0.0,
WAUC,33,within,within_fold0,2,0.5,0.3,50,2.0,4,False,4.0,workload,0.34447761194029847,0.6721311475409836,183,92,0,0.0,
WAUC,33,within,within_fold0,3,0.5,0.3,50,inf,4,False,4.0,workload,0.1808415398388541,0.5901639344262295,183,72,512,183.0,
WAUC,33,within,within_fold0,3,0.5,0.3,50,4.0,4,False,4.0,workload,0.35621012461987955,0.6775956284153005,183,72,512,197.0,
WAUC,33,within,within_fold0,3,0.5,0.3,50,3.0,4,False,4.0,workload,0.35621012461987955,0.6775956284153005,183,72,0,0.0,
WAUC,33,within,within_fold0,3,0.5,0.3,50,2.0,4,False,4.0,workload,0.35621012461987955,0.6775956284153005,183,72,0,0.0,
WAUC,33,within,within_fold0,42,0.5,0.3,50,inf,4,False,4.0,workload,0.3662526868879866,0.6830601092896175,183,96,512,190.0,
WAUC,33,within,within_fold0,42,0.5,0.3,50,4.0,4,False,4.0,workload,0.12513445679454993,0.5628415300546448,183,96,512,190.0,
WAUC,33,within,within_fold0,42,0.5,0.3,50,3.0,4,False,4.0,workload,0.24529316837009152,0.6229508196721312,183,96,0,0.0,
WAUC,33,within,within_fold0,42,0.5,0.3,50,2.0,4,False,4.0,workload,0.24529316837009152,0.6229508196721312,183,96,0,0.0,
WAUC,34,within,within_fold0,0,0.5,0.3,50,inf,4,False,4.0,workload,0.3224650662844859,0.6612021857923497,183,96,512,215.0,
WAUC,34,within,within_fold0,0,0.5,0.3,50,4.0,4,False,4.0,workload,0.21299725241906586,0.6065573770491803,183,96,512,192.0,
WAUC,34,within,within_fold0,0,0.5,0.3,50,3.0,4,False,4.0,workload,0.32230318958308446,0.6612021857923497,183,96,0,0.0,
WAUC,34,within,within_fold0,0,0.5,0.3,50,2.0,4,False,4.0,workload,0.32230318958308446,0.6612021857923497,183,96,0,0.0,
WAUC,34,within,within_fold0,1,0.5,0.3,50,inf,4,False,4.0,workload,0.3984220907297831,0.6994535519125683,183,100,512,200.0,
WAUC,34,within,within_fold0,1,0.5,0.3,50,4.0,4,False,4.0,workload,0.3984220907297831,0.6994535519125683,183,100,512,200.0,
WAUC,34,within,within_fold0,1,0.5,0.3,50,3.0,4,False,4.0,workload,0.24538337417080025,0.6229508196721312,183,100,0,0.0,
WAUC,34,within,within_fold0,1,0.5,0.3,50,2.0,4,False,4.0,workload,0.24538337417080025,0.6229508196721312,183,100,0,0.0,
WAUC,34,within,within_fold0,2,0.5,0.3,50,inf,4,False,4.0,workload,0.3554414661811236,0.6775956284153005,183,76,512,219.0,
WAUC,34,within,within_fold0,2,0.5,0.3,50,4.0,4,False,4.0,workload,0.3554414661811236,0.6775956284153005,183,76,512,207.0,
WAUC,34,within,within_fold0,2,0.5,0.3,50,3.0,4,False,4.0,workload,0.22378875679550747,0.6120218579234973,183,76,0,0.0,
WAUC,34,within,within_fold0,2,0.5,0.3,50,2.0,4,False,4.0,workload,0.22378875679550747,0.6120218579234973,183,76,0,0.0,
WAUC,34,within,within_fold0,3,0.5,0.3,50,inf,4,False,4.0,workload,0.2019236513531274,0.6010928961748634,183,84,495,165.0,
WAUC,34,within,within_fold0,3,0.5,0.3,50,4.0,4,False,4.0,workload,0.2676939616556172,0.6338797814207651,183,84,512,178.0,
WAUC,34,within,within_fold0,3,0.5,0.3,50,3.0,4,False,4.0,workload,0.2019236513531274,0.6010928961748634,183,84,0,0.0,
WAUC,34,within,within_fold0,3,0.5,0.3,50,2.0,4,False,4.0,workload,0.2019236513531274,0.6010928961748634,183,84,0,0.0,
WAUC,34,within,within_fold0,42,0.5,0.3,50,inf,4,False,4.0,workload,0.3880329630956647,0.6939890710382514,183,94,512,215.0,
WAUC,34,within,within_fold0,42,0.5,0.3,50,4.0,4,False,4.0,workload,0.24547355841051688,0.6229508196721312,183,94,512,215.0,
WAUC,34,within,within_fold0,42,0.5,0.3,50,3.0,4,False,4.0,workload,0.39899683525407537,0.6994535519125683,183,94,0,0.0,
WAUC,34,within,within_fold0,42,0.5,0.3,50,2.0,4,False,4.0,workload,0.39899683525407537,0.6994535519125683,183,94,0,0.0,
WAUC,35,within,within_fold0,0,0.5,0.3,50,inf,4,False,4.0,workload,0.44555173038593954,0.738562091503268,153,72,426,142.0,
WAUC,35,within,within_fold0,0,0.5,0.3,50,4.0,4,False,4.0,workload,0.42496285289747393,0.7189542483660131,153,72,426,152.0,
WAUC,35,within,within_fold0,0,0.5,0.3,50,3.0,4,False,4.0,workload,0.4547398431931575,0.738562091503268,153,72,0,0.0,
WAUC,35,within,within_fold0,0,0.5,0.3,50,2.0,4,False,4.0,workload,0.4547398431931575,0.738562091503268,153,72,0,0.0,
WAUC,35,within,within_fold0,1,0.5,0.3,50,inf,4,False,4.0,workload,0.299149294194634,0.6797385620915033,153,92,320,111.0,
WAUC,35,within,within_fold0,1,0.5,0.3,50,4.0,4,False,4.0,workload,0.1096755104053655,0.6143790849673203,153,92,426,166.0,
WAUC,35,within,within_fold0,1,0.5,0.3,50,3.0,4,False,4.0,workload,0.299149294194634,0.6797385620915033,153,92,0,0.0,
WAUC,35,within,within_fold0,1,0.5,0.3,50,2.0,4,False,4.0,workload,0.299149294194634,0.6797385620915033,153,92,0,0.0,
WAUC,35,within,within_fold0,2,0.5,0.3,50,inf,4,False,4.0,workload,0.2578503957110032,0.6274509803921569,153,94,426,131.0,
WAUC,35,within,within_fold0,2,0.5,0.3,50,4.0,4,False,4.0,workload,0.3447251114413076,0.6797385620915033,153,94,426,156.0,
WAUC,35,within,within_fold0,2,0.5,0.3,50,3.0,4,False,4.0,workload,0.3574668234503612,0.673202614379085,153,94,0,0.0,
WAUC,35,within,within_fold0,2,0.5,0.3,50,2.0,4,False,4.0,workload,0.3574668234503612,0.673202614379085,153,94,0,0.0,
WAUC,35,within,within_fold0,3,0.5,0.3,50,inf,4,False,4.0,workload,0.2910874897792314,0.6666666666666666,153,98,426,129.0,
WAUC,35,within,within_fold0,3,0.5,0.3,50,4.0,4,False,4.0,workload,0.3912638618471176,0.6928104575163399,153,98,426,148.0,
WAUC,35,within,within_fold0,3,0.5,0.3,50,3.0,4,False,4.0,workload,0.3912638618471176,0.6928104575163399,153,98,0,0.0,
WAUC,35,within,within_fold0,3,0.5,0.3,50,2.0,4,False,4.0,workload,0.3912638618471176,0.6928104575163399,153,98,0,0.0,
WAUC,35,within,within_fold0,42,0.5,0.3,50,inf,4,False,4.0,workload,0.32039397450753193,0.6993464052287581,153,92,426,143.0,
WAUC,35,within,within_fold0,42,0.5,0.3,50,4.0,4,False,4.0,workload,0.24630541871921185,0.6535947712418301,153,92,426,145.0,
WAUC,35,within,within_fold0,42,0.5,0.3,50,3.0,4,False,4.0,workload,0.47685056833934014,0.7581699346405228,153,92,0,0.0,
WAUC,35,within,within_fold0,42,0.5,0.3,50,2.0,4,False,4.0,workload,0.47685056833934014,0.7581699346405228,153,92,0,0.0,
WAUC,36,within,within_fold0,0,0.5,0.3,50,inf,4,False,4.0,workload,-0.04347826086956519,0.4782608695652174,184,52,513,239.0,
WAUC,36,within,within_fold0,0,0.5,0.3,50,4.0,4,False,4.0,workload,0.2065217391304348,0.6032608695652174,184,52,513,221.0,
WAUC,36,within,within_fold0,0,0.5,0.3,50,3.0,4,False,4.0,workload,0.03260869565217395,0.5163043478260869,184,52,0,0.0,
WAUC,36,within,within_fold0,0,0.5,0.3,50,2.0,4,False,4.0,workload,0.03260869565217395,0.5163043478260869,184,52,0,0.0,
WAUC,36,within,within_fold0,1,0.5,0.3,50,inf,4,False,4.0,workload,0.07608695652173914,0.5380434782608695,184,86,513,226.0,
WAUC,36,within,within_fold0,1,0.5,0.3,50,4.0,4,False,4.0,workload,0.1630434782608695,0.5815217391304348,184,86,513,220.0,
WAUC,36,within,within_fold0,1,0.5,0.3,50,3.0,4,False,4.0,workload,0.10869565217391308,0.5543478260869565,184,86,0,0.0,
WAUC,36,within,within_fold0,1,0.5,0.3,50,2.0,4,False,4.0,workload,0.10869565217391308,0.5543478260869565,184,86,0,0.0,
WAUC,36,within,within_fold0,2,0.5,0.3,50,inf,4,False,4.0,workload,0.21739130434782605,0.6086956521739131,184,84,513,242.0,
WAUC,36,within,within_fold0,2,0.5,0.3,50,4.0,4,False,4.0,workload,0.18478260869565222,0.592391304347826,184,84,513,218.0,
WAUC,36,within,within_fold0,2,0.5,0.3,50,3.0,4,False,4.0,workload,0.2934782608695652,0.6467391304347826,184,84,0,0.0,
WAUC,36,within,within_fold0,2,0.5,0.3,50,2.0,4,False,4.0,workload,0.2934782608695652,0.6467391304347826,184,84,0,0.0,
WAUC,36,within,within_fold0,3,0.5,0.3,50,inf,4,False,4.0,workload,0.23913043478260865,0.6195652173913043,184,86,513,206.0,
WAUC,36,within,within_fold0,3,0.5,0.3,50,4.0,4,False,4.0,workload,0.2282608695652174,0.6141304347826086,184,86,513,221.0,
WAUC,36,within,within_fold0,3,0.5,0.3,50,3.0,4,False,4.0,workload,0.09782608695652173,0.5489130434782609,184,86,0,0.0,
WAUC,36,within,within_fold0,3,0.5,0.3,50,2.0,4,False,4.0,workload,0.09782608695652173,0.5489130434782609,184,86,0,0.0,
WAUC,36,within,within_fold0,42,0.5,0.3,50,inf,4,False,4.0,workload,0.07608695652173914,0.5380434782608695,184,78,513,219.0,
WAUC,36,within,within_fold0,42,0.5,0.3,50,4.0,4,False,4.0,workload,0.2065217391304348,0.6032608695652174,184,78,513,216.0,
WAUC,36,within,within_fold0,42,0.5,0.3,50,3.0,4,False,4.0,workload,-0.04347826086956519,0.4782608695652174,184,78,0,0.0,
WAUC,36,within,within_fold0,42,0.5,0.3,50,2.0,4,False,4.0,workload,-0.04347826086956519,0.4782608695652174,184,78,0,0.0,
WAUC,37,within,within_fold0,0,0.5,0.3,50,inf,4,False,4.0,workload,0.5517653384312086,0.7759562841530054,183,100,512,134.0,
WAUC,37,within,within_fold0,0,0.5,0.3,50,4.0,4,False,4.0,workload,0.5191113234591496,0.7595628415300546,183,100,512,141.0,
WAUC,37,within,within_fold0,0,0.5,0.3,50,3.0,4,False,4.0,workload,0.5405308464849354,0.7704918032786885,183,100,0,0.0,
WAUC,37,within,within_fold0,0,0.5,0.3,50,2.0,4,False,4.0,workload,0.5405308464849354,0.7704918032786885,183,100,0,0.0,
WAUC,37,within,within_fold0,1,0.5,0.3,50,inf,4,False,4.0,workload,0.5404759057754395,0.7704918032786885,183,100,512,125.0,
WAUC,37,within,within_fold0,1,0.5,0.3,50,4.0,4,False,4.0,workload,0.5080351275464484,0.7540983606557377,183,100,512,132.0,
WAUC,37,within,within_fold0,1,0.5,0.3,50,3.0,4,False,4.0,workload,0.5735794945330704,0.7868852459016393,183,100,0,0.0,
WAUC,37,within,within_fold0,1,0.5,0.3,50,2.0,4,False,4.0,workload,0.5735794945330704,0.7868852459016393,183,100,0,0.0,
WAUC,37,within,within_fold0,2,0.5,0.3,50,inf,4,False,4.0,workload,0.49647086972125853,0.7486338797814208,183,100,512,125.0,
WAUC,37,within,within_fold0,2,0.5,0.3,50,4.0,4,False,4.0,workload,0.5514437735397859,0.7759562841530054,183,100,512,129.0,
WAUC,37,within,within_fold0,2,0.5,0.3,50,3.0,4,False,4.0,workload,0.5514973997250284,0.7759562841530054,183,100,0,0.0,
WAUC,37,within,within_fold0,2,0.5,0.3,50,2.0,4,False,4.0,workload,0.5514973997250284,0.7759562841530054,183,100,0,0.0,
WAUC,37,within,within_fold0,3,0.5,0.3,50,inf,4,False,4.0,workload,0.5410247223217485,0.7704918032786885,183,100,512,121.0,
WAUC,37,within,within_fold0,3,0.5,0.3,50,4.0,4,False,4.0,workload,0.5410247223217485,0.7704918032786885,183,100,512,121.0,
WAUC,37,within,within_fold0,3,0.5,0.3,50,3.0,4,False,4.0,workload,0.3987814348007884,0.6994535519125683,183,100,0,0.0,
WAUC,37,within,within_fold0,3,0.5,0.3,50,2.0,4,False,4.0,workload,0.3987814348007884,0.6994535519125683,183,100,0,0.0,
WAUC,37,within,within_fold0,42,0.5,0.3,50,inf,4,False,4.0,workload,0.3982782327972738,0.6994535519125683,183,100,512,136.0,
WAUC,37,within,within_fold0,42,0.5,0.3,50,4.0,4,False,4.0,workload,0.4864154773989371,0.7431693989071039,183,100,512,136.0,
WAUC,37,within,within_fold0,42,0.5,0.3,50,3.0,4,False,4.0,workload,0.4423065431729908,0.7213114754098361,183,100,0,0.0,
WAUC,37,within,within_fold0,42,0.5,0.3,50,2.0,4,False,4.0,workload,0.4423065431729908,0.7213114754098361,183,100,0,0.0,
WAUC,38,within,within_fold0,0,0.5,0.3,50,inf,4,False,4.0,workload,0.20240014329213674,0.6010928961748634,183,82,512,212.0,
WAUC,38,within,within_fold0,0,0.5,0.3,50,4.0,4,False,4.0,workload,-0.016484500985486594,0.4918032786885246,183,82,512,218.0,
WAUC,38,within,within_fold0,0,0.5,0.3,50,3.0,4,False,4.0,workload,0.27901146131805155,0.639344262295082,183,82,0,0.0,
WAUC,38,within,within_fold0,0,0.5,0.3,50,2.0,4,False,4.0,workload,0.27901146131805155,0.639344262295082,183,82,0,0.0,
WAUC,38,within,within_fold0,1,0.5,0.3,50,inf,4,False,4.0,workload,0.30219256434699715,0.6502732240437158,183,56,512,200.0,
WAUC,38,within,within_fold0,1,0.5,0.3,50,4.0,4,False,4.0,workload,0.21449862883033266,0.6065573770491803,183,56,512,208.0,
WAUC,38,within,within_fold0,1,0.5,0.3,50,3.0,4,False,4.0,workload,0.30219256434699715,0.6502732240437158,183,56,0,0.0,
WAUC,38,within,within_fold0,1,0.5,0.3,50,2.0,4,False,4.0,workload,0.30219256434699715,0.6502732240437158,183,56,0,0.0,
WAUC,38,within,within_fold0,2,0.5,0.3,50,inf,4,False,4.0,workload,0.08183012782224353,0.5409836065573771,183,70,512,188.0,
WAUC,38,within,within_fold0,2,0.5,0.3,50,4.0,4,False,4.0,workload,0.23531518624641834,0.6174863387978142,183,70,512,204.0,
WAUC,38,within,within_fold0,2,0.5,0.3,50,3.0,4,False,4.0,workload,0.23531518624641834,0.6174863387978142,183,70,0,0.0,
WAUC,38,within,within_fold0,2,0.5,0.3,50,2.0,4,False,4.0,workload,0.23531518624641834,0.6174863387978142,183,70,0,0.0,
WAUC,38,within,within_fold0,3,0.5,0.3,50,inf,4,False,4.0,workload,0.18191571794718964,0.5901639344262295,183,58,512,192.0,
WAUC,38,within,within_fold0,3,0.5,0.3,50,4.0,4,False,4.0,workload,0.1159420289855072,0.5573770491803278,183,58,512,194.0,
WAUC,38,within,within_fold0,3,0.5,0.3,50,3.0,4,False,4.0,workload,0.20306627691940582,0.6010928961748634,183,58,0,0.0,
WAUC,38,within,within_fold0,3,0.5,0.3,50,2.0,4,False,4.0,workload,0.20306627691940582,0.6010928961748634,183,58,0,0.0,
WAUC,38,within,within_fold0,42,0.5,0.3,50,inf,4,False,4.0,workload,0.11382794284689424,0.5573770491803278,183,36,498,216.0,
WAUC,38,within,within_fold0,42,0.5,0.3,50,4.0,4,False,4.0,workload,0.2568971694733071,0.6284153005464481,183,36,512,215.0,
WAUC,38,within,within_fold0,42,0.5,0.3,50,3.0,4,False,4.0,workload,0.11382794284689424,0.5573770491803278,183,36,0,0.0,
WAUC,38,within,within_fold0,42,0.5,0.3,50,2.0,4,False,4.0,workload,0.11382794284689424,0.5573770491803278,183,36,0,0.0,
WAUC,39,within,within_fold0,0,0.5,0.3,50,inf,4,False,4.0,workload,,,0,0,0,0.0,"y should be a 1d array with more than two classes, but got 1 class from ['high' 'high' 'high' 'high' 'high' 'high' 'high' 'high' 'high' 'high'
 'high' 'high' 'high' 'high' 'high' 'high' 'high' 'high' 'high' 'high'
 'high' 'high']"
WAUC,39,within,within_fold0,0,0.5,0.3,50,4.0,4,False,4.0,workload,,,0,0,0,0.0,"y should be a 1d array with more than two classes, but got 1 class from ['high' 'high' 'high' 'high' 'high' 'high' 'high' 'high' 'high' 'high'
 'high' 'high' 'high' 'high' 'high' 'high' 'high' 'high' 'high' 'high'
 'high' 'high']"
WAUC,39,within,within_fold0,0,0.5,0.3,50,3.0,4,False,4.0,workload,,,0,0,0,0.0,"y should be a 1d array with more than two classes, but got 1 class from ['high' 'high' 'high' 'high' 'high' 'high' 'high' 'high' 'high' 'high'
 'high' 'high' 'high' 'high' 'high' 'high' 'high' 'high' 'high' 'high'
 'high' 'high']"
WAUC,39,within,within_fold0,0,0.5,0.3,50,2.0,4,False,4.0,workload,,,0,0,0,0.0,"y should be a 1d array with more than two classes, but got 1 class from ['high' 'high' 'high' 'high' 'high' 'high' 'high' 'high' 'high' 'high'
 'high' 'high' 'high' 'high' 'high' 'high' 'high' 'high' 'high' 'high'
 'high' 'high']"
WAUC,39,within,within_fold0,1,0.5,0.3,50,inf,4,False,4.0,workload,,,0,0,0,0.0,"y should be a 1d array with more than two classes, but got 1 class from ['high' 'high' 'high' 'high' 'high' 'high' 'high' 'high' 'high' 'high'
 'high' 'high' 'high' 'high' 'high' 'high' 'high' 'high' 'high' 'high'
 'high' 'high']"
WAUC,39,within,within_fold0,1,0.5,0.3,50,4.0,4,False,4.0,workload,,,0,0,0,0.0,"y should be a 1d array with more than two classes, but got 1 class from ['high' 'high' 'high' 'high' 'high' 'high' 'high' 'high' 'high' 'high'
 'high' 'high' 'high' 'high' 'high' 'high' 'high' 'high' 'high' 'high'
 'high' 'high']"
WAUC,39,within,within_fold0,1,0.5,0.3,50,3.0,4,False,4.0,workload,,,0,0,0,0.0,"y should be a 1d array with more than two classes, but got 1 class from ['high' 'high' 'high' 'high' 'high' 'high' 'high' 'high' 'high' 'high'
 'high' 'high' 'high' 'high' 'high' 'high' 'high' 'high' 'high' 'high'
 'high' 'high']"
WAUC,39,within,within_fold0,1,0.5,0.3,50,2.0,4,False,4.0,workload,,,0,0,0,0.0,"y should be a 1d array with more than two classes, but got 1 class from ['high' 'high' 'high' 'high' 'high' 'high' 'high' 'high' 'high' 'high'
 'high' 'high' 'high' 'high' 'high' 'high' 'high' 'high' 'high' 'high'
 'high' 'high']"
WAUC,39,within,within_fold0,2,0.5,0.3,50,inf,4,False,4.0,workload,,,0,0,0,0.0,"y should be a 1d array with more than two classes, but got 1 class from ['high' 'high' 'high' 'high' 'high' 'high' 'high' 'high' 'high' 'high'
 'high' 'high' 'high' 'high' 'high' 'high' 'high' 'high' 'high' 'high'
 'high' 'high']"
WAUC,39,within,within_fold0,2,0.5,0.3,50,4.0,4,False,4.0,workload,,,0,0,0,0.0,"y should be a 1d array with more than two classes, but got 1 class from ['high' 'high' 'high' 'high' 'high' 'high' 'high' 'high' 'high' 'high'
 'high' 'high' 'high' 'high' 'high' 'high' 'high' 'high' 'high' 'high'
 'high' 'high']"
WAUC,39,within,within_fold0,2,0.5,0.3,50,3.0,4,False,4.0,workload,,,0,0,0,0.0,"y should be a 1d array with more than two classes, but got 1 class from ['high' 'high' 'high' 'high' 'high' 'high' 'high' 'high' 'high' 'high'
 'high' 'high' 'high' 'high' 'high' 'high' 'high' 'high' 'high' 'high'
 'high' 'high']"
WAUC,39,within,within_fold0,2,0.5,0.3,50,2.0,4,False,4.0,workload,,,0,0,0,0.0,"y should be a 1d array with more than two classes, but got 1 class from ['high' 'high' 'high' 'high' 'high' 'high' 'high' 'high' 'high' 'high'
 'high' 'high' 'high' 'high' 'high' 'high' 'high' 'high' 'high' 'high'
 'high' 'high']"
WAUC,39,within,within_fold0,3,0.5,0.3,50,inf,4,False,4.0,workload,,,0,0,0,0.0,"y should be a 1d array with more than two classes, but got 1 class from ['high' 'high' 'high' 'high' 'high' 'high' 'high' 'high' 'high' 'high'
 'high' 'high' 'high' 'high' 'high' 'high' 'high' 'high' 'high' 'high'
 'high' 'high']"
WAUC,39,within,within_fold0,3,0.5,0.3,50,4.0,4,False,4.0,workload,,,0,0,0,0.0,"y should be a 1d array with more than two classes, but got 1 class from ['high' 'high' 'high' 'high' 'high' 'high' 'high' 'high' 'high' 'high'
 'high' 'high' 'high' 'high' 'high' 'high' 'high' 'high' 'high' 'high'
 'high' 'high']"
WAUC,39,within,within_fold0,3,0.5,0.3,50,3.0,4,False,4.0,workload,,,0,0,0,0.0,"y should be a 1d array with more than two classes, but got 1 class from ['high' 'high' 'high' 'high' 'high' 'high' 'high' 'high' 'high' 'high'
 'high' 'high' 'high' 'high' 'high' 'high' 'high' 'high' 'high' 'high'
 'high' 'high']"
WAUC,39,within,within_fold0,3,0.5,0.3,50,2.0,4,False,4.0,workload,,,0,0,0,0.0,"y should be a 1d array with more than two classes, but got 1 class from ['high' 'high' 'high' 'high' 'high' 'high' 'high' 'high' 'high' 'high'
 'high' 'high' 'high' 'high' 'high' 'high' 'high' 'high' 'high' 'high'
 'high' 'high']"
WAUC,39,within,within_fold0,42,0.5,0.3,50,inf,4,False,4.0,workload,,,0,0,0,0.0,"y should be a 1d array with more than two classes, but got 1 class from ['high' 'high' 'high' 'high' 'high' 'high' 'high' 'high' 'high' 'high'
 'high' 'high' 'high' 'high' 'high' 'high' 'high' 'high' 'high' 'high'
 'high' 'high']"
WAUC,39,within,within_fold0,42,0.5,0.3,50,4.0,4,False,4.0,workload,,,0,0,0,0.0,"y should be a 1d array with more than two classes, but got 1 class from ['high' 'high' 'high' 'high' 'high' 'high' 'high' 'high' 'high' 'high'
 'high' 'high' 'high' 'high' 'high' 'high' 'high' 'high' 'high' 'high'
 'high' 'high']"
WAUC,39,within,within_fold0,42,0.5,0.3,50,3.0,4,False,4.0,workload,,,0,0,0,0.0,"y should be a 1d array with more than two classes, but got 1 class from ['high' 'high' 'high' 'high' 'high' 'high' 'high' 'high' 'high' 'high'
 'high' 'high' 'high' 'high' 'high' 'high' 'high' 'high' 'high' 'high'
 'high' 'high']"
WAUC,39,within,within_fold0,42,0.5,0.3,50,2.0,4,False,4.0,workload,,,0,0,0,0.0,"y should be a 1d array with more than two classes, but got 1 class from ['high' 'high' 'high' 'high' 'high' 'high' 'high' 'high' 'high' 'high'
 'high' 'high' 'high' 'high' 'high' 'high' 'high' 'high' 'high' 'high'
 'high' 'high']"
WAUC,40,within,within_fold0,0,0.5,0.3,50,inf,4,False,4.0,workload,0.15555555555555556,0.5777777777777777,180,98,502,197.0,
WAUC,40,within,within_fold0,0,0.5,0.3,50,4.0,4,False,4.0,workload,0.15555555555555556,0.5777777777777777,180,98,502,218.0,
WAUC,40,within,within_fold0,0,0.5,0.3,50,3.0,4,False,4.0,workload,0.30000000000000004,0.65,180,98,0,0.0,
WAUC,40,within,within_fold0,0,0.5,0.3,50,2.0,4,False,4.0,workload,0.30000000000000004,0.65,180,98,0,0.0,
WAUC,40,within,within_fold0,1,0.5,0.3,50,inf,4,False,4.0,workload,0.0888888888888889,0.5444444444444444,180,96,502,205.0,
WAUC,40,within,within_fold0,1,0.5,0.3,50,4.0,4,False,4.0,workload,0.0888888888888889,0.5444444444444444,180,96,502,218.0,
WAUC,40,within,within_fold0,1,0.5,0.3,50,3.0,4,False,4.0,workload,0.1444444444444445,0.5722222222222222,180,96,0,0.0,
WAUC,40,within,within_fold0,1,0.5,0.3,50,2.0,4,False,4.0,workload,0.1444444444444445,0.5722222222222222,180,96,0,0.0,
WAUC,40,within,within_fold0,2,0.5,0.3,50,inf,4,False,4.0,workload,0.11111111111111116,0.5555555555555556,180,96,502,201.0,
WAUC,40,within,within_fold0,2,0.5,0.3,50,4.0,4,False,4.0,workload,0.11111111111111116,0.5555555555555556,180,96,502,189.0,
WAUC,40,within,within_fold0,2,0.5,0.3,50,3.0,4,False,4.0,workload,0.4,0.7,180,96,0,0.0,
WAUC,40,within,within_fold0,2,0.5,0.3,50,2.0,4,False,4.0,workload,0.4,0.7,180,96,0,0.0,
WAUC,40,within,within_fold0,3,0.5,0.3,50,inf,4,False,4.0,workload,0.24444444444444446,0.6222222222222222,180,94,502,197.0,
WAUC,40,within,within_fold0,3,0.5,0.3,50,4.0,4,False,4.0,workload,0.24444444444444446,0.6222222222222222,180,94,502,211.0,
WAUC,40,within,within_fold0,3,0.5,0.3,50,3.0,4,False,4.0,workload,0.24444444444444446,0.6222222222222222,180,94,0,0.0,
WAUC,40,within,within_fold0,3,0.5,0.3,50,2.0,4,False,4.0,workload,0.24444444444444446,0.6222222222222222,180,94,0,0.0,
WAUC,40,within,within_fold0,42,0.5,0.3,50,inf,4,False,4.0,workload,0.23333333333333328,0.6166666666666667,180,98,502,209.0,
WAUC,40,within,within_fold0,42,0.5,0.3,50,4.0,4,False,4.0,workload,0.24444444444444446,0.6222222222222222,180,98,502,200.0,
WAUC,40,within,within_fold0,42,0.5,0.3,50,3.0,4,False,4.0,workload,0.25555555555555554,0.6277777777777778,180,98,0,0.0,
WAUC,40,within,within_fold0,42,0.5,0.3,50,2.0,4,False,4.0,workload,0.25555555555555554,0.6277777777777778,180,98,0,0.0,
WAUC,41,within,within_fold0,0,0.5,0.3,50,inf,4,False,4.0,workload,0.6086956521739131,0.8043478260869565,184,100,515,123.0,
WAUC,41,within,within_fold0,0,0.5,0.3,50,4.0,4,False,4.0,workload,0.5543478260869565,0.7771739130434783,184,100,515,107.0,
WAUC,41,within,within_fold0,0,0.5,0.3,50,3.0,4,False,4.0,workload,0.48913043478260865,0.7445652173913043,184,100,0,0.0,
WAUC,41,within,within_fold0,0,0.5,0.3,50,2.0,4,False,4.0,workload,0.48913043478260865,0.7445652173913043,184,100,0,0.0,
WAUC,41,within,within_fold0,1,0.5,0.3,50,inf,4,False,4.0,workload,0.6739130434782609,0.8369565217391305,184,100,515,118.0,
WAUC,41,within,within_fold0,1,0.5,0.3,50,4.0,4,False,4.0,workload,0.5760869565217391,0.7880434782608695,184,100,515,124.0,
WAUC,41,within,within_fold0,1,0.5,0.3,50,3.0,4,False,4.0,workload,0.5978260869565217,0.7989130434782609,184,100,0,0.0,
WAUC,41,within,within_fold0,1,0.5,0.3,50,2.0,4,False,4.0,workload,0.5978260869565217,0.7989130434782609,184,100,0,0.0,
WAUC,41,within,within_fold0,2,0.5,0.3,50,inf,4,False,4.0,workload,0.5217391304347826,0.7608695652173914,184,100,515,110.0,
WAUC,41,within,within_fold0,2,0.5,0.3,50,4.0,4,False,4.0,workload,0.5869565217391304,0.7934782608695652,184,100,515,109.0,
WAUC,41,within,within_fold0,2,0.5,0.3,50,3.0,4,False,4.0,workload,0.6304347826086957,0.8152173913043478,184,100,0,0.0,
WAUC,41,within,within_fold0,2,0.5,0.3,50,2.0,4,False,4.0,workload,0.6304347826086957,0.8152173913043478,184,100,0,0.0,
WAUC,41,within,within_fold0,3,0.5,0.3,50,inf,4,False,4.0,workload,0.42391304347826086,0.7119565217391305,184,100,515,117.0,
WAUC,41,within,within_fold0,3,0.5,0.3,50,4.0,4,False,4.0,workload,0.46739130434782605,0.7336956521739131,184,100,515,125.0,
WAUC,41,within,within_fold0,3,0.5,0.3,50,3.0,4,False,4.0,workload,0.6413043478260869,0.8206521739130435,184,100,0,0.0,
WAUC,41,within,within_fold0,3,0.5,0.3,50,2.0,4,False,4.0,workload,0.6413043478260869,0.8206521739130435,184,100,0,0.0,
WAUC,41,within,within_fold0,42,0.5,0.3,50,inf,4,False,4.0,workload,0.6413043478260869,0.8206521739130435,184,100,515,111.0,
WAUC,41,within,within_fold0,42,0.5,0.3,50,4.0,4,False,4.0,workload,0.6304347826086957,0.8152173913043478,184,100,515,104.0,
WAUC,41,within,within_fold0,42,0.5,0.3,50,3.0,4,False,4.0,workload,0.7282608695652174,0.8641304347826086,184,100,0,0.0,
WAUC,41,within,within_fold0,42,0.5,0.3,50,2.0,4,False,4.0,workload,0.7282608695652174,0.8641304347826086,184,100,0,0.0,
WAUC,42,within,within_fold0,0,0.5,0.3,50,inf,4,False,4.0,workload,0.4090419806243273,0.7049180327868853,183,100,490,182.0,
WAUC,42,within,within_fold0,0,0.5,0.3,50,4.0,4,False,4.0,workload,0.4090419806243273,0.7049180327868853,183,100,512,182.0,
WAUC,42,within,within_fold0,0,0.5,0.3,50,3.0,4,False,4.0,workload,0.4090419806243273,0.7049180327868853,183,100,0,0.0,
WAUC,42,within,within_fold0,0,0.5,0.3,50,2.0,4,False,4.0,workload,0.4090419806243273,0.7049180327868853,183,100,0,0.0,
WAUC,42,within,within_fold0,1,0.5,0.3,50,inf,4,False,4.0,workload,0.1591980428426517,0.5792349726775956,183,88,512,189.0,
WAUC,42,within,within_fold0,1,0.5,0.3,50,4.0,4,False,4.0,workload,0.11615288295271597,0.5573770491803278,183,88,512,206.0,
WAUC,42,within,within_fold0,1,0.5,0.3,50,3.0,4,False,4.0,workload,0.15969944540521197,0.5792349726775956,183,88,0,0.0,
WAUC,42,within,within_fold0,1,0.5,0.3,50,2.0,4,False,4.0,workload,0.15969944540521197,0.5792349726775956,183,88,0,0.0,
WAUC,42,within,within_fold0,2,0.5,0.3,50,inf,4,False,4.0,workload,0.26804369888364876,0.6338797814207651,183,84,512,175.0,
WAUC,42,within,within_fold0,2,0.5,0.3,50,4.0,4,False,4.0,workload,0.3232732911845402,0.6612021857923497,183,84,512,214.0,
WAUC,42,within,within_fold0,2,0.5,0.3,50,3.0,4,False,4.0,workload,0.1586960415547196,0.5792349726775956,183,84,0,0.0,
WAUC,42,within,within_fold0,2,0.5,0.3,50,2.0,4,False,4.0,workload,0.1586960415547196,0.5792349726775956,183,84,0,0.0,
WAUC,42,within,within_fold0,3,0.5,0.3,50,inf,4,False,4.0,workload,0.3436939629408249,0.6721311475409836,183,74,512,180.0,
WAUC,42,within,within_fold0,3,0.5,0.3,50,4.0,4,False,4.0,workload,0.09378915339180238,0.546448087431694,183,74,512,207.0,
WAUC,42,within,within_fold0,3,0.5,0.3,50,3.0,4,False,4.0,workload,0.27875313507703336,0.639344262295082,183,74,0,0.0,
WAUC,42,within,within_fold0,3,0.5,0.3,50,2.0,4,False,4.0,workload,0.27875313507703336,0.639344262295082,183,74,0,0.0,
WAUC,42,within,within_fold0,42,0.5,0.3,50,inf,4,False,4.0,workload,0.14649605357569961,0.5737704918032787,183,96,512,177.0,
WAUC,42,within,within_fold0,42,0.5,0.3,50,4.0,4,False,4.0,workload,0.13601864578975675,0.5683060109289617,183,96,512,198.0,
WAUC,42,within,within_fold0,42,0.5,0.3,50,3.0,4,False,4.0,workload,0.2893840731226477,0.644808743169399,183,96,0,0.0,
WAUC,42,within,within_fold0,42,0.5,0.3,50,2.0,4,False,4.0,workload,0.2893840731226477,0.644808743169399,183,96,0,0.0,
WAUC,43,within,within_fold0,0,0.5,0.3,50,inf,4,False,4.0,workload,0.33231652610802076,0.6666666666666666,183,100,511,169.0,
WAUC,43,within,within_fold0,0,0.5,0.3,50,4.0,4,False,4.0,workload,0.48629277907185087,0.7431693989071039,183,100,511,144.0,
WAUC,43,within,within_fold0,0,0.5,0.3,50,3.0,4,False,4.0,workload,0.3221412355120086,0.6612021857923497,183,100,0,0.0,
WAUC,43,within,within_fold0,0,0.5,0.3,50,2.0,4,False,4.0,workload,0.3221412355120086,0.6612021857923497,183,100,0,0.0,
WAUC,43,within,within_fold0,1,0.5,0.3,50,inf,4,False,4.0,workload,0.5305732864045816,0.7650273224043715,183,100,511,128.0,
WAUC,43,within,within_fold0,1,0.5,0.3,50,4.0,4,False,4.0,workload,0.5305732864045816,0.7650273224043715,183,100,511,128.0,
WAUC,43,within,within_fold0,1,0.5,0.3,50,3.0,4,False,4.0,workload,0.5961710502773305,0.7978142076502732,183,100,0,0.0,
WAUC,43,within,within_fold0,1,0.5,0.3,50,2.0,4,False,4.0,workload,0.5961710502773305,0.7978142076502732,183,100,0,0.0,
WAUC,43,within,within_fold0,2,0.5,0.3,50,inf,4,False,4.0,workload,0.48635413556285456,0.7431693989071039,183,100,511,119.0,
WAUC,43,within,within_fold0,2,0.5,0.3,50,4.0,4,False,4.0,workload,0.48635413556285456,0.7431693989071039,183,100,511,119.0,
WAUC,43,within,within_fold0,2,0.5,0.3,50,3.0,4,False,4.0,workload,0.48635413556285456,0.7431693989071039,183,100,0,0.0,
WAUC,43,within,within_fold0,2,0.5,0.3,50,2.0,4,False,4.0,workload,0.48635413556285456,0.7431693989071039,183,100,0,0.0,
WAUC,43,within,within_fold0,3,0.5,0.3,50,inf,4,False,4.0,workload,0.36670644391408114,0.6830601092896175,183,100,511,124.0,
WAUC,43,within,within_fold0,3,0.5,0.3,50,4.0,4,False,4.0,workload,0.650346310007165,0.825136612021858,183,100,511,137.0,
WAUC,43,within,within_fold0,3,0.5,0.3,50,3.0,4,False,4.0,workload,0.650346310007165,0.825136612021858,183,100,0,0.0,
WAUC,43,within,within_fold0,3,0.5,0.3,50,2.0,4,False,4.0,workload,0.650346310007165,0.825136612021858,183,100,0,0.0,
WAUC,43,within,within_fold0,42,0.5,0.3,50,inf,4,False,4.0,workload,0.3884711779448621,0.6939890710382514,183,100,511,141.0,
WAUC,43,within,within_fold0,42,0.5,0.3,50,4.0,4,False,4.0,workload,0.5080351275464484,0.7540983606557377,183,100,511,135.0,
WAUC,43,within,within_fold0,42,0.5,0.3,50,3.0,4,False,4.0,workload,0.3884711779448621,0.6939890710382514,183,100,0,0.0,
WAUC,43,within,within_fold0,42,0.5,0.3,50,2.0,4,False,4.0,workload,0.3884711779448621,0.6939890710382514,183,100,0,0.0,
WAUC,44,within,within_fold0,0,0.5,0.3,50,inf,4,False,4.0,workload,0.11956521739130432,0.5597826086956522,184,62,442,200.0,
WAUC,44,within,within_fold0,0,0.5,0.3,50,4.0,4,False,4.0,workload,0.1630434782608695,0.5815217391304348,184,62,515,233.0,
WAUC,44,within,within_fold0,0,0.5,0.3,50,3.0,4,False,4.0,workload,0.11956521739130432,0.5597826086956522,184,62,0,0.0,
WAUC,44,within,within_fold0,0,0.5,0.3,50,2.0,4,False,4.0,workload,0.11956521739130432,0.5597826086956522,184,62,0,0.0,
WAUC,44,within,within_fold0,1,0.5,0.3,50,inf,4,False,4.0,workload,0.04347826086956519,0.5217391304347826,184,72,515,225.0,
WAUC,44,within,within_fold0,1,0.5,0.3,50,4.0,4,False,4.0,workload,0.2717391304347826,0.6358695652173914,184,72,515,231.0,
WAUC,44,within,within_fold0,1,0.5,0.3,50,3.0,4,False,4.0,workload,0.08695652173913049,0.5434782608695652,184,72,0,0.0,
WAUC,44,within,within_fold0,1,0.5,0.3,50,2.0,4,False,4.0,workload,0.08695652173913049,0.5434782608695652,184,72,0,0.0,
WAUC,44,within,within_fold0,2,0.5,0.3,50,inf,4,False,4.0,workload,0.17391304347826086,0.5869565217391305,184,76,515,224.0,
WAUC,44,within,within_fold0,2,0.5,0.3,50,4.0,4,False,4.0,workload,0.4130434782608695,0.7065217391304348,184,76,515,221.0,
WAUC,44,within,within_fold0,2,0.5,0.3,50,3.0,4,False,4.0,workload,0.08695652173913049,0.5434782608695652,184,76,0,0.0,
WAUC,44,within,within_fold0,2,0.5,0.3,50,2.0,4,False,4.0,workload,0.08695652173913049,0.5434782608695652,184,76,0,0.0,
WAUC,44,within,within_fold0,3,0.5,0.3,50,inf,4,False,4.0,workload,0.2717391304347826,0.6358695652173914,184,58,515,208.0,
WAUC,44,within,within_fold0,3,0.5,0.3,50,4.0,4,False,4.0,workload,0.25,0.625,184,58,515,212.0,
WAUC,44,within,within_fold0,3,0.5,0.3,50,3.0,4,False,4.0,workload,0.21739130434782605,0.6086956521739131,184,58,0,0.0,
WAUC,44,within,within_fold0,3,0.5,0.3,50,2.0,4,False,4.0,workload,0.21739130434782605,0.6086956521739131,184,58,0,0.0,
WAUC,44,within,within_fold0,42,0.5,0.3,50,inf,4,False,4.0,workload,0.18478260869565222,0.592391304347826,184,94,443,184.0,
WAUC,44,within,within_fold0,42,0.5,0.3,50,4.0,4,False,4.0,workload,0.2934782608695652,0.6467391304347826,184,94,515,201.0,
WAUC,44,within,within_fold0,42,0.5,0.3,50,3.0,4,False,4.0,workload,0.18478260869565222,0.592391304347826,184,94,0,0.0,
WAUC,44,within,within_fold0,42,0.5,0.3,50,2.0,4,False,4.0,workload,0.18478260869565222,0.592391304347826,184,94,0,0.0,
WAUC,45,within,within_fold0,0,0.5,0.3,50,inf,4,False,4.0,workload,0.20853351635781292,0.6042780748663101,187,100,524,165.0,
WAUC,45,within,within_fold0,0,0.5,0.3,50,4.0,4,False,4.0,workload,0.46516416885939826,0.732620320855615,187,100,524,185.0,
WAUC,45,within,within_fold0,0,0.5,0.3,50,3.0,4,False,4.0,workload,0.20853351635781292,0.6042780748663101,187,100,0,0.0,
WAUC,45,within,within_fold0,0,0.5,0.3,50,2.0,4,False,4.0,workload,0.20853351635781292,0.6042780748663101,187,100,0,0.0,
WAUC,45,within,within_fold0,1,0.5,0.3,50,inf,4,False,4.0,workload,0.38001600548759573,0.6898395721925134,187,100,524,141.0,
WAUC,45,within,within_fold0,1,0.5,0.3,50,4.0,4,False,4.0,workload,0.38001600548759573,0.6898395721925134,187,100,524,141.0,
WAUC,45,within,within_fold0,1,0.5,0.3,50,3.0,4,False,4.0,workload,0.4228395061728395,0.7112299465240641,187,100,0,0.0,
WAUC,45,within,within_fold0,1,0.5,0.3,50,2.0,4,False,4.0,workload,0.4228395061728395,0.7112299465240641,187,100,0,0.0,
WAUC,45,within,within_fold0,2,0.5,0.3,50,inf,4,False,4.0,workload,0.4338835894213743,0.7165775401069518,187,100,524,166.0,
WAUC,45,within,within_fold0,2,0.5,0.3,50,4.0,4,False,4.0,workload,0.4338835894213743,0.7165775401069518,187,100,524,172.0,
WAUC,45,within,within_fold0,2,0.5,0.3,50,3.0,4,False,4.0,workload,0.19861722187303588,0.5989304812834224,187,100,0,0.0,
WAUC,45,within,within_fold0,2,0.5,0.3,50,2.0,4,False,4.0,workload,0.19861722187303588,0.5989304812834224,187,100,0,0.0,
WAUC,45,within,within_fold0,3,0.5,0.3,50,inf,4,False,4.0,workload,0.3256825596703108,0.6631016042780749,187,94,524,167.0,
WAUC,45,within,within_fold0,3,0.5,0.3,50,4.0,4,False,4.0,workload,0.3256825596703108,0.6631016042780749,187,94,524,167.0,
WAUC,45,within,within_fold0,3,0.5,0.3,50,3.0,4,False,4.0,workload,0.19724114246465563,0.5989304812834224,187,94,0,0.0,
WAUC,45,within,within_fold0,3,0.5,0.3,50,2.0,4,False,4.0,workload,0.19724114246465563,0.5989304812834224,187,94,0,0.0,
WAUC,45,within,within_fold0,42,0.5,0.3,50,inf,4,False,4.0,workload,0.3367276887871853,0.6684491978609626,187,100,524,187.0,
WAUC,45,within,within_fold0,42,0.5,0.3,50,4.0,4,False,4.0,workload,0.3367276887871853,0.6684491978609626,187,100,524,187.0,
WAUC,45,within,within_fold0,42,0.5,0.3,50,3.0,4,False,4.0,workload,0.40132632060370454,0.7005347593582888,187,100,0,0.0,
WAUC,45,within,within_fold0,42,0.5,0.3,50,2.0,4,False,4.0,workload,0.40132632060370454,0.7005347593582888,187,100,0,0.0,
WAUC,46,within,within_fold0,0,0.5,0.3,50,inf,4,False,4.0,workload,0.19440673364105343,0.5988372093023255,172,96,480,156.0,
WAUC,46,within,within_fold0,0,0.5,0.3,50,4.0,4,False,4.0,workload,0.32485110990795896,0.6627906976744186,172,96,480,164.0,
WAUC,46,within,within_fold0,0,0.5,0.3,50,3.0,4,False,4.0,workload,0.32411924119241187,0.6627906976744186,172,96,0,0.0,
WAUC,46,within,within_fold0,0,0.5,0.3,50,2.0,4,False,4.0,workload,0.32411924119241187,0.6627906976744186,172,96,0,0.0,
WAUC,46,within,within_fold0,1,0.5,0.3,50,inf,4,False,4.0,workload,0.3741239892183288,0.686046511627907,172,100,465,133.0,
WAUC,46,within,within_fold0,1,0.5,0.3,50,4.0,4,False,4.0,workload,0.4093724750875304,0.7034883720930233,172,100,480,125.0,
WAUC,46,within,within_fold0,1,0.5,0.3,50,3.0,4,False,4.0,workload,0.3741239892183288,0.686046511627907,172,100,0,0.0,
WAUC,46,within,within_fold0,1,0.5,0.3,50,2.0,4,False,4.0,workload,0.3741239892183288,0.686046511627907,172,100,0,0.0,
WAUC,46,within,within_fold0,2,0.5,0.3,50,inf,4,False,4.0,workload,0.4542263029975695,0.7267441860465116,172,100,439,127.0,
WAUC,46,within,within_fold0,2,0.5,0.3,50,4.0,4,False,4.0,workload,0.4055299539170507,0.7034883720930233,172,100,480,135.0,
WAUC,46,within,within_fold0,2,0.5,0.3,50,3.0,4,False,4.0,workload,0.4542263029975695,0.7267441860465116,172,100,0,0.0,
WAUC,46,within,within_fold0,2,0.5,0.3,50,2.0,4,False,4.0,workload,0.4542263029975695,0.7267441860465116,172,100,0,0.0,
WAUC,46,within,within_fold0,3,0.5,0.3,50,inf,4,False,4.0,workload,0.2097297297297298,0.6046511627906976,172,100,480,144.0,
WAUC,46,within,within_fold0,3,0.5,0.3,50,4.0,4,False,4.0,workload,0.31635677714901644,0.6569767441860465,172,100,480,137.0,
WAUC,46,within,within_fold0,3,0.5,0.3,50,3.0,4,False,4.0,workload,0.4421621621621622,0.7209302325581395,172,100,0,0.0,
WAUC,46,within,within_fold0,3,0.5,0.3,50,2.0,4,False,4.0,workload,0.4421621621621622,0.7209302325581395,172,100,0,0.0,
WAUC,46,within,within_fold0,42,0.5,0.3,50,inf,4,False,4.0,workload,0.42946114270241,0.7151162790697675,172,70,480,142.0,
WAUC,46,within,within_fold0,42,0.5,0.3,50,4.0,4,False,4.0,workload,0.42760119532735674,0.7151162790697675,172,70,480,158.0,
WAUC,46,within,within_fold0,42,0.5,0.3,50,3.0,4,False,4.0,workload,0.346717308735757,0.6744186046511628,172,70,0,0.0,
WAUC,46,within,within_fold0,42,0.5,0.3,50,2.0,4,False,4.0,workload,0.346717308735757,0.6744186046511628,172,70,0,0.0,
WAUC,47,within,within_fold0,0,0.5,0.3,50,inf,4,False,4.0,workload,0.9032258064516129,0.9516129032258065,62,100,171,6.0,
WAUC,47,within,within_fold0,0,0.5,0.3,50,4.0,4,False,4.0,workload,0.935483870967742,0.967741935483871,62,100,171,5.0,
WAUC,47,within,within_fold0,0,0.5,0.3,50,3.0,4,False,4.0,workload,0.967741935483871,0.9838709677419355,62,100,0,0.0,
WAUC,47,within,within_fold0,0,0.5,0.3,50,2.0,4,False,4.0,workload,0.967741935483871,0.9838709677419355,62,100,0,0.0,
WAUC,47,within,within_fold0,1,0.5,0.3,50,inf,4,False,4.0,workload,0.967741935483871,0.9838709677419355,62,100,171,4.0,
WAUC,47,within,within_fold0,1,0.5,0.3,50,4.0,4,False,4.0,workload,0.8709677419354839,0.9354838709677419,62,100,171,6.0,
WAUC,47,within,within_fold0,1,0.5,0.3,50,3.0,4,False,4.0,workload,0.935483870967742,0.967741935483871,62,100,0,0.0,
WAUC,47,within,within_fold0,1,0.5,0.3,50,2.0,4,False,4.0,workload,0.935483870967742,0.967741935483871,62,100,0,0.0,
WAUC,47,within,within_fold0,2,0.5,0.3,50,inf,4,False,4.0,workload,0.935483870967742,0.967741935483871,62,100,171,4.0,
WAUC,47,within,within_fold0,2,0.5,0.3,50,4.0,4,False,4.0,workload,0.9032258064516129,0.9516129032258065,62,100,171,5.0,
WAUC,47,within,within_fold0,2,0.5,0.3,50,3.0,4,False,4.0,workload,0.935483870967742,0.967741935483871,62,100,0,0.0,
WAUC,47,within,within_fold0,2,0.5,0.3,50,2.0,4,False,4.0,workload,0.935483870967742,0.967741935483871,62,100,0,0.0,
WAUC,47,within,within_fold0,3,0.5,0.3,50,inf,4,False,4.0,workload,0.9032258064516129,0.9516129032258065,62,100,171,5.0,
WAUC,47,within,within_fold0,3,0.5,0.3,50,4.0,4,False,4.0,workload,0.8709677419354839,0.9354838709677419,62,100,171,4.0,
WAUC,47,within,within_fold0,3,0.5,0.3,50,3.0,4,False,4.0,workload,0.967741935483871,0.9838709677419355,62,100,0,0.0,
WAUC,47,within,within_fold0,3,0.5,0.3,50,2.0,4,False,4.0,workload,0.967741935483871,0.9838709677419355,62,100,0,0.0,
WAUC,47,within,within_fold0,42,0.5,0.3,50,inf,4,False,4.0,workload,0.967741935483871,0.9838709677419355,62,100,164,2.0,
WAUC,47,within,within_fold0,42,0.5,0.3,50,4.0,4,False,4.0,workload,0.967741935483871,0.9838709677419355,62,100,171,7.0,
WAUC,47,within,within_fold0,42,0.5,0.3,50,3.0,4,False,4.0,workload,0.967741935483871,0.9838709677419355,62,100,0,0.0,
WAUC,47,within,within_fold0,42,0.5,0.3,50,2.0,4,False,4.0,workload,0.967741935483871,0.9838709677419355,62,100,0,0.0,
WAUC,48,within,within_fold0,0,0.5,0.3,50,inf,4,False,4.0,workload,,,0,0,0,0.0,"y should be a 1d array with more than two classes, but got 1 class from ['low' 'low' 'low' 'low' 'low' 'low' 'low' 'low' 'low' 'low' 'low' 'low'
 'low' 'low' 'low' 'low' 'low' 'low' 'low' 'low' 'low' 'low' 'low' 'low'
 'low' 'low' 'low' 'low' 'low' 'low' 'low' 'low' 'low' 'low' 'low' 'low'
 'low' 'low' 'low' 'low' 'low' 'low' 'low' 'low']"
WAUC,48,within,within_fold0,0,0.5,0.3,50,4.0,4,False,4.0,workload,,,0,0,0,0.0,"y should be a 1d array with more than two classes, but got 1 class from ['low' 'low' 'low' 'low' 'low' 'low' 'low' 'low' 'low' 'low' 'low' 'low'
 'low' 'low' 'low' 'low' 'low' 'low' 'low' 'low' 'low' 'low' 'low' 'low'
 'low' 'low' 'low' 'low' 'low' 'low' 'low' 'low' 'low' 'low' 'low' 'low'
 'low' 'low' 'low' 'low' 'low' 'low' 'low' 'low']"
WAUC,48,within,within_fold0,0,0.5,0.3,50,3.0,4,False,4.0,workload,,,0,0,0,0.0,"y should be a 1d array with more than two classes, but got 1 class from ['low' 'low' 'low' 'low' 'low' 'low' 'low' 'low' 'low' 'low' 'low' 'low'
 'low' 'low' 'low' 'low' 'low' 'low' 'low' 'low' 'low' 'low' 'low' 'low'
 'low' 'low' 'low' 'low' 'low' 'low' 'low' 'low' 'low' 'low' 'low' 'low'
 'low' 'low' 'low' 'low' 'low' 'low' 'low' 'low']"
WAUC,48,within,within_fold0,0,0.5,0.3,50,2.0,4,False,4.0,workload,,,0,0,0,0.0,"y should be a 1d array with more than two classes, but got 1 class from ['low' 'low' 'low' 'low' 'low' 'low' 'low' 'low' 'low' 'low' 'low' 'low'
 'low' 'low' 'low' 'low' 'low' 'low' 'low' 'low' 'low' 'low' 'low' 'low'
 'low' 'low' 'low' 'low' 'low' 'low' 'low' 'low' 'low' 'low' 'low' 'low'
 'low' 'low' 'low' 'low' 'low' 'low' 'low' 'low']"
WAUC,48,within,within_fold0,1,0.5,0.3,50,inf,4,False,4.0,workload,,,0,0,0,0.0,"y should be a 1d array with more than two classes, but got 1 class from ['low' 'low' 'low' 'low' 'low' 'low' 'low' 'low' 'low' 'low' 'low' 'low'
 'low' 'low' 'low' 'low' 'low' 'low' 'low' 'low' 'low' 'low' 'low' 'low'
 'low' 'low' 'low' 'low' 'low' 'low' 'low' 'low' 'low' 'low' 'low' 'low'
 'low' 'low' 'low' 'low' 'low' 'low' 'low' 'low']"
WAUC,48,within,within_fold0,1,0.5,0.3,50,4.0,4,False,4.0,workload,,,0,0,0,0.0,"y should be a 1d array with more than two classes, but got 1 class from ['low' 'low' 'low' 'low' 'low' 'low' 'low' 'low' 'low' 'low' 'low' 'low'
 'low' 'low' 'low' 'low' 'low' 'low' 'low' 'low' 'low' 'low' 'low' 'low'
 'low' 'low' 'low' 'low' 'low' 'low' 'low' 'low' 'low' 'low' 'low' 'low'
 'low' 'low' 'low' 'low' 'low' 'low' 'low' 'low']"
WAUC,48,within,within_fold0,1,0.5,0.3,50,3.0,4,False,4.0,workload,,,0,0,0,0.0,"y should be a 1d array with more than two classes, but got 1 class from ['low' 'low' 'low' 'low' 'low' 'low' 'low' 'low' 'low' 'low' 'low' 'low'
 'low' 'low' 'low' 'low' 'low' 'low' 'low' 'low' 'low' 'low' 'low' 'low'
 'low' 'low' 'low' 'low' 'low' 'low' 'low' 'low' 'low' 'low' 'low' 'low'
 'low' 'low' 'low' 'low' 'low' 'low' 'low' 'low']"
WAUC,48,within,within_fold0,1,0.5,0.3,50,2.0,4,False,4.0,workload,,,0,0,0,0.0,"y should be a 1d array with more than two classes, but got 1 class from ['low' 'low' 'low' 'low' 'low' 'low' 'low' 'low' 'low' 'low' 'low' 'low'
 'low' 'low' 'low' 'low' 'low' 'low' 'low' 'low' 'low' 'low' 'low' 'low'
 'low' 'low' 'low' 'low' 'low' 'low' 'low' 'low' 'low' 'low' 'low' 'low'
 'low' 'low' 'low' 'low' 'low' 'low' 'low' 'low']"
WAUC,48,within,within_fold0,2,0.5,0.3,50,inf,4,False,4.0,workload,,,0,0,0,0.0,"y should be a 1d array with more than two classes, but got 1 class from ['low' 'low' 'low' 'low' 'low' 'low' 'low' 'low' 'low' 'low' 'low' 'low'
 'low' 'low' 'low' 'low' 'low' 'low' 'low' 'low' 'low' 'low' 'low' 'low'
 'low' 'low' 'low' 'low' 'low' 'low' 'low' 'low' 'low' 'low' 'low' 'low'
 'low' 'low' 'low' 'low' 'low' 'low' 'low' 'low']"
WAUC,48,within,within_fold0,2,0.5,0.3,50,4.0,4,False,4.0,workload,,,0,0,0,0.0,"y should be a 1d array with more than two classes, but got 1 class from ['low' 'low' 'low' 'low' 'low' 'low' 'low' 'low' 'low' 'low' 'low' 'low'
 'low' 'low' 'low' 'low' 'low' 'low' 'low' 'low' 'low' 'low' 'low' 'low'
 'low' 'low' 'low' 'low' 'low' 'low' 'low' 'low' 'low' 'low' 'low' 'low'
 'low' 'low' 'low' 'low' 'low' 'low' 'low' 'low']"
WAUC,48,within,within_fold0,2,0.5,0.3,50,3.0,4,False,4.0,workload,,,0,0,0,0.0,"y should be a 1d array with more than two classes, but got 1 class from ['low' 'low' 'low' 'low' 'low' 'low' 'low' 'low' 'low' 'low' 'low' 'low'
 'low' 'low' 'low' 'low' 'low' 'low' 'low' 'low' 'low' 'low' 'low' 'low'
 'low' 'low' 'low' 'low' 'low' 'low' 'low' 'low' 'low' 'low' 'low' 'low'
 'low' 'low' 'low' 'low' 'low' 'low' 'low' 'low']"
WAUC,48,within,within_fold0,2,0.5,0.3,50,2.0,4,False,4.0,workload,,,0,0,0,0.0,"y should be a 1d array with more than two classes, but got 1 class from ['low' 'low' 'low' 'low' 'low' 'low' 'low' 'low' 'low' 'low' 'low' 'low'
 'low' 'low' 'low' 'low' 'low' 'low' 'low' 'low' 'low' 'low' 'low' 'low'
 'low' 'low' 'low' 'low' 'low' 'low' 'low' 'low' 'low' 'low' 'low' 'low'
 'low' 'low' 'low' 'low' 'low' 'low' 'low' 'low']"
WAUC,48,within,within_fold0,3,0.5,0.3,50,inf,4,False,4.0,workload,,,0,0,0,0.0,"y should be a 1d array with more than two classes, but got 1 class from ['low' 'low' 'low' 'low' 'low' 'low' 'low' 'low' 'low' 'low' 'low' 'low'
 'low' 'low' 'low' 'low' 'low' 'low' 'low' 'low' 'low' 'low' 'low' 'low'
 'low' 'low' 'low' 'low' 'low' 'low' 'low' 'low' 'low' 'low' 'low' 'low'
 'low' 'low' 'low' 'low' 'low' 'low' 'low' 'low']"
WAUC,48,within,within_fold0,3,0.5,0.3,50,4.0,4,False,4.0,workload,,,0,0,0,0.0,"y should be a 1d array with more than two classes, but got 1 class from ['low' 'low' 'low' 'low' 'low' 'low' 'low' 'low' 'low' 'low' 'low' 'low'
 'low' 'low' 'low' 'low' 'low' 'low' 'low' 'low' 'low' 'low' 'low' 'low'
 'low' 'low' 'low' 'low' 'low' 'low' 'low' 'low' 'low' 'low' 'low' 'low'
 'low' 'low' 'low' 'low' 'low' 'low' 'low' 'low']"
WAUC,48,within,within_fold0,3,0.5,0.3,50,3.0,4,False,4.0,workload,,,0,0,0,0.0,"y should be a 1d array with more than two classes, but got 1 class from ['low' 'low' 'low' 'low' 'low' 'low' 'low' 'low' 'low' 'low' 'low' 'low'
 'low' 'low' 'low' 'low' 'low' 'low' 'low' 'low' 'low' 'low' 'low' 'low'
 'low' 'low' 'low' 'low' 'low' 'low' 'low' 'low' 'low' 'low' 'low' 'low'
 'low' 'low' 'low' 'low' 'low' 'low' 'low' 'low']"
WAUC,48,within,within_fold0,3,0.5,0.3,50,2.0,4,False,4.0,workload,,,0,0,0,0.0,"y should be a 1d array with more than two classes, but got 1 class from ['low' 'low' 'low' 'low' 'low' 'low' 'low' 'low' 'low' 'low' 'low' 'low'
 'low' 'low' 'low' 'low' 'low' 'low' 'low' 'low' 'low' 'low' 'low' 'low'
 'low' 'low' 'low' 'low' 'low' 'low' 'low' 'low' 'low' 'low' 'low' 'low'
 'low' 'low' 'low' 'low' 'low' 'low' 'low' 'low']"
WAUC,48,within,within_fold0,42,0.5,0.3,50,inf,4,False,4.0,workload,,,0,0,0,0.0,"y should be a 1d array with more than two classes, but got 1 class from ['low' 'low' 'low' 'low' 'low' 'low' 'low' 'low' 'low' 'low' 'low' 'low'
 'low' 'low' 'low' 'low' 'low' 'low' 'low' 'low' 'low' 'low' 'low' 'low'
 'low' 'low' 'low' 'low' 'low' 'low' 'low' 'low' 'low' 'low' 'low' 'low'
 'low' 'low' 'low' 'low' 'low' 'low' 'low' 'low']"
WAUC,48,within,within_fold0,42,0.5,0.3,50,4.0,4,False,4.0,workload,,,0,0,0,0.0,"y should be a 1d array with more than two classes, but got 1 class from ['low' 'low' 'low' 'low' 'low' 'low' 'low' 'low' 'low' 'low' 'low' 'low'
 'low' 'low' 'low' 'low' 'low' 'low' 'low' 'low' 'low' 'low' 'low' 'low'
 'low' 'low' 'low' 'low' 'low' 'low' 'low' 'low' 'low' 'low' 'low' 'low'
 'low' 'low' 'low' 'low' 'low' 'low' 'low' 'low']"
WAUC,48,within,within_fold0,42,0.5,0.3,50,3.0,4,False,4.0,workload,,,0,0,0,0.0,"y should be a 1d array with more than two classes, but got 1 class from ['low' 'low' 'low' 'low' 'low' 'low' 'low' 'low' 'low' 'low' 'low' 'low'
 'low' 'low' 'low' 'low' 'low' 'low' 'low' 'low' 'low' 'low' 'low' 'low'
 'low' 'low' 'low' 'low' 'low' 'low' 'low' 'low' 'low' 'low' 'low' 'low'
 'low' 'low' 'low' 'low' 'low' 'low' 'low' 'low']"
WAUC,48,within,within_fold0,42,0.5,0.3,50,2.0,4,False,4.0,workload,,,0,0,0,0.0,"y should be a 1d array with more than two classes, but got 1 class from ['low' 'low' 'low' 'low' 'low' 'low' 'low' 'low' 'low' 'low' 'low' 'low'
 'low' 'low' 'low' 'low' 'low' 'low' 'low' 'low' 'low' 'low' 'low' 'low'
 'low' 'low' 'low' 'low' 'low' 'low' 'low' 'low' 'low' 'low' 'low' 'low'
 'low' 'low' 'low' 'low' 'low' 'low' 'low' 'low']"
