dataset,subject,protocol,fold_name,seed,alpha,calibration_frac,window_size,per_round_cap,n_components,include_riemann_arms,epoch_seconds,context,kappa,accuracy,n_test,n_arms_surviving,stream_rounds_run,final_regret,error
WAUC,1,within,within_fold0,0,0.1,0.3,50,inf,4,False,4.0,workload,0.25492772667542707,0.631578947368421,171,100,477,169.0,
WAUC,1,within,within_fold0,0,0.5,0.3,50,inf,4,False,4.0,workload,0.25492772667542707,0.631578947368421,171,100,477,157.0,
WAUC,1,within,within_fold0,0,1.0,0.3,50,inf,4,False,4.0,workload,0.25492772667542707,0.631578947368421,171,100,477,174.0,
WAUC,1,within,within_fold0,0,2.0,0.3,50,inf,4,False,4.0,workload,0.2978373939228032,0.6491228070175439,171,100,477,159.0,
WAUC,1,within,within_fold0,1,0.1,0.3,50,inf,4,False,4.0,workload,0.39399624765478425,0.7017543859649122,171,90,477,124.0,
WAUC,1,within,within_fold0,1,0.5,0.3,50,inf,4,False,4.0,workload,0.39399624765478425,0.7017543859649122,171,90,477,148.0,
WAUC,1,within,within_fold0,1,1.0,0.3,50,inf,4,False,4.0,workload,0.3227016885553471,0.6666666666666666,171,90,477,169.0,
WAUC,1,within,within_fold0,1,2.0,0.3,50,inf,4,False,4.0,workload,0.2133676092544987,0.6023391812865497,171,90,477,163.0,
WAUC,1,within,within_fold0,2,0.1,0.3,50,inf,4,False,4.0,workload,0.31066917495296964,0.6491228070175439,171,98,477,171.0,
WAUC,1,within,within_fold0,2,0.5,0.3,50,inf,4,False,4.0,workload,0.3227016885553471,0.6666666666666666,171,98,477,159.0,
WAUC,1,within,within_fold0,2,1.0,0.3,50,inf,4,False,4.0,workload,0.31066917495296964,0.6491228070175439,171,98,444,148.0,
WAUC,1,within,within_fold0,2,2.0,0.3,50,inf,4,False,4.0,workload,0.31066917495296964,0.6491228070175439,171,98,443,149.0,
WAUC,1,within,within_fold0,3,0.1,0.3,50,inf,4,False,4.0,workload,0.30293928341557597,0.6666666666666666,171,100,477,180.0,
WAUC,1,within,within_fold0,3,0.5,0.3,50,inf,4,False,4.0,workload,0.297225891677675,0.672514619883041,171,100,477,160.0,
WAUC,1,within,within_fold0,3,1.0,0.3,50,inf,4,False,4.0,workload,0.3193062268979243,0.672514619883041,171,100,477,178.0,
WAUC,1,within,within_fold0,3,2.0,0.3,50,inf,4,False,4.0,workload,0.3193062268979243,0.672514619883041,171,100,477,181.0,
WAUC,1,within,within_fold0,42,0.1,0.3,50,inf,4,False,4.0,workload,0.2599538372763993,0.6491228070175439,171,100,477,154.0,
WAUC,1,within,within_fold0,42,0.5,0.3,50,inf,4,False,4.0,workload,0.26999790048288896,0.6432748538011696,171,100,477,162.0,
WAUC,1,within,within_fold0,42,1.0,0.3,50,inf,4,False,4.0,workload,0.26999790048288896,0.6432748538011696,171,100,477,170.0,
WAUC,1,within,within_fold0,42,2.0,0.3,50,inf,4,False,4.0,workload,0.26999790048288896,0.6432748538011696,171,100,477,154.0,
WAUC,2,within,within_fold0,0,0.1,0.3,50,inf,4,False,4.0,workload,0.86775956284153,0.9338842975206612,121,100,337,27.0,
WAUC,2,within,within_fold0,0,0.5,0.3,50,inf,4,False,4.0,workload,0.7189506763219019,0.859504132231405,121,100,337,54.0,
WAUC,2,within,within_fold0,0,1.0,0.3,50,inf,4,False,4.0,workload,0.86775956284153,0.9338842975206612,121,100,337,63.0,
WAUC,2,within,within_fold0,0,2.0,0.3,50,inf,4,False,4.0,workload,0.7189506763219019,0.859504132231405,121,100,337,59.0,
WAUC,2,within,within_fold0,1,0.1,0.3,50,inf,4,False,4.0,workload,0.834609075997813,0.9173553719008265,121,100,337,26.0,
WAUC,2,within,within_fold0,1,0.5,0.3,50,inf,4,False,4.0,workload,0.7684527063969382,0.8842975206611571,121,100,337,51.0,
WAUC,2,within,within_fold0,1,1.0,0.3,50,inf,4,False,4.0,workload,0.669759825327511,0.8347107438016529,121,100,337,55.0,
WAUC,2,within,within_fold0,1,2.0,0.3,50,inf,4,False,4.0,workload,0.785138642261986,0.8925619834710744,121,100,337,56.0,
WAUC,2,within,within_fold0,2,0.1,0.3,50,inf,4,False,4.0,workload,0.8842421757550909,0.9421487603305785,121,100,337,13.0,
WAUC,2,within,within_fold0,2,0.5,0.3,50,inf,4,False,4.0,workload,0.8017476788640088,0.9008264462809917,121,100,337,45.0,
WAUC,2,within,within_fold0,2,1.0,0.3,50,inf,4,False,4.0,workload,0.7687687687687688,0.8842975206611571,121,100,337,56.0,
WAUC,2,within,within_fold0,2,2.0,0.3,50,inf,4,False,4.0,workload,0.7851973235012972,0.8925619834710744,121,100,337,46.0,
WAUC,2,within,within_fold0,3,0.1,0.3,50,inf,4,False,4.0,workload,0.9008467631794592,0.9504132231404959,121,100,337,14.0,
WAUC,2,within,within_fold0,3,0.5,0.3,50,inf,4,False,4.0,workload,0.7519475194751948,0.8760330578512396,121,100,337,47.0,
WAUC,2,within,within_fold0,3,1.0,0.3,50,inf,4,False,4.0,workload,0.6193407194638216,0.8099173553719008,121,100,337,54.0,
WAUC,2,within,within_fold0,3,2.0,0.3,50,inf,4,False,4.0,workload,0.7190274552656741,0.859504132231405,121,100,337,68.0,
WAUC,2,within,within_fold0,42,0.1,0.3,50,inf,4,False,4.0,workload,0.8015308911973756,0.9008264462809917,121,100,337,18.0,
WAUC,2,within,within_fold0,42,0.5,0.3,50,inf,4,False,4.0,workload,0.5036915504511894,0.7520661157024794,121,100,337,47.0,
WAUC,2,within,within_fold0,42,1.0,0.3,50,inf,4,False,4.0,workload,0.5864661654135338,0.7933884297520661,121,100,337,57.0,
WAUC,2,within,within_fold0,42,2.0,0.3,50,inf,4,False,4.0,workload,0.5036915504511894,0.7520661157024794,121,100,337,61.0,
WAUC,3,within,within_fold0,0,0.1,0.3,50,inf,4,False,4.0,workload,0.06725663716814156,0.5947712418300654,153,64,426,133.0,
WAUC,3,within,within_fold0,0,0.5,0.3,50,inf,4,False,4.0,workload,0.13794443365067022,0.6209150326797386,153,64,426,141.0,
WAUC,3,within,within_fold0,0,1.0,0.3,50,inf,4,False,4.0,workload,0.27921724950172144,0.6601307189542484,153,64,426,137.0,
WAUC,3,within,within_fold0,0,2.0,0.3,50,inf,4,False,4.0,workload,0.17508087442407605,0.6405228758169934,153,64,426,135.0,
WAUC,3,within,within_fold0,1,0.1,0.3,50,inf,4,False,4.0,workload,0.23632175081589568,0.6601307189542484,153,72,426,133.0,
WAUC,3,within,within_fold0,1,0.5,0.3,50,inf,4,False,4.0,workload,0.28657470371089955,0.6862745098039216,153,72,426,141.0,
WAUC,3,within,within_fold0,1,1.0,0.3,50,inf,4,False,4.0,workload,0.28657470371089955,0.6862745098039216,153,72,426,156.0,
WAUC,3,within,within_fold0,1,2.0,0.3,50,inf,4,False,4.0,workload,0.23632175081589568,0.6601307189542484,153,72,407,141.0,
WAUC,3,within,within_fold0,2,0.1,0.3,50,inf,4,False,4.0,workload,0.42029387302467425,0.7320261437908496,153,72,426,110.0,
WAUC,3,within,within_fold0,2,0.5,0.3,50,inf,4,False,4.0,workload,0.15752212389380527,0.6339869281045751,153,72,426,149.0,
WAUC,3,within,within_fold0,2,1.0,0.3,50,inf,4,False,4.0,workload,0.38851194348917184,0.7189542483660131,153,72,426,150.0,
WAUC,3,within,within_fold0,2,2.0,0.3,50,inf,4,False,4.0,workload,0.17523983554134315,0.6143790849673203,153,72,426,157.0,
WAUC,3,within,within_fold0,3,0.1,0.3,50,inf,4,False,4.0,workload,0.4135738992240815,0.7320261437908496,153,76,426,132.0,
WAUC,3,within,within_fold0,3,0.5,0.3,50,inf,4,False,4.0,workload,0.432808155699722,0.738562091503268,153,76,426,130.0,
WAUC,3,within,within_fold0,3,1.0,0.3,50,inf,4,False,4.0,workload,0.29506911087148313,0.6928104575163399,153,76,426,143.0,
WAUC,3,within,within_fold0,3,2.0,0.3,50,inf,4,False,4.0,workload,0.21931260229132565,0.6535947712418301,153,76,426,153.0,
WAUC,3,within,within_fold0,42,0.1,0.3,50,inf,4,False,4.0,workload,0.5224628771398846,0.7843137254901961,153,80,290,84.0,
WAUC,3,within,within_fold0,42,0.5,0.3,50,inf,4,False,4.0,workload,0.5224628771398846,0.7843137254901961,153,80,367,106.0,
WAUC,3,within,within_fold0,42,1.0,0.3,50,inf,4,False,4.0,workload,0.25838926174496646,0.6601307189542484,153,80,426,136.0,
WAUC,3,within,within_fold0,42,2.0,0.3,50,inf,4,False,4.0,workload,0.299149294194634,0.6797385620915033,153,80,426,144.0,
WAUC,4,within,within_fold0,0,0.1,0.3,50,inf,4,False,4.0,workload,0.34782608695652173,0.6739130434782609,184,94,513,163.0,
WAUC,4,within,within_fold0,0,0.5,0.3,50,inf,4,False,4.0,workload,0.3586956521739131,0.6793478260869565,184,94,513,176.0,
WAUC,4,within,within_fold0,0,1.0,0.3,50,inf,4,False,4.0,workload,0.07608695652173914,0.5380434782608695,184,94,513,192.0,
WAUC,4,within,within_fold0,0,2.0,0.3,50,inf,4,False,4.0,workload,0.14130434782608692,0.5706521739130435,184,94,513,173.0,
WAUC,4,within,within_fold0,1,0.1,0.3,50,inf,4,False,4.0,workload,0.3586956521739131,0.6793478260869565,184,100,513,186.0,
WAUC,4,within,within_fold0,1,0.5,0.3,50,inf,4,False,4.0,workload,0.4782608695652174,0.7391304347826086,184,100,513,162.0,
WAUC,4,within,within_fold0,1,1.0,0.3,50,inf,4,False,4.0,workload,0.3586956521739131,0.6793478260869565,184,100,513,181.0,
WAUC,4,within,within_fold0,1,2.0,0.3,50,inf,4,False,4.0,workload,0.11956521739130432,0.5597826086956522,184,100,513,197.0,
WAUC,4,within,within_fold0,2,0.1,0.3,50,inf,4,False,4.0,workload,0.42391304347826086,0.7119565217391305,184,98,349,128.0,
WAUC,4,within,within_fold0,2,0.5,0.3,50,inf,4,False,4.0,workload,0.18478260869565222,0.592391304347826,184,98,513,176.0,
WAUC,4,within,within_fold0,2,1.0,0.3,50,inf,4,False,4.0,workload,0.42391304347826086,0.7119565217391305,184,98,492,169.0,
WAUC,4,within,within_fold0,2,2.0,0.3,50,inf,4,False,4.0,workload,0.42391304347826086,0.7119565217391305,184,98,490,176.0,
WAUC,4,within,within_fold0,3,0.1,0.3,50,inf,4,False,4.0,workload,0.40217391304347827,0.7010869565217391,184,100,513,157.0,
WAUC,4,within,within_fold0,3,0.5,0.3,50,inf,4,False,4.0,workload,0.3152173913043478,0.657608695652174,184,100,513,159.0,
WAUC,4,within,within_fold0,3,1.0,0.3,50,inf,4,False,4.0,workload,0.40217391304347827,0.7010869565217391,184,100,489,169.0,
WAUC,4,within,within_fold0,3,2.0,0.3,50,inf,4,False,4.0,workload,0.40217391304347827,0.7010869565217391,184,100,478,160.0,
WAUC,4,within,within_fold0,42,0.1,0.3,50,inf,4,False,4.0,workload,0.5652173913043479,0.782608695652174,184,96,513,133.0,
WAUC,4,within,within_fold0,42,0.5,0.3,50,inf,4,False,4.0,workload,0.5652173913043479,0.782608695652174,184,96,513,156.0,
WAUC,4,within,within_fold0,42,1.0,0.3,50,inf,4,False,4.0,workload,0.5652173913043479,0.782608695652174,184,96,513,183.0,
WAUC,4,within,within_fold0,42,2.0,0.3,50,inf,4,False,4.0,workload,0.2065217391304348,0.6032608695652174,184,96,513,190.0,
WAUC,5,within,within_fold0,0,0.1,0.3,50,inf,4,False,4.0,workload,0.614521300961979,0.8074866310160428,187,100,521,89.0,
WAUC,5,within,within_fold0,0,0.5,0.3,50,inf,4,False,4.0,workload,0.475230513716282,0.7379679144385026,187,100,521,102.0,
WAUC,5,within,within_fold0,0,1.0,0.3,50,inf,4,False,4.0,workload,0.507669413919414,0.7540106951871658,187,100,521,97.0,
WAUC,5,within,within_fold0,0,2.0,0.3,50,inf,4,False,4.0,workload,0.614521300961979,0.8074866310160428,187,100,521,103.0,
WAUC,5,within,within_fold0,1,0.1,0.3,50,inf,4,False,4.0,workload,0.6046059774844277,0.8021390374331551,187,100,521,102.0,
WAUC,5,within,within_fold0,1,0.5,0.3,50,inf,4,False,4.0,workload,0.6044703595724004,0.8021390374331551,187,100,521,112.0,
WAUC,5,within,within_fold0,1,1.0,0.3,50,inf,4,False,4.0,workload,0.47625035724492715,0.7379679144385026,187,100,521,127.0,
WAUC,5,within,within_fold0,1,2.0,0.3,50,inf,4,False,4.0,workload,0.4548104956268222,0.7272727272727273,187,100,521,135.0,
WAUC,5,within,within_fold0,2,0.1,0.3,50,inf,4,False,4.0,workload,0.5290211791642816,0.7647058823529411,187,100,521,97.0,
WAUC,5,within,within_fold0,2,0.5,0.3,50,inf,4,False,4.0,workload,0.6040176271962456,0.8021390374331551,187,100,521,107.0,
WAUC,5,within,within_fold0,2,1.0,0.3,50,inf,4,False,4.0,workload,0.5182895414734673,0.7593582887700535,187,100,521,104.0,
WAUC,5,within,within_fold0,2,2.0,0.3,50,inf,4,False,4.0,workload,0.5182895414734673,0.7593582887700535,187,100,521,115.0,
WAUC,5,within,within_fold0,3,0.1,0.3,50,inf,4,False,4.0,workload,0.48614609571788414,0.7433155080213903,187,100,521,97.0,
WAUC,5,within,within_fold0,3,0.5,0.3,50,inf,4,False,4.0,workload,0.4540614803365963,0.7272727272727273,187,100,521,110.0,
WAUC,5,within,within_fold0,3,1.0,0.3,50,inf,4,False,4.0,workload,0.518234384839984,0.7593582887700535,187,100,521,112.0,
WAUC,5,within,within_fold0,3,2.0,0.3,50,inf,4,False,4.0,workload,0.5397515883464026,0.7700534759358288,187,100,521,111.0,
WAUC,5,within,within_fold0,42,0.1,0.3,50,inf,4,False,4.0,workload,0.36914632054434215,0.6844919786096256,187,100,521,131.0,
WAUC,5,within,within_fold0,42,0.5,0.3,50,inf,4,False,4.0,workload,0.3158015092613766,0.6577540106951871,187,100,521,133.0,
WAUC,5,within,within_fold0,42,1.0,0.3,50,inf,4,False,4.0,workload,0.5078947368421052,0.7540106951871658,187,100,521,134.0,
WAUC,5,within,within_fold0,42,2.0,0.3,50,inf,4,False,4.0,workload,0.4864400961208376,0.7433155080213903,187,100,521,151.0,
WAUC,6,within,within_fold0,0,0.1,0.3,50,inf,4,False,4.0,workload,0.4285131433234248,0.7135135135135136,185,100,350,83.0,
WAUC,6,within,within_fold0,0,0.5,0.3,50,inf,4,False,4.0,workload,0.4285131433234248,0.7135135135135136,185,100,450,118.0,
WAUC,6,within,within_fold0,0,1.0,0.3,50,inf,4,False,4.0,workload,0.4285131433234248,0.7135135135135136,185,100,507,135.0,
WAUC,6,within,within_fold0,0,2.0,0.3,50,inf,4,False,4.0,workload,0.4285131433234248,0.7135135135135136,185,100,485,136.0,
WAUC,6,within,within_fold0,1,0.1,0.3,50,inf,4,False,4.0,workload,0.5344958745391772,0.7675675675675676,185,100,515,107.0,
WAUC,6,within,within_fold0,1,0.5,0.3,50,inf,4,False,4.0,workload,0.5670995670995671,0.7837837837837838,185,100,515,131.0,
WAUC,6,within,within_fold0,1,1.0,0.3,50,inf,4,False,4.0,workload,0.5343323772171165,0.7675675675675676,185,100,515,145.0,
WAUC,6,within,within_fold0,1,2.0,0.3,50,inf,4,False,4.0,workload,0.3933715891790608,0.6972972972972973,185,100,515,154.0,
WAUC,6,within,within_fold0,2,0.1,0.3,50,inf,4,False,4.0,workload,0.5357997315749548,0.7675675675675676,185,100,515,88.0,
WAUC,6,within,within_fold0,2,0.5,0.3,50,inf,4,False,4.0,workload,0.43860877684407096,0.7189189189189189,185,100,515,120.0,
WAUC,6,within,within_fold0,2,1.0,0.3,50,inf,4,False,4.0,workload,0.36351973876027754,0.6810810810810811,185,100,515,129.0,
WAUC,6,within,within_fold0,2,2.0,0.3,50,inf,4,False,4.0,workload,0.3956364484890911,0.6972972972972973,185,100,515,129.0,
WAUC,6,within,within_fold0,3,0.1,0.3,50,inf,4,False,4.0,workload,0.6108449222858479,0.8054054054054054,185,100,515,96.0,
WAUC,6,within,within_fold0,3,0.5,0.3,50,inf,4,False,4.0,workload,0.3396336824858096,0.6702702702702703,185,100,515,127.0,
WAUC,6,within,within_fold0,3,1.0,0.3,50,inf,4,False,4.0,workload,0.5243660161271473,0.7621621621621621,185,100,515,155.0,
WAUC,6,within,within_fold0,3,2.0,0.3,50,inf,4,False,4.0,workload,0.6108449222858479,0.8054054054054054,185,100,499,153.0,
WAUC,6,within,within_fold0,42,0.1,0.3,50,inf,4,False,4.0,workload,0.49214415045850124,0.745945945945946,185,100,515,120.0,
WAUC,6,within,within_fold0,42,0.5,0.3,50,inf,4,False,4.0,workload,0.5461978740801309,0.772972972972973,185,100,515,130.0,
WAUC,6,within,within_fold0,42,1.0,0.3,50,inf,4,False,4.0,workload,0.513925380977404,0.7567567567567568,185,100,515,144.0,
WAUC,6,within,within_fold0,42,2.0,0.3,50,inf,4,False,4.0,workload,0.6006184724896435,0.8,185,100,515,135.0,
WAUC,7,within,within_fold0,0,0.1,0.3,50,inf,4,False,4.0,workload,0.40583941605839413,0.7027027027027027,185,100,467,141.0,
WAUC,7,within,within_fold0,0,0.5,0.3,50,inf,4,False,4.0,workload,0.40583941605839413,0.7027027027027027,185,100,517,154.0,
WAUC,7,within,within_fold0,0,1.0,0.3,50,inf,4,False,4.0,workload,0.31702314679167887,0.6594594594594595,185,100,517,148.0,
WAUC,7,within,within_fold0,0,2.0,0.3,50,inf,4,False,4.0,workload,0.40583941605839413,0.7027027027027027,185,100,517,166.0,
WAUC,7,within,within_fold0,1,0.1,0.3,50,inf,4,False,4.0,workload,0.33441462695370094,0.6702702702702703,185,100,517,174.0,
WAUC,7,within,within_fold0,1,0.5,0.3,50,inf,4,False,4.0,workload,0.3877068557919622,0.6972972972972973,185,100,517,173.0,
WAUC,7,within,within_fold0,1,1.0,0.3,50,inf,4,False,4.0,workload,0.39094650205761317,0.6972972972972973,185,100,517,164.0,
WAUC,7,within,within_fold0,1,2.0,0.3,50,inf,4,False,4.0,workload,0.3562370982011206,0.6810810810810811,185,100,517,184.0,
WAUC,7,within,within_fold0,2,0.1,0.3,50,inf,4,False,4.0,workload,0.38170624450307833,0.6918918918918919,185,100,351,109.0,
WAUC,7,within,within_fold0,2,0.5,0.3,50,inf,4,False,4.0,workload,0.38170624450307833,0.6918918918918919,185,100,464,164.0,
WAUC,7,within,within_fold0,2,1.0,0.3,50,inf,4,False,4.0,workload,0.38170624450307833,0.6918918918918919,185,100,502,173.0,
WAUC,7,within,within_fold0,2,2.0,0.3,50,inf,4,False,4.0,workload,0.38170624450307833,0.6918918918918919,185,100,514,166.0,
WAUC,7,within,within_fold0,3,0.1,0.3,50,inf,4,False,4.0,workload,0.3035294117647058,0.654054054054054,185,100,517,156.0,
WAUC,7,within,within_fold0,3,0.5,0.3,50,inf,4,False,4.0,workload,0.3035294117647058,0.654054054054054,185,100,517,187.0,
WAUC,7,within,within_fold0,3,1.0,0.3,50,inf,4,False,4.0,workload,0.3035294117647058,0.654054054054054,185,100,517,168.0,
WAUC,7,within,within_fold0,3,2.0,0.3,50,inf,4,False,4.0,workload,0.4354460093896714,0.7189189189189189,185,100,517,173.0,
WAUC,7,within,within_fold0,42,0.1,0.3,50,inf,4,False,4.0,workload,0.41749271137026245,0.7081081081081081,185,100,517,167.0,
WAUC,7,within,within_fold0,42,0.5,0.3,50,inf,4,False,4.0,workload,0.3644832605531295,0.6810810810810811,185,100,517,172.0,
WAUC,7,within,within_fold0,42,1.0,0.3,50,inf,4,False,4.0,workload,0.42944428280477154,0.7135135135135136,185,100,517,155.0,
WAUC,7,within,within_fold0,42,2.0,0.3,50,inf,4,False,4.0,workload,0.2982200175080245,0.6486486486486487,185,100,517,176.0,
WAUC,8,within,within_fold0,0,0.1,0.3,50,inf,4,False,4.0,workload,0.3695652173913043,0.6847826086956522,184,100,512,181.0,
WAUC,8,within,within_fold0,0,0.5,0.3,50,inf,4,False,4.0,workload,0.32608695652173914,0.6630434782608695,184,100,512,189.0,
WAUC,8,within,within_fold0,0,1.0,0.3,50,inf,4,False,4.0,workload,0.32608695652173914,0.6630434782608695,184,100,512,190.0,
WAUC,8,within,within_fold0,0,2.0,0.3,50,inf,4,False,4.0,workload,0.4130434782608695,0.7065217391304348,184,100,512,175.0,
WAUC,8,within,within_fold0,1,0.1,0.3,50,inf,4,False,4.0,workload,0.32608695652173914,0.6630434782608695,184,100,512,171.0,
WAUC,8,within,within_fold0,1,0.5,0.3,50,inf,4,False,4.0,workload,0.25,0.625,184,100,512,173.0,
WAUC,8,within,within_fold0,1,1.0,0.3,50,inf,4,False,4.0,workload,0.42391304347826086,0.7119565217391305,184,100,512,169.0,
WAUC,8,within,within_fold0,1,2.0,0.3,50,inf,4,False,4.0,workload,0.3586956521739131,0.6793478260869565,184,100,512,178.0,
WAUC,8,within,within_fold0,2,0.1,0.3,50,inf,4,False,4.0,workload,0.28260869565217395,0.6413043478260869,184,100,512,180.0,
WAUC,8,within,within_fold0,2,0.5,0.3,50,inf,4,False,4.0,workload,0.34782608695652173,0.6739130434782609,184,100,512,162.0,
WAUC,8,within,within_fold0,2,1.0,0.3,50,inf,4,False,4.0,workload,0.3586956521739131,0.6793478260869565,184,100,512,164.0,
WAUC,8,within,within_fold0,2,2.0,0.3,50,inf,4,False,4.0,workload,0.32608695652173914,0.6630434782608695,184,100,512,161.0,
WAUC,8,within,within_fold0,3,0.1,0.3,50,inf,4,False,4.0,workload,0.34782608695652173,0.6739130434782609,184,100,512,157.0,
WAUC,8,within,within_fold0,3,0.5,0.3,50,inf,4,False,4.0,workload,0.4347826086956522,0.717391304347826,184,100,466,145.0,
WAUC,8,within,within_fold0,3,1.0,0.3,50,inf,4,False,4.0,workload,0.4347826086956522,0.717391304347826,184,100,450,166.0,
WAUC,8,within,within_fold0,3,2.0,0.3,50,inf,4,False,4.0,workload,0.4347826086956522,0.717391304347826,184,100,459,179.0,
WAUC,8,within,within_fold0,42,0.1,0.3,50,inf,4,False,4.0,workload,0.32608695652173914,0.6630434782608695,184,100,512,165.0,
WAUC,8,within,within_fold0,42,0.5,0.3,50,inf,4,False,4.0,workload,0.32608695652173914,0.6630434782608695,184,100,512,164.0,
WAUC,8,within,within_fold0,42,1.0,0.3,50,inf,4,False,4.0,workload,0.5217391304347826,0.7608695652173914,184,100,512,158.0,
WAUC,8,within,within_fold0,42,2.0,0.3,50,inf,4,False,4.0,workload,0.5217391304347826,0.7608695652173914,184,100,512,162.0,
WAUC,9,within,within_fold0,0,0.1,0.3,50,inf,4,False,4.0,workload,0.6028446389496718,0.8016528925619835,121,100,339,70.0,
WAUC,9,within,within_fold0,0,0.5,0.3,50,inf,4,False,4.0,workload,0.6028446389496718,0.8016528925619835,121,100,339,84.0,
WAUC,9,within,within_fold0,0,1.0,0.3,50,inf,4,False,4.0,workload,0.5050449959094627,0.7520661157024794,121,100,339,74.0,
WAUC,9,within,within_fold0,0,2.0,0.3,50,inf,4,False,4.0,workload,0.4879180887372013,0.743801652892562,121,100,339,76.0,
WAUC,9,within,within_fold0,1,0.1,0.3,50,inf,4,False,4.0,workload,0.48623476236132046,0.743801652892562,121,100,230,46.0,
WAUC,9,within,within_fold0,1,0.5,0.3,50,inf,4,False,4.0,workload,0.48623476236132046,0.743801652892562,121,100,280,61.0,
WAUC,9,within,within_fold0,1,1.0,0.3,50,inf,4,False,4.0,workload,0.48623476236132046,0.743801652892562,121,100,312,74.0,
WAUC,9,within,within_fold0,1,2.0,0.3,50,inf,4,False,4.0,workload,0.48623476236132046,0.743801652892562,121,100,324,79.0,
WAUC,9,within,within_fold0,2,0.1,0.3,50,inf,4,False,4.0,workload,0.552527051088892,0.7768595041322314,121,100,339,82.0,
WAUC,9,within,within_fold0,2,0.5,0.3,50,inf,4,False,4.0,workload,0.5034199726402189,0.7520661157024794,121,100,339,84.0,
WAUC,9,within,within_fold0,2,1.0,0.3,50,inf,4,False,4.0,workload,0.5857866630151992,0.7933884297520661,121,100,339,82.0,
WAUC,9,within,within_fold0,2,2.0,0.3,50,inf,4,False,4.0,workload,0.4524886877828054,0.7272727272727273,121,100,339,96.0,
WAUC,9,within,within_fold0,3,0.1,0.3,50,inf,4,False,4.0,workload,0.6036036036036037,0.8016528925619835,121,100,339,83.0,
WAUC,9,within,within_fold0,3,0.5,0.3,50,inf,4,False,4.0,workload,0.5699835975943138,0.7851239669421488,121,100,339,74.0,
WAUC,9,within,within_fold0,3,1.0,0.3,50,inf,4,False,4.0,workload,0.5049099836333879,0.7520661157024794,121,100,339,78.0,
WAUC,9,within,within_fold0,3,2.0,0.3,50,inf,4,False,4.0,workload,0.6036036036036037,0.8016528925619835,121,100,339,87.0,
WAUC,9,within,within_fold0,42,0.1,0.3,50,inf,4,False,4.0,workload,0.569159134483703,0.7851239669421488,121,100,339,92.0,
WAUC,9,within,within_fold0,42,0.5,0.3,50,inf,4,False,4.0,workload,0.5688048245614035,0.7851239669421488,121,100,339,101.0,
WAUC,9,within,within_fold0,42,1.0,0.3,50,inf,4,False,4.0,workload,0.569041095890411,0.7851239669421488,121,100,339,96.0,
WAUC,9,within,within_fold0,42,2.0,0.3,50,inf,4,False,4.0,workload,0.569041095890411,0.7851239669421488,121,100,339,86.0,
WAUC,10,within,within_fold0,0,0.1,0.3,50,inf,4,False,4.0,workload,0.6538416559466729,0.827027027027027,185,100,516,114.0,
WAUC,10,within,within_fold0,0,0.5,0.3,50,inf,4,False,4.0,workload,0.5568215016067777,0.7783783783783784,185,100,516,96.0,
WAUC,10,within,within_fold0,0,1.0,0.3,50,inf,4,False,4.0,workload,0.5892731946716523,0.7945945945945946,185,100,516,103.0,
WAUC,10,within,within_fold0,0,2.0,0.3,50,inf,4,False,4.0,workload,0.4268428128836149,0.7135135135135136,185,100,516,116.0,
WAUC,10,within,within_fold0,1,0.1,0.3,50,inf,4,False,4.0,workload,0.5464627597478403,0.772972972972973,185,100,516,113.0,
WAUC,10,within,within_fold0,1,0.5,0.3,50,inf,4,False,4.0,workload,0.5244771585465591,0.7621621621621621,185,100,516,119.0,
WAUC,10,within,within_fold0,1,1.0,0.3,50,inf,4,False,4.0,workload,0.5676054692064976,0.7837837837837838,185,100,516,136.0,
WAUC,10,within,within_fold0,1,2.0,0.3,50,inf,4,False,4.0,workload,0.5139821355595773,0.7567567567567568,185,100,516,139.0,
WAUC,10,within,within_fold0,2,0.1,0.3,50,inf,4,False,4.0,workload,0.6646787113371924,0.8324324324324325,185,100,516,125.0,
WAUC,10,within,within_fold0,2,0.5,0.3,50,inf,4,False,4.0,workload,0.6540843753651981,0.827027027027027,185,100,516,119.0,
WAUC,10,within,within_fold0,2,1.0,0.3,50,inf,4,False,4.0,workload,0.5136982300368012,0.7567567567567568,185,100,516,116.0,
WAUC,10,within,within_fold0,2,2.0,0.3,50,inf,4,False,4.0,workload,0.45963313471199907,0.7297297297297297,185,100,516,115.0,
WAUC,10,within,within_fold0,3,0.1,0.3,50,inf,4,False,4.0,workload,0.5140956049728593,0.7567567567567568,185,100,516,102.0,
WAUC,10,within,within_fold0,3,0.5,0.3,50,inf,4,False,4.0,workload,0.513868613138686,0.7567567567567568,185,100,516,123.0,
WAUC,10,within,within_fold0,3,1.0,0.3,50,inf,4,False,4.0,workload,0.41674451191032225,0.7081081081081081,185,100,516,127.0,
WAUC,10,within,within_fold0,3,2.0,0.3,50,inf,4,False,4.0,workload,0.2762043795620438,0.6378378378378379,185,100,516,132.0,
WAUC,10,within,within_fold0,42,0.1,0.3,50,inf,4,False,4.0,workload,0.40611685052238367,0.7027027027027027,185,100,516,114.0,
WAUC,10,within,within_fold0,42,0.5,0.3,50,inf,4,False,4.0,workload,0.5682613768961493,0.7837837837837838,185,100,516,134.0,
WAUC,10,within,within_fold0,42,1.0,0.3,50,inf,4,False,4.0,workload,0.3521652853974554,0.6756756756756757,185,100,516,146.0,
WAUC,10,within,within_fold0,42,2.0,0.3,50,inf,4,False,4.0,workload,0.5035005834305717,0.7513513513513513,185,100,516,135.0,
WAUC,11,within,within_fold0,0,0.1,0.3,50,inf,4,False,4.0,workload,0.967989756722151,0.984,125,100,347,3.0,
WAUC,11,within,within_fold0,0,0.5,0.3,50,inf,4,False,4.0,workload,0.967989756722151,0.984,125,100,347,19.0,
WAUC,11,within,within_fold0,0,1.0,0.3,50,inf,4,False,4.0,workload,0.8240563019833653,0.912,125,100,347,17.0,
WAUC,11,within,within_fold0,0,2.0,0.3,50,inf,4,False,4.0,workload,0.9519784863618901,0.976,125,100,347,29.0,
WAUC,11,within,within_fold0,1,0.1,0.3,50,inf,4,False,4.0,workload,0.9039200614911607,0.952,125,100,347,14.0,
WAUC,11,within,within_fold0,1,0.5,0.3,50,inf,4,False,4.0,workload,0.84007164790174,0.92,125,100,347,27.0,
WAUC,11,within,within_fold0,1,1.0,0.3,50,inf,4,False,4.0,workload,0.9359959037378393,0.968,125,100,347,22.0,
WAUC,11,within,within_fold0,1,2.0,0.3,50,inf,4,False,4.0,workload,0.6959416207911919,0.848,125,100,347,27.0,
WAUC,11,within,within_fold0,2,0.1,0.3,50,inf,4,False,4.0,workload,1.0,1.0,125,100,347,7.0,
WAUC,11,within,within_fold0,2,0.5,0.3,50,inf,4,False,4.0,workload,0.936028659160696,0.968,125,100,347,24.0,
WAUC,11,within,within_fold0,2,1.0,0.3,50,inf,4,False,4.0,workload,1.0,1.0,125,100,347,32.0,
WAUC,11,within,within_fold0,2,2.0,0.3,50,inf,4,False,4.0,workload,1.0,1.0,125,100,347,29.0,
WAUC,11,within,within_fold0,3,0.1,0.3,50,inf,4,False,4.0,workload,1.0,1.0,125,100,347,2.0,
WAUC,11,within,within_fold0,3,0.5,0.3,50,inf,4,False,4.0,workload,0.696408027610891,0.848,125,100,347,23.0,
WAUC,11,within,within_fold0,3,1.0,0.3,50,inf,4,False,4.0,workload,0.5680276462306413,0.784,125,100,347,23.0,
WAUC,11,within,within_fold0,3,2.0,0.3,50,inf,4,False,4.0,workload,0.8880358285348688,0.944,125,100,347,21.0,
WAUC,11,within,within_fold0,42,0.1,0.3,50,inf,4,False,4.0,workload,1.0,1.0,125,100,347,5.0,
WAUC,11,within,within_fold0,42,0.5,0.3,50,inf,4,False,4.0,workload,0.967989756722151,0.984,125,100,347,21.0,
WAUC,11,within,within_fold0,42,1.0,0.3,50,inf,4,False,4.0,workload,0.696408027610891,0.848,125,100,347,19.0,
WAUC,11,within,within_fold0,42,2.0,0.3,50,inf,4,False,4.0,workload,0.9200255918106206,0.96,125,100,347,18.0,
WAUC,12,within,within_fold0,0,0.1,0.3,50,inf,4,False,4.0,workload,0.4844074844074844,0.7419354838709677,186,100,520,125.0,
WAUC,12,within,within_fold0,0,0.5,0.3,50,inf,4,False,4.0,workload,0.4844074844074844,0.7419354838709677,186,100,520,127.0,
WAUC,12,within,within_fold0,0,1.0,0.3,50,inf,4,False,4.0,workload,0.48428835489833644,0.7419354838709677,186,100,520,148.0,
WAUC,12,within,within_fold0,0,2.0,0.3,50,inf,4,False,4.0,workload,0.48428835489833644,0.7419354838709677,186,100,520,143.0,
WAUC,12,within,within_fold0,1,0.1,0.3,50,inf,4,False,4.0,workload,0.4718970912040793,0.7365591397849462,186,100,520,131.0,
WAUC,12,within,within_fold0,1,0.5,0.3,50,inf,4,False,4.0,workload,0.5045170257123002,0.7526881720430108,186,100,520,130.0,
WAUC,12,within,within_fold0,1,1.0,0.3,50,inf,4,False,4.0,workload,0.5686456400742115,0.7849462365591398,186,100,520,137.0,
WAUC,12,within,within_fold0,1,2.0,0.3,50,inf,4,False,4.0,workload,0.48297428769979156,0.7419354838709677,186,100,520,132.0,
WAUC,12,within,within_fold0,2,0.1,0.3,50,inf,4,False,4.0,workload,0.624090541632983,0.8118279569892473,186,100,520,135.0,
WAUC,12,within,within_fold0,2,0.5,0.3,50,inf,4,False,4.0,workload,0.5482303955586398,0.7741935483870968,186,100,467,135.0,
WAUC,12,within,within_fold0,2,1.0,0.3,50,inf,4,False,4.0,workload,0.5482303955586398,0.7741935483870968,186,100,455,123.0,
WAUC,12,within,within_fold0,2,2.0,0.3,50,inf,4,False,4.0,workload,0.5482303955586398,0.7741935483870968,186,100,453,131.0,
WAUC,12,within,within_fold0,3,0.1,0.3,50,inf,4,False,4.0,workload,0.579965257672264,0.7903225806451613,186,100,520,120.0,
WAUC,12,within,within_fold0,3,0.5,0.3,50,inf,4,False,4.0,workload,0.46304849884526567,0.7311827956989247,186,100,520,111.0,
WAUC,12,within,within_fold0,3,1.0,0.3,50,inf,4,False,4.0,workload,0.579965257672264,0.7903225806451613,186,100,520,141.0,
WAUC,12,within,within_fold0,3,2.0,0.3,50,inf,4,False,4.0,workload,0.5589358010410641,0.7795698924731183,186,100,520,149.0,
WAUC,12,within,within_fold0,42,0.1,0.3,50,inf,4,False,4.0,workload,0.46055684454756385,0.7311827956989247,186,100,520,123.0,
WAUC,12,within,within_fold0,42,0.5,0.3,50,inf,4,False,4.0,workload,0.31095160916878906,0.6559139784946236,186,100,520,135.0,
WAUC,12,within,within_fold0,42,1.0,0.3,50,inf,4,False,4.0,workload,0.3962439137491305,0.6989247311827957,186,100,520,137.0,
WAUC,12,within,within_fold0,42,2.0,0.3,50,inf,4,False,4.0,workload,0.48357242017584456,0.7419354838709677,186,100,520,136.0,
WAUC,13,within,within_fold0,0,0.1,0.3,50,inf,4,False,4.0,workload,0.32942057942057945,0.664804469273743,179,100,394,106.0,
WAUC,13,within,within_fold0,0,0.5,0.3,50,inf,4,False,4.0,workload,0.4294731579276295,0.7150837988826816,179,100,499,145.0,
WAUC,13,within,within_fold0,0,1.0,0.3,50,inf,4,False,4.0,workload,0.4294731579276295,0.7150837988826816,179,100,499,157.0,
WAUC,13,within,within_fold0,0,2.0,0.3,50,inf,4,False,4.0,workload,0.32942057942057945,0.664804469273743,179,100,492,147.0,
WAUC,13,within,within_fold0,1,0.1,0.3,50,inf,4,False,4.0,workload,0.24510047134706026,0.6201117318435754,179,100,499,190.0,
WAUC,13,within,within_fold0,1,0.5,0.3,50,inf,4,False,4.0,workload,0.24510047134706026,0.6201117318435754,179,100,477,162.0,
WAUC,13,within,within_fold0,1,1.0,0.3,50,inf,4,False,4.0,workload,0.24510047134706026,0.6201117318435754,179,100,486,171.0,
WAUC,13,within,within_fold0,1,2.0,0.3,50,inf,4,False,4.0,workload,0.24510047134706026,0.6201117318435754,179,100,499,189.0,
WAUC,13,within,within_fold0,2,0.1,0.3,50,inf,4,False,4.0,workload,0.4530772588389349,0.7262569832402235,179,100,499,151.0,
WAUC,13,within,within_fold0,2,0.5,0.3,50,inf,4,False,4.0,workload,0.4530772588389349,0.7262569832402235,179,100,499,128.0,
WAUC,13,within,within_fold0,2,1.0,0.3,50,inf,4,False,4.0,workload,0.38449515473585494,0.6927374301675978,179,100,499,160.0,
WAUC,13,within,within_fold0,2,2.0,0.3,50,inf,4,False,4.0,workload,0.42990070567663774,0.7150837988826816,179,100,499,140.0,
WAUC,13,within,within_fold0,3,0.1,0.3,50,inf,4,False,4.0,workload,0.13505141865939785,0.5642458100558659,179,100,499,168.0,
WAUC,13,within,within_fold0,3,0.5,0.3,50,inf,4,False,4.0,workload,0.2887122811374644,0.6424581005586593,179,100,499,183.0,
WAUC,13,within,within_fold0,3,1.0,0.3,50,inf,4,False,4.0,workload,0.21311373908736309,0.6033519553072626,179,100,499,182.0,
WAUC,13,within,within_fold0,3,2.0,0.3,50,inf,4,False,4.0,workload,0.35635461872287666,0.6759776536312849,179,100,499,176.0,
WAUC,13,within,within_fold0,42,0.1,0.3,50,inf,4,False,4.0,workload,0.4420199501246883,0.7206703910614525,179,100,499,139.0,
WAUC,13,within,within_fold0,42,0.5,0.3,50,inf,4,False,4.0,workload,0.4416021961567258,0.7206703910614525,179,100,499,147.0,
WAUC,13,within,within_fold0,42,1.0,0.3,50,inf,4,False,4.0,workload,0.4980995700666708,0.7486033519553073,179,100,499,157.0,
WAUC,13,within,within_fold0,42,2.0,0.3,50,inf,4,False,4.0,workload,0.3176051496781451,0.659217877094972,179,100,499,149.0,
WAUC,14,within,within_fold0,0,0.1,0.3,50,inf,4,False,4.0,workload,0.6786505786752031,0.8388888888888889,180,100,503,78.0,
WAUC,14,within,within_fold0,0,0.5,0.3,50,inf,4,False,4.0,workload,0.6786505786752031,0.8388888888888889,180,100,503,87.0,
WAUC,14,within,within_fold0,0,1.0,0.3,50,inf,4,False,4.0,workload,0.7451366658458507,0.8722222222222222,180,100,503,78.0,
WAUC,14,within,within_fold0,0,2.0,0.3,50,inf,4,False,4.0,workload,0.5891931902294596,0.7944444444444444,180,100,503,84.0,
WAUC,14,within,within_fold0,1,0.1,0.3,50,inf,4,False,4.0,workload,0.6656760772659733,0.8333333333333334,180,100,503,70.0,
WAUC,14,within,within_fold0,1,0.5,0.3,50,inf,4,False,4.0,workload,0.6656760772659733,0.8333333333333334,180,100,503,90.0,
WAUC,14,within,within_fold0,1,1.0,0.3,50,inf,4,False,4.0,workload,0.5982142857142857,0.8,180,100,503,90.0,
WAUC,14,within,within_fold0,1,2.0,0.3,50,inf,4,False,4.0,workload,0.6993318485523385,0.85,180,100,503,92.0,
WAUC,14,within,within_fold0,2,0.1,0.3,50,inf,4,False,4.0,workload,0.7555555555555555,0.8777777777777778,180,100,503,77.0,
WAUC,14,within,within_fold0,2,0.5,0.3,50,inf,4,False,4.0,workload,0.5456784043339079,0.7722222222222223,180,100,503,90.0,
WAUC,14,within,within_fold0,2,1.0,0.3,50,inf,4,False,4.0,workload,0.7221536181773277,0.8611111111111112,180,100,503,105.0,
WAUC,14,within,within_fold0,2,2.0,0.3,50,inf,4,False,4.0,workload,0.7108255066732576,0.8555555555555555,180,100,503,102.0,
WAUC,14,within,within_fold0,3,0.1,0.3,50,inf,4,False,4.0,workload,0.599009900990099,0.8,180,100,503,103.0,
WAUC,14,within,within_fold0,3,0.5,0.3,50,inf,4,False,4.0,workload,0.6005917159763314,0.8,180,100,503,103.0,
WAUC,14,within,within_fold0,3,1.0,0.3,50,inf,4,False,4.0,workload,0.49863827680118844,0.75,180,100,503,104.0,
WAUC,14,within,within_fold0,3,2.0,0.3,50,inf,4,False,4.0,workload,0.5101434933201385,0.7555555555555555,180,100,503,94.0,
WAUC,14,within,within_fold0,42,0.1,0.3,50,inf,4,False,4.0,workload,0.7890451517394522,0.8944444444444445,180,100,503,77.0,
WAUC,14,within,within_fold0,42,0.5,0.3,50,inf,4,False,4.0,workload,0.7890451517394522,0.8944444444444445,180,100,503,91.0,
WAUC,14,within,within_fold0,42,1.0,0.3,50,inf,4,False,4.0,workload,0.7122479094933596,0.8555555555555555,180,100,503,96.0,
WAUC,14,within,within_fold0,42,2.0,0.3,50,inf,4,False,4.0,workload,0.7453874538745388,0.8722222222222222,180,100,503,85.0,
WAUC,15,within,within_fold0,0,0.1,0.3,50,inf,4,False,4.0,workload,0.48629277907185087,0.7431693989071039,183,100,347,94.0,
WAUC,15,within,within_fold0,0,0.5,0.3,50,inf,4,False,4.0,workload,0.48629277907185087,0.7431693989071039,183,100,406,106.0,
WAUC,15,within,within_fold0,0,1.0,0.3,50,inf,4,False,4.0,workload,0.48629277907185087,0.7431693989071039,183,100,413,123.0,
WAUC,15,within,within_fold0,0,2.0,0.3,50,inf,4,False,4.0,workload,0.48629277907185087,0.7431693989071039,183,100,414,111.0,
WAUC,15,within,within_fold0,1,0.1,0.3,50,inf,4,False,4.0,workload,0.5074466176206711,0.7540983606557377,183,78,510,135.0,
WAUC,15,within,within_fold0,1,0.5,0.3,50,inf,4,False,4.0,workload,0.5074466176206711,0.7540983606557377,183,78,510,133.0,
WAUC,15,within,within_fold0,1,1.0,0.3,50,inf,4,False,4.0,workload,0.5075055319657915,0.7540983606557377,183,78,510,161.0,
WAUC,15,within,within_fold0,1,2.0,0.3,50,inf,4,False,4.0,workload,0.32149264442052394,0.6612021857923497,183,78,510,164.0,
WAUC,15,within,within_fold0,2,0.1,0.3,50,inf,4,False,4.0,workload,0.35389862964514396,0.6775956284153005,183,100,348,99.0,
WAUC,15,within,within_fold0,2,0.5,0.3,50,inf,4,False,4.0,workload,0.35389862964514396,0.6775956284153005,183,100,472,128.0,
WAUC,15,within,within_fold0,2,1.0,0.3,50,inf,4,False,4.0,workload,0.35389862964514396,0.6775956284153005,183,100,440,129.0,
WAUC,15,within,within_fold0,2,2.0,0.3,50,inf,4,False,4.0,workload,0.35389862964514396,0.6775956284153005,183,100,439,112.0,
WAUC,15,within,within_fold0,3,0.1,0.3,50,inf,4,False,4.0,workload,0.5403659849300323,0.7704918032786885,183,100,510,124.0,
WAUC,15,within,within_fold0,3,0.5,0.3,50,inf,4,False,4.0,workload,0.5297316679615132,0.7650273224043715,183,100,510,149.0,
WAUC,15,within,within_fold0,3,1.0,0.3,50,inf,4,False,4.0,workload,0.4857399103139013,0.7431693989071039,183,100,510,142.0,
WAUC,15,within,within_fold0,3,2.0,0.3,50,inf,4,False,4.0,workload,0.3104252646689395,0.6557377049180327,183,100,510,140.0,
WAUC,15,within,within_fold0,42,0.1,0.3,50,inf,4,False,4.0,workload,0.31067264573991027,0.6557377049180327,183,86,510,120.0,
WAUC,15,within,within_fold0,42,0.5,0.3,50,inf,4,False,4.0,workload,0.3436154949784792,0.6721311475409836,183,86,510,140.0,
WAUC,15,within,within_fold0,42,1.0,0.3,50,inf,4,False,4.0,workload,0.43167701863354035,0.7158469945355191,183,86,510,146.0,
WAUC,15,within,within_fold0,42,2.0,0.3,50,inf,4,False,4.0,workload,0.31067264573991027,0.6557377049180327,183,86,510,128.0,
WAUC,16,within,within_fold0,0,0.1,0.3,50,inf,4,False,4.0,workload,1.0,1.0,124,96,234,1.0,
WAUC,16,within,within_fold0,0,0.5,0.3,50,inf,4,False,4.0,workload,1.0,1.0,124,96,292,20.0,
WAUC,16,within,within_fold0,0,1.0,0.3,50,inf,4,False,4.0,workload,1.0,1.0,124,96,301,30.0,
WAUC,16,within,within_fold0,0,2.0,0.3,50,inf,4,False,4.0,workload,1.0,1.0,124,96,302,30.0,
WAUC,16,within,within_fold0,1,0.1,0.3,50,inf,4,False,4.0,workload,1.0,1.0,124,100,344,3.0,
WAUC,16,within,within_fold0,1,0.5,0.3,50,inf,4,False,4.0,workload,0.9139784946236559,0.967741935483871,124,100,344,19.0,
WAUC,16,within,within_fold0,1,1.0,0.3,50,inf,4,False,4.0,workload,0.7752808988764045,0.9193548387096774,124,100,344,27.0,
WAUC,16,within,within_fold0,1,2.0,0.3,50,inf,4,False,4.0,workload,0.8444444444444444,0.9435483870967742,124,100,344,30.0,
WAUC,16,within,within_fold0,2,0.1,0.3,50,inf,4,False,4.0,workload,1.0,1.0,124,100,344,0.0,
WAUC,16,within,within_fold0,2,0.5,0.3,50,inf,4,False,4.0,workload,0.6851851851851851,0.8629032258064516,124,100,344,27.0,
WAUC,16,within,within_fold0,2,1.0,0.3,50,inf,4,False,4.0,workload,0.7843137254901961,0.9112903225806451,124,100,344,27.0,
WAUC,16,within,within_fold0,2,2.0,0.3,50,inf,4,False,4.0,workload,0.6396396396396397,0.8387096774193549,124,100,344,29.0,
WAUC,16,within,within_fold0,3,0.1,0.3,50,inf,4,False,4.0,workload,1.0,1.0,124,100,344,1.0,
WAUC,16,within,within_fold0,3,0.5,0.3,50,inf,4,False,4.0,workload,0.9175257731958762,0.967741935483871,124,100,344,19.0,
WAUC,16,within,within_fold0,3,1.0,0.3,50,inf,4,False,4.0,workload,1.0,1.0,124,100,344,34.0,
WAUC,16,within,within_fold0,3,2.0,0.3,50,inf,4,False,4.0,workload,0.8085106382978724,0.9274193548387096,124,100,344,26.0,
WAUC,16,within,within_fold0,42,0.1,0.3,50,inf,4,False,4.0,workload,1.0,1.0,124,100,344,2.0,
WAUC,16,within,within_fold0,42,0.5,0.3,50,inf,4,False,4.0,workload,0.9560439560439561,0.9838709677419355,124,100,344,18.0,
WAUC,16,within,within_fold0,42,1.0,0.3,50,inf,4,False,4.0,workload,0.956989247311828,0.9838709677419355,124,100,344,20.0,
WAUC,16,within,within_fold0,42,2.0,0.3,50,inf,4,False,4.0,workload,0.7234042553191489,0.8951612903225806,124,100,344,16.0,
WAUC,17,within,within_fold0,0,0.1,0.3,50,inf,4,False,4.0,workload,0.457573354480571,0.7361111111111112,144,100,403,89.0,
WAUC,17,within,within_fold0,0,0.5,0.3,50,inf,4,False,4.0,workload,0.3381294964028777,0.6805555555555556,144,100,403,106.0,
WAUC,17,within,within_fold0,0,1.0,0.3,50,inf,4,False,4.0,workload,0.35122146575891067,0.6875,144,100,403,118.0,
WAUC,17,within,within_fold0,0,2.0,0.3,50,inf,4,False,4.0,workload,0.3643659711075442,0.6944444444444444,144,100,403,96.0,
WAUC,17,within,within_fold0,1,0.1,0.3,50,inf,4,False,4.0,workload,0.6518936341659951,0.8333333333333334,144,100,403,86.0,
WAUC,17,within,within_fold0,1,0.5,0.3,50,inf,4,False,4.0,workload,0.6518936341659951,0.8333333333333334,144,100,403,107.0,
WAUC,17,within,within_fold0,1,1.0,0.3,50,inf,4,False,4.0,workload,0.457573354480571,0.7361111111111112,144,100,403,112.0,
WAUC,17,within,within_fold0,1,2.0,0.3,50,inf,4,False,4.0,workload,0.6518936341659951,0.8333333333333334,144,100,403,112.0,
WAUC,17,within,within_fold0,2,0.1,0.3,50,inf,4,False,4.0,workload,0.5317303902246748,0.7708333333333334,144,98,403,102.0,
WAUC,17,within,within_fold0,2,0.5,0.3,50,inf,4,False,4.0,workload,0.5618374558303887,0.7847222222222222,144,98,403,114.0,
WAUC,17,within,within_fold0,2,1.0,0.3,50,inf,4,False,4.0,workload,0.2847682119205298,0.6458333333333334,144,98,403,110.0,
WAUC,17,within,within_fold0,2,2.0,0.3,50,inf,4,False,4.0,workload,0.7189695550351288,0.8611111111111112,144,98,403,110.0,
WAUC,17,within,within_fold0,3,0.1,0.3,50,inf,4,False,4.0,workload,0.55895865237366,0.7777777777777778,144,100,403,80.0,
WAUC,17,within,within_fold0,3,0.5,0.3,50,inf,4,False,4.0,workload,0.40752351097178685,0.7083333333333334,144,100,403,101.0,
WAUC,17,within,within_fold0,3,1.0,0.3,50,inf,4,False,4.0,workload,0.55895865237366,0.7777777777777778,144,100,403,107.0,
WAUC,17,within,within_fold0,3,2.0,0.3,50,inf,4,False,4.0,workload,0.55895865237366,0.7777777777777778,144,100,403,109.0,
WAUC,17,within,within_fold0,42,0.1,0.3,50,inf,4,False,4.0,workload,0.6388888888888888,0.8194444444444444,144,100,403,83.0,
WAUC,17,within,within_fold0,42,0.5,0.3,50,inf,4,False,4.0,workload,0.4681181959564541,0.7361111111111112,144,100,403,91.0,
WAUC,17,within,within_fold0,42,1.0,0.3,50,inf,4,False,4.0,workload,0.44657955418908524,0.7222222222222222,144,100,403,118.0,
WAUC,17,within,within_fold0,42,2.0,0.3,50,inf,4,False,4.0,workload,0.5377207062600322,0.7777777777777778,144,100,403,114.0,
WAUC,18,within,within_fold0,0,0.1,0.3,50,inf,4,False,4.0,workload,0.3079261164367547,0.654054054054054,185,100,516,140.0,
WAUC,18,within,within_fold0,0,0.5,0.3,50,inf,4,False,4.0,workload,0.4708423326133909,0.7351351351351352,185,100,516,149.0,
WAUC,18,within,within_fold0,0,1.0,0.3,50,inf,4,False,4.0,workload,0.3943645504501344,0.6972972972972973,185,100,516,155.0,
WAUC,18,within,within_fold0,0,2.0,0.3,50,inf,4,False,4.0,workload,0.48094458732756606,0.7405405405405405,185,100,516,147.0,
WAUC,18,within,within_fold0,1,0.1,0.3,50,inf,4,False,4.0,workload,0.5897525676937442,0.7945945945945946,185,100,516,96.0,
WAUC,18,within,within_fold0,1,0.5,0.3,50,inf,4,False,4.0,workload,0.4170848407048664,0.7081081081081081,185,100,516,121.0,
WAUC,18,within,within_fold0,1,1.0,0.3,50,inf,4,False,4.0,workload,0.4170848407048664,0.7081081081081081,185,100,516,128.0,
WAUC,18,within,within_fold0,1,2.0,0.3,50,inf,4,False,4.0,workload,0.5140956049728593,0.7567567567567568,185,100,516,128.0,
WAUC,18,within,within_fold0,2,0.1,0.3,50,inf,4,False,4.0,workload,0.43854324734446126,0.7189189189189189,185,100,516,110.0,
WAUC,18,within,within_fold0,2,0.5,0.3,50,inf,4,False,4.0,workload,0.4277126014124788,0.7135135135135136,185,100,516,122.0,
WAUC,18,within,within_fold0,2,1.0,0.3,50,inf,4,False,4.0,workload,0.43854324734446126,0.7189189189189189,185,100,516,129.0,
WAUC,18,within,within_fold0,2,2.0,0.3,50,inf,4,False,4.0,workload,0.40625547061912826,0.7027027027027027,185,100,516,127.0,
WAUC,18,within,within_fold0,3,0.1,0.3,50,inf,4,False,4.0,workload,0.469541810521388,0.7351351351351352,185,100,516,141.0,
WAUC,18,within,within_fold0,3,0.5,0.3,50,inf,4,False,4.0,workload,0.469541810521388,0.7351351351351352,185,100,516,159.0,
WAUC,18,within,within_fold0,3,1.0,0.3,50,inf,4,False,4.0,workload,0.3940102948058025,0.6972972972972973,185,100,516,149.0,
WAUC,18,within,within_fold0,3,2.0,0.3,50,inf,4,False,4.0,workload,0.524087932647334,0.7621621621621621,185,100,516,166.0,
WAUC,18,within,within_fold0,42,0.1,0.3,50,inf,4,False,4.0,workload,0.4819136522753792,0.7405405405405405,185,100,516,143.0,
WAUC,18,within,within_fold0,42,0.5,0.3,50,inf,4,False,4.0,workload,0.40521423978488347,0.7027027027027027,185,100,516,131.0,
WAUC,18,within,within_fold0,42,1.0,0.3,50,inf,4,False,4.0,workload,0.40590879897238274,0.7027027027027027,185,100,516,140.0,
WAUC,18,within,within_fold0,42,2.0,0.3,50,inf,4,False,4.0,workload,0.64312854387093,0.8216216216216217,185,100,516,156.0,
WAUC,19,within,within_fold0,0,0.1,0.3,50,inf,4,False,4.0,workload,0.6418966737438075,0.8206521739130435,184,100,514,92.0,
WAUC,19,within,within_fold0,0,0.5,0.3,50,inf,4,False,4.0,workload,0.5868100697317102,0.7934782608695652,184,100,514,94.0,
WAUC,19,within,within_fold0,0,1.0,0.3,50,inf,4,False,4.0,workload,0.7284533648170012,0.8641304347826086,184,100,514,109.0,
WAUC,19,within,within_fold0,0,2.0,0.3,50,inf,4,False,4.0,workload,0.46713947990543736,0.7336956521739131,184,100,514,93.0,
WAUC,19,within,within_fold0,1,0.1,0.3,50,inf,4,False,4.0,workload,0.6422342682064577,0.8206521739130435,184,100,514,83.0,
WAUC,19,within,within_fold0,1,0.5,0.3,50,inf,4,False,4.0,workload,0.6639962299717248,0.8315217391304348,184,100,514,93.0,
WAUC,19,within,within_fold0,1,1.0,0.3,50,inf,4,False,4.0,workload,0.6422342682064577,0.8206521739130435,184,100,514,90.0,
WAUC,19,within,within_fold0,1,2.0,0.3,50,inf,4,False,4.0,workload,0.6639170398303087,0.8315217391304348,184,100,514,110.0,
WAUC,19,within,within_fold0,2,0.1,0.3,50,inf,4,False,4.0,workload,0.5987741631305987,0.7989130434782609,184,100,514,104.0,
WAUC,19,within,within_fold0,2,0.5,0.3,50,inf,4,False,4.0,workload,0.5771859533349046,0.7880434782608695,184,100,514,86.0,
WAUC,19,within,within_fold0,2,1.0,0.3,50,inf,4,False,4.0,workload,0.652132813423136,0.8260869565217391,184,100,514,109.0,
WAUC,19,within,within_fold0,2,2.0,0.3,50,inf,4,False,4.0,workload,0.6855256954266855,0.842391304347826,184,100,514,93.0,
WAUC,19,within,within_fold0,3,0.1,0.3,50,inf,4,False,4.0,workload,0.7178912607618824,0.8586956521739131,184,100,514,94.0,
WAUC,19,within,within_fold0,3,0.5,0.3,50,inf,4,False,4.0,workload,0.7178912607618824,0.8586956521739131,184,100,514,105.0,
WAUC,19,within,within_fold0,3,1.0,0.3,50,inf,4,False,4.0,workload,0.7065910701630049,0.8532608695652174,184,100,514,110.0,
WAUC,19,within,within_fold0,3,2.0,0.3,50,inf,4,False,4.0,workload,0.5015899187374868,0.75,184,100,514,107.0,
WAUC,19,within,within_fold0,42,0.1,0.3,50,inf,4,False,4.0,workload,0.6635999056381222,0.8315217391304348,184,100,514,91.0,
WAUC,19,within,within_fold0,42,0.5,0.3,50,inf,4,False,4.0,workload,0.5878816456442296,0.7934782608695652,184,100,514,100.0,
WAUC,19,within,within_fold0,42,1.0,0.3,50,inf,4,False,4.0,workload,0.5231476027800683,0.7608695652173914,184,100,514,96.0,
WAUC,19,within,within_fold0,42,2.0,0.3,50,inf,4,False,4.0,workload,0.5986795567083235,0.7989130434782609,184,100,514,116.0,
WAUC,20,within,within_fold0,0,0.1,0.3,50,inf,4,False,4.0,workload,0.4832137068765918,0.7419354838709677,186,100,519,160.0,
WAUC,20,within,within_fold0,0,0.5,0.3,50,inf,4,False,4.0,workload,0.2036565609812543,0.6021505376344086,186,100,519,175.0,
WAUC,20,within,within_fold0,0,1.0,0.3,50,inf,4,False,4.0,workload,0.3540171335957397,0.6774193548387096,186,100,519,188.0,
WAUC,20,within,within_fold0,0,2.0,0.3,50,inf,4,False,4.0,workload,0.4504692387904067,0.7258064516129032,186,100,519,190.0,
WAUC,20,within,within_fold0,1,0.1,0.3,50,inf,4,False,4.0,workload,0.4195561719833565,0.7096774193548387,186,100,519,151.0,
WAUC,20,within,within_fold0,1,0.5,0.3,50,inf,4,False,4.0,workload,0.3120665742024965,0.6559139784946236,186,100,519,163.0,
WAUC,20,within,within_fold0,1,1.0,0.3,50,inf,4,False,4.0,workload,0.23673563749855508,0.6182795698924731,186,100,519,168.0,
WAUC,20,within,within_fold0,1,2.0,0.3,50,inf,4,False,4.0,workload,0.3547641073080481,0.6774193548387096,186,100,519,192.0,
WAUC,20,within,within_fold0,2,0.1,0.3,50,inf,4,False,4.0,workload,0.4299757141205043,0.7150537634408602,186,100,519,153.0,
WAUC,20,within,within_fold0,2,0.5,0.3,50,inf,4,False,4.0,workload,0.4945067653521453,0.7473118279569892,186,100,519,158.0,
WAUC,20,within,within_fold0,2,1.0,0.3,50,inf,4,False,4.0,workload,0.4945067653521453,0.7473118279569892,186,100,519,167.0,
WAUC,20,within,within_fold0,2,2.0,0.3,50,inf,4,False,4.0,workload,0.30107526881720426,0.6505376344086021,186,100,519,165.0,
WAUC,20,within,within_fold0,3,0.1,0.3,50,inf,4,False,4.0,workload,0.34332677393216804,0.6720430107526881,186,74,519,124.0,
WAUC,20,within,within_fold0,3,0.5,0.3,50,inf,4,False,4.0,workload,0.34332677393216804,0.6720430107526881,186,74,481,138.0,
WAUC,20,within,within_fold0,3,1.0,0.3,50,inf,4,False,4.0,workload,0.34332677393216804,0.6720430107526881,186,74,467,159.0,
WAUC,20,within,within_fold0,3,2.0,0.3,50,inf,4,False,4.0,workload,0.34332677393216804,0.6720430107526881,186,74,478,174.0,
WAUC,20,within,within_fold0,42,0.1,0.3,50,inf,4,False,4.0,workload,0.49415576900821656,0.7473118279569892,186,100,519,115.0,
WAUC,20,within,within_fold0,42,0.5,0.3,50,inf,4,False,4.0,workload,0.49415576900821656,0.7473118279569892,186,100,519,164.0,
WAUC,20,within,within_fold0,42,1.0,0.3,50,inf,4,False,4.0,workload,0.22410196987253772,0.6129032258064516,186,100,519,181.0,
WAUC,20,within,within_fold0,42,2.0,0.3,50,inf,4,False,4.0,workload,0.2260748959778086,0.6129032258064516,186,100,519,183.0,
WAUC,21,within,within_fold0,0,0.1,0.3,50,inf,4,False,4.0,workload,0.5447087776866284,0.772972972972973,185,100,518,128.0,
WAUC,21,within,within_fold0,0,0.5,0.3,50,inf,4,False,4.0,workload,0.5662368112543963,0.7837837837837838,185,100,439,112.0,
WAUC,21,within,within_fold0,0,1.0,0.3,50,inf,4,False,4.0,workload,0.5662368112543963,0.7837837837837838,185,100,475,151.0,
WAUC,21,within,within_fold0,0,2.0,0.3,50,inf,4,False,4.0,workload,0.5662368112543963,0.7837837837837838,185,100,493,139.0,
WAUC,21,within,within_fold0,1,0.1,0.3,50,inf,4,False,4.0,workload,0.42576866764275256,0.7135135135135136,185,100,518,148.0,
WAUC,21,within,within_fold0,1,0.5,0.3,50,inf,4,False,4.0,workload,0.5016980911113713,0.7513513513513513,185,100,518,157.0,
WAUC,21,within,within_fold0,1,1.0,0.3,50,inf,4,False,4.0,workload,0.13551401869158886,0.5675675675675675,185,100,518,156.0,
WAUC,21,within,within_fold0,1,2.0,0.3,50,inf,4,False,4.0,workload,0.3198132477385469,0.6594594594594595,185,100,518,165.0,
WAUC,21,within,within_fold0,2,0.1,0.3,50,inf,4,False,4.0,workload,0.5994030549540587,0.8,185,100,518,118.0,
WAUC,21,within,within_fold0,2,0.5,0.3,50,inf,4,False,4.0,workload,0.5994030549540587,0.8,185,100,518,149.0,
WAUC,21,within,within_fold0,2,1.0,0.3,50,inf,4,False,4.0,workload,0.3719269491922266,0.6864864864864865,185,100,518,149.0,
WAUC,21,within,within_fold0,2,2.0,0.3,50,inf,4,False,4.0,workload,0.4916691026015785,0.745945945945946,185,100,518,144.0,
WAUC,21,within,within_fold0,3,0.1,0.3,50,inf,4,False,4.0,workload,0.3465975983046856,0.6756756756756757,185,100,518,127.0,
WAUC,21,within,within_fold0,3,0.5,0.3,50,inf,4,False,4.0,workload,0.3465975983046856,0.6756756756756757,185,100,492,129.0,
WAUC,21,within,within_fold0,3,1.0,0.3,50,inf,4,False,4.0,workload,0.3465975983046856,0.6756756756756757,185,100,502,150.0,
WAUC,21,within,within_fold0,3,2.0,0.3,50,inf,4,False,4.0,workload,0.3465975983046856,0.6756756756756757,185,100,514,157.0,
WAUC,21,within,within_fold0,42,0.1,0.3,50,inf,4,False,4.0,workload,0.4929142123986703,0.745945945945946,185,100,352,89.0,
WAUC,21,within,within_fold0,42,0.5,0.3,50,inf,4,False,4.0,workload,0.4929142123986703,0.745945945945946,185,100,484,126.0,
WAUC,21,within,within_fold0,42,1.0,0.3,50,inf,4,False,4.0,workload,0.4929142123986703,0.745945945945946,185,100,480,154.0,
WAUC,21,within,within_fold0,42,2.0,0.3,50,inf,4,False,4.0,workload,0.4929142123986703,0.745945945945946,185,100,485,148.0,
WAUC,22,within,within_fold0,0,0.1,0.3,50,inf,4,False,4.0,workload,0.45353559483994266,0.726775956284153,183,100,510,118.0,
WAUC,22,within,within_fold0,0,0.5,0.3,50,inf,4,False,4.0,workload,0.42071313384698084,0.7103825136612022,183,100,510,119.0,
WAUC,22,within,within_fold0,0,1.0,0.3,50,inf,4,False,4.0,workload,0.5626717648464572,0.7814207650273224,183,100,510,135.0,
WAUC,22,within,within_fold0,0,2.0,0.3,50,inf,4,False,4.0,workload,0.16917562724014346,0.5846994535519126,183,100,510,120.0,
WAUC,22,within,within_fold0,1,0.1,0.3,50,inf,4,False,4.0,workload,0.5627240143369177,0.7814207650273224,183,100,510,107.0,
WAUC,22,within,within_fold0,1,0.5,0.3,50,inf,4,False,4.0,workload,0.5297316679615132,0.7650273224043715,183,100,510,115.0,
WAUC,22,within,within_fold0,1,1.0,0.3,50,inf,4,False,4.0,workload,0.5627240143369177,0.7814207650273224,183,100,510,137.0,
WAUC,22,within,within_fold0,1,2.0,0.3,50,inf,4,False,4.0,workload,0.47501792971551515,0.7377049180327869,183,100,510,137.0,
WAUC,22,within,within_fold0,2,0.1,0.3,50,inf,4,False,4.0,workload,0.5079763398458506,0.7540983606557377,183,100,510,111.0,
WAUC,22,within,within_fold0,2,0.5,0.3,50,inf,4,False,4.0,workload,0.6831452624037255,0.8415300546448088,183,100,510,114.0,
WAUC,22,within,within_fold0,2,1.0,0.3,50,inf,4,False,4.0,workload,0.37714217471785993,0.6885245901639344,183,100,510,138.0,
WAUC,22,within,within_fold0,2,2.0,0.3,50,inf,4,False,4.0,workload,0.4097479393142994,0.7049180327868853,183,100,510,135.0,
WAUC,22,within,within_fold0,3,0.1,0.3,50,inf,4,False,4.0,workload,0.6175891097975998,0.8087431693989071,183,100,510,99.0,
WAUC,22,within,within_fold0,3,0.5,0.3,50,inf,4,False,4.0,workload,0.6502210010751404,0.825136612021858,183,100,510,102.0,
WAUC,22,within,within_fold0,3,1.0,0.3,50,inf,4,False,4.0,workload,0.5413533834586466,0.7704918032786885,183,100,510,142.0,
WAUC,22,within,within_fold0,3,2.0,0.3,50,inf,4,False,4.0,workload,0.6065456282847588,0.8032786885245902,183,100,510,139.0,
WAUC,22,within,within_fold0,42,0.1,0.3,50,inf,4,False,4.0,workload,0.6500956022944551,0.825136612021858,183,100,510,113.0,
WAUC,22,within,within_fold0,42,0.5,0.3,50,inf,4,False,4.0,workload,0.551604613637722,0.7759562841530054,183,100,510,146.0,
WAUC,22,within,within_fold0,42,1.0,0.3,50,inf,4,False,4.0,workload,0.46385650224215247,0.73224043715847,183,100,510,131.0,
WAUC,22,within,within_fold0,42,2.0,0.3,50,inf,4,False,4.0,workload,0.551604613637722,0.7759562841530054,183,100,510,147.0,
WAUC,24,within,within_fold0,0,0.1,0.3,50,inf,4,False,4.0,workload,0.45950683650812196,0.7297297297297297,185,100,516,161.0,
WAUC,24,within,within_fold0,0,0.5,0.3,50,inf,4,False,4.0,workload,0.42711072158924923,0.7135135135135136,185,100,516,193.0,
WAUC,24,within,within_fold0,0,1.0,0.3,50,inf,4,False,4.0,workload,0.33017986451763615,0.6648648648648648,185,100,516,193.0,
WAUC,24,within,within_fold0,0,2.0,0.3,50,inf,4,False,4.0,workload,0.42711072158924923,0.7135135135135136,185,100,516,194.0,
WAUC,24,within,within_fold0,1,0.1,0.3,50,inf,4,False,4.0,workload,0.4710893284322306,0.7351351351351352,185,90,493,166.0,
WAUC,24,within,within_fold0,1,0.5,0.3,50,inf,4,False,4.0,workload,0.3191775220515217,0.6594594594594595,185,90,516,168.0,
WAUC,24,within,within_fold0,1,1.0,0.3,50,inf,4,False,4.0,workload,0.14666900216033163,0.572972972972973,185,90,516,183.0,
WAUC,24,within,within_fold0,1,2.0,0.3,50,inf,4,False,4.0,workload,0.4710893284322306,0.7351351351351352,185,90,503,189.0,
WAUC,24,within,within_fold0,2,0.1,0.3,50,inf,4,False,4.0,workload,0.4703476482617587,0.7351351351351352,185,100,516,173.0,
WAUC,24,within,within_fold0,2,0.5,0.3,50,inf,4,False,4.0,workload,0.2753580824320374,0.6378378378378379,185,100,516,202.0,
WAUC,24,within,within_fold0,2,1.0,0.3,50,inf,4,False,4.0,workload,0.24206953060985603,0.6216216216216216,185,100,516,198.0,
WAUC,24,within,within_fold0,2,2.0,0.3,50,inf,4,False,4.0,workload,0.37273471296621064,0.6864864864864865,185,100,516,192.0,
WAUC,24,within,within_fold0,3,0.1,0.3,50,inf,4,False,4.0,workload,0.2877974801679888,0.6432432432432432,185,100,516,205.0,
WAUC,24,within,within_fold0,3,0.5,0.3,50,inf,4,False,4.0,workload,0.244281045751634,0.6216216216216216,185,100,516,194.0,
WAUC,24,within,within_fold0,3,1.0,0.3,50,inf,4,False,4.0,workload,0.25564172838066357,0.6270270270270271,185,100,516,207.0,
WAUC,24,within,within_fold0,3,2.0,0.3,50,inf,4,False,4.0,workload,0.244281045751634,0.6216216216216216,185,100,482,204.0,
WAUC,24,within,within_fold0,42,0.1,0.3,50,inf,4,False,4.0,workload,0.5029786239925242,0.7513513513513513,185,100,516,159.0,
WAUC,24,within,within_fold0,42,0.5,0.3,50,inf,4,False,4.0,workload,0.3092987982732469,0.654054054054054,185,100,516,187.0,
WAUC,24,within,within_fold0,42,1.0,0.3,50,inf,4,False,4.0,workload,0.5029786239925242,0.7513513513513513,185,100,516,196.0,
WAUC,24,within,within_fold0,42,2.0,0.3,50,inf,4,False,4.0,workload,0.28646563814866755,0.6432432432432432,185,100,516,183.0,
WAUC,25,within,within_fold0,0,0.1,0.3,50,inf,4,False,4.0,workload,0.5376344086021505,0.7688172043010753,186,100,520,144.0,
WAUC,25,within,within_fold0,0,0.5,0.3,50,inf,4,False,4.0,workload,0.4516129032258065,0.7258064516129032,186,100,520,144.0,
WAUC,25,within,within_fold0,0,1.0,0.3,50,inf,4,False,4.0,workload,0.3978494623655914,0.6989247311827957,186,100,520,148.0,
WAUC,25,within,within_fold0,0,2.0,0.3,50,inf,4,False,4.0,workload,0.33333333333333337,0.6666666666666666,186,100,520,168.0,
WAUC,25,within,within_fold0,1,0.1,0.3,50,inf,4,False,4.0,workload,0.4516129032258065,0.7258064516129032,186,100,520,134.0,
WAUC,25,within,within_fold0,1,0.5,0.3,50,inf,4,False,4.0,workload,0.4516129032258065,0.7258064516129032,186,100,519,152.0,
WAUC,25,within,within_fold0,1,1.0,0.3,50,inf,4,False,4.0,workload,0.4408602150537635,0.7204301075268817,186,100,520,147.0,
WAUC,25,within,within_fold0,1,2.0,0.3,50,inf,4,False,4.0,workload,0.4731182795698925,0.7365591397849462,186,100,520,157.0,
WAUC,25,within,within_fold0,2,0.1,0.3,50,inf,4,False,4.0,workload,0.34408602150537637,0.6720430107526881,186,100,520,140.0,
WAUC,25,within,within_fold0,2,0.5,0.3,50,inf,4,False,4.0,workload,0.33333333333333337,0.6666666666666666,186,100,520,144.0,
WAUC,25,within,within_fold0,2,1.0,0.3,50,inf,4,False,4.0,workload,0.33333333333333337,0.6666666666666666,186,100,520,144.0,
WAUC,25,within,within_fold0,2,2.0,0.3,50,inf,4,False,4.0,workload,0.33333333333333337,0.6666666666666666,186,100,520,124.0,
WAUC,25,within,within_fold0,3,0.1,0.3,50,inf,4,False,4.0,workload,0.34408602150537637,0.6720430107526881,186,100,353,101.0,
WAUC,25,within,within_fold0,3,0.5,0.3,50,inf,4,False,4.0,workload,0.34408602150537637,0.6720430107526881,186,100,466,149.0,
WAUC,25,within,within_fold0,3,1.0,0.3,50,inf,4,False,4.0,workload,0.34408602150537637,0.6720430107526881,186,100,501,157.0,
WAUC,25,within,within_fold0,3,2.0,0.3,50,inf,4,False,4.0,workload,0.34408602150537637,0.6720430107526881,186,100,505,150.0,
WAUC,25,within,within_fold0,42,0.1,0.3,50,inf,4,False,4.0,workload,0.5591397849462365,0.7795698924731183,186,100,520,148.0,
WAUC,25,within,within_fold0,42,0.5,0.3,50,inf,4,False,4.0,workload,0.4731182795698925,0.7365591397849462,186,100,520,136.0,
WAUC,25,within,within_fold0,42,1.0,0.3,50,inf,4,False,4.0,workload,0.34408602150537637,0.6720430107526881,186,100,520,159.0,
WAUC,25,within,within_fold0,42,2.0,0.3,50,inf,4,False,4.0,workload,0.5591397849462365,0.7795698924731183,186,100,520,144.0,
WAUC,27,within,within_fold0,0,0.1,0.3,50,inf,4,False,4.0,workload,0.22250701818625662,0.6153846153846154,182,92,507,191.0,
WAUC,27,within,within_fold0,0,0.5,0.3,50,inf,4,False,4.0,workload,0.21120742278110127,0.6098901098901099,182,92,507,189.0,
WAUC,27,within,within_fold0,0,1.0,0.3,50,inf,4,False,4.0,workload,0.15668820875502987,0.5824175824175825,182,92,507,201.0,
WAUC,27,within,within_fold0,0,2.0,0.3,50,inf,4,False,4.0,workload,0.22250701818625662,0.6153846153846154,182,92,494,186.0,
WAUC,27,within,within_fold0,1,0.1,0.3,50,inf,4,False,4.0,workload,0.38609806047464157,0.6923076923076923,182,94,507,180.0,
WAUC,27,within,within_fold0,1,0.5,0.3,50,inf,4,False,4.0,workload,0.38520931354807575,0.6923076923076923,182,94,507,186.0,
WAUC,27,within,within_fold0,1,1.0,0.3,50,inf,4,False,4.0,workload,0.2556237218813906,0.6263736263736264,182,94,507,197.0,
WAUC,27,within,within_fold0,1,2.0,0.3,50,inf,4,False,4.0,workload,0.2761239002048933,0.6373626373626373,182,94,507,194.0,
WAUC,27,within,within_fold0,2,0.1,0.3,50,inf,4,False,4.0,workload,0.4077377365312763,0.7032967032967034,182,96,507,171.0,
WAUC,27,within,within_fold0,2,0.5,0.3,50,inf,4,False,4.0,workload,0.240841494377947,0.6208791208791209,182,96,507,171.0,
WAUC,27,within,within_fold0,2,1.0,0.3,50,inf,4,False,4.0,workload,0.4077377365312763,0.7032967032967034,182,96,488,200.0,
WAUC,27,within,within_fold0,2,2.0,0.3,50,inf,4,False,4.0,workload,0.4077377365312763,0.7032967032967034,182,96,479,179.0,
WAUC,27,within,within_fold0,3,0.1,0.3,50,inf,4,False,4.0,workload,0.3393829401088929,0.6703296703296703,182,86,507,214.0,
WAUC,27,within,within_fold0,3,0.5,0.3,50,inf,4,False,4.0,workload,0.24047417442845043,0.6208791208791209,182,86,507,191.0,
WAUC,27,within,within_fold0,3,1.0,0.3,50,inf,4,False,4.0,workload,0.19605470168219774,0.5989010989010989,182,86,507,181.0,
WAUC,27,within,within_fold0,3,2.0,0.3,50,inf,4,False,4.0,workload,0.3393829401088929,0.6703296703296703,182,86,507,197.0,
WAUC,27,within,within_fold0,42,0.1,0.3,50,inf,4,False,4.0,workload,0.28554173209324796,0.6428571428571429,182,100,507,181.0,
WAUC,27,within,within_fold0,42,0.5,0.3,50,inf,4,False,4.0,workload,0.25418826081716284,0.6263736263736264,182,100,507,187.0,
WAUC,27,within,within_fold0,42,1.0,0.3,50,inf,4,False,4.0,workload,0.25418826081716284,0.6263736263736264,182,100,507,202.0,
WAUC,27,within,within_fold0,42,2.0,0.3,50,inf,4,False,4.0,workload,0.06615960400820964,0.532967032967033,182,100,507,203.0,
WAUC,29,within,within_fold0,0,0.1,0.3,50,inf,4,False,4.0,workload,0.3804347826086957,0.6902173913043478,184,50,514,154.0,
WAUC,29,within,within_fold0,0,0.5,0.3,50,inf,4,False,4.0,workload,0.3804347826086957,0.6902173913043478,184,50,488,202.0,
WAUC,29,within,within_fold0,0,1.0,0.3,50,inf,4,False,4.0,workload,0.3804347826086957,0.6902173913043478,184,50,493,213.0,
WAUC,29,within,within_fold0,0,2.0,0.3,50,inf,4,False,4.0,workload,0.3804347826086957,0.6902173913043478,184,50,485,230.0,
WAUC,29,within,within_fold0,1,0.1,0.3,50,inf,4,False,4.0,workload,0.3804347826086957,0.6902173913043478,184,34,386,125.0,
WAUC,29,within,within_fold0,1,0.5,0.3,50,inf,4,False,4.0,workload,0.3804347826086957,0.6902173913043478,184,34,491,182.0,
WAUC,29,within,within_fold0,1,1.0,0.3,50,inf,4,False,4.0,workload,0.30434782608695654,0.6521739130434783,184,34,514,238.0,
WAUC,29,within,within_fold0,1,2.0,0.3,50,inf,4,False,4.0,workload,0.15217391304347827,0.5760869565217391,184,34,514,227.0,
WAUC,29,within,within_fold0,2,0.1,0.3,50,inf,4,False,4.0,workload,0.3369565217391305,0.6684782608695652,184,56,514,162.0,
WAUC,29,within,within_fold0,2,0.5,0.3,50,inf,4,False,4.0,workload,0.09782608695652173,0.5489130434782609,184,56,514,204.0,
WAUC,29,within,within_fold0,2,1.0,0.3,50,inf,4,False,4.0,workload,0.3369565217391305,0.6684782608695652,184,56,513,212.0,
WAUC,29,within,within_fold0,2,2.0,0.3,50,inf,4,False,4.0,workload,0.3369565217391305,0.6684782608695652,184,56,513,207.0,
WAUC,29,within,within_fold0,3,0.1,0.3,50,inf,4,False,4.0,workload,-0.032608695652173836,0.483695652173913,184,80,514,234.0,
WAUC,29,within,within_fold0,3,0.5,0.3,50,inf,4,False,4.0,workload,0.13043478260869568,0.5652173913043478,184,80,514,191.0,
WAUC,29,within,within_fold0,3,1.0,0.3,50,inf,4,False,4.0,workload,0.11956521739130432,0.5597826086956522,184,80,514,223.0,
WAUC,29,within,within_fold0,3,2.0,0.3,50,inf,4,False,4.0,workload,0.07608695652173914,0.5380434782608695,184,80,514,222.0,
WAUC,29,within,within_fold0,42,0.1,0.3,50,inf,4,False,4.0,workload,0.4130434782608695,0.7065217391304348,184,38,499,150.0,
WAUC,29,within,within_fold0,42,0.5,0.3,50,inf,4,False,4.0,workload,0.4130434782608695,0.7065217391304348,184,38,461,168.0,
WAUC,29,within,within_fold0,42,1.0,0.3,50,inf,4,False,4.0,workload,0.4130434782608695,0.7065217391304348,184,38,495,214.0,
WAUC,29,within,within_fold0,42,2.0,0.3,50,inf,4,False,4.0,workload,0.4130434782608695,0.7065217391304348,184,38,490,222.0,
WAUC,30,within,within_fold0,0,0.1,0.3,50,inf,4,False,4.0,workload,0.42391304347826086,0.7119565217391305,184,100,512,159.0,
WAUC,30,within,within_fold0,0,0.5,0.3,50,inf,4,False,4.0,workload,0.4347826086956522,0.717391304347826,184,100,512,170.0,
WAUC,30,within,within_fold0,0,1.0,0.3,50,inf,4,False,4.0,workload,0.3695652173913043,0.6847826086956522,184,100,512,160.0,
WAUC,30,within,within_fold0,0,2.0,0.3,50,inf,4,False,4.0,workload,0.34782608695652173,0.6739130434782609,184,100,512,167.0,
WAUC,30,within,within_fold0,1,0.1,0.3,50,inf,4,False,4.0,workload,0.46739130434782605,0.7336956521739131,184,100,512,139.0,
WAUC,30,within,within_fold0,1,0.5,0.3,50,inf,4,False,4.0,workload,0.46739130434782605,0.7336956521739131,184,100,455,130.0,
WAUC,30,within,within_fold0,1,1.0,0.3,50,inf,4,False,4.0,workload,0.46739130434782605,0.7336956521739131,184,100,445,117.0,
WAUC,30,within,within_fold0,1,2.0,0.3,50,inf,4,False,4.0,workload,0.46739130434782605,0.7336956521739131,184,100,457,149.0,
WAUC,30,within,within_fold0,2,0.1,0.3,50,inf,4,False,4.0,workload,0.4565217391304348,0.7282608695652174,184,100,512,154.0,
WAUC,30,within,within_fold0,2,0.5,0.3,50,inf,4,False,4.0,workload,0.5,0.75,184,100,512,166.0,
WAUC,30,within,within_fold0,2,1.0,0.3,50,inf,4,False,4.0,workload,0.4565217391304348,0.7282608695652174,184,100,497,164.0,
WAUC,30,within,within_fold0,2,2.0,0.3,50,inf,4,False,4.0,workload,0.4565217391304348,0.7282608695652174,184,100,497,160.0,
WAUC,30,within,within_fold0,3,0.1,0.3,50,inf,4,False,4.0,workload,0.2717391304347826,0.6358695652173914,184,100,512,160.0,
WAUC,30,within,within_fold0,3,0.5,0.3,50,inf,4,False,4.0,workload,0.42391304347826086,0.7119565217391305,184,100,512,153.0,
WAUC,30,within,within_fold0,3,1.0,0.3,50,inf,4,False,4.0,workload,0.2717391304347826,0.6358695652173914,184,100,488,156.0,
WAUC,30,within,within_fold0,3,2.0,0.3,50,inf,4,False,4.0,workload,0.2717391304347826,0.6358695652173914,184,100,476,154.0,
WAUC,30,within,within_fold0,42,0.1,0.3,50,inf,4,False,4.0,workload,0.32608695652173914,0.6630434782608695,184,100,512,146.0,
WAUC,30,within,within_fold0,42,0.5,0.3,50,inf,4,False,4.0,workload,0.4347826086956522,0.717391304347826,184,100,512,149.0,
WAUC,30,within,within_fold0,42,1.0,0.3,50,inf,4,False,4.0,workload,0.28260869565217395,0.6413043478260869,184,100,512,167.0,
WAUC,30,within,within_fold0,42,2.0,0.3,50,inf,4,False,4.0,workload,0.3695652173913043,0.6847826086956522,184,100,512,155.0,
WAUC,31,within,within_fold0,0,0.1,0.3,50,inf,4,False,4.0,workload,0.20162412993039447,0.6021505376344086,186,82,370,152.0,
WAUC,31,within,within_fold0,0,0.5,0.3,50,inf,4,False,4.0,workload,0.24442896935933145,0.6236559139784946,186,82,518,218.0,
WAUC,31,within,within_fold0,0,1.0,0.3,50,inf,4,False,4.0,workload,0.20162412993039447,0.6021505376344086,186,82,501,218.0,
WAUC,31,within,within_fold0,0,2.0,0.3,50,inf,4,False,4.0,workload,0.20162412993039447,0.6021505376344086,186,82,489,234.0,
WAUC,31,within,within_fold0,1,0.1,0.3,50,inf,4,False,4.0,workload,0.01292108906322098,0.5053763440860215,186,56,518,210.0,
WAUC,31,within,within_fold0,1,0.5,0.3,50,inf,4,False,4.0,workload,0.15191042364077112,0.5752688172043011,186,56,518,213.0,
WAUC,31,within,within_fold0,1,1.0,0.3,50,inf,4,False,4.0,workload,0.15191042364077112,0.5752688172043011,186,56,518,228.0,
WAUC,31,within,within_fold0,1,2.0,0.3,50,inf,4,False,4.0,workload,0.1418685121107266,0.5698924731182796,186,56,518,233.0,
WAUC,31,within,within_fold0,2,0.1,0.3,50,inf,4,False,4.0,workload,0.24617878647521996,0.6236559139784946,186,92,518,204.0,
WAUC,31,within,within_fold0,2,0.5,0.3,50,inf,4,False,4.0,workload,0.2899120777417863,0.6451612903225806,186,92,518,198.0,
WAUC,31,within,within_fold0,2,1.0,0.3,50,inf,4,False,4.0,workload,0.26873265494912113,0.6344086021505376,186,92,518,200.0,
WAUC,31,within,within_fold0,2,2.0,0.3,50,inf,4,False,4.0,workload,0.235144214062319,0.6182795698924731,186,92,518,200.0,
WAUC,31,within,within_fold0,3,0.1,0.3,50,inf,4,False,4.0,workload,0.10670061335493575,0.553763440860215,186,98,518,218.0,
WAUC,31,within,within_fold0,3,0.5,0.3,50,inf,4,False,4.0,workload,0.09541454377026404,0.5483870967741935,186,98,518,208.0,
WAUC,31,within,within_fold0,3,1.0,0.3,50,inf,4,False,4.0,workload,0.20273401297497684,0.6021505376344086,186,98,518,203.0,
WAUC,31,within,within_fold0,3,2.0,0.3,50,inf,4,False,4.0,workload,0.10670061335493575,0.553763440860215,186,98,518,219.0,
WAUC,31,within,within_fold0,42,0.1,0.3,50,inf,4,False,4.0,workload,0.08770917484131568,0.543010752688172,186,42,518,222.0,
WAUC,31,within,within_fold0,42,0.5,0.3,50,inf,4,False,4.0,workload,0.04653841723303764,0.521505376344086,186,42,518,223.0,
WAUC,31,within,within_fold0,42,1.0,0.3,50,inf,4,False,4.0,workload,0.1418685121107266,0.5698924731182796,186,42,518,236.0,
WAUC,31,within,within_fold0,42,2.0,0.3,50,inf,4,False,4.0,workload,0.19596541786743515,0.5967741935483871,186,42,518,234.0,
WAUC,32,within,within_fold0,0,0.1,0.3,50,inf,4,False,4.0,workload,0.4565217391304348,0.7282608695652174,184,78,513,164.0,
WAUC,32,within,within_fold0,0,0.5,0.3,50,inf,4,False,4.0,workload,0.26086956521739135,0.6304347826086957,184,78,513,176.0,
WAUC,32,within,within_fold0,0,1.0,0.3,50,inf,4,False,4.0,workload,0.2934782608695652,0.6467391304347826,184,78,513,185.0,
WAUC,32,within,within_fold0,0,2.0,0.3,50,inf,4,False,4.0,workload,0.40217391304347827,0.7010869565217391,184,78,513,202.0,
WAUC,32,within,within_fold0,1,0.1,0.3,50,inf,4,False,4.0,workload,0.32608695652173914,0.6630434782608695,184,100,513,177.0,
WAUC,32,within,within_fold0,1,0.5,0.3,50,inf,4,False,4.0,workload,0.32608695652173914,0.6630434782608695,184,100,513,181.0,
WAUC,32,within,within_fold0,1,1.0,0.3,50,inf,4,False,4.0,workload,0.30434782608695654,0.6521739130434783,184,100,513,176.0,
WAUC,32,within,within_fold0,1,2.0,0.3,50,inf,4,False,4.0,workload,0.23913043478260865,0.6195652173913043,184,100,513,199.0,
WAUC,32,within,within_fold0,2,0.1,0.3,50,inf,4,False,4.0,workload,0.3152173913043478,0.657608695652174,184,76,513,173.0,
WAUC,32,within,within_fold0,2,0.5,0.3,50,inf,4,False,4.0,workload,0.3695652173913043,0.6847826086956522,184,76,513,176.0,
WAUC,32,within,within_fold0,2,1.0,0.3,50,inf,4,False,4.0,workload,0.3152173913043478,0.657608695652174,184,76,513,170.0,
WAUC,32,within,within_fold0,2,2.0,0.3,50,inf,4,False,4.0,workload,0.3695652173913043,0.6847826086956522,184,76,513,186.0,
WAUC,32,within,within_fold0,3,0.1,0.3,50,inf,4,False,4.0,workload,0.5108695652173914,0.7554347826086957,184,100,513,156.0,
WAUC,32,within,within_fold0,3,0.5,0.3,50,inf,4,False,4.0,workload,0.5108695652173914,0.7554347826086957,184,100,513,160.0,
WAUC,32,within,within_fold0,3,1.0,0.3,50,inf,4,False,4.0,workload,0.34782608695652173,0.6739130434782609,184,100,513,169.0,
WAUC,32,within,within_fold0,3,2.0,0.3,50,inf,4,False,4.0,workload,0.4347826086956522,0.717391304347826,184,100,513,172.0,
WAUC,32,within,within_fold0,42,0.1,0.3,50,inf,4,False,4.0,workload,0.44565217391304346,0.7228260869565217,184,76,513,157.0,
WAUC,32,within,within_fold0,42,0.5,0.3,50,inf,4,False,4.0,workload,0.34782608695652173,0.6739130434782609,184,76,513,164.0,
WAUC,32,within,within_fold0,42,1.0,0.3,50,inf,4,False,4.0,workload,0.23913043478260865,0.6195652173913043,184,76,513,179.0,
WAUC,32,within,within_fold0,42,2.0,0.3,50,inf,4,False,4.0,workload,0.23913043478260865,0.6195652173913043,184,76,513,158.0,
WAUC,33,within,within_fold0,0,0.1,0.3,50,inf,4,False,4.0,workload,0.33359202435675483,0.6666666666666666,183,88,512,159.0,
WAUC,33,within,within_fold0,0,0.5,0.3,50,inf,4,False,4.0,workload,0.31124917856502776,0.6557377049180327,183,88,512,167.0,
WAUC,33,within,within_fold0,0,1.0,0.3,50,inf,4,False,4.0,workload,0.1260744985673352,0.5628415300546448,183,88,512,195.0,
WAUC,33,within,within_fold0,0,2.0,0.3,50,inf,4,False,4.0,workload,0.453861764354781,0.726775956284153,183,88,512,192.0,
WAUC,33,within,within_fold0,1,0.1,0.3,50,inf,4,False,4.0,workload,0.3010264979708761,0.6502732240437158,183,88,512,168.0,
WAUC,33,within,within_fold0,1,0.5,0.3,50,inf,4,False,4.0,workload,0.18123247628706074,0.5901639344262295,183,88,512,195.0,
WAUC,33,within,within_fold0,1,1.0,0.3,50,inf,4,False,4.0,workload,0.3124813644224461,0.6557377049180327,183,88,512,224.0,
WAUC,33,within,within_fold0,1,2.0,0.3,50,inf,4,False,4.0,workload,0.14904018123286034,0.5737704918032787,183,88,512,204.0,
WAUC,33,within,within_fold0,2,0.1,0.3,50,inf,4,False,4.0,workload,0.34447761194029847,0.6721311475409836,183,92,512,177.0,
WAUC,33,within,within_fold0,2,0.5,0.3,50,inf,4,False,4.0,workload,0.23522388059701493,0.6174863387978142,183,92,512,207.0,
WAUC,33,within,within_fold0,2,1.0,0.3,50,inf,4,False,4.0,workload,0.17976453714217422,0.5901639344262295,183,92,512,175.0,
WAUC,33,within,within_fold0,2,2.0,0.3,50,inf,4,False,4.0,workload,0.19161891117478513,0.5956284153005464,183,92,512,208.0,
WAUC,33,within,within_fold0,3,0.1,0.3,50,inf,4,False,4.0,workload,0.2900626678603402,0.644808743169399,183,72,512,190.0,
WAUC,33,within,within_fold0,3,0.5,0.3,50,inf,4,False,4.0,workload,0.1808415398388541,0.5901639344262295,183,72,512,183.0,
WAUC,33,within,within_fold0,3,1.0,0.3,50,inf,4,False,4.0,workload,-0.04758497316636845,0.47540983606557374,183,72,512,204.0,
WAUC,33,within,within_fold0,3,2.0,0.3,50,inf,4,False,4.0,workload,0.312645322840279,0.6557377049180327,183,72,512,195.0,
WAUC,33,within,within_fold0,42,0.1,0.3,50,inf,4,False,4.0,workload,0.3662526868879866,0.6830601092896175,183,96,512,199.0,
WAUC,33,within,within_fold0,42,0.5,0.3,50,inf,4,False,4.0,workload,0.3662526868879866,0.6830601092896175,183,96,512,190.0,
WAUC,33,within,within_fold0,42,1.0,0.3,50,inf,4,False,4.0,workload,0.23476702508960579,0.6174863387978142,183,96,512,182.0,
WAUC,33,within,within_fold0,42,2.0,0.3,50,inf,4,False,4.0,workload,0.3325560538116592,0.6666666666666666,183,96,512,185.0,
WAUC,34,within,within_fold0,0,0.1,0.3,50,inf,4,False,4.0,workload,0.3224650662844859,0.6612021857923497,183,96,512,197.0,
WAUC,34,within,within_fold0,0,0.5,0.3,50,inf,4,False,4.0,workload,0.3224650662844859,0.6612021857923497,183,96,512,215.0,
WAUC,34,within,within_fold0,0,1.0,0.3,50,inf,4,False,4.0,workload,0.30010756543564,0.6502732240437158,183,96,512,198.0,
WAUC,34,within,within_fold0,0,2.0,0.3,50,inf,4,False,4.0,workload,0.32230318958308446,0.6612021857923497,183,96,512,209.0,
WAUC,34,within,within_fold0,1,0.1,0.3,50,inf,4,False,4.0,workload,0.24538337417080025,0.6229508196721312,183,100,512,179.0,
WAUC,34,within,within_fold0,1,0.5,0.3,50,inf,4,False,4.0,workload,0.3984220907297831,0.6994535519125683,183,100,512,200.0,
WAUC,34,within,within_fold0,1,1.0,0.3,50,inf,4,False,4.0,workload,0.3984220907297831,0.6994535519125683,183,100,512,202.0,
WAUC,34,within,within_fold0,1,2.0,0.3,50,inf,4,False,4.0,workload,0.3984220907297831,0.6994535519125683,183,100,512,205.0,
WAUC,34,within,within_fold0,2,0.1,0.3,50,inf,4,False,4.0,workload,0.19152238805970145,0.5956284153005464,183,76,512,207.0,
WAUC,34,within,within_fold0,2,0.5,0.3,50,inf,4,False,4.0,workload,0.3554414661811236,0.6775956284153005,183,76,512,219.0,
WAUC,34,within,within_fold0,2,1.0,0.3,50,inf,4,False,4.0,workload,0.23494983277591974,0.6174863387978142,183,76,512,216.0,
WAUC,34,within,within_fold0,2,2.0,0.3,50,inf,4,False,4.0,workload,0.22378875679550747,0.6120218579234973,183,76,499,207.0,
WAUC,34,within,within_fold0,3,0.1,0.3,50,inf,4,False,4.0,workload,0.08270676691729317,0.5409836065573771,183,84,512,153.0,
WAUC,34,within,within_fold0,3,0.5,0.3,50,inf,4,False,4.0,workload,0.2019236513531274,0.6010928961748634,183,84,495,165.0,
WAUC,34,within,within_fold0,3,1.0,0.3,50,inf,4,False,4.0,workload,0.2019236513531274,0.6010928961748634,183,84,487,193.0,
WAUC,34,within,within_fold0,3,2.0,0.3,50,inf,4,False,4.0,workload,0.2019236513531274,0.6010928961748634,183,84,511,211.0,
WAUC,34,within,within_fold0,42,0.1,0.3,50,inf,4,False,4.0,workload,0.39899683525407537,0.6994535519125683,183,94,512,178.0,
WAUC,34,within,within_fold0,42,0.5,0.3,50,inf,4,False,4.0,workload,0.3880329630956647,0.6939890710382514,183,94,512,215.0,
WAUC,34,within,within_fold0,42,1.0,0.3,50,inf,4,False,4.0,workload,0.24547355841051688,0.6229508196721312,183,94,512,202.0,
WAUC,34,within,within_fold0,42,2.0,0.3,50,inf,4,False,4.0,workload,0.10347711793523717,0.5519125683060109,183,94,512,187.0,
WAUC,35,within,within_fold0,0,0.1,0.3,50,inf,4,False,4.0,workload,0.4547398431931575,0.738562091503268,153,72,426,150.0,
WAUC,35,within,within_fold0,0,0.5,0.3,50,inf,4,False,4.0,workload,0.44555173038593954,0.738562091503268,153,72,426,142.0,
WAUC,35,within,within_fold0,0,1.0,0.3,50,inf,4,False,4.0,workload,0.42496285289747393,0.7189542483660131,153,72,426,150.0,
WAUC,35,within,within_fold0,0,2.0,0.3,50,inf,4,False,4.0,workload,0.3271028037383177,0.6862745098039216,153,72,426,144.0,
WAUC,35,within,within_fold0,1,0.1,0.3,50,inf,4,False,4.0,workload,0.299149294194634,0.6797385620915033,153,92,290,104.0,
WAUC,35,within,within_fold0,1,0.5,0.3,50,inf,4,False,4.0,workload,0.299149294194634,0.6797385620915033,153,92,320,111.0,
WAUC,35,within,within_fold0,1,1.0,0.3,50,inf,4,False,4.0,workload,0.299149294194634,0.6797385620915033,153,92,384,145.0,
WAUC,35,within,within_fold0,1,2.0,0.3,50,inf,4,False,4.0,workload,0.299149294194634,0.6797385620915033,153,92,379,130.0,
WAUC,35,within,within_fold0,2,0.1,0.3,50,inf,4,False,4.0,workload,0.3574668234503612,0.673202614379085,153,94,426,120.0,
WAUC,35,within,within_fold0,2,0.5,0.3,50,inf,4,False,4.0,workload,0.2578503957110032,0.6274509803921569,153,94,426,131.0,
WAUC,35,within,within_fold0,2,1.0,0.3,50,inf,4,False,4.0,workload,0.17988552739165986,0.6143790849673203,153,94,426,151.0,
WAUC,35,within,within_fold0,2,2.0,0.3,50,inf,4,False,4.0,workload,0.2950511945392491,0.6470588235294118,153,94,426,150.0,
WAUC,35,within,within_fold0,3,0.1,0.3,50,inf,4,False,4.0,workload,0.3912638618471176,0.6928104575163399,153,98,426,134.0,
WAUC,35,within,within_fold0,3,0.5,0.3,50,inf,4,False,4.0,workload,0.2910874897792314,0.6666666666666666,153,98,426,129.0,
WAUC,35,within,within_fold0,3,1.0,0.3,50,inf,4,False,4.0,workload,0.2910101946246524,0.673202614379085,153,98,426,154.0,
WAUC,35,within,within_fold0,3,2.0,0.3,50,inf,4,False,4.0,workload,0.45773524720893144,0.738562091503268,153,98,426,153.0,
WAUC,35,within,within_fold0,42,0.1,0.3,50,inf,4,False,4.0,workload,0.3488130142816608,0.7058823529411765,153,92,426,149.0,
WAUC,35,within,within_fold0,42,0.5,0.3,50,inf,4,False,4.0,workload,0.32039397450753193,0.6993464052287581,153,92,426,143.0,
WAUC,35,within,within_fold0,42,1.0,0.3,50,inf,4,False,4.0,workload,0.2540783798987437,0.6601307189542484,153,92,426,158.0,
WAUC,35,within,within_fold0,42,2.0,0.3,50,inf,4,False,4.0,workload,0.39010690342453347,0.7124183006535948,153,92,426,160.0,
WAUC,36,within,within_fold0,0,0.1,0.3,50,inf,4,False,4.0,workload,0.021739130434782594,0.5108695652173914,184,52,513,241.0,
WAUC,36,within,within_fold0,0,0.5,0.3,50,inf,4,False,4.0,workload,-0.04347826086956519,0.4782608695652174,184,52,513,239.0,
WAUC,36,within,within_fold0,0,1.0,0.3,50,inf,4,False,4.0,workload,0.03260869565217395,0.5163043478260869,184,52,513,235.0,
WAUC,36,within,within_fold0,0,2.0,0.3,50,inf,4,False,4.0,workload,0.2065217391304348,0.6032608695652174,184,52,513,220.0,
WAUC,36,within,within_fold0,1,0.1,0.3,50,inf,4,False,4.0,workload,0.10869565217391308,0.5543478260869565,184,86,513,231.0,
WAUC,36,within,within_fold0,1,0.5,0.3,50,inf,4,False,4.0,workload,0.07608695652173914,0.5380434782608695,184,86,513,226.0,
WAUC,36,within,within_fold0,1,1.0,0.3,50,inf,4,False,4.0,workload,0.25,0.625,184,86,513,219.0,
WAUC,36,within,within_fold0,1,2.0,0.3,50,inf,4,False,4.0,workload,0.07608695652173914,0.5380434782608695,184,86,513,220.0,
WAUC,36,within,within_fold0,2,0.1,0.3,50,inf,4,False,4.0,workload,0.2934782608695652,0.6467391304347826,184,84,513,220.0,
WAUC,36,within,within_fold0,2,0.5,0.3,50,inf,4,False,4.0,workload,0.21739130434782605,0.6086956521739131,184,84,513,242.0,
WAUC,36,within,within_fold0,2,1.0,0.3,50,inf,4,False,4.0,workload,0.21739130434782605,0.6086956521739131,184,84,513,228.0,
WAUC,36,within,within_fold0,2,2.0,0.3,50,inf,4,False,4.0,workload,0.11956521739130432,0.5597826086956522,184,84,513,230.0,
WAUC,36,within,within_fold0,3,0.1,0.3,50,inf,4,False,4.0,workload,0.09782608695652173,0.5489130434782609,184,86,513,213.0,
WAUC,36,within,within_fold0,3,0.5,0.3,50,inf,4,False,4.0,workload,0.23913043478260865,0.6195652173913043,184,86,513,206.0,
WAUC,36,within,within_fold0,3,1.0,0.3,50,inf,4,False,4.0,workload,0.1630434782608695,0.5815217391304348,184,86,513,223.0,
WAUC,36,within,within_fold0,3,2.0,0.3,50,inf,4,False,4.0,workload,0.2717391304347826,0.6358695652173914,184,86,513,215.0,
WAUC,36,within,within_fold0,42,0.1,0.3,50,inf,4,False,4.0,workload,-0.04347826086956519,0.4782608695652174,184,78,513,234.0,
WAUC,36,within,within_fold0,42,0.5,0.3,50,inf,4,False,4.0,workload,0.07608695652173914,0.5380434782608695,184,78,513,219.0,
WAUC,36,within,within_fold0,42,1.0,0.3,50,inf,4,False,4.0,workload,-0.04347826086956519,0.4782608695652174,184,78,483,202.0,
WAUC,36,within,within_fold0,42,2.0,0.3,50,inf,4,False,4.0,workload,-0.04347826086956519,0.4782608695652174,184,78,488,205.0,
WAUC,37,within,within_fold0,0,0.1,0.3,50,inf,4,False,4.0,workload,0.5405308464849354,0.7704918032786885,183,100,512,111.0,
WAUC,37,within,within_fold0,0,0.5,0.3,50,inf,4,False,4.0,workload,0.5517653384312086,0.7759562841530054,183,100,512,134.0,
WAUC,37,within,within_fold0,0,1.0,0.3,50,inf,4,False,4.0,workload,0.5185362353503946,0.7595628415300546,183,100,512,149.0,
WAUC,37,within,within_fold0,0,2.0,0.3,50,inf,4,False,4.0,workload,0.5517653384312086,0.7759562841530054,183,100,512,153.0,
WAUC,37,within,within_fold0,1,0.1,0.3,50,inf,4,False,4.0,workload,0.5735794945330704,0.7868852459016393,183,100,512,118.0,
WAUC,37,within,within_fold0,1,0.5,0.3,50,inf,4,False,4.0,workload,0.5404759057754395,0.7704918032786885,183,100,512,125.0,
WAUC,37,within,within_fold0,1,1.0,0.3,50,inf,4,False,4.0,workload,0.5404759057754395,0.7704918032786885,183,100,512,134.0,
WAUC,37,within,within_fold0,1,2.0,0.3,50,inf,4,False,4.0,workload,0.49695231265686624,0.7486338797814208,183,100,512,114.0,
WAUC,37,within,within_fold0,2,0.1,0.3,50,inf,4,False,4.0,workload,0.627959818225305,0.8142076502732241,183,100,512,111.0,
WAUC,37,within,within_fold0,2,0.5,0.3,50,inf,4,False,4.0,workload,0.49647086972125853,0.7486338797814208,183,100,512,125.0,
WAUC,37,within,within_fold0,2,1.0,0.3,50,inf,4,False,4.0,workload,0.23494983277591974,0.6174863387978142,183,100,512,132.0,
WAUC,37,within,within_fold0,2,2.0,0.3,50,inf,4,False,4.0,workload,0.5187664355725556,0.7595628415300546,183,100,512,129.0,
WAUC,37,within,within_fold0,3,0.1,0.3,50,inf,4,False,4.0,workload,0.3987814348007884,0.6994535519125683,183,100,512,146.0,
WAUC,37,within,within_fold0,3,0.5,0.3,50,inf,4,False,4.0,workload,0.5410247223217485,0.7704918032786885,183,100,512,121.0,
WAUC,37,within,within_fold0,3,1.0,0.3,50,inf,4,False,4.0,workload,0.5628806879254747,0.7814207650273224,183,100,512,136.0,
WAUC,37,within,within_fold0,3,2.0,0.3,50,inf,4,False,4.0,workload,0.5410795318844042,0.7704918032786885,183,100,512,132.0,
WAUC,37,within,within_fold0,42,0.1,0.3,50,inf,4,False,4.0,workload,0.4423065431729908,0.7213114754098361,183,100,378,120.0,
WAUC,37,within,within_fold0,42,0.5,0.3,50,inf,4,False,4.0,workload,0.3982782327972738,0.6994535519125683,183,100,512,136.0,
WAUC,37,within,within_fold0,42,1.0,0.3,50,inf,4,False,4.0,workload,0.650346310007165,0.825136612021858,183,100,512,125.0,
WAUC,37,within,within_fold0,42,2.0,0.3,50,inf,4,False,4.0,workload,0.5626195028680688,0.7814207650273224,183,100,512,134.0,
WAUC,38,within,within_fold0,0,0.1,0.3,50,inf,4,False,4.0,workload,0.08128137700215154,0.5409836065573771,183,82,512,234.0,
WAUC,38,within,within_fold0,0,0.5,0.3,50,inf,4,False,4.0,workload,0.20240014329213674,0.6010928961748634,183,82,512,212.0,
WAUC,38,within,within_fold0,0,1.0,0.3,50,inf,4,False,4.0,workload,0.07051090528831794,0.5355191256830601,183,82,512,219.0,
WAUC,38,within,within_fold0,0,2.0,0.3,50,inf,4,False,4.0,workload,0.005612945602197383,0.5027322404371585,183,82,512,227.0,
WAUC,38,within,within_fold0,1,0.1,0.3,50,inf,4,False,4.0,workload,0.30219256434699715,0.6502732240437158,183,56,512,206.0,
WAUC,38,within,within_fold0,1,0.5,0.3,50,inf,4,False,4.0,workload,0.30219256434699715,0.6502732240437158,183,56,512,200.0,
WAUC,38,within,within_fold0,1,1.0,0.3,50,inf,4,False,4.0,workload,0.23650017880557872,0.6174863387978142,183,56,512,219.0,
WAUC,38,within,within_fold0,1,2.0,0.3,50,inf,4,False,4.0,workload,0.13890047054619092,0.5683060109289617,183,56,512,217.0,
WAUC,38,within,within_fold0,2,0.1,0.3,50,inf,4,False,4.0,workload,0.23531518624641834,0.6174863387978142,183,70,512,191.0,
WAUC,38,within,within_fold0,2,0.5,0.3,50,inf,4,False,4.0,workload,0.08183012782224353,0.5409836065573771,183,70,512,188.0,
WAUC,38,within,within_fold0,2,1.0,0.3,50,inf,4,False,4.0,workload,0.19152238805970145,0.5956284153005464,183,70,512,200.0,
WAUC,38,within,within_fold0,2,2.0,0.3,50,inf,4,False,4.0,workload,0.311495968945954,0.6557377049180327,183,70,512,217.0,
WAUC,38,within,within_fold0,3,0.1,0.3,50,inf,4,False,4.0,workload,0.2907399678015622,0.644808743169399,183,58,512,173.0,
WAUC,38,within,within_fold0,3,0.5,0.3,50,inf,4,False,4.0,workload,0.18191571794718964,0.5901639344262295,183,58,512,192.0,
WAUC,38,within,within_fold0,3,1.0,0.3,50,inf,4,False,4.0,workload,0.2359537158535131,0.6174863387978142,183,58,512,224.0,
WAUC,38,within,within_fold0,3,2.0,0.3,50,inf,4,False,4.0,workload,0.0941134371086062,0.546448087431694,183,58,512,220.0,
WAUC,38,within,within_fold0,42,0.1,0.3,50,inf,4,False,4.0,workload,0.2568971694733071,0.6284153005464481,183,36,512,220.0,
WAUC,38,within,within_fold0,42,0.5,0.3,50,inf,4,False,4.0,workload,0.11382794284689424,0.5573770491803278,183,36,498,216.0,
WAUC,38,within,within_fold0,42,1.0,0.3,50,inf,4,False,4.0,workload,0.28870417987203245,0.644808743169399,183,36,512,188.0,
WAUC,38,within,within_fold0,42,2.0,0.3,50,inf,4,False,4.0,workload,0.11382794284689424,0.5573770491803278,183,36,512,225.0,
WAUC,39,within,within_fold0,0,0.1,0.3,50,inf,4,False,4.0,workload,,,0,0,0,0.0,"y should be a 1d array with more than two classes, but got 1 class from ['high' 'high' 'high' 'high' 'high' 'high' 'high' 'high' 'high' 'high'
 'high' 'high' 'high' 'high' 'high' 'high' 'high' 'high' 'high' 'high'
 'high' 'high']"
WAUC,39,within,within_fold0,0,0.5,0.3,50,inf,4,False,4.0,workload,,,0,0,0,0.0,"y should be a 1d array with more than two classes, but got 1 class from ['high' 'high' 'high' 'high' 'high' 'high' 'high' 'high' 'high' 'high'
 'high' 'high' 'high' 'high' 'high' 'high' 'high' 'high' 'high' 'high'
 'high' 'high']"
WAUC,39,within,within_fold0,0,1.0,0.3,50,inf,4,False,4.0,workload,,,0,0,0,0.0,"y should be a 1d array with more than two classes, but got 1 class from ['high' 'high' 'high' 'high' 'high' 'high' 'high' 'high' 'high' 'high'
 'high' 'high' 'high' 'high' 'high' 'high' 'high' 'high' 'high' 'high'
 'high' 'high']"
WAUC,39,within,within_fold0,0,2.0,0.3,50,inf,4,False,4.0,workload,,,0,0,0,0.0,"y should be a 1d array with more than two classes, but got 1 class from ['high' 'high' 'high' 'high' 'high' 'high' 'high' 'high' 'high' 'high'
 'high' 'high' 'high' 'high' 'high' 'high' 'high' 'high' 'high' 'high'
 'high' 'high']"
WAUC,39,within,within_fold0,1,0.1,0.3,50,inf,4,False,4.0,workload,,,0,0,0,0.0,"y should be a 1d array with more than two classes, but got 1 class from ['high' 'high' 'high' 'high' 'high' 'high' 'high' 'high' 'high' 'high'
 'high' 'high' 'high' 'high' 'high' 'high' 'high' 'high' 'high' 'high'
 'high' 'high']"
WAUC,39,within,within_fold0,1,0.5,0.3,50,inf,4,False,4.0,workload,,,0,0,0,0.0,"y should be a 1d array with more than two classes, but got 1 class from ['high' 'high' 'high' 'high' 'high' 'high' 'high' 'high' 'high' 'high'
 'high' 'high' 'high' 'high' 'high' 'high' 'high' 'high' 'high' 'high'
 'high' 'high']"
WAUC,39,within,within_fold0,1,1.0,0.3,50,inf,4,False,4.0,workload,,,0,0,0,0.0,"y should be a 1d array with more than two classes, but got 1 class from ['high' 'high' 'high' 'high' 'high' 'high' 'high' 'high' 'high' 'high'
 'high' 'high' 'high' 'high' 'high' 'high' 'high' 'high' 'high' 'high'
 'high' 'high']"
WAUC,39,within,within_fold0,1,2.0,0.3,50,inf,4,False,4.0,workload,,,0,0,0,0.0,"y should be a 1d array with more than two classes, but got 1 class from ['high' 'high' 'high' 'high' 'high' 'high' 'high' 'high' 'high' 'high'
 'high' 'high' 'high' 'high' 'high' 'high' 'high' 'high' 'high' 'high'
 'high' 'high']"
WAUC,39,within,within_fold0,2,0.1,0.3,50,inf,4,False,4.0,workload,,,0,0,0,0.0,"y should be a 1d array with more than two classes, but got 1 class from ['high' 'high' 'high' 'high' 'high' 'high' 'high' 'high' 'high' 'high'
 'high' 'high' 'high' 'high' 'high' 'high' 'high' 'high' 'high' 'high'
 'high' 'high']"
WAUC,39,within,within_fold0,2,0.5,0.3,50,inf,4,False,4.0,workload,,,0,0,0,0.0,"y should be a 1d array with more than two classes, but got 1 class from ['high' 'high' 'high' 'high' 'high' 'high' 'high' 'high' 'high' 'high'
 'high' 'high' 'high' 'high' 'high' 'high' 'high' 'high' 'high' 'high'
 'high' 'high']"
WAUC,39,within,within_fold0,2,1.0,0.3,50,inf,4,False,4.0,workload,,,0,0,0,0.0,"y should be a 1d array with more than two classes, but got 1 class from ['high' 'high' 'high' 'high' 'high' 'high' 'high' 'high' 'high' 'high'
 'high' 'high' 'high' 'high' 'high' 'high' 'high' 'high' 'high' 'high'
 'high' 'high']"
WAUC,39,within,within_fold0,2,2.0,0.3,50,inf,4,False,4.0,workload,,,0,0,0,0.0,"y should be a 1d array with more than two classes, but got 1 class from ['high' 'high' 'high' 'high' 'high' 'high' 'high' 'high' 'high' 'high'
 'high' 'high' 'high' 'high' 'high' 'high' 'high' 'high' 'high' 'high'
 'high' 'high']"
WAUC,39,within,within_fold0,3,0.1,0.3,50,inf,4,False,4.0,workload,,,0,0,0,0.0,"y should be a 1d array with more than two classes, but got 1 class from ['high' 'high' 'high' 'high' 'high' 'high' 'high' 'high' 'high' 'high'
 'high' 'high' 'high' 'high' 'high' 'high' 'high' 'high' 'high' 'high'
 'high' 'high']"
WAUC,39,within,within_fold0,3,0.5,0.3,50,inf,4,False,4.0,workload,,,0,0,0,0.0,"y should be a 1d array with more than two classes, but got 1 class from ['high' 'high' 'high' 'high' 'high' 'high' 'high' 'high' 'high' 'high'
 'high' 'high' 'high' 'high' 'high' 'high' 'high' 'high' 'high' 'high'
 'high' 'high']"
WAUC,39,within,within_fold0,3,1.0,0.3,50,inf,4,False,4.0,workload,,,0,0,0,0.0,"y should be a 1d array with more than two classes, but got 1 class from ['high' 'high' 'high' 'high' 'high' 'high' 'high' 'high' 'high' 'high'
 'high' 'high' 'high' 'high' 'high' 'high' 'high' 'high' 'high' 'high'
 'high' 'high']"
WAUC,39,within,within_fold0,3,2.0,0.3,50,inf,4,False,4.0,workload,,,0,0,0,0.0,"y should be a 1d array with more than two classes, but got 1 class from ['high' 'high' 'high' 'high' 'high' 'high' 'high' 'high' 'high' 'high'
 'high' 'high' 'high' 'high' 'high' 'high' 'high' 'high' 'high' 'high'
 'high' 'high']"
WAUC,39,within,within_fold0,42,0.1,0.3,50,inf,4,False,4.0,workload,,,0,0,0,0.0,"y should be a 1d array with more than two classes, but got 1 class from ['high' 'high' 'high' 'high' 'high' 'high' 'high' 'high' 'high' 'high'
 'high' 'high' 'high' 'high' 'high' 'high' 'high' 'high' 'high' 'high'
 'high' 'high']"
WAUC,39,within,within_fold0,42,0.5,0.3,50,inf,4,False,4.0,workload,,,0,0,0,0.0,"y should be a 1d array with more than two classes, but got 1 class from ['high' 'high' 'high' 'high' 'high' 'high' 'high' 'high' 'high' 'high'
 'high' 'high' 'high' 'high' 'high' 'high' 'high' 'high' 'high' 'high'
 'high' 'high']"
WAUC,39,within,within_fold0,42,1.0,0.3,50,inf,4,False,4.0,workload,,,0,0,0,0.0,"y should be a 1d array with more than two classes, but got 1 class from ['high' 'high' 'high' 'high' 'high' 'high' 'high' 'high' 'high' 'high'
 'high' 'high' 'high' 'high' 'high' 'high' 'high' 'high' 'high' 'high'
 'high' 'high']"
WAUC,39,within,within_fold0,42,2.0,0.3,50,inf,4,False,4.0,workload,,,0,0,0,0.0,"y should be a 1d array with more than two classes, but got 1 class from ['high' 'high' 'high' 'high' 'high' 'high' 'high' 'high' 'high' 'high'
 'high' 'high' 'high' 'high' 'high' 'high' 'high' 'high' 'high' 'high'
 'high' 'high']"
WAUC,40,within,within_fold0,0,0.1,0.3,50,inf,4,False,4.0,workload,0.30000000000000004,0.65,180,98,502,179.0,
WAUC,40,within,within_fold0,0,0.5,0.3,50,inf,4,False,4.0,workload,0.15555555555555556,0.5777777777777777,180,98,502,197.0,
WAUC,40,within,within_fold0,0,1.0,0.3,50,inf,4,False,4.0,workload,0.3555555555555555,0.6777777777777778,180,98,502,224.0,
WAUC,40,within,within_fold0,0,2.0,0.3,50,inf,4,False,4.0,workload,0.2222222222222222,0.6111111111111112,180,98,502,207.0,
WAUC,40,within,within_fold0,1,0.1,0.3,50,inf,4,False,4.0,workload,0.0888888888888889,0.5444444444444444,180,96,502,191.0,
WAUC,40,within,within_fold0,1,0.5,0.3,50,inf,4,False,4.0,workload,0.0888888888888889,0.5444444444444444,180,96,502,205.0,
WAUC,40,within,within_fold0,1,1.0,0.3,50,inf,4,False,4.0,workload,0.18888888888888888,0.5944444444444444,180,96,502,210.0,
WAUC,40,within,within_fold0,1,2.0,0.3,50,inf,4,False,4.0,workload,0.19999999999999996,0.6,180,96,502,213.0,
WAUC,40,within,within_fold0,2,0.1,0.3,50,inf,4,False,4.0,workload,0.4,0.7,180,96,502,159.0,
WAUC,40,within,within_fold0,2,0.5,0.3,50,inf,4,False,4.0,workload,0.11111111111111116,0.5555555555555556,180,96,502,201.0,
WAUC,40,within,within_fold0,2,1.0,0.3,50,inf,4,False,4.0,workload,0.3111111111111111,0.6555555555555556,180,96,502,206.0,
WAUC,40,within,within_fold0,2,2.0,0.3,50,inf,4,False,4.0,workload,0.1444444444444445,0.5722222222222222,180,96,502,188.0,
WAUC,40,within,within_fold0,3,0.1,0.3,50,inf,4,False,4.0,workload,0.1333333333333333,0.5666666666666667,180,94,502,193.0,
WAUC,40,within,within_fold0,3,0.5,0.3,50,inf,4,False,4.0,workload,0.24444444444444446,0.6222222222222222,180,94,502,197.0,
WAUC,40,within,within_fold0,3,1.0,0.3,50,inf,4,False,4.0,workload,0.011111111111111072,0.5055555555555555,180,94,502,203.0,
WAUC,40,within,within_fold0,3,2.0,0.3,50,inf,4,False,4.0,workload,0.18888888888888888,0.5944444444444444,180,94,502,196.0,
WAUC,40,within,within_fold0,42,0.1,0.3,50,inf,4,False,4.0,workload,0.24444444444444446,0.6222222222222222,180,98,502,205.0,
WAUC,40,within,within_fold0,42,0.5,0.3,50,inf,4,False,4.0,workload,0.23333333333333328,0.6166666666666667,180,98,502,209.0,
WAUC,40,within,within_fold0,42,1.0,0.3,50,inf,4,False,4.0,workload,0.30000000000000004,0.65,180,98,502,196.0,
WAUC,40,within,within_fold0,42,2.0,0.3,50,inf,4,False,4.0,workload,0.25555555555555554,0.6277777777777778,180,98,502,220.0,
WAUC,41,within,within_fold0,0,0.1,0.3,50,inf,4,False,4.0,workload,0.48913043478260865,0.7445652173913043,184,100,350,89.0,
WAUC,41,within,within_fold0,0,0.5,0.3,50,inf,4,False,4.0,workload,0.6086956521739131,0.8043478260869565,184,100,515,123.0,
WAUC,41,within,within_fold0,0,1.0,0.3,50,inf,4,False,4.0,workload,0.5869565217391304,0.7934782608695652,184,100,515,125.0,
WAUC,41,within,within_fold0,0,2.0,0.3,50,inf,4,False,4.0,workload,0.5978260869565217,0.7989130434782609,184,100,515,120.0,
WAUC,41,within,within_fold0,1,0.1,0.3,50,inf,4,False,4.0,workload,0.5978260869565217,0.7989130434782609,184,100,515,104.0,
WAUC,41,within,within_fold0,1,0.5,0.3,50,inf,4,False,4.0,workload,0.6739130434782609,0.8369565217391305,184,100,515,118.0,
WAUC,41,within,within_fold0,1,1.0,0.3,50,inf,4,False,4.0,workload,0.30434782608695654,0.6521739130434783,184,100,515,119.0,
WAUC,41,within,within_fold0,1,2.0,0.3,50,inf,4,False,4.0,workload,0.46739130434782605,0.7336956521739131,184,100,515,132.0,
WAUC,41,within,within_fold0,2,0.1,0.3,50,inf,4,False,4.0,workload,0.6304347826086957,0.8152173913043478,184,100,452,95.0,
WAUC,41,within,within_fold0,2,0.5,0.3,50,inf,4,False,4.0,workload,0.5217391304347826,0.7608695652173914,184,100,515,110.0,
WAUC,41,within,within_fold0,2,1.0,0.3,50,inf,4,False,4.0,workload,0.6304347826086957,0.8152173913043478,184,100,487,125.0,
WAUC,41,within,within_fold0,2,2.0,0.3,50,inf,4,False,4.0,workload,0.6304347826086957,0.8152173913043478,184,100,482,125.0,
WAUC,41,within,within_fold0,3,0.1,0.3,50,inf,4,False,4.0,workload,0.6413043478260869,0.8206521739130435,184,100,515,95.0,
WAUC,41,within,within_fold0,3,0.5,0.3,50,inf,4,False,4.0,workload,0.42391304347826086,0.7119565217391305,184,100,515,117.0,
WAUC,41,within,within_fold0,3,1.0,0.3,50,inf,4,False,4.0,workload,0.5217391304347826,0.7608695652173914,184,100,515,128.0,
WAUC,41,within,within_fold0,3,2.0,0.3,50,inf,4,False,4.0,workload,0.5652173913043479,0.782608695652174,184,100,515,114.0,
WAUC,41,within,within_fold0,42,0.1,0.3,50,inf,4,False,4.0,workload,0.7608695652173914,0.8804347826086957,184,100,515,77.0,
WAUC,41,within,within_fold0,42,0.5,0.3,50,inf,4,False,4.0,workload,0.6413043478260869,0.8206521739130435,184,100,515,111.0,
WAUC,41,within,within_fold0,42,1.0,0.3,50,inf,4,False,4.0,workload,0.46739130434782605,0.7336956521739131,184,100,515,129.0,
WAUC,41,within,within_fold0,42,2.0,0.3,50,inf,4,False,4.0,workload,0.5760869565217391,0.7880434782608695,184,100,515,113.0,
WAUC,42,within,within_fold0,0,0.1,0.3,50,inf,4,False,4.0,workload,0.4090419806243273,0.7049180327868853,183,100,512,156.0,
WAUC,42,within,within_fold0,0,0.5,0.3,50,inf,4,False,4.0,workload,0.4090419806243273,0.7049180327868853,183,100,490,182.0,
WAUC,42,within,within_fold0,0,1.0,0.3,50,inf,4,False,4.0,workload,0.4090419806243273,0.7049180327868853,183,100,468,164.0,
WAUC,42,within,within_fold0,0,2.0,0.3,50,inf,4,False,4.0,workload,0.4090419806243273,0.7049180327868853,183,100,482,163.0,
WAUC,42,within,within_fold0,1,0.1,0.3,50,inf,4,False,4.0,workload,0.30119331742243427,0.6502732240437158,183,88,512,188.0,
WAUC,42,within,within_fold0,1,0.5,0.3,50,inf,4,False,4.0,workload,0.1591980428426517,0.5792349726775956,183,88,512,189.0,
WAUC,42,within,within_fold0,1,1.0,0.3,50,inf,4,False,4.0,workload,0.1919083422842821,0.5956284153005464,183,88,512,187.0,
WAUC,42,within,within_fold0,1,2.0,0.3,50,inf,4,False,4.0,workload,0.3549793894497879,0.6775956284153005,183,88,512,206.0,
WAUC,42,within,within_fold0,2,0.1,0.3,50,inf,4,False,4.0,workload,0.3111668757841908,0.6557377049180327,183,84,512,162.0,
WAUC,42,within,within_fold0,2,0.5,0.3,50,inf,4,False,4.0,workload,0.26804369888364876,0.6338797814207651,183,84,512,175.0,
WAUC,42,within,within_fold0,2,1.0,0.3,50,inf,4,False,4.0,workload,0.19152238805970145,0.5956284153005464,183,84,512,207.0,
WAUC,42,within,within_fold0,2,2.0,0.3,50,inf,4,False,4.0,workload,0.3232732911845402,0.6612021857923497,183,84,512,201.0,
WAUC,42,within,within_fold0,3,0.1,0.3,50,inf,4,False,4.0,workload,0.27875313507703336,0.639344262295082,183,74,512,176.0,
WAUC,42,within,within_fold0,3,0.5,0.3,50,inf,4,False,4.0,workload,0.3436939629408249,0.6721311475409836,183,74,512,180.0,
WAUC,42,within,within_fold0,3,1.0,0.3,50,inf,4,False,4.0,workload,0.060866451843895386,0.5300546448087432,183,74,512,207.0,
WAUC,42,within,within_fold0,3,2.0,0.3,50,inf,4,False,4.0,workload,0.08270676691729317,0.5409836065573771,183,74,512,235.0,
WAUC,42,within,within_fold0,42,0.1,0.3,50,inf,4,False,4.0,workload,0.2893840731226477,0.644808743169399,183,96,512,177.0,
WAUC,42,within,within_fold0,42,0.5,0.3,50,inf,4,False,4.0,workload,0.14649605357569961,0.5737704918032787,183,96,512,177.0,
WAUC,42,within,within_fold0,42,1.0,0.3,50,inf,4,False,4.0,workload,0.35420778754710214,0.6775956284153005,183,96,512,198.0,
WAUC,42,within,within_fold0,42,2.0,0.3,50,inf,4,False,4.0,workload,0.09216424601039996,0.546448087431694,183,96,512,183.0,
WAUC,43,within,within_fold0,0,0.1,0.3,50,inf,4,False,4.0,workload,0.4426395939086294,0.7213114754098361,183,100,511,141.0,
WAUC,43,within,within_fold0,0,0.5,0.3,50,inf,4,False,4.0,workload,0.33231652610802076,0.6666666666666666,183,100,511,169.0,
WAUC,43,within,within_fold0,0,1.0,0.3,50,inf,4,False,4.0,workload,0.3658740590273628,0.6830601092896175,183,100,511,151.0,
WAUC,43,within,within_fold0,0,2.0,0.3,50,inf,4,False,4.0,workload,0.3438508425959125,0.6721311475409836,183,100,511,159.0,
WAUC,43,within,within_fold0,1,0.1,0.3,50,inf,4,False,4.0,workload,0.5961710502773305,0.7978142076502732,183,100,511,107.0,
WAUC,43,within,within_fold0,1,0.5,0.3,50,inf,4,False,4.0,workload,0.5305732864045816,0.7650273224043715,183,100,511,128.0,
WAUC,43,within,within_fold0,1,1.0,0.3,50,inf,4,False,4.0,workload,0.5305732864045816,0.7650273224043715,183,100,511,139.0,
WAUC,43,within,within_fold0,1,2.0,0.3,50,inf,4,False,4.0,workload,0.5195130683852488,0.7595628415300546,183,100,511,133.0,
WAUC,43,within,within_fold0,2,0.1,0.3,50,inf,4,False,4.0,workload,0.48635413556285456,0.7431693989071039,183,100,511,123.0,
WAUC,43,within,within_fold0,2,0.5,0.3,50,inf,4,False,4.0,workload,0.48635413556285456,0.7431693989071039,183,100,511,119.0,
WAUC,43,within,within_fold0,2,1.0,0.3,50,inf,4,False,4.0,workload,0.464688675302967,0.73224043715847,183,100,511,133.0,
WAUC,43,within,within_fold0,2,2.0,0.3,50,inf,4,False,4.0,workload,0.48623140792067376,0.7431693989071039,183,100,511,143.0,
WAUC,43,within,within_fold0,3,0.1,0.3,50,inf,4,False,4.0,workload,0.650346310007165,0.825136612021858,183,100,511,121.0,
WAUC,43,within,within_fold0,3,0.5,0.3,50,inf,4,False,4.0,workload,0.36670644391408114,0.6830601092896175,183,100,511,124.0,
WAUC,43,within,within_fold0,3,1.0,0.3,50,inf,4,False,4.0,workload,0.6392688608804731,0.819672131147541,183,100,511,147.0,
WAUC,43,within,within_fold0,3,2.0,0.3,50,inf,4,False,4.0,workload,0.007035954922187004,0.5027322404371585,183,100,511,146.0,
WAUC,43,within,within_fold0,42,0.1,0.3,50,inf,4,False,4.0,workload,0.3884711779448621,0.6939890710382514,183,100,347,108.0,
WAUC,43,within,within_fold0,42,0.5,0.3,50,inf,4,False,4.0,workload,0.3884711779448621,0.6939890710382514,183,100,511,141.0,
WAUC,43,within,within_fold0,42,1.0,0.3,50,inf,4,False,4.0,workload,0.541134328358209,0.7704918032786885,183,100,511,133.0,
WAUC,43,within,within_fold0,42,2.0,0.3,50,inf,4,False,4.0,workload,0.49731279111429594,0.7486338797814208,183,100,511,139.0,
WAUC,44,within,within_fold0,0,0.1,0.3,50,inf,4,False,4.0,workload,0.11956521739130432,0.5597826086956522,184,62,361,154.0,
WAUC,44,within,within_fold0,0,0.5,0.3,50,inf,4,False,4.0,workload,0.11956521739130432,0.5597826086956522,184,62,442,200.0,
WAUC,44,within,within_fold0,0,1.0,0.3,50,inf,4,False,4.0,workload,0.11956521739130432,0.5597826086956522,184,62,444,191.0,
WAUC,44,within,within_fold0,0,2.0,0.3,50,inf,4,False,4.0,workload,0.11956521739130432,0.5597826086956522,184,62,459,210.0,
WAUC,44,within,within_fold0,1,0.1,0.3,50,inf,4,False,4.0,workload,0.08695652173913049,0.5434782608695652,184,72,515,224.0,
WAUC,44,within,within_fold0,1,0.5,0.3,50,inf,4,False,4.0,workload,0.04347826086956519,0.5217391304347826,184,72,515,225.0,
WAUC,44,within,within_fold0,1,1.0,0.3,50,inf,4,False,4.0,workload,0.3152173913043478,0.657608695652174,184,72,515,233.0,
WAUC,44,within,within_fold0,1,2.0,0.3,50,inf,4,False,4.0,workload,0.08695652173913049,0.5434782608695652,184,72,515,234.0,
WAUC,44,within,within_fold0,2,0.1,0.3,50,inf,4,False,4.0,workload,0.08695652173913049,0.5434782608695652,184,76,515,232.0,
WAUC,44,within,within_fold0,2,0.5,0.3,50,inf,4,False,4.0,workload,0.17391304347826086,0.5869565217391305,184,76,515,224.0,
WAUC,44,within,within_fold0,2,1.0,0.3,50,inf,4,False,4.0,workload,0.08695652173913049,0.5434782608695652,184,76,515,216.0,
WAUC,44,within,within_fold0,2,2.0,0.3,50,inf,4,False,4.0,workload,0.07608695652173914,0.5380434782608695,184,76,515,232.0,
WAUC,44,within,within_fold0,3,0.1,0.3,50,inf,4,False,4.0,workload,0.21739130434782605,0.6086956521739131,184,58,515,194.0,
WAUC,44,within,within_fold0,3,0.5,0.3,50,inf,4,False,4.0,workload,0.2717391304347826,0.6358695652173914,184,58,515,208.0,
WAUC,44,within,within_fold0,3,1.0,0.3,50,inf,4,False,4.0,workload,0.21739130434782605,0.6086956521739131,184,58,515,218.0,
WAUC,44,within,within_fold0,3,2.0,0.3,50,inf,4,False,4.0,workload,0.2065217391304348,0.6032608695652174,184,58,515,222.0,
WAUC,44,within,within_fold0,42,0.1,0.3,50,inf,4,False,4.0,workload,0.21739130434782605,0.6086956521739131,184,94,515,198.0,
WAUC,44,within,within_fold0,42,0.5,0.3,50,inf,4,False,4.0,workload,0.18478260869565222,0.592391304347826,184,94,443,184.0,
WAUC,44,within,within_fold0,42,1.0,0.3,50,inf,4,False,4.0,workload,0.18478260869565222,0.592391304347826,184,94,431,181.0,
WAUC,44,within,within_fold0,42,2.0,0.3,50,inf,4,False,4.0,workload,0.18478260869565222,0.592391304347826,184,94,447,196.0,
WAUC,45,within,within_fold0,0,0.1,0.3,50,inf,4,False,4.0,workload,0.20853351635781292,0.6042780748663101,187,100,405,158.0,
WAUC,45,within,within_fold0,0,0.5,0.3,50,inf,4,False,4.0,workload,0.20853351635781292,0.6042780748663101,187,100,524,165.0,
WAUC,45,within,within_fold0,0,1.0,0.3,50,inf,4,False,4.0,workload,0.33665179082274865,0.6684491978609626,187,100,524,192.0,
WAUC,45,within,within_fold0,0,2.0,0.3,50,inf,4,False,4.0,workload,0.31533180778032033,0.6577540106951871,187,100,524,198.0,
WAUC,45,within,within_fold0,1,0.1,0.3,50,inf,4,False,4.0,workload,0.4228395061728395,0.7112299465240641,187,100,524,130.0,
WAUC,45,within,within_fold0,1,0.5,0.3,50,inf,4,False,4.0,workload,0.38001600548759573,0.6898395721925134,187,100,524,141.0,
WAUC,45,within,within_fold0,1,1.0,0.3,50,inf,4,False,4.0,workload,0.21909501744751447,0.6096256684491979,187,100,524,158.0,
WAUC,45,within,within_fold0,1,2.0,0.3,50,inf,4,False,4.0,workload,0.21909501744751447,0.6096256684491979,187,100,524,173.0,
WAUC,45,within,within_fold0,2,0.1,0.3,50,inf,4,False,4.0,workload,0.19861722187303588,0.5989304812834224,187,100,524,174.0,
WAUC,45,within,within_fold0,2,0.5,0.3,50,inf,4,False,4.0,workload,0.4338835894213743,0.7165775401069518,187,100,524,166.0,
WAUC,45,within,within_fold0,2,1.0,0.3,50,inf,4,False,4.0,workload,0.4233009708737865,0.7112299465240641,187,100,524,172.0,
WAUC,45,within,within_fold0,2,2.0,0.3,50,inf,4,False,4.0,workload,0.19861722187303588,0.5989304812834224,187,100,511,197.0,
WAUC,45,within,within_fold0,3,0.1,0.3,50,inf,4,False,4.0,workload,0.3795194508009153,0.6898395721925134,187,94,524,169.0,
WAUC,45,within,within_fold0,3,0.5,0.3,50,inf,4,False,4.0,workload,0.3256825596703108,0.6631016042780749,187,94,524,167.0,
WAUC,45,within,within_fold0,3,1.0,0.3,50,inf,4,False,4.0,workload,0.21802142407057346,0.6096256684491979,187,94,524,195.0,
WAUC,45,within,within_fold0,3,2.0,0.3,50,inf,4,False,4.0,workload,0.37944844947934553,0.6898395721925134,187,94,524,191.0,
WAUC,45,within,within_fold0,42,0.1,0.3,50,inf,4,False,4.0,workload,0.40132632060370454,0.7005347593582888,187,100,524,168.0,
WAUC,45,within,within_fold0,42,0.5,0.3,50,inf,4,False,4.0,workload,0.3367276887871853,0.6684491978609626,187,100,524,187.0,
WAUC,45,within,within_fold0,42,1.0,0.3,50,inf,4,False,4.0,workload,0.29417819970261927,0.6470588235294118,187,100,524,192.0,
WAUC,45,within,within_fold0,42,2.0,0.3,50,inf,4,False,4.0,workload,0.28311495107856033,0.6417112299465241,187,100,524,177.0,
WAUC,46,within,within_fold0,0,0.1,0.3,50,inf,4,False,4.0,workload,0.32411924119241187,0.6627906976744186,172,96,331,101.0,
WAUC,46,within,within_fold0,0,0.5,0.3,50,inf,4,False,4.0,workload,0.19440673364105343,0.5988372093023255,172,96,480,156.0,
WAUC,46,within,within_fold0,0,1.0,0.3,50,inf,4,False,4.0,workload,0.32411924119241187,0.6627906976744186,172,96,453,148.0,
WAUC,46,within,within_fold0,0,2.0,0.3,50,inf,4,False,4.0,workload,0.32411924119241187,0.6627906976744186,172,96,452,152.0,
WAUC,46,within,within_fold0,1,0.1,0.3,50,inf,4,False,4.0,workload,0.3741239892183288,0.686046511627907,172,100,480,122.0,
WAUC,46,within,within_fold0,1,0.5,0.3,50,inf,4,False,4.0,workload,0.3741239892183288,0.686046511627907,172,100,465,133.0,
WAUC,46,within,within_fold0,1,1.0,0.3,50,inf,4,False,4.0,workload,0.3741239892183288,0.686046511627907,172,100,446,133.0,
WAUC,46,within,within_fold0,1,2.0,0.3,50,inf,4,False,4.0,workload,0.3741239892183288,0.686046511627907,172,100,455,125.0,
WAUC,46,within,within_fold0,2,0.1,0.3,50,inf,4,False,4.0,workload,0.4542263029975695,0.7267441860465116,172,100,330,88.0,
WAUC,46,within,within_fold0,2,0.5,0.3,50,inf,4,False,4.0,workload,0.4542263029975695,0.7267441860465116,172,100,439,127.0,
WAUC,46,within,within_fold0,2,1.0,0.3,50,inf,4,False,4.0,workload,0.4542263029975695,0.7267441860465116,172,100,406,123.0,
WAUC,46,within,within_fold0,2,2.0,0.3,50,inf,4,False,4.0,workload,0.4542263029975695,0.7267441860465116,172,100,419,133.0,
WAUC,46,within,within_fold0,3,0.1,0.3,50,inf,4,False,4.0,workload,0.4421621621621622,0.7209302325581395,172,100,480,139.0,
WAUC,46,within,within_fold0,3,0.5,0.3,50,inf,4,False,4.0,workload,0.2097297297297298,0.6046511627906976,172,100,480,144.0,
WAUC,46,within,within_fold0,3,1.0,0.3,50,inf,4,False,4.0,workload,0.4071370640713706,0.7034883720930233,172,100,480,140.0,
WAUC,46,within,within_fold0,3,2.0,0.3,50,inf,4,False,4.0,workload,0.33774655498513917,0.6686046511627907,172,100,480,145.0,
WAUC,46,within,within_fold0,42,0.1,0.3,50,inf,4,False,4.0,workload,0.346717308735757,0.6744186046511628,172,70,480,135.0,
WAUC,46,within,within_fold0,42,0.5,0.3,50,inf,4,False,4.0,workload,0.42946114270241,0.7151162790697675,172,70,480,142.0,
WAUC,46,within,within_fold0,42,1.0,0.3,50,inf,4,False,4.0,workload,0.34422657952069713,0.6744186046511628,172,70,480,153.0,
WAUC,46,within,within_fold0,42,2.0,0.3,50,inf,4,False,4.0,workload,0.40520748576078114,0.7034883720930233,172,70,480,158.0,
WAUC,47,within,within_fold0,0,0.1,0.3,50,inf,4,False,4.0,workload,0.967741935483871,0.9838709677419355,62,100,171,1.0,
WAUC,47,within,within_fold0,0,0.5,0.3,50,inf,4,False,4.0,workload,0.9032258064516129,0.9516129032258065,62,100,171,6.0,
WAUC,47,within,within_fold0,0,1.0,0.3,50,inf,4,False,4.0,workload,0.967741935483871,0.9838709677419355,62,100,171,6.0,
WAUC,47,within,within_fold0,0,2.0,0.3,50,inf,4,False,4.0,workload,0.967741935483871,0.9838709677419355,62,100,171,10.0,
WAUC,47,within,within_fold0,1,0.1,0.3,50,inf,4,False,4.0,workload,0.967741935483871,0.9838709677419355,62,100,171,8.0,
WAUC,47,within,within_fold0,1,0.5,0.3,50,inf,4,False,4.0,workload,0.967741935483871,0.9838709677419355,62,100,171,4.0,
WAUC,47,within,within_fold0,1,1.0,0.3,50,inf,4,False,4.0,workload,0.967741935483871,0.9838709677419355,62,100,171,4.0,
WAUC,47,within,within_fold0,1,2.0,0.3,50,inf,4,False,4.0,workload,0.967741935483871,0.9838709677419355,62,100,171,4.0,
WAUC,47,within,within_fold0,2,0.1,0.3,50,inf,4,False,4.0,workload,0.935483870967742,0.967741935483871,62,100,171,3.0,
WAUC,47,within,within_fold0,2,0.5,0.3,50,inf,4,False,4.0,workload,0.935483870967742,0.967741935483871,62,100,171,4.0,
WAUC,47,within,within_fold0,2,1.0,0.3,50,inf,4,False,4.0,workload,0.935483870967742,0.967741935483871,62,100,171,8.0,
WAUC,47,within,within_fold0,2,2.0,0.3,50,inf,4,False,4.0,workload,0.967741935483871,0.9838709677419355,62,100,171,7.0,
WAUC,47,within,within_fold0,3,0.1,0.3,50,inf,4,False,4.0,workload,0.967741935483871,0.9838709677419355,62,100,171,8.0,
WAUC,47,within,within_fold0,3,0.5,0.3,50,inf,4,False,4.0,workload,0.9032258064516129,0.9516129032258065,62,100,171,5.0,
WAUC,47,within,within_fold0,3,1.0,0.3,50,inf,4,False,4.0,workload,0.8709677419354839,0.9354838709677419,62,100,171,7.0,
WAUC,47,within,within_fold0,3,2.0,0.3,50,inf,4,False,4.0,workload,0.8387096774193549,0.9193548387096774,62,100,171,8.0,
WAUC,47,within,within_fold0,42,0.1,0.3,50,inf,4,False,4.0,workload,0.935483870967742,0.967741935483871,62,100,171,6.0,
WAUC,47,within,within_fold0,42,0.5,0.3,50,inf,4,False,4.0,workload,0.967741935483871,0.9838709677419355,62,100,164,2.0,
WAUC,47,within,within_fold0,42,1.0,0.3,50,inf,4,False,4.0,workload,0.967741935483871,0.9838709677419355,62,100,163,5.0,
WAUC,47,within,within_fold0,42,2.0,0.3,50,inf,4,False,4.0,workload,0.967741935483871,0.9838709677419355,62,100,163,6.0,
WAUC,48,within,within_fold0,0,0.1,0.3,50,inf,4,False,4.0,workload,,,0,0,0,0.0,"y should be a 1d array with more than two classes, but got 1 class from ['low' 'low' 'low' 'low' 'low' 'low' 'low' 'low' 'low' 'low' 'low' 'low'
 'low' 'low' 'low' 'low' 'low' 'low' 'low' 'low' 'low' 'low' 'low' 'low'
 'low' 'low' 'low' 'low' 'low' 'low' 'low' 'low' 'low' 'low' 'low' 'low'
 'low' 'low' 'low' 'low' 'low' 'low' 'low' 'low']"
WAUC,48,within,within_fold0,0,0.5,0.3,50,inf,4,False,4.0,workload,,,0,0,0,0.0,"y should be a 1d array with more than two classes, but got 1 class from ['low' 'low' 'low' 'low' 'low' 'low' 'low' 'low' 'low' 'low' 'low' 'low'
 'low' 'low' 'low' 'low' 'low' 'low' 'low' 'low' 'low' 'low' 'low' 'low'
 'low' 'low' 'low' 'low' 'low' 'low' 'low' 'low' 'low' 'low' 'low' 'low'
 'low' 'low' 'low' 'low' 'low' 'low' 'low' 'low']"
WAUC,48,within,within_fold0,0,1.0,0.3,50,inf,4,False,4.0,workload,,,0,0,0,0.0,"y should be a 1d array with more than two classes, but got 1 class from ['low' 'low' 'low' 'low' 'low' 'low' 'low' 'low' 'low' 'low' 'low' 'low'
 'low' 'low' 'low' 'low' 'low' 'low' 'low' 'low' 'low' 'low' 'low' 'low'
 'low' 'low' 'low' 'low' 'low' 'low' 'low' 'low' 'low' 'low' 'low' 'low'
 'low' 'low' 'low' 'low' 'low' 'low' 'low' 'low']"
WAUC,48,within,within_fold0,0,2.0,0.3,50,inf,4,False,4.0,workload,,,0,0,0,0.0,"y should be a 1d array with more than two classes, but got 1 class from ['low' 'low' 'low' 'low' 'low' 'low' 'low' 'low' 'low' 'low' 'low' 'low'
 'low' 'low' 'low' 'low' 'low' 'low' 'low' 'low' 'low' 'low' 'low' 'low'
 'low' 'low' 'low' 'low' 'low' 'low' 'low' 'low' 'low' 'low' 'low' 'low'
 'low' 'low' 'low' 'low' 'low' 'low' 'low' 'low']"
WAUC,48,within,within_fold0,1,0.1,0.3,50,inf,4,False,4.0,workload,,,0,0,0,0.0,"y should be a 1d array with more than two classes, but got 1 class from ['low' 'low' 'low' 'low' 'low' 'low' 'low' 'low' 'low' 'low' 'low' 'low'
 'low' 'low' 'low' 'low' 'low' 'low' 'low' 'low' 'low' 'low' 'low' 'low'
 'low' 'low' 'low' 'low' 'low' 'low' 'low' 'low' 'low' 'low' 'low' 'low'
 'low' 'low' 'low' 'low' 'low' 'low' 'low' 'low']"
WAUC,48,within,within_fold0,1,0.5,0.3,50,inf,4,False,4.0,workload,,,0,0,0,0.0,"y should be a 1d array with more than two classes, but got 1 class from ['low' 'low' 'low' 'low' 'low' 'low' 'low' 'low' 'low' 'low' 'low' 'low'
 'low' 'low' 'low' 'low' 'low' 'low' 'low' 'low' 'low' 'low' 'low' 'low'
 'low' 'low' 'low' 'low' 'low' 'low' 'low' 'low' 'low' 'low' 'low' 'low'
 'low' 'low' 'low' 'low' 'low' 'low' 'low' 'low']"
WAUC,48,within,within_fold0,1,1.0,0.3,50,inf,4,False,4.0,workload,,,0,0,0,0.0,"y should be a 1d array with more than two classes, but got 1 class from ['low' 'low' 'low' 'low' 'low' 'low' 'low' 'low' 'low' 'low' 'low' 'low'
 'low' 'low' 'low' 'low' 'low' 'low' 'low' 'low' 'low' 'low' 'low' 'low'
 'low' 'low' 'low' 'low' 'low' 'low' 'low' 'low' 'low' 'low' 'low' 'low'
 'low' 'low' 'low' 'low' 'low' 'low' 'low' 'low']"
WAUC,48,within,within_fold0,1,2.0,0.3,50,inf,4,False,4.0,workload,,,0,0,0,0.0,"y should be a 1d array with more than two classes, but got 1 class from ['low' 'low' 'low' 'low' 'low' 'low' 'low' 'low' 'low' 'low' 'low' 'low'
 'low' 'low' 'low' 'low' 'low' 'low' 'low' 'low' 'low' 'low' 'low' 'low'
 'low' 'low' 'low' 'low' 'low' 'low' 'low' 'low' 'low' 'low' 'low' 'low'
 'low' 'low' 'low' 'low' 'low' 'low' 'low' 'low']"
WAUC,48,within,within_fold0,2,0.1,0.3,50,inf,4,False,4.0,workload,,,0,0,0,0.0,"y should be a 1d array with more than two classes, but got 1 class from ['low' 'low' 'low' 'low' 'low' 'low' 'low' 'low' 'low' 'low' 'low' 'low'
 'low' 'low' 'low' 'low' 'low' 'low' 'low' 'low' 'low' 'low' 'low' 'low'
 'low' 'low' 'low' 'low' 'low' 'low' 'low' 'low' 'low' 'low' 'low' 'low'
 'low' 'low' 'low' 'low' 'low' 'low' 'low' 'low']"
WAUC,48,within,within_fold0,2,0.5,0.3,50,inf,4,False,4.0,workload,,,0,0,0,0.0,"y should be a 1d array with more than two classes, but got 1 class from ['low' 'low' 'low' 'low' 'low' 'low' 'low' 'low' 'low' 'low' 'low' 'low'
 'low' 'low' 'low' 'low' 'low' 'low' 'low' 'low' 'low' 'low' 'low' 'low'
 'low' 'low' 'low' 'low' 'low' 'low' 'low' 'low' 'low' 'low' 'low' 'low'
 'low' 'low' 'low' 'low' 'low' 'low' 'low' 'low']"
WAUC,48,within,within_fold0,2,1.0,0.3,50,inf,4,False,4.0,workload,,,0,0,0,0.0,"y should be a 1d array with more than two classes, but got 1 class from ['low' 'low' 'low' 'low' 'low' 'low' 'low' 'low' 'low' 'low' 'low' 'low'
 'low' 'low' 'low' 'low' 'low' 'low' 'low' 'low' 'low' 'low' 'low' 'low'
 'low' 'low' 'low' 'low' 'low' 'low' 'low' 'low' 'low' 'low' 'low' 'low'
 'low' 'low' 'low' 'low' 'low' 'low' 'low' 'low']"
WAUC,48,within,within_fold0,2,2.0,0.3,50,inf,4,False,4.0,workload,,,0,0,0,0.0,"y should be a 1d array with more than two classes, but got 1 class from ['low' 'low' 'low' 'low' 'low' 'low' 'low' 'low' 'low' 'low' 'low' 'low'
 'low' 'low' 'low' 'low' 'low' 'low' 'low' 'low' 'low' 'low' 'low' 'low'
 'low' 'low' 'low' 'low' 'low' 'low' 'low' 'low' 'low' 'low' 'low' 'low'
 'low' 'low' 'low' 'low' 'low' 'low' 'low' 'low']"
WAUC,48,within,within_fold0,3,0.1,0.3,50,inf,4,False,4.0,workload,,,0,0,0,0.0,"y should be a 1d array with more than two classes, but got 1 class from ['low' 'low' 'low' 'low' 'low' 'low' 'low' 'low' 'low' 'low' 'low' 'low'
 'low' 'low' 'low' 'low' 'low' 'low' 'low' 'low' 'low' 'low' 'low' 'low'
 'low' 'low' 'low' 'low' 'low' 'low' 'low' 'low' 'low' 'low' 'low' 'low'
 'low' 'low' 'low' 'low' 'low' 'low' 'low' 'low']"
WAUC,48,within,within_fold0,3,0.5,0.3,50,inf,4,False,4.0,workload,,,0,0,0,0.0,"y should be a 1d array with more than two classes, but got 1 class from ['low' 'low' 'low' 'low' 'low' 'low' 'low' 'low' 'low' 'low' 'low' 'low'
 'low' 'low' 'low' 'low' 'low' 'low' 'low' 'low' 'low' 'low' 'low' 'low'
 'low' 'low' 'low' 'low' 'low' 'low' 'low' 'low' 'low' 'low' 'low' 'low'
 'low' 'low' 'low' 'low' 'low' 'low' 'low' 'low']"
WAUC,48,within,within_fold0,3,1.0,0.3,50,inf,4,False,4.0,workload,,,0,0,0,0.0,"y should be a 1d array with more than two classes, but got 1 class from ['low' 'low' 'low' 'low' 'low' 'low' 'low' 'low' 'low' 'low' 'low' 'low'
 'low' 'low' 'low' 'low' 'low' 'low' 'low' 'low' 'low' 'low' 'low' 'low'
 'low' 'low' 'low' 'low' 'low' 'low' 'low' 'low' 'low' 'low' 'low' 'low'
 'low' 'low' 'low' 'low' 'low' 'low' 'low' 'low']"
WAUC,48,within,within_fold0,3,2.0,0.3,50,inf,4,False,4.0,workload,,,0,0,0,0.0,"y should be a 1d array with more than two classes, but got 1 class from ['low' 'low' 'low' 'low' 'low' 'low' 'low' 'low' 'low' 'low' 'low' 'low'
 'low' 'low' 'low' 'low' 'low' 'low' 'low' 'low' 'low' 'low' 'low' 'low'
 'low' 'low' 'low' 'low' 'low' 'low' 'low' 'low' 'low' 'low' 'low' 'low'
 'low' 'low' 'low' 'low' 'low' 'low' 'low' 'low']"
WAUC,48,within,within_fold0,42,0.1,0.3,50,inf,4,False,4.0,workload,,,0,0,0,0.0,"y should be a 1d array with more than two classes, but got 1 class from ['low' 'low' 'low' 'low' 'low' 'low' 'low' 'low' 'low' 'low' 'low' 'low'
 'low' 'low' 'low' 'low' 'low' 'low' 'low' 'low' 'low' 'low' 'low' 'low'
 'low' 'low' 'low' 'low' 'low' 'low' 'low' 'low' 'low' 'low' 'low' 'low'
 'low' 'low' 'low' 'low' 'low' 'low' 'low' 'low']"
WAUC,48,within,within_fold0,42,0.5,0.3,50,inf,4,False,4.0,workload,,,0,0,0,0.0,"y should be a 1d array with more than two classes, but got 1 class from ['low' 'low' 'low' 'low' 'low' 'low' 'low' 'low' 'low' 'low' 'low' 'low'
 'low' 'low' 'low' 'low' 'low' 'low' 'low' 'low' 'low' 'low' 'low' 'low'
 'low' 'low' 'low' 'low' 'low' 'low' 'low' 'low' 'low' 'low' 'low' 'low'
 'low' 'low' 'low' 'low' 'low' 'low' 'low' 'low']"
WAUC,48,within,within_fold0,42,1.0,0.3,50,inf,4,False,4.0,workload,,,0,0,0,0.0,"y should be a 1d array with more than two classes, but got 1 class from ['low' 'low' 'low' 'low' 'low' 'low' 'low' 'low' 'low' 'low' 'low' 'low'
 'low' 'low' 'low' 'low' 'low' 'low' 'low' 'low' 'low' 'low' 'low' 'low'
 'low' 'low' 'low' 'low' 'low' 'low' 'low' 'low' 'low' 'low' 'low' 'low'
 'low' 'low' 'low' 'low' 'low' 'low' 'low' 'low']"
WAUC,48,within,within_fold0,42,2.0,0.3,50,inf,4,False,4.0,workload,,,0,0,0,0.0,"y should be a 1d array with more than two classes, but got 1 class from ['low' 'low' 'low' 'low' 'low' 'low' 'low' 'low' 'low' 'low' 'low' 'low'
 'low' 'low' 'low' 'low' 'low' 'low' 'low' 'low' 'low' 'low' 'low' 'low'
 'low' 'low' 'low' 'low' 'low' 'low' 'low' 'low' 'low' 'low' 'low' 'low'
 'low' 'low' 'low' 'low' 'low' 'low' 'low' 'low']"
