dataset,feature_family,classifier,subject,protocol,fold,seed,kappa,accuracy,n_train,n_test,n_channels,error
STEW,fbcsp,lda,1,within,0,42,1.0,1.0,59,15,14,
STEW,fbcsp,svm,1,within,0,42,1.0,1.0,59,15,14,
STEW,fbcsp,decision_tree,1,within,0,42,1.0,1.0,59,15,14,
STEW,fbcsp,random_forest,1,within,0,42,1.0,1.0,59,15,14,
STEW,bandpower,lda,1,within,0,42,1.0,1.0,59,15,14,
STEW,bandpower,svm,1,within,0,42,1.0,1.0,59,15,14,
STEW,bandpower,decision_tree,1,within,0,42,1.0,1.0,59,15,14,
STEW,bandpower,random_forest,1,within,0,42,1.0,1.0,59,15,14,
STEW,fbcsp,lda,1,within,1,42,1.0,1.0,59,15,14,
STEW,fbcsp,svm,1,within,1,42,1.0,1.0,59,15,14,
STEW,fbcsp,decision_tree,1,within,1,42,1.0,1.0,59,15,14,
STEW,fbcsp,random_forest,1,within,1,42,1.0,1.0,59,15,14,
STEW,bandpower,lda,1,within,1,42,1.0,1.0,59,15,14,
STEW,bandpower,svm,1,within,1,42,0.8672566371681416,0.9333333333333333,59,15,14,
STEW,bandpower,decision_tree,1,within,1,42,1.0,1.0,59,15,14,
STEW,bandpower,random_forest,1,within,1,42,1.0,1.0,59,15,14,
STEW,fbcsp,lda,1,within,2,42,1.0,1.0,59,15,14,
STEW,fbcsp,svm,1,within,2,42,1.0,1.0,59,15,14,
STEW,fbcsp,decision_tree,1,within,2,42,1.0,1.0,59,15,14,
STEW,fbcsp,random_forest,1,within,2,42,1.0,1.0,59,15,14,
STEW,bandpower,lda,1,within,2,42,1.0,1.0,59,15,14,
STEW,bandpower,svm,1,within,2,42,1.0,1.0,59,15,14,
STEW,bandpower,decision_tree,1,within,2,42,1.0,1.0,59,15,14,
STEW,bandpower,random_forest,1,within,2,42,1.0,1.0,59,15,14,
STEW,fbcsp,lda,1,within,3,42,1.0,1.0,59,15,14,
STEW,fbcsp,svm,1,within,3,42,1.0,1.0,59,15,14,
STEW,fbcsp,decision_tree,1,within,3,42,1.0,1.0,59,15,14,
STEW,fbcsp,random_forest,1,within,3,42,1.0,1.0,59,15,14,
STEW,bandpower,lda,1,within,3,42,1.0,1.0,59,15,14,
STEW,bandpower,svm,1,within,3,42,0.8648648648648649,0.9333333333333333,59,15,14,
STEW,bandpower,decision_tree,1,within,3,42,1.0,1.0,59,15,14,
STEW,bandpower,random_forest,1,within,3,42,1.0,1.0,59,15,14,
STEW,fbcsp,lda,1,within,4,42,1.0,1.0,60,14,14,
STEW,fbcsp,svm,1,within,4,42,1.0,1.0,60,14,14,
STEW,fbcsp,decision_tree,1,within,4,42,1.0,1.0,60,14,14,
STEW,fbcsp,random_forest,1,within,4,42,1.0,1.0,60,14,14,
STEW,bandpower,lda,1,within,4,42,1.0,1.0,60,14,14,
STEW,bandpower,svm,1,within,4,42,1.0,1.0,60,14,14,
STEW,bandpower,decision_tree,1,within,4,42,1.0,1.0,60,14,14,
STEW,bandpower,random_forest,1,within,4,42,1.0,1.0,60,14,14,
STEW,fbcsp,lda,2,within,0,42,1.0,1.0,59,15,14,
STEW,fbcsp,svm,2,within,0,42,1.0,1.0,59,15,14,
STEW,fbcsp,decision_tree,2,within,0,42,0.8648648648648649,0.9333333333333333,59,15,14,
STEW,fbcsp,random_forest,2,within,0,42,1.0,1.0,59,15,14,
STEW,bandpower,lda,2,within,0,42,0.8648648648648649,0.9333333333333333,59,15,14,
STEW,bandpower,svm,2,within,0,42,1.0,1.0,59,15,14,
STEW,bandpower,decision_tree,2,within,0,42,0.8648648648648649,0.9333333333333333,59,15,14,
STEW,bandpower,random_forest,2,within,0,42,1.0,1.0,59,15,14,
STEW,fbcsp,lda,2,within,1,42,1.0,1.0,59,15,14,
STEW,fbcsp,svm,2,within,1,42,1.0,1.0,59,15,14,
STEW,fbcsp,decision_tree,2,within,1,42,0.8648648648648649,0.9333333333333333,59,15,14,
STEW,fbcsp,random_forest,2,within,1,42,1.0,1.0,59,15,14,
STEW,bandpower,lda,2,within,1,42,1.0,1.0,59,15,14,
STEW,bandpower,svm,2,within,1,42,1.0,1.0,59,15,14,
STEW,bandpower,decision_tree,2,within,1,42,1.0,1.0,59,15,14,
STEW,bandpower,random_forest,2,within,1,42,1.0,1.0,59,15,14,
STEW,fbcsp,lda,2,within,2,42,1.0,1.0,59,15,14,
STEW,fbcsp,svm,2,within,2,42,1.0,1.0,59,15,14,
STEW,fbcsp,decision_tree,2,within,2,42,0.8672566371681416,0.9333333333333333,59,15,14,
STEW,fbcsp,random_forest,2,within,2,42,1.0,1.0,59,15,14,
STEW,bandpower,lda,2,within,2,42,1.0,1.0,59,15,14,
STEW,bandpower,svm,2,within,2,42,1.0,1.0,59,15,14,
STEW,bandpower,decision_tree,2,within,2,42,0.8672566371681416,0.9333333333333333,59,15,14,
STEW,bandpower,random_forest,2,within,2,42,1.0,1.0,59,15,14,
STEW,fbcsp,lda,2,within,3,42,1.0,1.0,59,15,14,
STEW,fbcsp,svm,2,within,3,42,1.0,1.0,59,15,14,
STEW,fbcsp,decision_tree,2,within,3,42,0.8648648648648649,0.9333333333333333,59,15,14,
STEW,fbcsp,random_forest,2,within,3,42,1.0,1.0,59,15,14,
STEW,bandpower,lda,2,within,3,42,1.0,1.0,59,15,14,
STEW,bandpower,svm,2,within,3,42,1.0,1.0,59,15,14,
STEW,bandpower,decision_tree,2,within,3,42,1.0,1.0,59,15,14,
STEW,bandpower,random_forest,2,within,3,42,1.0,1.0,59,15,14,
STEW,fbcsp,lda,2,within,4,42,1.0,1.0,60,14,14,
STEW,fbcsp,svm,2,within,4,42,1.0,1.0,60,14,14,
STEW,fbcsp,decision_tree,2,within,4,42,1.0,1.0,60,14,14,
STEW,fbcsp,random_forest,2,within,4,42,1.0,1.0,60,14,14,
STEW,bandpower,lda,2,within,4,42,1.0,1.0,60,14,14,
STEW,bandpower,svm,2,within,4,42,1.0,1.0,60,14,14,
STEW,bandpower,decision_tree,2,within,4,42,1.0,1.0,60,14,14,
STEW,bandpower,random_forest,2,within,4,42,1.0,1.0,60,14,14,
STEW,fbcsp,lda,3,within,0,42,1.0,1.0,59,15,14,
STEW,fbcsp,svm,3,within,0,42,1.0,1.0,59,15,14,
STEW,fbcsp,decision_tree,3,within,0,42,0.736842105263158,0.8666666666666667,59,15,14,
STEW,fbcsp,random_forest,3,within,0,42,0.8672566371681416,0.9333333333333333,59,15,14,
STEW,bandpower,lda,3,within,0,42,1.0,1.0,59,15,14,
STEW,bandpower,svm,3,within,0,42,1.0,1.0,59,15,14,
STEW,bandpower,decision_tree,3,within,0,42,0.7272727272727273,0.8666666666666667,59,15,14,
STEW,bandpower,random_forest,3,within,0,42,1.0,1.0,59,15,14,
STEW,fbcsp,lda,3,within,1,42,0.8672566371681416,0.9333333333333333,59,15,14,
STEW,fbcsp,svm,3,within,1,42,0.7272727272727273,0.8666666666666667,59,15,14,
STEW,fbcsp,decision_tree,3,within,1,42,0.4736842105263158,0.7333333333333333,59,15,14,
STEW,fbcsp,random_forest,3,within,1,42,0.7321428571428572,0.8666666666666667,59,15,14,
STEW,bandpower,lda,3,within,1,42,0.6086956521739131,0.8,59,15,14,
STEW,bandpower,svm,3,within,1,42,0.48275862068965514,0.7333333333333333,59,15,14,
STEW,bandpower,decision_tree,3,within,1,42,0.33628318584070793,0.6666666666666666,59,15,14,
STEW,bandpower,random_forest,3,within,1,42,0.21052631578947367,0.6,59,15,14,
STEW,fbcsp,lda,3,within,2,42,0.8672566371681416,0.9333333333333333,59,15,14,
STEW,fbcsp,svm,3,within,2,42,0.736842105263158,0.8666666666666667,59,15,14,
STEW,fbcsp,decision_tree,3,within,2,42,0.736842105263158,0.8666666666666667,59,15,14,
STEW,fbcsp,random_forest,3,within,2,42,0.736842105263158,0.8666666666666667,59,15,14,
STEW,bandpower,lda,3,within,2,42,0.7321428571428572,0.8666666666666667,59,15,14,
STEW,bandpower,svm,3,within,2,42,0.5945945945945946,0.8,59,15,14,
STEW,bandpower,decision_tree,3,within,2,42,0.03669724770642213,0.5333333333333333,59,15,14,
STEW,bandpower,random_forest,3,within,2,42,0.5945945945945946,0.8,59,15,14,
STEW,fbcsp,lda,3,within,3,42,0.8672566371681416,0.9333333333333333,59,15,14,
STEW,fbcsp,svm,3,within,3,42,0.8672566371681416,0.9333333333333333,59,15,14,
STEW,fbcsp,decision_tree,3,within,3,42,0.4736842105263158,0.7333333333333333,59,15,14,
STEW,fbcsp,random_forest,3,within,3,42,0.8672566371681416,0.9333333333333333,59,15,14,
STEW,bandpower,lda,3,within,3,42,1.0,1.0,59,15,14,
STEW,bandpower,svm,3,within,3,42,0.8672566371681416,0.9333333333333333,59,15,14,
STEW,bandpower,decision_tree,3,within,3,42,0.6017699115044248,0.8,59,15,14,
STEW,bandpower,random_forest,3,within,3,42,0.8672566371681416,0.9333333333333333,59,15,14,
STEW,fbcsp,lda,3,within,4,42,1.0,1.0,60,14,14,
STEW,fbcsp,svm,3,within,4,42,1.0,1.0,60,14,14,
STEW,fbcsp,decision_tree,3,within,4,42,0.7142857142857143,0.8571428571428571,60,14,14,
STEW,fbcsp,random_forest,3,within,4,42,1.0,1.0,60,14,14,
STEW,bandpower,lda,3,within,4,42,0.8571428571428572,0.9285714285714286,60,14,14,
STEW,bandpower,svm,3,within,4,42,0.4285714285714286,0.7142857142857143,60,14,14,
STEW,bandpower,decision_tree,3,within,4,42,0.4285714285714286,0.7142857142857143,60,14,14,
STEW,bandpower,random_forest,3,within,4,42,0.7142857142857143,0.8571428571428571,60,14,14,
STEW,fbcsp,lda,4,within,0,42,0.7321428571428572,0.8666666666666667,59,15,14,
STEW,fbcsp,svm,4,within,0,42,0.8672566371681416,0.9333333333333333,59,15,14,
STEW,fbcsp,decision_tree,4,within,0,42,0.6086956521739131,0.8,59,15,14,
STEW,fbcsp,random_forest,4,within,0,42,0.736842105263158,0.8666666666666667,59,15,14,
STEW,bandpower,lda,4,within,0,42,1.0,1.0,59,15,14,
STEW,bandpower,svm,4,within,0,42,1.0,1.0,59,15,14,
STEW,bandpower,decision_tree,4,within,0,42,0.736842105263158,0.8666666666666667,59,15,14,
STEW,bandpower,random_forest,4,within,0,42,0.8648648648648649,0.9333333333333333,59,15,14,
STEW,fbcsp,lda,4,within,1,42,0.8648648648648649,0.9333333333333333,59,15,14,
STEW,fbcsp,svm,4,within,1,42,0.8648648648648649,0.9333333333333333,59,15,14,
STEW,fbcsp,decision_tree,4,within,1,42,0.6017699115044248,0.8,59,15,14,
STEW,fbcsp,random_forest,4,within,1,42,0.8648648648648649,0.9333333333333333,59,15,14,
STEW,bandpower,lda,4,within,1,42,0.7321428571428572,0.8666666666666667,59,15,14,
STEW,bandpower,svm,4,within,1,42,0.8672566371681416,0.9333333333333333,59,15,14,
STEW,bandpower,decision_tree,4,within,1,42,0.22413793103448265,0.6,59,15,14,
STEW,bandpower,random_forest,4,within,1,42,0.48275862068965514,0.7333333333333333,59,15,14,
STEW,fbcsp,lda,4,within,2,42,0.7272727272727273,0.8666666666666667,59,15,14,
STEW,fbcsp,svm,4,within,2,42,0.7272727272727273,0.8666666666666667,59,15,14,
STEW,fbcsp,decision_tree,4,within,2,42,0.5945945945945946,0.8,59,15,14,
STEW,fbcsp,random_forest,4,within,2,42,0.8648648648648649,0.9333333333333333,59,15,14,
STEW,bandpower,lda,4,within,2,42,0.5945945945945946,0.8,59,15,14,
STEW,bandpower,svm,4,within,2,42,0.5945945945945946,0.8,59,15,14,
STEW,bandpower,decision_tree,4,within,2,42,0.07079646017699115,0.5333333333333333,59,15,14,
STEW,bandpower,random_forest,4,within,2,42,0.4642857142857143,0.7333333333333333,59,15,14,
STEW,fbcsp,lda,4,within,3,42,0.8672566371681416,0.9333333333333333,59,15,14,
STEW,fbcsp,svm,4,within,3,42,1.0,1.0,59,15,14,
STEW,fbcsp,decision_tree,4,within,3,42,0.6017699115044248,0.8,59,15,14,
STEW,fbcsp,random_forest,4,within,3,42,0.8672566371681416,0.9333333333333333,59,15,14,
STEW,bandpower,lda,4,within,3,42,0.736842105263158,0.8666666666666667,59,15,14,
STEW,bandpower,svm,4,within,3,42,0.736842105263158,0.8666666666666667,59,15,14,
STEW,bandpower,decision_tree,4,within,3,42,0.8672566371681416,0.9333333333333333,59,15,14,
STEW,bandpower,random_forest,4,within,3,42,0.8672566371681416,0.9333333333333333,59,15,14,
STEW,fbcsp,lda,4,within,4,42,1.0,1.0,60,14,14,
STEW,fbcsp,svm,4,within,4,42,1.0,1.0,60,14,14,
STEW,fbcsp,decision_tree,4,within,4,42,0.8571428571428572,0.9285714285714286,60,14,14,
STEW,fbcsp,random_forest,4,within,4,42,1.0,1.0,60,14,14,
STEW,bandpower,lda,4,within,4,42,1.0,1.0,60,14,14,
STEW,bandpower,svm,4,within,4,42,1.0,1.0,60,14,14,
STEW,bandpower,decision_tree,4,within,4,42,0.7142857142857143,0.8571428571428571,60,14,14,
STEW,bandpower,random_forest,4,within,4,42,1.0,1.0,60,14,14,
STEW,fbcsp,lda,6,within,0,42,1.0,1.0,59,15,14,
STEW,fbcsp,svm,6,within,0,42,1.0,1.0,59,15,14,
STEW,fbcsp,decision_tree,6,within,0,42,1.0,1.0,59,15,14,
STEW,fbcsp,random_forest,6,within,0,42,1.0,1.0,59,15,14,
STEW,bandpower,lda,6,within,0,42,1.0,1.0,59,15,14,
STEW,bandpower,svm,6,within,0,42,1.0,1.0,59,15,14,
STEW,bandpower,decision_tree,6,within,0,42,0.736842105263158,0.8666666666666667,59,15,14,
STEW,bandpower,random_forest,6,within,0,42,1.0,1.0,59,15,14,
STEW,fbcsp,lda,6,within,1,42,1.0,1.0,59,15,14,
STEW,fbcsp,svm,6,within,1,42,1.0,1.0,59,15,14,
STEW,fbcsp,decision_tree,6,within,1,42,0.736842105263158,0.8666666666666667,59,15,14,
STEW,fbcsp,random_forest,6,within,1,42,1.0,1.0,59,15,14,
STEW,bandpower,lda,6,within,1,42,1.0,1.0,59,15,14,
STEW,bandpower,svm,6,within,1,42,1.0,1.0,59,15,14,
STEW,bandpower,decision_tree,6,within,1,42,1.0,1.0,59,15,14,
STEW,bandpower,random_forest,6,within,1,42,1.0,1.0,59,15,14,
STEW,fbcsp,lda,6,within,2,42,1.0,1.0,59,15,14,
STEW,fbcsp,svm,6,within,2,42,1.0,1.0,59,15,14,
STEW,fbcsp,decision_tree,6,within,2,42,1.0,1.0,59,15,14,
STEW,fbcsp,random_forest,6,within,2,42,1.0,1.0,59,15,14,
STEW,bandpower,lda,6,within,2,42,1.0,1.0,59,15,14,
STEW,bandpower,svm,6,within,2,42,1.0,1.0,59,15,14,
STEW,bandpower,decision_tree,6,within,2,42,1.0,1.0,59,15,14,
STEW,bandpower,random_forest,6,within,2,42,1.0,1.0,59,15,14,
STEW,fbcsp,lda,6,within,3,42,1.0,1.0,59,15,14,
STEW,fbcsp,svm,6,within,3,42,1.0,1.0,59,15,14,
STEW,fbcsp,decision_tree,6,within,3,42,1.0,1.0,59,15,14,
STEW,fbcsp,random_forest,6,within,3,42,1.0,1.0,59,15,14,
STEW,bandpower,lda,6,within,3,42,1.0,1.0,59,15,14,
STEW,bandpower,svm,6,within,3,42,1.0,1.0,59,15,14,
STEW,bandpower,decision_tree,6,within,3,42,1.0,1.0,59,15,14,
STEW,bandpower,random_forest,6,within,3,42,1.0,1.0,59,15,14,
STEW,fbcsp,lda,6,within,4,42,1.0,1.0,60,14,14,
STEW,fbcsp,svm,6,within,4,42,1.0,1.0,60,14,14,
STEW,fbcsp,decision_tree,6,within,4,42,1.0,1.0,60,14,14,
STEW,fbcsp,random_forest,6,within,4,42,1.0,1.0,60,14,14,
STEW,bandpower,lda,6,within,4,42,1.0,1.0,60,14,14,
STEW,bandpower,svm,6,within,4,42,1.0,1.0,60,14,14,
STEW,bandpower,decision_tree,6,within,4,42,1.0,1.0,60,14,14,
STEW,bandpower,random_forest,6,within,4,42,1.0,1.0,60,14,14,
STEW,fbcsp,lda,7,within,0,42,1.0,1.0,59,15,14,
STEW,fbcsp,svm,7,within,0,42,1.0,1.0,59,15,14,
STEW,fbcsp,decision_tree,7,within,0,42,0.736842105263158,0.8666666666666667,59,15,14,
STEW,fbcsp,random_forest,7,within,0,42,1.0,1.0,59,15,14,
STEW,bandpower,lda,7,within,0,42,1.0,1.0,59,15,14,
STEW,bandpower,svm,7,within,0,42,1.0,1.0,59,15,14,
STEW,bandpower,decision_tree,7,within,0,42,0.7321428571428572,0.8666666666666667,59,15,14,
STEW,bandpower,random_forest,7,within,0,42,1.0,1.0,59,15,14,
STEW,fbcsp,lda,7,within,1,42,1.0,1.0,59,15,14,
STEW,fbcsp,svm,7,within,1,42,1.0,1.0,59,15,14,
STEW,fbcsp,decision_tree,7,within,1,42,0.7321428571428572,0.8666666666666667,59,15,14,
STEW,fbcsp,random_forest,7,within,1,42,1.0,1.0,59,15,14,
STEW,bandpower,lda,7,within,1,42,1.0,1.0,59,15,14,
STEW,bandpower,svm,7,within,1,42,1.0,1.0,59,15,14,
STEW,bandpower,decision_tree,7,within,1,42,0.8672566371681416,0.9333333333333333,59,15,14,
STEW,bandpower,random_forest,7,within,1,42,0.8672566371681416,0.9333333333333333,59,15,14,
STEW,fbcsp,lda,7,within,2,42,1.0,1.0,59,15,14,
STEW,fbcsp,svm,7,within,2,42,1.0,1.0,59,15,14,
STEW,fbcsp,decision_tree,7,within,2,42,0.8672566371681416,0.9333333333333333,59,15,14,
STEW,fbcsp,random_forest,7,within,2,42,1.0,1.0,59,15,14,
STEW,bandpower,lda,7,within,2,42,1.0,1.0,59,15,14,
STEW,bandpower,svm,7,within,2,42,0.7272727272727273,0.8666666666666667,59,15,14,
STEW,bandpower,decision_tree,7,within,2,42,1.0,1.0,59,15,14,
STEW,bandpower,random_forest,7,within,2,42,1.0,1.0,59,15,14,
STEW,fbcsp,lda,7,within,3,42,0.8672566371681416,0.9333333333333333,59,15,14,
STEW,fbcsp,svm,7,within,3,42,1.0,1.0,59,15,14,
STEW,fbcsp,decision_tree,7,within,3,42,0.8672566371681416,0.9333333333333333,59,15,14,
STEW,fbcsp,random_forest,7,within,3,42,1.0,1.0,59,15,14,
STEW,bandpower,lda,7,within,3,42,1.0,1.0,59,15,14,
STEW,bandpower,svm,7,within,3,42,1.0,1.0,59,15,14,
STEW,bandpower,decision_tree,7,within,3,42,1.0,1.0,59,15,14,
STEW,bandpower,random_forest,7,within,3,42,1.0,1.0,59,15,14,
STEW,fbcsp,lda,7,within,4,42,1.0,1.0,60,14,14,
STEW,fbcsp,svm,7,within,4,42,1.0,1.0,60,14,14,
STEW,fbcsp,decision_tree,7,within,4,42,0.7142857142857143,0.8571428571428571,60,14,14,
STEW,fbcsp,random_forest,7,within,4,42,1.0,1.0,60,14,14,
STEW,bandpower,lda,7,within,4,42,1.0,1.0,60,14,14,
STEW,bandpower,svm,7,within,4,42,1.0,1.0,60,14,14,
STEW,bandpower,decision_tree,7,within,4,42,1.0,1.0,60,14,14,
STEW,bandpower,random_forest,7,within,4,42,1.0,1.0,60,14,14,
STEW,fbcsp,lda,8,within,0,42,0.8672566371681416,0.9333333333333333,59,15,14,
STEW,fbcsp,svm,8,within,0,42,0.736842105263158,0.8666666666666667,59,15,14,
STEW,fbcsp,decision_tree,8,within,0,42,0.736842105263158,0.8666666666666667,59,15,14,
STEW,fbcsp,random_forest,8,within,0,42,0.736842105263158,0.8666666666666667,59,15,14,
STEW,bandpower,lda,8,within,0,42,1.0,1.0,59,15,14,
STEW,bandpower,svm,8,within,0,42,0.8672566371681416,0.9333333333333333,59,15,14,
STEW,bandpower,decision_tree,8,within,0,42,1.0,1.0,59,15,14,
STEW,bandpower,random_forest,8,within,0,42,0.7321428571428572,0.8666666666666667,59,15,14,
STEW,fbcsp,lda,8,within,1,42,0.8648648648648649,0.9333333333333333,59,15,14,
STEW,fbcsp,svm,8,within,1,42,0.8648648648648649,0.9333333333333333,59,15,14,
STEW,fbcsp,decision_tree,8,within,1,42,0.8648648648648649,0.9333333333333333,59,15,14,
STEW,fbcsp,random_forest,8,within,1,42,0.8648648648648649,0.9333333333333333,59,15,14,
STEW,bandpower,lda,8,within,1,42,1.0,1.0,59,15,14,
STEW,bandpower,svm,8,within,1,42,1.0,1.0,59,15,14,
STEW,bandpower,decision_tree,8,within,1,42,1.0,1.0,59,15,14,
STEW,bandpower,random_forest,8,within,1,42,1.0,1.0,59,15,14,
STEW,fbcsp,lda,8,within,2,42,1.0,1.0,59,15,14,
STEW,fbcsp,svm,8,within,2,42,1.0,1.0,59,15,14,
STEW,fbcsp,decision_tree,8,within,2,42,0.7321428571428572,0.8666666666666667,59,15,14,
STEW,fbcsp,random_forest,8,within,2,42,1.0,1.0,59,15,14,
STEW,bandpower,lda,8,within,2,42,1.0,1.0,59,15,14,
STEW,bandpower,svm,8,within,2,42,1.0,1.0,59,15,14,
STEW,bandpower,decision_tree,8,within,2,42,1.0,1.0,59,15,14,
STEW,bandpower,random_forest,8,within,2,42,1.0,1.0,59,15,14,
STEW,fbcsp,lda,8,within,3,42,1.0,1.0,59,15,14,
STEW,fbcsp,svm,8,within,3,42,1.0,1.0,59,15,14,
STEW,fbcsp,decision_tree,8,within,3,42,0.7321428571428572,0.8666666666666667,59,15,14,
STEW,fbcsp,random_forest,8,within,3,42,0.8648648648648649,0.9333333333333333,59,15,14,
STEW,bandpower,lda,8,within,3,42,1.0,1.0,59,15,14,
STEW,bandpower,svm,8,within,3,42,0.8648648648648649,0.9333333333333333,59,15,14,
STEW,bandpower,decision_tree,8,within,3,42,1.0,1.0,59,15,14,
STEW,bandpower,random_forest,8,within,3,42,0.8648648648648649,0.9333333333333333,59,15,14,
STEW,fbcsp,lda,8,within,4,42,0.8571428571428572,0.9285714285714286,60,14,14,
STEW,fbcsp,svm,8,within,4,42,1.0,1.0,60,14,14,
STEW,fbcsp,decision_tree,8,within,4,42,1.0,1.0,60,14,14,
STEW,fbcsp,random_forest,8,within,4,42,1.0,1.0,60,14,14,
STEW,bandpower,lda,8,within,4,42,1.0,1.0,60,14,14,
STEW,bandpower,svm,8,within,4,42,1.0,1.0,60,14,14,
STEW,bandpower,decision_tree,8,within,4,42,1.0,1.0,60,14,14,
STEW,bandpower,random_forest,8,within,4,42,1.0,1.0,60,14,14,
STEW,fbcsp,lda,9,within,0,42,0.8648648648648649,0.9333333333333333,59,15,14,
STEW,fbcsp,svm,9,within,0,42,0.8648648648648649,0.9333333333333333,59,15,14,
STEW,fbcsp,decision_tree,9,within,0,42,0.7321428571428572,0.8666666666666667,59,15,14,
STEW,fbcsp,random_forest,9,within,0,42,0.8648648648648649,0.9333333333333333,59,15,14,
STEW,bandpower,lda,9,within,0,42,1.0,1.0,59,15,14,
STEW,bandpower,svm,9,within,0,42,1.0,1.0,59,15,14,
STEW,bandpower,decision_tree,9,within,0,42,0.4545454545454546,0.7333333333333333,59,15,14,
STEW,bandpower,random_forest,9,within,0,42,1.0,1.0,59,15,14,
STEW,fbcsp,lda,9,within,1,42,1.0,1.0,59,15,14,
STEW,fbcsp,svm,9,within,1,42,1.0,1.0,59,15,14,
STEW,fbcsp,decision_tree,9,within,1,42,0.8672566371681416,0.9333333333333333,59,15,14,
STEW,fbcsp,random_forest,9,within,1,42,1.0,1.0,59,15,14,
STEW,bandpower,lda,9,within,1,42,0.8672566371681416,0.9333333333333333,59,15,14,
STEW,bandpower,svm,9,within,1,42,0.6017699115044248,0.8,59,15,14,
STEW,bandpower,decision_tree,9,within,1,42,0.7321428571428572,0.8666666666666667,59,15,14,
STEW,bandpower,random_forest,9,within,1,42,0.7321428571428572,0.8666666666666667,59,15,14,
STEW,fbcsp,lda,9,within,2,42,0.8648648648648649,0.9333333333333333,59,15,14,
STEW,fbcsp,svm,9,within,2,42,0.7321428571428572,0.8666666666666667,59,15,14,
STEW,fbcsp,decision_tree,9,within,2,42,1.0,1.0,59,15,14,
STEW,fbcsp,random_forest,9,within,2,42,0.8648648648648649,0.9333333333333333,59,15,14,
STEW,bandpower,lda,9,within,2,42,1.0,1.0,59,15,14,
STEW,bandpower,svm,9,within,2,42,0.7321428571428572,0.8666666666666667,59,15,14,
STEW,bandpower,decision_tree,9,within,2,42,0.8648648648648649,0.9333333333333333,59,15,14,
STEW,bandpower,random_forest,9,within,2,42,0.8648648648648649,0.9333333333333333,59,15,14,
STEW,fbcsp,lda,9,within,3,42,1.0,1.0,59,15,14,
STEW,fbcsp,svm,9,within,3,42,1.0,1.0,59,15,14,
STEW,fbcsp,decision_tree,9,within,3,42,0.22413793103448265,0.6,59,15,14,
STEW,fbcsp,random_forest,9,within,3,42,1.0,1.0,59,15,14,
STEW,bandpower,lda,9,within,3,42,1.0,1.0,59,15,14,
STEW,bandpower,svm,9,within,3,42,0.7321428571428572,0.8666666666666667,59,15,14,
STEW,bandpower,decision_tree,9,within,3,42,0.4642857142857143,0.7333333333333333,59,15,14,
STEW,bandpower,random_forest,9,within,3,42,0.7321428571428572,0.8666666666666667,59,15,14,
STEW,fbcsp,lda,9,within,4,42,1.0,1.0,60,14,14,
STEW,fbcsp,svm,9,within,4,42,1.0,1.0,60,14,14,
STEW,fbcsp,decision_tree,9,within,4,42,0.8571428571428572,0.9285714285714286,60,14,14,
STEW,fbcsp,random_forest,9,within,4,42,0.8571428571428572,0.9285714285714286,60,14,14,
STEW,bandpower,lda,9,within,4,42,1.0,1.0,60,14,14,
STEW,bandpower,svm,9,within,4,42,1.0,1.0,60,14,14,
STEW,bandpower,decision_tree,9,within,4,42,1.0,1.0,60,14,14,
STEW,bandpower,random_forest,9,within,4,42,1.0,1.0,60,14,14,
STEW,fbcsp,lda,10,within,0,42,1.0,1.0,59,15,14,
STEW,fbcsp,svm,10,within,0,42,1.0,1.0,59,15,14,
STEW,fbcsp,decision_tree,10,within,0,42,0.8672566371681416,0.9333333333333333,59,15,14,
STEW,fbcsp,random_forest,10,within,0,42,1.0,1.0,59,15,14,
STEW,bandpower,lda,10,within,0,42,0.8648648648648649,0.9333333333333333,59,15,14,
STEW,bandpower,svm,10,within,0,42,1.0,1.0,59,15,14,
STEW,bandpower,decision_tree,10,within,0,42,1.0,1.0,59,15,14,
STEW,bandpower,random_forest,10,within,0,42,1.0,1.0,59,15,14,
STEW,fbcsp,lda,10,within,1,42,1.0,1.0,59,15,14,
STEW,fbcsp,svm,10,within,1,42,1.0,1.0,59,15,14,
STEW,fbcsp,decision_tree,10,within,1,42,0.8648648648648649,0.9333333333333333,59,15,14,
STEW,fbcsp,random_forest,10,within,1,42,1.0,1.0,59,15,14,
STEW,bandpower,lda,10,within,1,42,1.0,1.0,59,15,14,
STEW,bandpower,svm,10,within,1,42,1.0,1.0,59,15,14,
STEW,bandpower,decision_tree,10,within,1,42,1.0,1.0,59,15,14,
STEW,bandpower,random_forest,10,within,1,42,1.0,1.0,59,15,14,
STEW,fbcsp,lda,10,within,2,42,1.0,1.0,59,15,14,
STEW,fbcsp,svm,10,within,2,42,1.0,1.0,59,15,14,
STEW,fbcsp,decision_tree,10,within,2,42,1.0,1.0,59,15,14,
STEW,fbcsp,random_forest,10,within,2,42,1.0,1.0,59,15,14,
STEW,bandpower,lda,10,within,2,42,1.0,1.0,59,15,14,
STEW,bandpower,svm,10,within,2,42,1.0,1.0,59,15,14,
STEW,bandpower,decision_tree,10,within,2,42,1.0,1.0,59,15,14,
STEW,bandpower,random_forest,10,within,2,42,1.0,1.0,59,15,14,
STEW,fbcsp,lda,10,within,3,42,1.0,1.0,59,15,14,
STEW,fbcsp,svm,10,within,3,42,1.0,1.0,59,15,14,
STEW,fbcsp,decision_tree,10,within,3,42,1.0,1.0,59,15,14,
STEW,fbcsp,random_forest,10,within,3,42,1.0,1.0,59,15,14,
STEW,bandpower,lda,10,within,3,42,1.0,1.0,59,15,14,
STEW,bandpower,svm,10,within,3,42,1.0,1.0,59,15,14,
STEW,bandpower,decision_tree,10,within,3,42,1.0,1.0,59,15,14,
STEW,bandpower,random_forest,10,within,3,42,1.0,1.0,59,15,14,
STEW,fbcsp,lda,10,within,4,42,1.0,1.0,60,14,14,
STEW,fbcsp,svm,10,within,4,42,1.0,1.0,60,14,14,
STEW,fbcsp,decision_tree,10,within,4,42,0.8571428571428572,0.9285714285714286,60,14,14,
STEW,fbcsp,random_forest,10,within,4,42,1.0,1.0,60,14,14,
STEW,bandpower,lda,10,within,4,42,1.0,1.0,60,14,14,
STEW,bandpower,svm,10,within,4,42,0.8571428571428572,0.9285714285714286,60,14,14,
STEW,bandpower,decision_tree,10,within,4,42,1.0,1.0,60,14,14,
STEW,bandpower,random_forest,10,within,4,42,1.0,1.0,60,14,14,
STEW,fbcsp,lda,11,within,0,42,0.7272727272727273,0.8666666666666667,59,15,14,
STEW,fbcsp,svm,11,within,0,42,1.0,1.0,59,15,14,
STEW,fbcsp,decision_tree,11,within,0,42,0.8672566371681416,0.9333333333333333,59,15,14,
STEW,fbcsp,random_forest,11,within,0,42,1.0,1.0,59,15,14,
STEW,bandpower,lda,11,within,0,42,1.0,1.0,59,15,14,
STEW,bandpower,svm,11,within,0,42,1.0,1.0,59,15,14,
STEW,bandpower,decision_tree,11,within,0,42,0.6017699115044248,0.8,59,15,14,
STEW,bandpower,random_forest,11,within,0,42,1.0,1.0,59,15,14,
STEW,fbcsp,lda,11,within,1,42,1.0,1.0,59,15,14,
STEW,fbcsp,svm,11,within,1,42,1.0,1.0,59,15,14,
STEW,fbcsp,decision_tree,11,within,1,42,0.8672566371681416,0.9333333333333333,59,15,14,
STEW,fbcsp,random_forest,11,within,1,42,0.8672566371681416,0.9333333333333333,59,15,14,
STEW,bandpower,lda,11,within,1,42,0.8672566371681416,0.9333333333333333,59,15,14,
STEW,bandpower,svm,11,within,1,42,0.8672566371681416,0.9333333333333333,59,15,14,
STEW,bandpower,decision_tree,11,within,1,42,0.8672566371681416,0.9333333333333333,59,15,14,
STEW,bandpower,random_forest,11,within,1,42,0.8672566371681416,0.9333333333333333,59,15,14,
STEW,fbcsp,lda,11,within,2,42,1.0,1.0,59,15,14,
STEW,fbcsp,svm,11,within,2,42,1.0,1.0,59,15,14,
STEW,fbcsp,decision_tree,11,within,2,42,0.8648648648648649,0.9333333333333333,59,15,14,
STEW,fbcsp,random_forest,11,within,2,42,0.8648648648648649,0.9333333333333333,59,15,14,
STEW,bandpower,lda,11,within,2,42,1.0,1.0,59,15,14,
STEW,bandpower,svm,11,within,2,42,0.8648648648648649,0.9333333333333333,59,15,14,
STEW,bandpower,decision_tree,11,within,2,42,0.8648648648648649,0.9333333333333333,59,15,14,
STEW,bandpower,random_forest,11,within,2,42,0.8648648648648649,0.9333333333333333,59,15,14,
STEW,fbcsp,lda,11,within,3,42,1.0,1.0,59,15,14,
STEW,fbcsp,svm,11,within,3,42,1.0,1.0,59,15,14,
STEW,fbcsp,decision_tree,11,within,3,42,0.8648648648648649,0.9333333333333333,59,15,14,
STEW,fbcsp,random_forest,11,within,3,42,1.0,1.0,59,15,14,
STEW,bandpower,lda,11,within,3,42,0.8648648648648649,0.9333333333333333,59,15,14,
STEW,bandpower,svm,11,within,3,42,0.8648648648648649,0.9333333333333333,59,15,14,
STEW,bandpower,decision_tree,11,within,3,42,0.8648648648648649,0.9333333333333333,59,15,14,
STEW,bandpower,random_forest,11,within,3,42,0.8648648648648649,0.9333333333333333,59,15,14,
STEW,fbcsp,lda,11,within,4,42,0.7142857142857143,0.8571428571428571,60,14,14,
STEW,fbcsp,svm,11,within,4,42,0.5714285714285714,0.7857142857142857,60,14,14,
STEW,fbcsp,decision_tree,11,within,4,42,0.7142857142857143,0.8571428571428571,60,14,14,
STEW,fbcsp,random_forest,11,within,4,42,0.7142857142857143,0.8571428571428571,60,14,14,
STEW,bandpower,lda,11,within,4,42,0.7142857142857143,0.8571428571428571,60,14,14,
STEW,bandpower,svm,11,within,4,42,0.5714285714285714,0.7857142857142857,60,14,14,
STEW,bandpower,decision_tree,11,within,4,42,0.7142857142857143,0.8571428571428571,60,14,14,
STEW,bandpower,random_forest,11,within,4,42,0.7142857142857143,0.8571428571428571,60,14,14,
STEW,fbcsp,lda,12,within,0,42,1.0,1.0,59,15,14,
STEW,fbcsp,svm,12,within,0,42,1.0,1.0,59,15,14,
STEW,fbcsp,decision_tree,12,within,0,42,0.8672566371681416,0.9333333333333333,59,15,14,
STEW,fbcsp,random_forest,12,within,0,42,0.8648648648648649,0.9333333333333333,59,15,14,
STEW,bandpower,lda,12,within,0,42,1.0,1.0,59,15,14,
STEW,bandpower,svm,12,within,0,42,0.8672566371681416,0.9333333333333333,59,15,14,
STEW,bandpower,decision_tree,12,within,0,42,1.0,1.0,59,15,14,
STEW,bandpower,random_forest,12,within,0,42,0.8672566371681416,0.9333333333333333,59,15,14,
STEW,fbcsp,lda,12,within,1,42,1.0,1.0,59,15,14,
STEW,fbcsp,svm,12,within,1,42,1.0,1.0,59,15,14,
STEW,fbcsp,decision_tree,12,within,1,42,1.0,1.0,59,15,14,
STEW,fbcsp,random_forest,12,within,1,42,1.0,1.0,59,15,14,
STEW,bandpower,lda,12,within,1,42,1.0,1.0,59,15,14,
STEW,bandpower,svm,12,within,1,42,1.0,1.0,59,15,14,
STEW,bandpower,decision_tree,12,within,1,42,1.0,1.0,59,15,14,
STEW,bandpower,random_forest,12,within,1,42,1.0,1.0,59,15,14,
STEW,fbcsp,lda,12,within,2,42,0.8672566371681416,0.9333333333333333,59,15,14,
STEW,fbcsp,svm,12,within,2,42,0.736842105263158,0.8666666666666667,59,15,14,
STEW,fbcsp,decision_tree,12,within,2,42,0.736842105263158,0.8666666666666667,59,15,14,
STEW,fbcsp,random_forest,12,within,2,42,0.736842105263158,0.8666666666666667,59,15,14,
STEW,bandpower,lda,12,within,2,42,1.0,1.0,59,15,14,
STEW,bandpower,svm,12,within,2,42,0.8672566371681416,0.9333333333333333,59,15,14,
STEW,bandpower,decision_tree,12,within,2,42,0.8648648648648649,0.9333333333333333,59,15,14,
STEW,bandpower,random_forest,12,within,2,42,0.8672566371681416,0.9333333333333333,59,15,14,
STEW,fbcsp,lda,12,within,3,42,1.0,1.0,59,15,14,
STEW,fbcsp,svm,12,within,3,42,1.0,1.0,59,15,14,
STEW,fbcsp,decision_tree,12,within,3,42,1.0,1.0,59,15,14,
STEW,fbcsp,random_forest,12,within,3,42,1.0,1.0,59,15,14,
STEW,bandpower,lda,12,within,3,42,1.0,1.0,59,15,14,
STEW,bandpower,svm,12,within,3,42,1.0,1.0,59,15,14,
STEW,bandpower,decision_tree,12,within,3,42,1.0,1.0,59,15,14,
STEW,bandpower,random_forest,12,within,3,42,1.0,1.0,59,15,14,
STEW,fbcsp,lda,12,within,4,42,0.7142857142857143,0.8571428571428571,60,14,14,
STEW,fbcsp,svm,12,within,4,42,0.8571428571428572,0.9285714285714286,60,14,14,
STEW,fbcsp,decision_tree,12,within,4,42,0.7142857142857143,0.8571428571428571,60,14,14,
STEW,fbcsp,random_forest,12,within,4,42,1.0,1.0,60,14,14,
STEW,bandpower,lda,12,within,4,42,0.8571428571428572,0.9285714285714286,60,14,14,
STEW,bandpower,svm,12,within,4,42,0.7142857142857143,0.8571428571428571,60,14,14,
STEW,bandpower,decision_tree,12,within,4,42,0.7142857142857143,0.8571428571428571,60,14,14,
STEW,bandpower,random_forest,12,within,4,42,0.8571428571428572,0.9285714285714286,60,14,14,
STEW,fbcsp,lda,13,within,0,42,0.8648648648648649,0.9333333333333333,59,15,14,
STEW,fbcsp,svm,13,within,0,42,1.0,1.0,59,15,14,
STEW,fbcsp,decision_tree,13,within,0,42,0.8648648648648649,0.9333333333333333,59,15,14,
STEW,fbcsp,random_forest,13,within,0,42,0.8648648648648649,0.9333333333333333,59,15,14,
STEW,bandpower,lda,13,within,0,42,1.0,1.0,59,15,14,
STEW,bandpower,svm,13,within,0,42,1.0,1.0,59,15,14,
STEW,bandpower,decision_tree,13,within,0,42,0.736842105263158,0.8666666666666667,59,15,14,
STEW,bandpower,random_forest,13,within,0,42,1.0,1.0,59,15,14,
STEW,fbcsp,lda,13,within,1,42,0.8648648648648649,0.9333333333333333,59,15,14,
STEW,fbcsp,svm,13,within,1,42,1.0,1.0,59,15,14,
STEW,fbcsp,decision_tree,13,within,1,42,0.8648648648648649,0.9333333333333333,59,15,14,
STEW,fbcsp,random_forest,13,within,1,42,1.0,1.0,59,15,14,
STEW,bandpower,lda,13,within,1,42,1.0,1.0,59,15,14,
STEW,bandpower,svm,13,within,1,42,1.0,1.0,59,15,14,
STEW,bandpower,decision_tree,13,within,1,42,1.0,1.0,59,15,14,
STEW,bandpower,random_forest,13,within,1,42,1.0,1.0,59,15,14,
STEW,fbcsp,lda,13,within,2,42,0.7272727272727273,0.8666666666666667,59,15,14,
STEW,fbcsp,svm,13,within,2,42,0.7272727272727273,0.8666666666666667,59,15,14,
STEW,fbcsp,decision_tree,13,within,2,42,0.7272727272727273,0.8666666666666667,59,15,14,
STEW,fbcsp,random_forest,13,within,2,42,0.7272727272727273,0.8666666666666667,59,15,14,
STEW,bandpower,lda,13,within,2,42,1.0,1.0,59,15,14,
STEW,bandpower,svm,13,within,2,42,1.0,1.0,59,15,14,
STEW,bandpower,decision_tree,13,within,2,42,1.0,1.0,59,15,14,
STEW,bandpower,random_forest,13,within,2,42,1.0,1.0,59,15,14,
STEW,fbcsp,lda,13,within,3,42,0.6086956521739131,0.8,59,15,14,
STEW,fbcsp,svm,13,within,3,42,0.736842105263158,0.8666666666666667,59,15,14,
STEW,fbcsp,decision_tree,13,within,3,42,0.8648648648648649,0.9333333333333333,59,15,14,
STEW,fbcsp,random_forest,13,within,3,42,1.0,1.0,59,15,14,
STEW,bandpower,lda,13,within,3,42,1.0,1.0,59,15,14,
STEW,bandpower,svm,13,within,3,42,1.0,1.0,59,15,14,
STEW,bandpower,decision_tree,13,within,3,42,0.8672566371681416,0.9333333333333333,59,15,14,
STEW,bandpower,random_forest,13,within,3,42,1.0,1.0,59,15,14,
STEW,fbcsp,lda,13,within,4,42,0.7142857142857143,0.8571428571428571,60,14,14,
STEW,fbcsp,svm,13,within,4,42,0.8571428571428572,0.9285714285714286,60,14,14,
STEW,fbcsp,decision_tree,13,within,4,42,0.2857142857142857,0.6428571428571429,60,14,14,
STEW,fbcsp,random_forest,13,within,4,42,0.7142857142857143,0.8571428571428571,60,14,14,
STEW,bandpower,lda,13,within,4,42,1.0,1.0,60,14,14,
STEW,bandpower,svm,13,within,4,42,1.0,1.0,60,14,14,
STEW,bandpower,decision_tree,13,within,4,42,1.0,1.0,60,14,14,
STEW,bandpower,random_forest,13,within,4,42,1.0,1.0,60,14,14,
STEW,fbcsp,lda,14,within,0,42,1.0,1.0,59,15,14,
STEW,fbcsp,svm,14,within,0,42,1.0,1.0,59,15,14,
STEW,fbcsp,decision_tree,14,within,0,42,1.0,1.0,59,15,14,
STEW,fbcsp,random_forest,14,within,0,42,1.0,1.0,59,15,14,
STEW,bandpower,lda,14,within,0,42,1.0,1.0,59,15,14,
STEW,bandpower,svm,14,within,0,42,1.0,1.0,59,15,14,
STEW,bandpower,decision_tree,14,within,0,42,1.0,1.0,59,15,14,
STEW,bandpower,random_forest,14,within,0,42,1.0,1.0,59,15,14,
STEW,fbcsp,lda,14,within,1,42,1.0,1.0,59,15,14,
STEW,fbcsp,svm,14,within,1,42,1.0,1.0,59,15,14,
STEW,fbcsp,decision_tree,14,within,1,42,0.8648648648648649,0.9333333333333333,59,15,14,
STEW,fbcsp,random_forest,14,within,1,42,1.0,1.0,59,15,14,
STEW,bandpower,lda,14,within,1,42,1.0,1.0,59,15,14,
STEW,bandpower,svm,14,within,1,42,1.0,1.0,59,15,14,
STEW,bandpower,decision_tree,14,within,1,42,1.0,1.0,59,15,14,
STEW,bandpower,random_forest,14,within,1,42,1.0,1.0,59,15,14,
STEW,fbcsp,lda,14,within,2,42,0.8648648648648649,0.9333333333333333,59,15,14,
STEW,fbcsp,svm,14,within,2,42,0.7272727272727273,0.8666666666666667,59,15,14,
STEW,fbcsp,decision_tree,14,within,2,42,1.0,1.0,59,15,14,
STEW,fbcsp,random_forest,14,within,2,42,0.8648648648648649,0.9333333333333333,59,15,14,
STEW,bandpower,lda,14,within,2,42,1.0,1.0,59,15,14,
STEW,bandpower,svm,14,within,2,42,0.736842105263158,0.8666666666666667,59,15,14,
STEW,bandpower,decision_tree,14,within,2,42,0.7272727272727273,0.8666666666666667,59,15,14,
STEW,bandpower,random_forest,14,within,2,42,0.736842105263158,0.8666666666666667,59,15,14,
STEW,fbcsp,lda,14,within,3,42,1.0,1.0,59,15,14,
STEW,fbcsp,svm,14,within,3,42,1.0,1.0,59,15,14,
STEW,fbcsp,decision_tree,14,within,3,42,1.0,1.0,59,15,14,
STEW,fbcsp,random_forest,14,within,3,42,1.0,1.0,59,15,14,
STEW,bandpower,lda,14,within,3,42,1.0,1.0,59,15,14,
STEW,bandpower,svm,14,within,3,42,1.0,1.0,59,15,14,
STEW,bandpower,decision_tree,14,within,3,42,1.0,1.0,59,15,14,
STEW,bandpower,random_forest,14,within,3,42,1.0,1.0,59,15,14,
STEW,fbcsp,lda,14,within,4,42,1.0,1.0,60,14,14,
STEW,fbcsp,svm,14,within,4,42,1.0,1.0,60,14,14,
STEW,fbcsp,decision_tree,14,within,4,42,1.0,1.0,60,14,14,
STEW,fbcsp,random_forest,14,within,4,42,1.0,1.0,60,14,14,
STEW,bandpower,lda,14,within,4,42,1.0,1.0,60,14,14,
STEW,bandpower,svm,14,within,4,42,1.0,1.0,60,14,14,
STEW,bandpower,decision_tree,14,within,4,42,1.0,1.0,60,14,14,
STEW,bandpower,random_forest,14,within,4,42,1.0,1.0,60,14,14,
STEW,fbcsp,lda,15,within,0,42,1.0,1.0,59,15,14,
STEW,fbcsp,svm,15,within,0,42,1.0,1.0,59,15,14,
STEW,fbcsp,decision_tree,15,within,0,42,1.0,1.0,59,15,14,
STEW,fbcsp,random_forest,15,within,0,42,1.0,1.0,59,15,14,
STEW,bandpower,lda,15,within,0,42,1.0,1.0,59,15,14,
STEW,bandpower,svm,15,within,0,42,0.8648648648648649,0.9333333333333333,59,15,14,
STEW,bandpower,decision_tree,15,within,0,42,0.23728813559322037,0.6,59,15,14,
STEW,bandpower,random_forest,15,within,0,42,0.7321428571428572,0.8666666666666667,59,15,14,
STEW,fbcsp,lda,15,within,1,42,1.0,1.0,59,15,14,
STEW,fbcsp,svm,15,within,1,42,1.0,1.0,59,15,14,
STEW,fbcsp,decision_tree,15,within,1,42,0.7272727272727273,0.8666666666666667,59,15,14,
STEW,fbcsp,random_forest,15,within,1,42,1.0,1.0,59,15,14,
STEW,bandpower,lda,15,within,1,42,0.6017699115044248,0.8,59,15,14,
STEW,bandpower,svm,15,within,1,42,0.8648648648648649,0.9333333333333333,59,15,14,
STEW,bandpower,decision_tree,15,within,1,42,0.4736842105263158,0.7333333333333333,59,15,14,
STEW,bandpower,random_forest,15,within,1,42,0.8648648648648649,0.9333333333333333,59,15,14,
STEW,fbcsp,lda,15,within,2,42,0.8672566371681416,0.9333333333333333,59,15,14,
STEW,fbcsp,svm,15,within,2,42,1.0,1.0,59,15,14,
STEW,fbcsp,decision_tree,15,within,2,42,0.736842105263158,0.8666666666666667,59,15,14,
STEW,fbcsp,random_forest,15,within,2,42,0.736842105263158,0.8666666666666667,59,15,14,
STEW,bandpower,lda,15,within,2,42,0.6017699115044248,0.8,59,15,14,
STEW,bandpower,svm,15,within,2,42,0.6086956521739131,0.8,59,15,14,
STEW,bandpower,decision_tree,15,within,2,42,0.6017699115044248,0.8,59,15,14,
STEW,bandpower,random_forest,15,within,2,42,0.21052631578947367,0.6,59,15,14,
STEW,fbcsp,lda,15,within,3,42,1.0,1.0,59,15,14,
STEW,fbcsp,svm,15,within,3,42,1.0,1.0,59,15,14,
STEW,fbcsp,decision_tree,15,within,3,42,0.8672566371681416,0.9333333333333333,59,15,14,
STEW,fbcsp,random_forest,15,within,3,42,0.8672566371681416,0.9333333333333333,59,15,14,
STEW,bandpower,lda,15,within,3,42,0.8648648648648649,0.9333333333333333,59,15,14,
STEW,bandpower,svm,15,within,3,42,1.0,1.0,59,15,14,
STEW,bandpower,decision_tree,15,within,3,42,0.4642857142857143,0.7333333333333333,59,15,14,
STEW,bandpower,random_forest,15,within,3,42,1.0,1.0,59,15,14,
STEW,fbcsp,lda,15,within,4,42,0.8571428571428572,0.9285714285714286,60,14,14,
STEW,fbcsp,svm,15,within,4,42,0.7142857142857143,0.8571428571428571,60,14,14,
STEW,fbcsp,decision_tree,15,within,4,42,0.7142857142857143,0.8571428571428571,60,14,14,
STEW,fbcsp,random_forest,15,within,4,42,0.8571428571428572,0.9285714285714286,60,14,14,
STEW,bandpower,lda,15,within,4,42,0.7142857142857143,0.8571428571428571,60,14,14,
STEW,bandpower,svm,15,within,4,42,0.8571428571428572,0.9285714285714286,60,14,14,
STEW,bandpower,decision_tree,15,within,4,42,0.5714285714285714,0.7857142857142857,60,14,14,
STEW,bandpower,random_forest,15,within,4,42,0.8571428571428572,0.9285714285714286,60,14,14,
STEW,fbcsp,lda,16,within,0,42,0.8672566371681416,0.9333333333333333,59,15,14,
STEW,fbcsp,svm,16,within,0,42,1.0,1.0,59,15,14,
STEW,fbcsp,decision_tree,16,within,0,42,0.736842105263158,0.8666666666666667,59,15,14,
STEW,fbcsp,random_forest,16,within,0,42,0.8672566371681416,0.9333333333333333,59,15,14,
STEW,bandpower,lda,16,within,0,42,1.0,1.0,59,15,14,
STEW,bandpower,svm,16,within,0,42,1.0,1.0,59,15,14,
STEW,bandpower,decision_tree,16,within,0,42,0.6086956521739131,0.8,59,15,14,
STEW,bandpower,random_forest,16,within,0,42,0.8672566371681416,0.9333333333333333,59,15,14,
STEW,fbcsp,lda,16,within,1,42,0.8648648648648649,0.9333333333333333,59,15,14,
STEW,fbcsp,svm,16,within,1,42,0.7272727272727273,0.8666666666666667,59,15,14,
STEW,fbcsp,decision_tree,16,within,1,42,0.4545454545454546,0.7333333333333333,59,15,14,
STEW,fbcsp,random_forest,16,within,1,42,0.4545454545454546,0.7333333333333333,59,15,14,
STEW,bandpower,lda,16,within,1,42,1.0,1.0,59,15,14,
STEW,bandpower,svm,16,within,1,42,1.0,1.0,59,15,14,
STEW,bandpower,decision_tree,16,within,1,42,1.0,1.0,59,15,14,
STEW,bandpower,random_forest,16,within,1,42,1.0,1.0,59,15,14,
STEW,fbcsp,lda,16,within,2,42,1.0,1.0,59,15,14,
STEW,fbcsp,svm,16,within,2,42,0.6086956521739131,0.8,59,15,14,
STEW,fbcsp,decision_tree,16,within,2,42,0.5871559633027523,0.8,59,15,14,
STEW,fbcsp,random_forest,16,within,2,42,0.736842105263158,0.8666666666666667,59,15,14,
STEW,bandpower,lda,16,within,2,42,0.8672566371681416,0.9333333333333333,59,15,14,
STEW,bandpower,svm,16,within,2,42,1.0,1.0,59,15,14,
STEW,bandpower,decision_tree,16,within,2,42,0.8648648648648649,0.9333333333333333,59,15,14,
STEW,bandpower,random_forest,16,within,2,42,1.0,1.0,59,15,14,
STEW,fbcsp,lda,16,within,3,42,0.8672566371681416,0.9333333333333333,59,15,14,
STEW,fbcsp,svm,16,within,3,42,1.0,1.0,59,15,14,
STEW,fbcsp,decision_tree,16,within,3,42,1.0,1.0,59,15,14,
STEW,fbcsp,random_forest,16,within,3,42,1.0,1.0,59,15,14,
STEW,bandpower,lda,16,within,3,42,1.0,1.0,59,15,14,
STEW,bandpower,svm,16,within,3,42,1.0,1.0,59,15,14,
STEW,bandpower,decision_tree,16,within,3,42,1.0,1.0,59,15,14,
STEW,bandpower,random_forest,16,within,3,42,0.8672566371681416,0.9333333333333333,59,15,14,
STEW,fbcsp,lda,16,within,4,42,0.8571428571428572,0.9285714285714286,60,14,14,
STEW,fbcsp,svm,16,within,4,42,1.0,1.0,60,14,14,
STEW,fbcsp,decision_tree,16,within,4,42,0.7142857142857143,0.8571428571428571,60,14,14,
STEW,fbcsp,random_forest,16,within,4,42,1.0,1.0,60,14,14,
STEW,bandpower,lda,16,within,4,42,1.0,1.0,60,14,14,
STEW,bandpower,svm,16,within,4,42,1.0,1.0,60,14,14,
STEW,bandpower,decision_tree,16,within,4,42,0.8571428571428572,0.9285714285714286,60,14,14,
STEW,bandpower,random_forest,16,within,4,42,0.7142857142857143,0.8571428571428571,60,14,14,
STEW,fbcsp,lda,17,within,0,42,1.0,1.0,59,15,14,
STEW,fbcsp,svm,17,within,0,42,1.0,1.0,59,15,14,
STEW,fbcsp,decision_tree,17,within,0,42,0.8672566371681416,0.9333333333333333,59,15,14,
STEW,fbcsp,random_forest,17,within,0,42,1.0,1.0,59,15,14,
STEW,bandpower,lda,17,within,0,42,1.0,1.0,59,15,14,
STEW,bandpower,svm,17,within,0,42,0.8672566371681416,0.9333333333333333,59,15,14,
STEW,bandpower,decision_tree,17,within,0,42,1.0,1.0,59,15,14,
STEW,bandpower,random_forest,17,within,0,42,1.0,1.0,59,15,14,
STEW,fbcsp,lda,17,within,1,42,0.8648648648648649,0.9333333333333333,59,15,14,
STEW,fbcsp,svm,17,within,1,42,0.7321428571428572,0.8666666666666667,59,15,14,
STEW,fbcsp,decision_tree,17,within,1,42,0.7272727272727273,0.8666666666666667,59,15,14,
STEW,fbcsp,random_forest,17,within,1,42,1.0,1.0,59,15,14,
STEW,bandpower,lda,17,within,1,42,1.0,1.0,59,15,14,
STEW,bandpower,svm,17,within,1,42,0.8672566371681416,0.9333333333333333,59,15,14,
STEW,bandpower,decision_tree,17,within,1,42,0.7321428571428572,0.8666666666666667,59,15,14,
STEW,bandpower,random_forest,17,within,1,42,1.0,1.0,59,15,14,
STEW,fbcsp,lda,17,within,2,42,0.8672566371681416,0.9333333333333333,59,15,14,
STEW,fbcsp,svm,17,within,2,42,0.8672566371681416,0.9333333333333333,59,15,14,
STEW,fbcsp,decision_tree,17,within,2,42,0.4642857142857143,0.7333333333333333,59,15,14,
STEW,fbcsp,random_forest,17,within,2,42,0.8672566371681416,0.9333333333333333,59,15,14,
STEW,bandpower,lda,17,within,2,42,0.8672566371681416,0.9333333333333333,59,15,14,
STEW,bandpower,svm,17,within,2,42,0.736842105263158,0.8666666666666667,59,15,14,
STEW,bandpower,decision_tree,17,within,2,42,0.8672566371681416,0.9333333333333333,59,15,14,
STEW,bandpower,random_forest,17,within,2,42,0.8672566371681416,0.9333333333333333,59,15,14,
STEW,fbcsp,lda,17,within,3,42,0.8648648648648649,0.9333333333333333,59,15,14,
STEW,fbcsp,svm,17,within,3,42,0.8648648648648649,0.9333333333333333,59,15,14,
STEW,fbcsp,decision_tree,17,within,3,42,0.7272727272727273,0.8666666666666667,59,15,14,
STEW,fbcsp,random_forest,17,within,3,42,1.0,1.0,59,15,14,
STEW,bandpower,lda,17,within,3,42,0.8648648648648649,0.9333333333333333,59,15,14,
STEW,bandpower,svm,17,within,3,42,0.8648648648648649,0.9333333333333333,59,15,14,
STEW,bandpower,decision_tree,17,within,3,42,0.736842105263158,0.8666666666666667,59,15,14,
STEW,bandpower,random_forest,17,within,3,42,1.0,1.0,59,15,14,
STEW,fbcsp,lda,17,within,4,42,1.0,1.0,60,14,14,
STEW,fbcsp,svm,17,within,4,42,1.0,1.0,60,14,14,
STEW,fbcsp,decision_tree,17,within,4,42,1.0,1.0,60,14,14,
STEW,fbcsp,random_forest,17,within,4,42,0.8571428571428572,0.9285714285714286,60,14,14,
STEW,bandpower,lda,17,within,4,42,1.0,1.0,60,14,14,
STEW,bandpower,svm,17,within,4,42,1.0,1.0,60,14,14,
STEW,bandpower,decision_tree,17,within,4,42,0.8571428571428572,0.9285714285714286,60,14,14,
STEW,bandpower,random_forest,17,within,4,42,1.0,1.0,60,14,14,
STEW,fbcsp,lda,18,within,0,42,1.0,1.0,59,15,14,
STEW,fbcsp,svm,18,within,0,42,0.8672566371681416,0.9333333333333333,59,15,14,
STEW,fbcsp,decision_tree,18,within,0,42,0.7321428571428572,0.8666666666666667,59,15,14,
STEW,fbcsp,random_forest,18,within,0,42,0.8672566371681416,0.9333333333333333,59,15,14,
STEW,bandpower,lda,18,within,0,42,1.0,1.0,59,15,14,
STEW,bandpower,svm,18,within,0,42,0.8648648648648649,0.9333333333333333,59,15,14,
STEW,bandpower,decision_tree,18,within,0,42,0.6017699115044248,0.8,59,15,14,
STEW,bandpower,random_forest,18,within,0,42,0.8648648648648649,0.9333333333333333,59,15,14,
STEW,fbcsp,lda,18,within,1,42,1.0,1.0,59,15,14,
STEW,fbcsp,svm,18,within,1,42,1.0,1.0,59,15,14,
STEW,fbcsp,decision_tree,18,within,1,42,1.0,1.0,59,15,14,
STEW,fbcsp,random_forest,18,within,1,42,1.0,1.0,59,15,14,
STEW,bandpower,lda,18,within,1,42,1.0,1.0,59,15,14,
STEW,bandpower,svm,18,within,1,42,1.0,1.0,59,15,14,
STEW,bandpower,decision_tree,18,within,1,42,0.8672566371681416,0.9333333333333333,59,15,14,
STEW,bandpower,random_forest,18,within,1,42,0.8672566371681416,0.9333333333333333,59,15,14,
STEW,fbcsp,lda,18,within,2,42,0.8648648648648649,0.9333333333333333,59,15,14,
STEW,fbcsp,svm,18,within,2,42,0.8648648648648649,0.9333333333333333,59,15,14,
STEW,fbcsp,decision_tree,18,within,2,42,0.8648648648648649,0.9333333333333333,59,15,14,
STEW,fbcsp,random_forest,18,within,2,42,0.8648648648648649,0.9333333333333333,59,15,14,
STEW,bandpower,lda,18,within,2,42,1.0,1.0,59,15,14,
STEW,bandpower,svm,18,within,2,42,0.8648648648648649,0.9333333333333333,59,15,14,
STEW,bandpower,decision_tree,18,within,2,42,0.7272727272727273,0.8666666666666667,59,15,14,
STEW,bandpower,random_forest,18,within,2,42,0.7272727272727273,0.8666666666666667,59,15,14,
STEW,fbcsp,lda,18,within,3,42,0.8648648648648649,0.9333333333333333,59,15,14,
STEW,fbcsp,svm,18,within,3,42,1.0,1.0,59,15,14,
STEW,fbcsp,decision_tree,18,within,3,42,0.8648648648648649,0.9333333333333333,59,15,14,
STEW,fbcsp,random_forest,18,within,3,42,0.8648648648648649,0.9333333333333333,59,15,14,
STEW,bandpower,lda,18,within,3,42,0.7321428571428572,0.8666666666666667,59,15,14,
STEW,bandpower,svm,18,within,3,42,0.6017699115044248,0.8,59,15,14,
STEW,bandpower,decision_tree,18,within,3,42,0.8672566371681416,0.9333333333333333,59,15,14,
STEW,bandpower,random_forest,18,within,3,42,0.8672566371681416,0.9333333333333333,59,15,14,
STEW,fbcsp,lda,18,within,4,42,0.7142857142857143,0.8571428571428571,60,14,14,
STEW,fbcsp,svm,18,within,4,42,0.8571428571428572,0.9285714285714286,60,14,14,
STEW,fbcsp,decision_tree,18,within,4,42,1.0,1.0,60,14,14,
STEW,fbcsp,random_forest,18,within,4,42,0.8571428571428572,0.9285714285714286,60,14,14,
STEW,bandpower,lda,18,within,4,42,1.0,1.0,60,14,14,
STEW,bandpower,svm,18,within,4,42,0.8571428571428572,0.9285714285714286,60,14,14,
STEW,bandpower,decision_tree,18,within,4,42,0.8571428571428572,0.9285714285714286,60,14,14,
STEW,bandpower,random_forest,18,within,4,42,0.8571428571428572,0.9285714285714286,60,14,14,
STEW,fbcsp,lda,19,within,0,42,1.0,1.0,59,15,14,
STEW,fbcsp,svm,19,within,0,42,1.0,1.0,59,15,14,
STEW,fbcsp,decision_tree,19,within,0,42,0.8648648648648649,0.9333333333333333,59,15,14,
STEW,fbcsp,random_forest,19,within,0,42,1.0,1.0,59,15,14,
STEW,bandpower,lda,19,within,0,42,0.8648648648648649,0.9333333333333333,59,15,14,
STEW,bandpower,svm,19,within,0,42,0.8648648648648649,0.9333333333333333,59,15,14,
STEW,bandpower,decision_tree,19,within,0,42,0.7272727272727273,0.8666666666666667,59,15,14,
STEW,bandpower,random_forest,19,within,0,42,0.7272727272727273,0.8666666666666667,59,15,14,
STEW,fbcsp,lda,19,within,1,42,1.0,1.0,59,15,14,
STEW,fbcsp,svm,19,within,1,42,1.0,1.0,59,15,14,
STEW,fbcsp,decision_tree,19,within,1,42,1.0,1.0,59,15,14,
STEW,fbcsp,random_forest,19,within,1,42,1.0,1.0,59,15,14,
STEW,bandpower,lda,19,within,1,42,1.0,1.0,59,15,14,
STEW,bandpower,svm,19,within,1,42,1.0,1.0,59,15,14,
STEW,bandpower,decision_tree,19,within,1,42,1.0,1.0,59,15,14,
STEW,bandpower,random_forest,19,within,1,42,1.0,1.0,59,15,14,
STEW,fbcsp,lda,19,within,2,42,1.0,1.0,59,15,14,
STEW,fbcsp,svm,19,within,2,42,1.0,1.0,59,15,14,
STEW,fbcsp,decision_tree,19,within,2,42,1.0,1.0,59,15,14,
STEW,fbcsp,random_forest,19,within,2,42,1.0,1.0,59,15,14,
STEW,bandpower,lda,19,within,2,42,1.0,1.0,59,15,14,
STEW,bandpower,svm,19,within,2,42,1.0,1.0,59,15,14,
STEW,bandpower,decision_tree,19,within,2,42,0.8648648648648649,0.9333333333333333,59,15,14,
STEW,bandpower,random_forest,19,within,2,42,1.0,1.0,59,15,14,
STEW,fbcsp,lda,19,within,3,42,1.0,1.0,59,15,14,
STEW,fbcsp,svm,19,within,3,42,0.8672566371681416,0.9333333333333333,59,15,14,
STEW,fbcsp,decision_tree,19,within,3,42,1.0,1.0,59,15,14,
STEW,fbcsp,random_forest,19,within,3,42,1.0,1.0,59,15,14,
STEW,bandpower,lda,19,within,3,42,0.8648648648648649,0.9333333333333333,59,15,14,
STEW,bandpower,svm,19,within,3,42,1.0,1.0,59,15,14,
STEW,bandpower,decision_tree,19,within,3,42,0.8648648648648649,0.9333333333333333,59,15,14,
STEW,bandpower,random_forest,19,within,3,42,0.8648648648648649,0.9333333333333333,59,15,14,
STEW,fbcsp,lda,19,within,4,42,0.8571428571428572,0.9285714285714286,60,14,14,
STEW,fbcsp,svm,19,within,4,42,0.8571428571428572,0.9285714285714286,60,14,14,
STEW,fbcsp,decision_tree,19,within,4,42,0.8571428571428572,0.9285714285714286,60,14,14,
STEW,fbcsp,random_forest,19,within,4,42,0.8571428571428572,0.9285714285714286,60,14,14,
STEW,bandpower,lda,19,within,4,42,1.0,1.0,60,14,14,
STEW,bandpower,svm,19,within,4,42,0.8571428571428572,0.9285714285714286,60,14,14,
STEW,bandpower,decision_tree,19,within,4,42,0.8571428571428572,0.9285714285714286,60,14,14,
STEW,bandpower,random_forest,19,within,4,42,1.0,1.0,60,14,14,
STEW,fbcsp,lda,20,within,0,42,0.8648648648648649,0.9333333333333333,59,15,14,
STEW,fbcsp,svm,20,within,0,42,1.0,1.0,59,15,14,
STEW,fbcsp,decision_tree,20,within,0,42,1.0,1.0,59,15,14,
STEW,fbcsp,random_forest,20,within,0,42,1.0,1.0,59,15,14,
STEW,bandpower,lda,20,within,0,42,1.0,1.0,59,15,14,
STEW,bandpower,svm,20,within,0,42,1.0,1.0,59,15,14,
STEW,bandpower,decision_tree,20,within,0,42,0.7321428571428572,0.8666666666666667,59,15,14,
STEW,bandpower,random_forest,20,within,0,42,1.0,1.0,59,15,14,
STEW,fbcsp,lda,20,within,1,42,1.0,1.0,59,15,14,
STEW,fbcsp,svm,20,within,1,42,0.8672566371681416,0.9333333333333333,59,15,14,
STEW,fbcsp,decision_tree,20,within,1,42,0.8672566371681416,0.9333333333333333,59,15,14,
STEW,fbcsp,random_forest,20,within,1,42,0.8672566371681416,0.9333333333333333,59,15,14,
STEW,bandpower,lda,20,within,1,42,1.0,1.0,59,15,14,
STEW,bandpower,svm,20,within,1,42,1.0,1.0,59,15,14,
STEW,bandpower,decision_tree,20,within,1,42,0.7321428571428572,0.8666666666666667,59,15,14,
STEW,bandpower,random_forest,20,within,1,42,1.0,1.0,59,15,14,
STEW,fbcsp,lda,20,within,2,42,1.0,1.0,59,15,14,
STEW,fbcsp,svm,20,within,2,42,0.8648648648648649,0.9333333333333333,59,15,14,
STEW,fbcsp,decision_tree,20,within,2,42,0.8648648648648649,0.9333333333333333,59,15,14,
STEW,fbcsp,random_forest,20,within,2,42,0.8648648648648649,0.9333333333333333,59,15,14,
STEW,bandpower,lda,20,within,2,42,1.0,1.0,59,15,14,
STEW,bandpower,svm,20,within,2,42,1.0,1.0,59,15,14,
STEW,bandpower,decision_tree,20,within,2,42,0.4736842105263158,0.7333333333333333,59,15,14,
STEW,bandpower,random_forest,20,within,2,42,1.0,1.0,59,15,14,
STEW,fbcsp,lda,20,within,3,42,1.0,1.0,59,15,14,
STEW,fbcsp,svm,20,within,3,42,1.0,1.0,59,15,14,
STEW,fbcsp,decision_tree,20,within,3,42,0.736842105263158,0.8666666666666667,59,15,14,
STEW,fbcsp,random_forest,20,within,3,42,1.0,1.0,59,15,14,
STEW,bandpower,lda,20,within,3,42,1.0,1.0,59,15,14,
STEW,bandpower,svm,20,within,3,42,1.0,1.0,59,15,14,
STEW,bandpower,decision_tree,20,within,3,42,0.8648648648648649,0.9333333333333333,59,15,14,
STEW,bandpower,random_forest,20,within,3,42,1.0,1.0,59,15,14,
STEW,fbcsp,lda,20,within,4,42,1.0,1.0,60,14,14,
STEW,fbcsp,svm,20,within,4,42,1.0,1.0,60,14,14,
STEW,fbcsp,decision_tree,20,within,4,42,0.8571428571428572,0.9285714285714286,60,14,14,
STEW,fbcsp,random_forest,20,within,4,42,1.0,1.0,60,14,14,
STEW,bandpower,lda,20,within,4,42,1.0,1.0,60,14,14,
STEW,bandpower,svm,20,within,4,42,1.0,1.0,60,14,14,
STEW,bandpower,decision_tree,20,within,4,42,1.0,1.0,60,14,14,
STEW,bandpower,random_forest,20,within,4,42,1.0,1.0,60,14,14,
STEW,fbcsp,lda,21,within,0,42,1.0,1.0,59,15,14,
STEW,fbcsp,svm,21,within,0,42,1.0,1.0,59,15,14,
STEW,fbcsp,decision_tree,21,within,0,42,0.8672566371681416,0.9333333333333333,59,15,14,
STEW,fbcsp,random_forest,21,within,0,42,0.8672566371681416,0.9333333333333333,59,15,14,
STEW,bandpower,lda,21,within,0,42,1.0,1.0,59,15,14,
STEW,bandpower,svm,21,within,0,42,1.0,1.0,59,15,14,
STEW,bandpower,decision_tree,21,within,0,42,0.8672566371681416,0.9333333333333333,59,15,14,
STEW,bandpower,random_forest,21,within,0,42,1.0,1.0,59,15,14,
STEW,fbcsp,lda,21,within,1,42,0.8672566371681416,0.9333333333333333,59,15,14,
STEW,fbcsp,svm,21,within,1,42,0.736842105263158,0.8666666666666667,59,15,14,
STEW,fbcsp,decision_tree,21,within,1,42,0.6086956521739131,0.8,59,15,14,
STEW,fbcsp,random_forest,21,within,1,42,0.736842105263158,0.8666666666666667,59,15,14,
STEW,bandpower,lda,21,within,1,42,0.8648648648648649,0.9333333333333333,59,15,14,
STEW,bandpower,svm,21,within,1,42,0.6017699115044248,0.8,59,15,14,
STEW,bandpower,decision_tree,21,within,1,42,0.7321428571428572,0.8666666666666667,59,15,14,
STEW,bandpower,random_forest,21,within,1,42,0.8648648648648649,0.9333333333333333,59,15,14,
STEW,fbcsp,lda,21,within,2,42,0.8648648648648649,0.9333333333333333,59,15,14,
STEW,fbcsp,svm,21,within,2,42,0.8648648648648649,0.9333333333333333,59,15,14,
STEW,fbcsp,decision_tree,21,within,2,42,0.32432432432432434,0.6666666666666666,59,15,14,
STEW,fbcsp,random_forest,21,within,2,42,0.8648648648648649,0.9333333333333333,59,15,14,
STEW,bandpower,lda,21,within,2,42,0.7272727272727273,0.8666666666666667,59,15,14,
STEW,bandpower,svm,21,within,2,42,0.7272727272727273,0.8666666666666667,59,15,14,
STEW,bandpower,decision_tree,21,within,2,42,0.4545454545454546,0.7333333333333333,59,15,14,
STEW,bandpower,random_forest,21,within,2,42,0.7272727272727273,0.8666666666666667,59,15,14,
STEW,fbcsp,lda,21,within,3,42,1.0,1.0,59,15,14,
STEW,fbcsp,svm,21,within,3,42,1.0,1.0,59,15,14,
STEW,fbcsp,decision_tree,21,within,3,42,0.8672566371681416,0.9333333333333333,59,15,14,
STEW,fbcsp,random_forest,21,within,3,42,0.8648648648648649,0.9333333333333333,59,15,14,
STEW,bandpower,lda,21,within,3,42,1.0,1.0,59,15,14,
STEW,bandpower,svm,21,within,3,42,1.0,1.0,59,15,14,
STEW,bandpower,decision_tree,21,within,3,42,0.8672566371681416,0.9333333333333333,59,15,14,
STEW,bandpower,random_forest,21,within,3,42,1.0,1.0,59,15,14,
STEW,fbcsp,lda,21,within,4,42,1.0,1.0,60,14,14,
STEW,fbcsp,svm,21,within,4,42,1.0,1.0,60,14,14,
STEW,fbcsp,decision_tree,21,within,4,42,1.0,1.0,60,14,14,
STEW,fbcsp,random_forest,21,within,4,42,1.0,1.0,60,14,14,
STEW,bandpower,lda,21,within,4,42,1.0,1.0,60,14,14,
STEW,bandpower,svm,21,within,4,42,1.0,1.0,60,14,14,
STEW,bandpower,decision_tree,21,within,4,42,0.8571428571428572,0.9285714285714286,60,14,14,
STEW,bandpower,random_forest,21,within,4,42,1.0,1.0,60,14,14,
STEW,fbcsp,lda,22,within,0,42,0.7321428571428572,0.8666666666666667,59,15,14,
STEW,fbcsp,svm,22,within,0,42,0.8672566371681416,0.9333333333333333,59,15,14,
STEW,fbcsp,decision_tree,22,within,0,42,0.5945945945945946,0.8,59,15,14,
STEW,fbcsp,random_forest,22,within,0,42,0.7321428571428572,0.8666666666666667,59,15,14,
STEW,bandpower,lda,22,within,0,42,0.7321428571428572,0.8666666666666667,59,15,14,
STEW,bandpower,svm,22,within,0,42,0.7321428571428572,0.8666666666666667,59,15,14,
STEW,bandpower,decision_tree,22,within,0,42,0.7321428571428572,0.8666666666666667,59,15,14,
STEW,bandpower,random_forest,22,within,0,42,0.4545454545454546,0.7333333333333333,59,15,14,
STEW,fbcsp,lda,22,within,1,42,1.0,1.0,59,15,14,
STEW,fbcsp,svm,22,within,1,42,1.0,1.0,59,15,14,
STEW,fbcsp,decision_tree,22,within,1,42,1.0,1.0,59,15,14,
STEW,fbcsp,random_forest,22,within,1,42,1.0,1.0,59,15,14,
STEW,bandpower,lda,22,within,1,42,1.0,1.0,59,15,14,
STEW,bandpower,svm,22,within,1,42,1.0,1.0,59,15,14,
STEW,bandpower,decision_tree,22,within,1,42,0.6017699115044248,0.8,59,15,14,
STEW,bandpower,random_forest,22,within,1,42,0.8672566371681416,0.9333333333333333,59,15,14,
STEW,fbcsp,lda,22,within,2,42,0.8672566371681416,0.9333333333333333,59,15,14,
STEW,fbcsp,svm,22,within,2,42,0.8672566371681416,0.9333333333333333,59,15,14,
STEW,fbcsp,decision_tree,22,within,2,42,0.8672566371681416,0.9333333333333333,59,15,14,
STEW,fbcsp,random_forest,22,within,2,42,0.8672566371681416,0.9333333333333333,59,15,14,
STEW,bandpower,lda,22,within,2,42,1.0,1.0,59,15,14,
STEW,bandpower,svm,22,within,2,42,1.0,1.0,59,15,14,
STEW,bandpower,decision_tree,22,within,2,42,0.8648648648648649,0.9333333333333333,59,15,14,
STEW,bandpower,random_forest,22,within,2,42,0.8648648648648649,0.9333333333333333,59,15,14,
STEW,fbcsp,lda,22,within,3,42,0.7321428571428572,0.8666666666666667,59,15,14,
STEW,fbcsp,svm,22,within,3,42,0.7272727272727273,0.8666666666666667,59,15,14,
STEW,fbcsp,decision_tree,22,within,3,42,0.736842105263158,0.8666666666666667,59,15,14,
STEW,fbcsp,random_forest,22,within,3,42,0.8648648648648649,0.9333333333333333,59,15,14,
STEW,bandpower,lda,22,within,3,42,0.8648648648648649,0.9333333333333333,59,15,14,
STEW,bandpower,svm,22,within,3,42,0.8648648648648649,0.9333333333333333,59,15,14,
STEW,bandpower,decision_tree,22,within,3,42,0.7321428571428572,0.8666666666666667,59,15,14,
STEW,bandpower,random_forest,22,within,3,42,1.0,1.0,59,15,14,
STEW,fbcsp,lda,22,within,4,42,1.0,1.0,60,14,14,
STEW,fbcsp,svm,22,within,4,42,1.0,1.0,60,14,14,
STEW,fbcsp,decision_tree,22,within,4,42,0.8571428571428572,0.9285714285714286,60,14,14,
STEW,fbcsp,random_forest,22,within,4,42,0.8571428571428572,0.9285714285714286,60,14,14,
STEW,bandpower,lda,22,within,4,42,1.0,1.0,60,14,14,
STEW,bandpower,svm,22,within,4,42,1.0,1.0,60,14,14,
STEW,bandpower,decision_tree,22,within,4,42,1.0,1.0,60,14,14,
STEW,bandpower,random_forest,22,within,4,42,1.0,1.0,60,14,14,
STEW,fbcsp,lda,23,within,0,42,1.0,1.0,59,15,14,
STEW,fbcsp,svm,23,within,0,42,1.0,1.0,59,15,14,
STEW,fbcsp,decision_tree,23,within,0,42,1.0,1.0,59,15,14,
STEW,fbcsp,random_forest,23,within,0,42,1.0,1.0,59,15,14,
STEW,bandpower,lda,23,within,0,42,1.0,1.0,59,15,14,
STEW,bandpower,svm,23,within,0,42,1.0,1.0,59,15,14,
STEW,bandpower,decision_tree,23,within,0,42,1.0,1.0,59,15,14,
STEW,bandpower,random_forest,23,within,0,42,1.0,1.0,59,15,14,
STEW,fbcsp,lda,23,within,1,42,1.0,1.0,59,15,14,
STEW,fbcsp,svm,23,within,1,42,0.8672566371681416,0.9333333333333333,59,15,14,
STEW,fbcsp,decision_tree,23,within,1,42,1.0,1.0,59,15,14,
STEW,fbcsp,random_forest,23,within,1,42,1.0,1.0,59,15,14,
STEW,bandpower,lda,23,within,1,42,1.0,1.0,59,15,14,
STEW,bandpower,svm,23,within,1,42,0.8648648648648649,0.9333333333333333,59,15,14,
STEW,bandpower,decision_tree,23,within,1,42,1.0,1.0,59,15,14,
STEW,bandpower,random_forest,23,within,1,42,1.0,1.0,59,15,14,
STEW,fbcsp,lda,23,within,2,42,1.0,1.0,59,15,14,
STEW,fbcsp,svm,23,within,2,42,0.8672566371681416,0.9333333333333333,59,15,14,
STEW,fbcsp,decision_tree,23,within,2,42,1.0,1.0,59,15,14,
STEW,fbcsp,random_forest,23,within,2,42,1.0,1.0,59,15,14,
STEW,bandpower,lda,23,within,2,42,1.0,1.0,59,15,14,
STEW,bandpower,svm,23,within,2,42,0.8672566371681416,0.9333333333333333,59,15,14,
STEW,bandpower,decision_tree,23,within,2,42,1.0,1.0,59,15,14,
STEW,bandpower,random_forest,23,within,2,42,1.0,1.0,59,15,14,
STEW,fbcsp,lda,23,within,3,42,1.0,1.0,59,15,14,
STEW,fbcsp,svm,23,within,3,42,1.0,1.0,59,15,14,
STEW,fbcsp,decision_tree,23,within,3,42,1.0,1.0,59,15,14,
STEW,fbcsp,random_forest,23,within,3,42,1.0,1.0,59,15,14,
STEW,bandpower,lda,23,within,3,42,1.0,1.0,59,15,14,
STEW,bandpower,svm,23,within,3,42,1.0,1.0,59,15,14,
STEW,bandpower,decision_tree,23,within,3,42,1.0,1.0,59,15,14,
STEW,bandpower,random_forest,23,within,3,42,1.0,1.0,59,15,14,
STEW,fbcsp,lda,23,within,4,42,1.0,1.0,60,14,14,
STEW,fbcsp,svm,23,within,4,42,1.0,1.0,60,14,14,
STEW,fbcsp,decision_tree,23,within,4,42,1.0,1.0,60,14,14,
STEW,fbcsp,random_forest,23,within,4,42,1.0,1.0,60,14,14,
STEW,bandpower,lda,23,within,4,42,1.0,1.0,60,14,14,
STEW,bandpower,svm,23,within,4,42,1.0,1.0,60,14,14,
STEW,bandpower,decision_tree,23,within,4,42,1.0,1.0,60,14,14,
STEW,bandpower,random_forest,23,within,4,42,1.0,1.0,60,14,14,
STEW,fbcsp,lda,25,within,0,42,1.0,1.0,59,15,14,
STEW,fbcsp,svm,25,within,0,42,1.0,1.0,59,15,14,
STEW,fbcsp,decision_tree,25,within,0,42,1.0,1.0,59,15,14,
STEW,fbcsp,random_forest,25,within,0,42,1.0,1.0,59,15,14,
STEW,bandpower,lda,25,within,0,42,0.8672566371681416,0.9333333333333333,59,15,14,
STEW,bandpower,svm,25,within,0,42,0.8672566371681416,0.9333333333333333,59,15,14,
STEW,bandpower,decision_tree,25,within,0,42,0.5945945945945946,0.8,59,15,14,
STEW,bandpower,random_forest,25,within,0,42,0.7321428571428572,0.8666666666666667,59,15,14,
STEW,fbcsp,lda,25,within,1,42,1.0,1.0,59,15,14,
STEW,fbcsp,svm,25,within,1,42,1.0,1.0,59,15,14,
STEW,fbcsp,decision_tree,25,within,1,42,0.736842105263158,0.8666666666666667,59,15,14,
STEW,fbcsp,random_forest,25,within,1,42,0.736842105263158,0.8666666666666667,59,15,14,
STEW,bandpower,lda,25,within,1,42,0.8672566371681416,0.9333333333333333,59,15,14,
STEW,bandpower,svm,25,within,1,42,0.736842105263158,0.8666666666666667,59,15,14,
STEW,bandpower,decision_tree,25,within,1,42,0.7321428571428572,0.8666666666666667,59,15,14,
STEW,bandpower,random_forest,25,within,1,42,0.8672566371681416,0.9333333333333333,59,15,14,
STEW,fbcsp,lda,25,within,2,42,1.0,1.0,59,15,14,
STEW,fbcsp,svm,25,within,2,42,1.0,1.0,59,15,14,
STEW,fbcsp,decision_tree,25,within,2,42,0.8648648648648649,0.9333333333333333,59,15,14,
STEW,fbcsp,random_forest,25,within,2,42,1.0,1.0,59,15,14,
STEW,bandpower,lda,25,within,2,42,1.0,1.0,59,15,14,
STEW,bandpower,svm,25,within,2,42,0.7272727272727273,0.8666666666666667,59,15,14,
STEW,bandpower,decision_tree,25,within,2,42,0.7272727272727273,0.8666666666666667,59,15,14,
STEW,bandpower,random_forest,25,within,2,42,0.8672566371681416,0.9333333333333333,59,15,14,
STEW,fbcsp,lda,25,within,3,42,1.0,1.0,59,15,14,
STEW,fbcsp,svm,25,within,3,42,1.0,1.0,59,15,14,
STEW,fbcsp,decision_tree,25,within,3,42,0.736842105263158,0.8666666666666667,59,15,14,
STEW,fbcsp,random_forest,25,within,3,42,1.0,1.0,59,15,14,
STEW,bandpower,lda,25,within,3,42,0.736842105263158,0.8666666666666667,59,15,14,
STEW,bandpower,svm,25,within,3,42,1.0,1.0,59,15,14,
STEW,bandpower,decision_tree,25,within,3,42,0.8672566371681416,0.9333333333333333,59,15,14,
STEW,bandpower,random_forest,25,within,3,42,1.0,1.0,59,15,14,
STEW,fbcsp,lda,25,within,4,42,0.7142857142857143,0.8571428571428571,60,14,14,
STEW,fbcsp,svm,25,within,4,42,0.8571428571428572,0.9285714285714286,60,14,14,
STEW,fbcsp,decision_tree,25,within,4,42,0.8571428571428572,0.9285714285714286,60,14,14,
STEW,fbcsp,random_forest,25,within,4,42,0.8571428571428572,0.9285714285714286,60,14,14,
STEW,bandpower,lda,25,within,4,42,0.7142857142857143,0.8571428571428571,60,14,14,
STEW,bandpower,svm,25,within,4,42,1.0,1.0,60,14,14,
STEW,bandpower,decision_tree,25,within,4,42,0.8571428571428572,0.9285714285714286,60,14,14,
STEW,bandpower,random_forest,25,within,4,42,0.7142857142857143,0.8571428571428571,60,14,14,
STEW,fbcsp,lda,26,within,0,42,1.0,1.0,59,15,14,
STEW,fbcsp,svm,26,within,0,42,1.0,1.0,59,15,14,
STEW,fbcsp,decision_tree,26,within,0,42,1.0,1.0,59,15,14,
STEW,fbcsp,random_forest,26,within,0,42,1.0,1.0,59,15,14,
STEW,bandpower,lda,26,within,0,42,1.0,1.0,59,15,14,
STEW,bandpower,svm,26,within,0,42,1.0,1.0,59,15,14,
STEW,bandpower,decision_tree,26,within,0,42,1.0,1.0,59,15,14,
STEW,bandpower,random_forest,26,within,0,42,1.0,1.0,59,15,14,
STEW,fbcsp,lda,26,within,1,42,1.0,1.0,59,15,14,
STEW,fbcsp,svm,26,within,1,42,1.0,1.0,59,15,14,
STEW,fbcsp,decision_tree,26,within,1,42,0.736842105263158,0.8666666666666667,59,15,14,
STEW,fbcsp,random_forest,26,within,1,42,1.0,1.0,59,15,14,
STEW,bandpower,lda,26,within,1,42,1.0,1.0,59,15,14,
STEW,bandpower,svm,26,within,1,42,0.8672566371681416,0.9333333333333333,59,15,14,
STEW,bandpower,decision_tree,26,within,1,42,0.8648648648648649,0.9333333333333333,59,15,14,
STEW,bandpower,random_forest,26,within,1,42,0.8672566371681416,0.9333333333333333,59,15,14,
STEW,fbcsp,lda,26,within,2,42,1.0,1.0,59,15,14,
STEW,fbcsp,svm,26,within,2,42,1.0,1.0,59,15,14,
STEW,fbcsp,decision_tree,26,within,2,42,1.0,1.0,59,15,14,
STEW,fbcsp,random_forest,26,within,2,42,1.0,1.0,59,15,14,
STEW,bandpower,lda,26,within,2,42,1.0,1.0,59,15,14,
STEW,bandpower,svm,26,within,2,42,1.0,1.0,59,15,14,
STEW,bandpower,decision_tree,26,within,2,42,0.8672566371681416,0.9333333333333333,59,15,14,
STEW,bandpower,random_forest,26,within,2,42,1.0,1.0,59,15,14,
STEW,fbcsp,lda,26,within,3,42,1.0,1.0,59,15,14,
STEW,fbcsp,svm,26,within,3,42,1.0,1.0,59,15,14,
STEW,fbcsp,decision_tree,26,within,3,42,1.0,1.0,59,15,14,
STEW,fbcsp,random_forest,26,within,3,42,1.0,1.0,59,15,14,
STEW,bandpower,lda,26,within,3,42,1.0,1.0,59,15,14,
STEW,bandpower,svm,26,within,3,42,1.0,1.0,59,15,14,
STEW,bandpower,decision_tree,26,within,3,42,1.0,1.0,59,15,14,
STEW,bandpower,random_forest,26,within,3,42,1.0,1.0,59,15,14,
STEW,fbcsp,lda,26,within,4,42,1.0,1.0,60,14,14,
STEW,fbcsp,svm,26,within,4,42,1.0,1.0,60,14,14,
STEW,fbcsp,decision_tree,26,within,4,42,0.8571428571428572,0.9285714285714286,60,14,14,
STEW,fbcsp,random_forest,26,within,4,42,1.0,1.0,60,14,14,
STEW,bandpower,lda,26,within,4,42,1.0,1.0,60,14,14,
STEW,bandpower,svm,26,within,4,42,1.0,1.0,60,14,14,
STEW,bandpower,decision_tree,26,within,4,42,0.8571428571428572,0.9285714285714286,60,14,14,
STEW,bandpower,random_forest,26,within,4,42,1.0,1.0,60,14,14,
STEW,fbcsp,lda,27,within,0,42,1.0,1.0,59,15,14,
STEW,fbcsp,svm,27,within,0,42,1.0,1.0,59,15,14,
STEW,fbcsp,decision_tree,27,within,0,42,1.0,1.0,59,15,14,
STEW,fbcsp,random_forest,27,within,0,42,1.0,1.0,59,15,14,
STEW,bandpower,lda,27,within,0,42,1.0,1.0,59,15,14,
STEW,bandpower,svm,27,within,0,42,1.0,1.0,59,15,14,
STEW,bandpower,decision_tree,27,within,0,42,1.0,1.0,59,15,14,
STEW,bandpower,random_forest,27,within,0,42,1.0,1.0,59,15,14,
STEW,fbcsp,lda,27,within,1,42,1.0,1.0,59,15,14,
STEW,fbcsp,svm,27,within,1,42,1.0,1.0,59,15,14,
STEW,fbcsp,decision_tree,27,within,1,42,1.0,1.0,59,15,14,
STEW,fbcsp,random_forest,27,within,1,42,1.0,1.0,59,15,14,
STEW,bandpower,lda,27,within,1,42,1.0,1.0,59,15,14,
STEW,bandpower,svm,27,within,1,42,1.0,1.0,59,15,14,
STEW,bandpower,decision_tree,27,within,1,42,1.0,1.0,59,15,14,
STEW,bandpower,random_forest,27,within,1,42,1.0,1.0,59,15,14,
STEW,fbcsp,lda,27,within,2,42,1.0,1.0,59,15,14,
STEW,fbcsp,svm,27,within,2,42,1.0,1.0,59,15,14,
STEW,fbcsp,decision_tree,27,within,2,42,1.0,1.0,59,15,14,
STEW,fbcsp,random_forest,27,within,2,42,1.0,1.0,59,15,14,
STEW,bandpower,lda,27,within,2,42,0.8648648648648649,0.9333333333333333,59,15,14,
STEW,bandpower,svm,27,within,2,42,0.8672566371681416,0.9333333333333333,59,15,14,
STEW,bandpower,decision_tree,27,within,2,42,0.8648648648648649,0.9333333333333333,59,15,14,
STEW,bandpower,random_forest,27,within,2,42,0.8648648648648649,0.9333333333333333,59,15,14,
STEW,fbcsp,lda,27,within,3,42,0.8648648648648649,0.9333333333333333,59,15,14,
STEW,fbcsp,svm,27,within,3,42,0.8648648648648649,0.9333333333333333,59,15,14,
STEW,fbcsp,decision_tree,27,within,3,42,0.7321428571428572,0.8666666666666667,59,15,14,
STEW,fbcsp,random_forest,27,within,3,42,1.0,1.0,59,15,14,
STEW,bandpower,lda,27,within,3,42,1.0,1.0,59,15,14,
STEW,bandpower,svm,27,within,3,42,1.0,1.0,59,15,14,
STEW,bandpower,decision_tree,27,within,3,42,0.736842105263158,0.8666666666666667,59,15,14,
STEW,bandpower,random_forest,27,within,3,42,1.0,1.0,59,15,14,
STEW,fbcsp,lda,27,within,4,42,1.0,1.0,60,14,14,
STEW,fbcsp,svm,27,within,4,42,1.0,1.0,60,14,14,
STEW,fbcsp,decision_tree,27,within,4,42,1.0,1.0,60,14,14,
STEW,fbcsp,random_forest,27,within,4,42,1.0,1.0,60,14,14,
STEW,bandpower,lda,27,within,4,42,1.0,1.0,60,14,14,
STEW,bandpower,svm,27,within,4,42,1.0,1.0,60,14,14,
STEW,bandpower,decision_tree,27,within,4,42,1.0,1.0,60,14,14,
STEW,bandpower,random_forest,27,within,4,42,1.0,1.0,60,14,14,
STEW,fbcsp,lda,28,within,0,42,1.0,1.0,59,15,14,
STEW,fbcsp,svm,28,within,0,42,1.0,1.0,59,15,14,
STEW,fbcsp,decision_tree,28,within,0,42,0.8672566371681416,0.9333333333333333,59,15,14,
STEW,fbcsp,random_forest,28,within,0,42,1.0,1.0,59,15,14,
STEW,bandpower,lda,28,within,0,42,1.0,1.0,59,15,14,
STEW,bandpower,svm,28,within,0,42,1.0,1.0,59,15,14,
STEW,bandpower,decision_tree,28,within,0,42,0.8672566371681416,0.9333333333333333,59,15,14,
STEW,bandpower,random_forest,28,within,0,42,0.8648648648648649,0.9333333333333333,59,15,14,
STEW,fbcsp,lda,28,within,1,42,1.0,1.0,59,15,14,
STEW,fbcsp,svm,28,within,1,42,0.8672566371681416,0.9333333333333333,59,15,14,
STEW,fbcsp,decision_tree,28,within,1,42,0.8672566371681416,0.9333333333333333,59,15,14,
STEW,fbcsp,random_forest,28,within,1,42,0.8672566371681416,0.9333333333333333,59,15,14,
STEW,bandpower,lda,28,within,1,42,1.0,1.0,59,15,14,
STEW,bandpower,svm,28,within,1,42,1.0,1.0,59,15,14,
STEW,bandpower,decision_tree,28,within,1,42,0.7321428571428572,0.8666666666666667,59,15,14,
STEW,bandpower,random_forest,28,within,1,42,1.0,1.0,59,15,14,
STEW,fbcsp,lda,28,within,2,42,1.0,1.0,59,15,14,
STEW,fbcsp,svm,28,within,2,42,1.0,1.0,59,15,14,
STEW,fbcsp,decision_tree,28,within,2,42,1.0,1.0,59,15,14,
STEW,fbcsp,random_forest,28,within,2,42,1.0,1.0,59,15,14,
STEW,bandpower,lda,28,within,2,42,1.0,1.0,59,15,14,
STEW,bandpower,svm,28,within,2,42,1.0,1.0,59,15,14,
STEW,bandpower,decision_tree,28,within,2,42,1.0,1.0,59,15,14,
STEW,bandpower,random_forest,28,within,2,42,1.0,1.0,59,15,14,
STEW,fbcsp,lda,28,within,3,42,1.0,1.0,59,15,14,
STEW,fbcsp,svm,28,within,3,42,1.0,1.0,59,15,14,
STEW,fbcsp,decision_tree,28,within,3,42,0.8672566371681416,0.9333333333333333,59,15,14,
STEW,fbcsp,random_forest,28,within,3,42,1.0,1.0,59,15,14,
STEW,bandpower,lda,28,within,3,42,1.0,1.0,59,15,14,
STEW,bandpower,svm,28,within,3,42,0.8672566371681416,0.9333333333333333,59,15,14,
STEW,bandpower,decision_tree,28,within,3,42,0.8672566371681416,0.9333333333333333,59,15,14,
STEW,bandpower,random_forest,28,within,3,42,1.0,1.0,59,15,14,
STEW,fbcsp,lda,28,within,4,42,1.0,1.0,60,14,14,
STEW,fbcsp,svm,28,within,4,42,0.8571428571428572,0.9285714285714286,60,14,14,
STEW,fbcsp,decision_tree,28,within,4,42,0.8571428571428572,0.9285714285714286,60,14,14,
STEW,fbcsp,random_forest,28,within,4,42,1.0,1.0,60,14,14,
STEW,bandpower,lda,28,within,4,42,1.0,1.0,60,14,14,
STEW,bandpower,svm,28,within,4,42,1.0,1.0,60,14,14,
STEW,bandpower,decision_tree,28,within,4,42,0.5714285714285714,0.7857142857142857,60,14,14,
STEW,bandpower,random_forest,28,within,4,42,0.7142857142857143,0.8571428571428571,60,14,14,
STEW,fbcsp,lda,29,within,0,42,1.0,1.0,59,15,14,
STEW,fbcsp,svm,29,within,0,42,1.0,1.0,59,15,14,
STEW,fbcsp,decision_tree,29,within,0,42,0.7272727272727273,0.8666666666666667,59,15,14,
STEW,fbcsp,random_forest,29,within,0,42,1.0,1.0,59,15,14,
STEW,bandpower,lda,29,within,0,42,1.0,1.0,59,15,14,
STEW,bandpower,svm,29,within,0,42,1.0,1.0,59,15,14,
STEW,bandpower,decision_tree,29,within,0,42,0.8648648648648649,0.9333333333333333,59,15,14,
STEW,bandpower,random_forest,29,within,0,42,1.0,1.0,59,15,14,
STEW,fbcsp,lda,29,within,1,42,1.0,1.0,59,15,14,
STEW,fbcsp,svm,29,within,1,42,1.0,1.0,59,15,14,
STEW,fbcsp,decision_tree,29,within,1,42,0.7321428571428572,0.8666666666666667,59,15,14,
STEW,fbcsp,random_forest,29,within,1,42,1.0,1.0,59,15,14,
STEW,bandpower,lda,29,within,1,42,1.0,1.0,59,15,14,
STEW,bandpower,svm,29,within,1,42,1.0,1.0,59,15,14,
STEW,bandpower,decision_tree,29,within,1,42,0.7321428571428572,0.8666666666666667,59,15,14,
STEW,bandpower,random_forest,29,within,1,42,1.0,1.0,59,15,14,
STEW,fbcsp,lda,29,within,2,42,1.0,1.0,59,15,14,
STEW,fbcsp,svm,29,within,2,42,1.0,1.0,59,15,14,
STEW,fbcsp,decision_tree,29,within,2,42,0.4736842105263158,0.7333333333333333,59,15,14,
STEW,fbcsp,random_forest,29,within,2,42,1.0,1.0,59,15,14,
STEW,bandpower,lda,29,within,2,42,1.0,1.0,59,15,14,
STEW,bandpower,svm,29,within,2,42,1.0,1.0,59,15,14,
STEW,bandpower,decision_tree,29,within,2,42,0.8672566371681416,0.9333333333333333,59,15,14,
STEW,bandpower,random_forest,29,within,2,42,1.0,1.0,59,15,14,
STEW,fbcsp,lda,29,within,3,42,0.8672566371681416,0.9333333333333333,59,15,14,
STEW,fbcsp,svm,29,within,3,42,0.8648648648648649,0.9333333333333333,59,15,14,
STEW,fbcsp,decision_tree,29,within,3,42,0.6017699115044248,0.8,59,15,14,
STEW,fbcsp,random_forest,29,within,3,42,0.8648648648648649,0.9333333333333333,59,15,14,
STEW,bandpower,lda,29,within,3,42,0.8672566371681416,0.9333333333333333,59,15,14,
STEW,bandpower,svm,29,within,3,42,1.0,1.0,59,15,14,
STEW,bandpower,decision_tree,29,within,3,42,0.7272727272727273,0.8666666666666667,59,15,14,
STEW,bandpower,random_forest,29,within,3,42,0.8648648648648649,0.9333333333333333,59,15,14,
STEW,fbcsp,lda,29,within,4,42,0.8571428571428572,0.9285714285714286,60,14,14,
STEW,fbcsp,svm,29,within,4,42,0.8571428571428572,0.9285714285714286,60,14,14,
STEW,fbcsp,decision_tree,29,within,4,42,0.8571428571428572,0.9285714285714286,60,14,14,
STEW,fbcsp,random_forest,29,within,4,42,0.8571428571428572,0.9285714285714286,60,14,14,
STEW,bandpower,lda,29,within,4,42,0.8571428571428572,0.9285714285714286,60,14,14,
STEW,bandpower,svm,29,within,4,42,0.8571428571428572,0.9285714285714286,60,14,14,
STEW,bandpower,decision_tree,29,within,4,42,0.8571428571428572,0.9285714285714286,60,14,14,
STEW,bandpower,random_forest,29,within,4,42,0.8571428571428572,0.9285714285714286,60,14,14,
STEW,fbcsp,lda,30,within,0,42,1.0,1.0,59,15,14,
STEW,fbcsp,svm,30,within,0,42,0.8648648648648649,0.9333333333333333,59,15,14,
STEW,fbcsp,decision_tree,30,within,0,42,0.8648648648648649,0.9333333333333333,59,15,14,
STEW,fbcsp,random_forest,30,within,0,42,1.0,1.0,59,15,14,
STEW,bandpower,lda,30,within,0,42,1.0,1.0,59,15,14,
STEW,bandpower,svm,30,within,0,42,0.5871559633027523,0.8,59,15,14,
STEW,bandpower,decision_tree,30,within,0,42,0.8648648648648649,0.9333333333333333,59,15,14,
STEW,bandpower,random_forest,30,within,0,42,0.7272727272727273,0.8666666666666667,59,15,14,
STEW,fbcsp,lda,30,within,1,42,1.0,1.0,59,15,14,
STEW,fbcsp,svm,30,within,1,42,1.0,1.0,59,15,14,
STEW,fbcsp,decision_tree,30,within,1,42,1.0,1.0,59,15,14,
STEW,fbcsp,random_forest,30,within,1,42,1.0,1.0,59,15,14,
STEW,bandpower,lda,30,within,1,42,1.0,1.0,59,15,14,
STEW,bandpower,svm,30,within,1,42,1.0,1.0,59,15,14,
STEW,bandpower,decision_tree,30,within,1,42,1.0,1.0,59,15,14,
STEW,bandpower,random_forest,30,within,1,42,1.0,1.0,59,15,14,
STEW,fbcsp,lda,30,within,2,42,1.0,1.0,59,15,14,
STEW,fbcsp,svm,30,within,2,42,1.0,1.0,59,15,14,
STEW,fbcsp,decision_tree,30,within,2,42,1.0,1.0,59,15,14,
STEW,fbcsp,random_forest,30,within,2,42,1.0,1.0,59,15,14,
STEW,bandpower,lda,30,within,2,42,1.0,1.0,59,15,14,
STEW,bandpower,svm,30,within,2,42,1.0,1.0,59,15,14,
STEW,bandpower,decision_tree,30,within,2,42,1.0,1.0,59,15,14,
STEW,bandpower,random_forest,30,within,2,42,1.0,1.0,59,15,14,
STEW,fbcsp,lda,30,within,3,42,0.8648648648648649,0.9333333333333333,59,15,14,
STEW,fbcsp,svm,30,within,3,42,0.8648648648648649,0.9333333333333333,59,15,14,
STEW,fbcsp,decision_tree,30,within,3,42,0.8648648648648649,0.9333333333333333,59,15,14,
STEW,fbcsp,random_forest,30,within,3,42,0.8648648648648649,0.9333333333333333,59,15,14,
STEW,bandpower,lda,30,within,3,42,1.0,1.0,59,15,14,
STEW,bandpower,svm,30,within,3,42,1.0,1.0,59,15,14,
STEW,bandpower,decision_tree,30,within,3,42,0.8648648648648649,0.9333333333333333,59,15,14,
STEW,bandpower,random_forest,30,within,3,42,1.0,1.0,59,15,14,
STEW,fbcsp,lda,30,within,4,42,1.0,1.0,60,14,14,
STEW,fbcsp,svm,30,within,4,42,0.8571428571428572,0.9285714285714286,60,14,14,
STEW,fbcsp,decision_tree,30,within,4,42,0.8571428571428572,0.9285714285714286,60,14,14,
STEW,fbcsp,random_forest,30,within,4,42,0.8571428571428572,0.9285714285714286,60,14,14,
STEW,bandpower,lda,30,within,4,42,1.0,1.0,60,14,14,
STEW,bandpower,svm,30,within,4,42,1.0,1.0,60,14,14,
STEW,bandpower,decision_tree,30,within,4,42,1.0,1.0,60,14,14,
STEW,bandpower,random_forest,30,within,4,42,1.0,1.0,60,14,14,
STEW,fbcsp,lda,31,within,0,42,0.8648648648648649,0.9333333333333333,59,15,14,
STEW,fbcsp,svm,31,within,0,42,0.8648648648648649,0.9333333333333333,59,15,14,
STEW,fbcsp,decision_tree,31,within,0,42,1.0,1.0,59,15,14,
STEW,fbcsp,random_forest,31,within,0,42,0.8648648648648649,0.9333333333333333,59,15,14,
STEW,bandpower,lda,31,within,0,42,1.0,1.0,59,15,14,
STEW,bandpower,svm,31,within,0,42,0.8648648648648649,0.9333333333333333,59,15,14,
STEW,bandpower,decision_tree,31,within,0,42,0.7321428571428572,0.8666666666666667,59,15,14,
STEW,bandpower,random_forest,31,within,0,42,0.7321428571428572,0.8666666666666667,59,15,14,
STEW,fbcsp,lda,31,within,1,42,1.0,1.0,59,15,14,
STEW,fbcsp,svm,31,within,1,42,0.8672566371681416,0.9333333333333333,59,15,14,
STEW,fbcsp,decision_tree,31,within,1,42,0.6086956521739131,0.8,59,15,14,
STEW,fbcsp,random_forest,31,within,1,42,0.8672566371681416,0.9333333333333333,59,15,14,
STEW,bandpower,lda,31,within,1,42,1.0,1.0,59,15,14,
STEW,bandpower,svm,31,within,1,42,0.8672566371681416,0.9333333333333333,59,15,14,
STEW,bandpower,decision_tree,31,within,1,42,0.8672566371681416,0.9333333333333333,59,15,14,
STEW,bandpower,random_forest,31,within,1,42,1.0,1.0,59,15,14,
STEW,fbcsp,lda,31,within,2,42,0.8672566371681416,0.9333333333333333,59,15,14,
STEW,fbcsp,svm,31,within,2,42,0.8672566371681416,0.9333333333333333,59,15,14,
STEW,fbcsp,decision_tree,31,within,2,42,0.736842105263158,0.8666666666666667,59,15,14,
STEW,fbcsp,random_forest,31,within,2,42,0.8648648648648649,0.9333333333333333,59,15,14,
STEW,bandpower,lda,31,within,2,42,1.0,1.0,59,15,14,
STEW,bandpower,svm,31,within,2,42,1.0,1.0,59,15,14,
STEW,bandpower,decision_tree,31,within,2,42,0.8648648648648649,0.9333333333333333,59,15,14,
STEW,bandpower,random_forest,31,within,2,42,1.0,1.0,59,15,14,
STEW,fbcsp,lda,31,within,3,42,0.736842105263158,0.8666666666666667,59,15,14,
STEW,fbcsp,svm,31,within,3,42,1.0,1.0,59,15,14,
STEW,fbcsp,decision_tree,31,within,3,42,0.6017699115044248,0.8,59,15,14,
STEW,fbcsp,random_forest,31,within,3,42,1.0,1.0,59,15,14,
STEW,bandpower,lda,31,within,3,42,1.0,1.0,59,15,14,
STEW,bandpower,svm,31,within,3,42,1.0,1.0,59,15,14,
STEW,bandpower,decision_tree,31,within,3,42,0.736842105263158,0.8666666666666667,59,15,14,
STEW,bandpower,random_forest,31,within,3,42,0.8672566371681416,0.9333333333333333,59,15,14,
STEW,fbcsp,lda,31,within,4,42,0.8571428571428572,0.9285714285714286,60,14,14,
STEW,fbcsp,svm,31,within,4,42,1.0,1.0,60,14,14,
STEW,fbcsp,decision_tree,31,within,4,42,0.8571428571428572,0.9285714285714286,60,14,14,
STEW,fbcsp,random_forest,31,within,4,42,1.0,1.0,60,14,14,
STEW,bandpower,lda,31,within,4,42,0.8571428571428572,0.9285714285714286,60,14,14,
STEW,bandpower,svm,31,within,4,42,1.0,1.0,60,14,14,
STEW,bandpower,decision_tree,31,within,4,42,0.8571428571428572,0.9285714285714286,60,14,14,
STEW,bandpower,random_forest,31,within,4,42,1.0,1.0,60,14,14,
STEW,fbcsp,lda,32,within,0,42,0.8672566371681416,0.9333333333333333,59,15,14,
STEW,fbcsp,svm,32,within,0,42,0.7321428571428572,0.8666666666666667,59,15,14,
STEW,fbcsp,decision_tree,32,within,0,42,0.7321428571428572,0.8666666666666667,59,15,14,
STEW,fbcsp,random_forest,32,within,0,42,0.8648648648648649,0.9333333333333333,59,15,14,
STEW,bandpower,lda,32,within,0,42,0.8672566371681416,0.9333333333333333,59,15,14,
STEW,bandpower,svm,32,within,0,42,0.6086956521739131,0.8,59,15,14,
STEW,bandpower,decision_tree,32,within,0,42,0.736842105263158,0.8666666666666667,59,15,14,
STEW,bandpower,random_forest,32,within,0,42,0.6086956521739131,0.8,59,15,14,
STEW,fbcsp,lda,32,within,1,42,0.7272727272727273,0.8666666666666667,59,15,14,
STEW,fbcsp,svm,32,within,1,42,0.7321428571428572,0.8666666666666667,59,15,14,
STEW,fbcsp,decision_tree,32,within,1,42,0.5871559633027523,0.8,59,15,14,
STEW,fbcsp,random_forest,32,within,1,42,0.7321428571428572,0.8666666666666667,59,15,14,
STEW,bandpower,lda,32,within,1,42,0.8648648648648649,0.9333333333333333,59,15,14,
STEW,bandpower,svm,32,within,1,42,0.7321428571428572,0.8666666666666667,59,15,14,
STEW,bandpower,decision_tree,32,within,1,42,0.8648648648648649,0.9333333333333333,59,15,14,
STEW,bandpower,random_forest,32,within,1,42,1.0,1.0,59,15,14,
STEW,fbcsp,lda,32,within,2,42,0.6086956521739131,0.8,59,15,14,
STEW,fbcsp,svm,32,within,2,42,1.0,1.0,59,15,14,
STEW,fbcsp,decision_tree,32,within,2,42,1.0,1.0,59,15,14,
STEW,fbcsp,random_forest,32,within,2,42,0.8672566371681416,0.9333333333333333,59,15,14,
STEW,bandpower,lda,32,within,2,42,0.8672566371681416,0.9333333333333333,59,15,14,
STEW,bandpower,svm,32,within,2,42,1.0,1.0,59,15,14,
STEW,bandpower,decision_tree,32,within,2,42,1.0,1.0,59,15,14,
STEW,bandpower,random_forest,32,within,2,42,0.8672566371681416,0.9333333333333333,59,15,14,
STEW,fbcsp,lda,32,within,3,42,0.8672566371681416,0.9333333333333333,59,15,14,
STEW,fbcsp,svm,32,within,3,42,1.0,1.0,59,15,14,
STEW,fbcsp,decision_tree,32,within,3,42,0.7321428571428572,0.8666666666666667,59,15,14,
STEW,fbcsp,random_forest,32,within,3,42,1.0,1.0,59,15,14,
STEW,bandpower,lda,32,within,3,42,0.8672566371681416,0.9333333333333333,59,15,14,
STEW,bandpower,svm,32,within,3,42,0.8672566371681416,0.9333333333333333,59,15,14,
STEW,bandpower,decision_tree,32,within,3,42,0.7321428571428572,0.8666666666666667,59,15,14,
STEW,bandpower,random_forest,32,within,3,42,0.8672566371681416,0.9333333333333333,59,15,14,
STEW,fbcsp,lda,32,within,4,42,0.4285714285714286,0.7142857142857143,60,14,14,
STEW,fbcsp,svm,32,within,4,42,0.7142857142857143,0.8571428571428571,60,14,14,
STEW,fbcsp,decision_tree,32,within,4,42,0.4285714285714286,0.7142857142857143,60,14,14,
STEW,fbcsp,random_forest,32,within,4,42,0.7142857142857143,0.8571428571428571,60,14,14,
STEW,bandpower,lda,32,within,4,42,0.8571428571428572,0.9285714285714286,60,14,14,
STEW,bandpower,svm,32,within,4,42,1.0,1.0,60,14,14,
STEW,bandpower,decision_tree,32,within,4,42,0.8571428571428572,0.9285714285714286,60,14,14,
STEW,bandpower,random_forest,32,within,4,42,0.8571428571428572,0.9285714285714286,60,14,14,
STEW,fbcsp,lda,33,within,0,42,0.7272727272727273,0.8666666666666667,59,15,14,
STEW,fbcsp,svm,33,within,0,42,0.8648648648648649,0.9333333333333333,59,15,14,
STEW,fbcsp,decision_tree,33,within,0,42,0.8648648648648649,0.9333333333333333,59,15,14,
STEW,fbcsp,random_forest,33,within,0,42,0.8648648648648649,0.9333333333333333,59,15,14,
STEW,bandpower,lda,33,within,0,42,1.0,1.0,59,15,14,
STEW,bandpower,svm,33,within,0,42,1.0,1.0,59,15,14,
STEW,bandpower,decision_tree,33,within,0,42,1.0,1.0,59,15,14,
STEW,bandpower,random_forest,33,within,0,42,0.8648648648648649,0.9333333333333333,59,15,14,
STEW,fbcsp,lda,33,within,1,42,0.5871559633027523,0.8,59,15,14,
STEW,fbcsp,svm,33,within,1,42,0.7321428571428572,0.8666666666666667,59,15,14,
STEW,fbcsp,decision_tree,33,within,1,42,0.7321428571428572,0.8666666666666667,59,15,14,
STEW,fbcsp,random_forest,33,within,1,42,0.7321428571428572,0.8666666666666667,59,15,14,
STEW,bandpower,lda,33,within,1,42,1.0,1.0,59,15,14,
STEW,bandpower,svm,33,within,1,42,1.0,1.0,59,15,14,
STEW,bandpower,decision_tree,33,within,1,42,1.0,1.0,59,15,14,
STEW,bandpower,random_forest,33,within,1,42,1.0,1.0,59,15,14,
STEW,fbcsp,lda,33,within,2,42,1.0,1.0,59,15,14,
STEW,fbcsp,svm,33,within,2,42,1.0,1.0,59,15,14,
STEW,fbcsp,decision_tree,33,within,2,42,1.0,1.0,59,15,14,
STEW,fbcsp,random_forest,33,within,2,42,1.0,1.0,59,15,14,
STEW,bandpower,lda,33,within,2,42,1.0,1.0,59,15,14,
STEW,bandpower,svm,33,within,2,42,1.0,1.0,59,15,14,
STEW,bandpower,decision_tree,33,within,2,42,1.0,1.0,59,15,14,
STEW,bandpower,random_forest,33,within,2,42,1.0,1.0,59,15,14,
STEW,fbcsp,lda,33,within,3,42,0.4642857142857143,0.7333333333333333,59,15,14,
STEW,fbcsp,svm,33,within,3,42,0.5871559633027523,0.8,59,15,14,
STEW,fbcsp,decision_tree,33,within,3,42,0.5871559633027523,0.8,59,15,14,
STEW,fbcsp,random_forest,33,within,3,42,0.5871559633027523,0.8,59,15,14,
STEW,bandpower,lda,33,within,3,42,1.0,1.0,59,15,14,
STEW,bandpower,svm,33,within,3,42,0.8648648648648649,0.9333333333333333,59,15,14,
STEW,bandpower,decision_tree,33,within,3,42,1.0,1.0,59,15,14,
STEW,bandpower,random_forest,33,within,3,42,1.0,1.0,59,15,14,
STEW,fbcsp,lda,33,within,4,42,0.8571428571428572,0.9285714285714286,60,14,14,
STEW,fbcsp,svm,33,within,4,42,0.8571428571428572,0.9285714285714286,60,14,14,
STEW,fbcsp,decision_tree,33,within,4,42,0.7142857142857143,0.8571428571428571,60,14,14,
STEW,fbcsp,random_forest,33,within,4,42,0.8571428571428572,0.9285714285714286,60,14,14,
STEW,bandpower,lda,33,within,4,42,1.0,1.0,60,14,14,
STEW,bandpower,svm,33,within,4,42,1.0,1.0,60,14,14,
STEW,bandpower,decision_tree,33,within,4,42,1.0,1.0,60,14,14,
STEW,bandpower,random_forest,33,within,4,42,1.0,1.0,60,14,14,
STEW,fbcsp,lda,34,within,0,42,0.6017699115044248,0.8,59,15,14,
STEW,fbcsp,svm,34,within,0,42,0.6017699115044248,0.8,59,15,14,
STEW,fbcsp,decision_tree,34,within,0,42,0.22413793103448265,0.6,59,15,14,
STEW,fbcsp,random_forest,34,within,0,42,0.8672566371681416,0.9333333333333333,59,15,14,
STEW,bandpower,lda,34,within,0,42,0.7321428571428572,0.8666666666666667,59,15,14,
STEW,bandpower,svm,34,within,0,42,0.7321428571428572,0.8666666666666667,59,15,14,
STEW,bandpower,decision_tree,34,within,0,42,0.4545454545454546,0.7333333333333333,59,15,14,
STEW,bandpower,random_forest,34,within,0,42,0.8648648648648649,0.9333333333333333,59,15,14,
STEW,fbcsp,lda,34,within,1,42,1.0,1.0,59,15,14,
STEW,fbcsp,svm,34,within,1,42,1.0,1.0,59,15,14,
STEW,fbcsp,decision_tree,34,within,1,42,0.8672566371681416,0.9333333333333333,59,15,14,
STEW,fbcsp,random_forest,34,within,1,42,0.8672566371681416,0.9333333333333333,59,15,14,
STEW,bandpower,lda,34,within,1,42,1.0,1.0,59,15,14,
STEW,bandpower,svm,34,within,1,42,1.0,1.0,59,15,14,
STEW,bandpower,decision_tree,34,within,1,42,0.5945945945945946,0.8,59,15,14,
STEW,bandpower,random_forest,34,within,1,42,0.8648648648648649,0.9333333333333333,59,15,14,
STEW,fbcsp,lda,34,within,2,42,0.8648648648648649,0.9333333333333333,59,15,14,
STEW,fbcsp,svm,34,within,2,42,1.0,1.0,59,15,14,
STEW,fbcsp,decision_tree,34,within,2,42,0.7321428571428572,0.8666666666666667,59,15,14,
STEW,fbcsp,random_forest,34,within,2,42,0.8648648648648649,0.9333333333333333,59,15,14,
STEW,bandpower,lda,34,within,2,42,1.0,1.0,59,15,14,
STEW,bandpower,svm,34,within,2,42,0.8648648648648649,0.9333333333333333,59,15,14,
STEW,bandpower,decision_tree,34,within,2,42,0.7272727272727273,0.8666666666666667,59,15,14,
STEW,bandpower,random_forest,34,within,2,42,0.8648648648648649,0.9333333333333333,59,15,14,
STEW,fbcsp,lda,34,within,3,42,0.8672566371681416,0.9333333333333333,59,15,14,
STEW,fbcsp,svm,34,within,3,42,0.8672566371681416,0.9333333333333333,59,15,14,
STEW,fbcsp,decision_tree,34,within,3,42,0.4736842105263158,0.7333333333333333,59,15,14,
STEW,fbcsp,random_forest,34,within,3,42,0.7272727272727273,0.8666666666666667,59,15,14,
STEW,bandpower,lda,34,within,3,42,1.0,1.0,59,15,14,
STEW,bandpower,svm,34,within,3,42,0.7321428571428572,0.8666666666666667,59,15,14,
STEW,bandpower,decision_tree,34,within,3,42,0.7272727272727273,0.8666666666666667,59,15,14,
STEW,bandpower,random_forest,34,within,3,42,1.0,1.0,59,15,14,
STEW,fbcsp,lda,34,within,4,42,1.0,1.0,60,14,14,
STEW,fbcsp,svm,34,within,4,42,0.8571428571428572,0.9285714285714286,60,14,14,
STEW,fbcsp,decision_tree,34,within,4,42,0.7142857142857143,0.8571428571428571,60,14,14,
STEW,fbcsp,random_forest,34,within,4,42,0.8571428571428572,0.9285714285714286,60,14,14,
STEW,bandpower,lda,34,within,4,42,0.8571428571428572,0.9285714285714286,60,14,14,
STEW,bandpower,svm,34,within,4,42,0.8571428571428572,0.9285714285714286,60,14,14,
STEW,bandpower,decision_tree,34,within,4,42,0.8571428571428572,0.9285714285714286,60,14,14,
STEW,bandpower,random_forest,34,within,4,42,0.7142857142857143,0.8571428571428571,60,14,14,
STEW,fbcsp,lda,35,within,0,42,1.0,1.0,59,15,14,
STEW,fbcsp,svm,35,within,0,42,1.0,1.0,59,15,14,
STEW,fbcsp,decision_tree,35,within,0,42,0.5945945945945946,0.8,59,15,14,
STEW,fbcsp,random_forest,35,within,0,42,1.0,1.0,59,15,14,
STEW,bandpower,lda,35,within,0,42,1.0,1.0,59,15,14,
STEW,bandpower,svm,35,within,0,42,0.8648648648648649,0.9333333333333333,59,15,14,
STEW,bandpower,decision_tree,35,within,0,42,0.4736842105263158,0.7333333333333333,59,15,14,
STEW,bandpower,random_forest,35,within,0,42,1.0,1.0,59,15,14,
STEW,fbcsp,lda,35,within,1,42,1.0,1.0,59,15,14,
STEW,fbcsp,svm,35,within,1,42,0.8672566371681416,0.9333333333333333,59,15,14,
STEW,fbcsp,decision_tree,35,within,1,42,0.8672566371681416,0.9333333333333333,59,15,14,
STEW,fbcsp,random_forest,35,within,1,42,1.0,1.0,59,15,14,
STEW,bandpower,lda,35,within,1,42,1.0,1.0,59,15,14,
STEW,bandpower,svm,35,within,1,42,0.8672566371681416,0.9333333333333333,59,15,14,
STEW,bandpower,decision_tree,35,within,1,42,1.0,1.0,59,15,14,
STEW,bandpower,random_forest,35,within,1,42,1.0,1.0,59,15,14,
STEW,fbcsp,lda,35,within,2,42,1.0,1.0,59,15,14,
STEW,fbcsp,svm,35,within,2,42,1.0,1.0,59,15,14,
STEW,fbcsp,decision_tree,35,within,2,42,0.4545454545454546,0.7333333333333333,59,15,14,
STEW,fbcsp,random_forest,35,within,2,42,1.0,1.0,59,15,14,
STEW,bandpower,lda,35,within,2,42,1.0,1.0,59,15,14,
STEW,bandpower,svm,35,within,2,42,1.0,1.0,59,15,14,
STEW,bandpower,decision_tree,35,within,2,42,0.8648648648648649,0.9333333333333333,59,15,14,
STEW,bandpower,random_forest,35,within,2,42,1.0,1.0,59,15,14,
STEW,fbcsp,lda,35,within,3,42,0.8672566371681416,0.9333333333333333,59,15,14,
STEW,fbcsp,svm,35,within,3,42,1.0,1.0,59,15,14,
STEW,fbcsp,decision_tree,35,within,3,42,0.4545454545454546,0.7333333333333333,59,15,14,
STEW,fbcsp,random_forest,35,within,3,42,0.736842105263158,0.8666666666666667,59,15,14,
STEW,bandpower,lda,35,within,3,42,0.8672566371681416,0.9333333333333333,59,15,14,
STEW,bandpower,svm,35,within,3,42,0.736842105263158,0.8666666666666667,59,15,14,
STEW,bandpower,decision_tree,35,within,3,42,0.736842105263158,0.8666666666666667,59,15,14,
STEW,bandpower,random_forest,35,within,3,42,0.736842105263158,0.8666666666666667,59,15,14,
STEW,fbcsp,lda,35,within,4,42,1.0,1.0,60,14,14,
STEW,fbcsp,svm,35,within,4,42,1.0,1.0,60,14,14,
STEW,fbcsp,decision_tree,35,within,4,42,0.8571428571428572,0.9285714285714286,60,14,14,
STEW,fbcsp,random_forest,35,within,4,42,1.0,1.0,60,14,14,
STEW,bandpower,lda,35,within,4,42,0.8571428571428572,0.9285714285714286,60,14,14,
STEW,bandpower,svm,35,within,4,42,1.0,1.0,60,14,14,
STEW,bandpower,decision_tree,35,within,4,42,0.8571428571428572,0.9285714285714286,60,14,14,
STEW,bandpower,random_forest,35,within,4,42,1.0,1.0,60,14,14,
STEW,fbcsp,lda,36,within,0,42,1.0,1.0,59,15,14,
STEW,fbcsp,svm,36,within,0,42,1.0,1.0,59,15,14,
STEW,fbcsp,decision_tree,36,within,0,42,1.0,1.0,59,15,14,
STEW,fbcsp,random_forest,36,within,0,42,1.0,1.0,59,15,14,
STEW,bandpower,lda,36,within,0,42,1.0,1.0,59,15,14,
STEW,bandpower,svm,36,within,0,42,1.0,1.0,59,15,14,
STEW,bandpower,decision_tree,36,within,0,42,0.8672566371681416,0.9333333333333333,59,15,14,
STEW,bandpower,random_forest,36,within,0,42,1.0,1.0,59,15,14,
STEW,fbcsp,lda,36,within,1,42,0.8672566371681416,0.9333333333333333,59,15,14,
STEW,fbcsp,svm,36,within,1,42,0.736842105263158,0.8666666666666667,59,15,14,
STEW,fbcsp,decision_tree,36,within,1,42,0.8672566371681416,0.9333333333333333,59,15,14,
STEW,fbcsp,random_forest,36,within,1,42,0.736842105263158,0.8666666666666667,59,15,14,
STEW,bandpower,lda,36,within,1,42,1.0,1.0,59,15,14,
STEW,bandpower,svm,36,within,1,42,1.0,1.0,59,15,14,
STEW,bandpower,decision_tree,36,within,1,42,0.8672566371681416,0.9333333333333333,59,15,14,
STEW,bandpower,random_forest,36,within,1,42,0.8672566371681416,0.9333333333333333,59,15,14,
STEW,fbcsp,lda,36,within,2,42,0.8648648648648649,0.9333333333333333,59,15,14,
STEW,fbcsp,svm,36,within,2,42,0.7272727272727273,0.8666666666666667,59,15,14,
STEW,fbcsp,decision_tree,36,within,2,42,0.5945945945945946,0.8,59,15,14,
STEW,fbcsp,random_forest,36,within,2,42,0.7272727272727273,0.8666666666666667,59,15,14,
STEW,bandpower,lda,36,within,2,42,0.6017699115044248,0.8,59,15,14,
STEW,bandpower,svm,36,within,2,42,1.0,1.0,59,15,14,
STEW,bandpower,decision_tree,36,within,2,42,0.7321428571428572,0.8666666666666667,59,15,14,
STEW,bandpower,random_forest,36,within,2,42,0.6017699115044248,0.8,59,15,14,
STEW,fbcsp,lda,36,within,3,42,0.8648648648648649,0.9333333333333333,59,15,14,
STEW,fbcsp,svm,36,within,3,42,0.8648648648648649,0.9333333333333333,59,15,14,
STEW,fbcsp,decision_tree,36,within,3,42,0.8648648648648649,0.9333333333333333,59,15,14,
STEW,fbcsp,random_forest,36,within,3,42,0.8648648648648649,0.9333333333333333,59,15,14,
STEW,bandpower,lda,36,within,3,42,0.8648648648648649,0.9333333333333333,59,15,14,
STEW,bandpower,svm,36,within,3,42,0.8648648648648649,0.9333333333333333,59,15,14,
STEW,bandpower,decision_tree,36,within,3,42,0.8672566371681416,0.9333333333333333,59,15,14,
STEW,bandpower,random_forest,36,within,3,42,1.0,1.0,59,15,14,
STEW,fbcsp,lda,36,within,4,42,1.0,1.0,60,14,14,
STEW,fbcsp,svm,36,within,4,42,1.0,1.0,60,14,14,
STEW,fbcsp,decision_tree,36,within,4,42,1.0,1.0,60,14,14,
STEW,fbcsp,random_forest,36,within,4,42,1.0,1.0,60,14,14,
STEW,bandpower,lda,36,within,4,42,0.8571428571428572,0.9285714285714286,60,14,14,
STEW,bandpower,svm,36,within,4,42,1.0,1.0,60,14,14,
STEW,bandpower,decision_tree,36,within,4,42,0.7142857142857143,0.8571428571428571,60,14,14,
STEW,bandpower,random_forest,36,within,4,42,0.8571428571428572,0.9285714285714286,60,14,14,
STEW,fbcsp,lda,37,within,0,42,1.0,1.0,59,15,14,
STEW,fbcsp,svm,37,within,0,42,0.8648648648648649,0.9333333333333333,59,15,14,
STEW,fbcsp,decision_tree,37,within,0,42,0.8648648648648649,0.9333333333333333,59,15,14,
STEW,fbcsp,random_forest,37,within,0,42,0.8648648648648649,0.9333333333333333,59,15,14,
STEW,bandpower,lda,37,within,0,42,1.0,1.0,59,15,14,
STEW,bandpower,svm,37,within,0,42,1.0,1.0,59,15,14,
STEW,bandpower,decision_tree,37,within,0,42,0.8672566371681416,0.9333333333333333,59,15,14,
STEW,bandpower,random_forest,37,within,0,42,1.0,1.0,59,15,14,
STEW,fbcsp,lda,37,within,1,42,1.0,1.0,59,15,14,
STEW,fbcsp,svm,37,within,1,42,1.0,1.0,59,15,14,
STEW,fbcsp,decision_tree,37,within,1,42,0.8672566371681416,0.9333333333333333,59,15,14,
STEW,fbcsp,random_forest,37,within,1,42,1.0,1.0,59,15,14,
STEW,bandpower,lda,37,within,1,42,1.0,1.0,59,15,14,
STEW,bandpower,svm,37,within,1,42,1.0,1.0,59,15,14,
STEW,bandpower,decision_tree,37,within,1,42,1.0,1.0,59,15,14,
STEW,bandpower,random_forest,37,within,1,42,1.0,1.0,59,15,14,
STEW,fbcsp,lda,37,within,2,42,1.0,1.0,59,15,14,
STEW,fbcsp,svm,37,within,2,42,1.0,1.0,59,15,14,
STEW,fbcsp,decision_tree,37,within,2,42,1.0,1.0,59,15,14,
STEW,fbcsp,random_forest,37,within,2,42,1.0,1.0,59,15,14,
STEW,bandpower,lda,37,within,2,42,1.0,1.0,59,15,14,
STEW,bandpower,svm,37,within,2,42,1.0,1.0,59,15,14,
STEW,bandpower,decision_tree,37,within,2,42,1.0,1.0,59,15,14,
STEW,bandpower,random_forest,37,within,2,42,1.0,1.0,59,15,14,
STEW,fbcsp,lda,37,within,3,42,1.0,1.0,59,15,14,
STEW,fbcsp,svm,37,within,3,42,1.0,1.0,59,15,14,
STEW,fbcsp,decision_tree,37,within,3,42,1.0,1.0,59,15,14,
STEW,fbcsp,random_forest,37,within,3,42,1.0,1.0,59,15,14,
STEW,bandpower,lda,37,within,3,42,1.0,1.0,59,15,14,
STEW,bandpower,svm,37,within,3,42,1.0,1.0,59,15,14,
STEW,bandpower,decision_tree,37,within,3,42,1.0,1.0,59,15,14,
STEW,bandpower,random_forest,37,within,3,42,1.0,1.0,59,15,14,
STEW,fbcsp,lda,37,within,4,42,1.0,1.0,60,14,14,
STEW,fbcsp,svm,37,within,4,42,1.0,1.0,60,14,14,
STEW,fbcsp,decision_tree,37,within,4,42,1.0,1.0,60,14,14,
STEW,fbcsp,random_forest,37,within,4,42,1.0,1.0,60,14,14,
STEW,bandpower,lda,37,within,4,42,1.0,1.0,60,14,14,
STEW,bandpower,svm,37,within,4,42,1.0,1.0,60,14,14,
STEW,bandpower,decision_tree,37,within,4,42,1.0,1.0,60,14,14,
STEW,bandpower,random_forest,37,within,4,42,1.0,1.0,60,14,14,
STEW,fbcsp,lda,38,within,0,42,1.0,1.0,59,15,14,
STEW,fbcsp,svm,38,within,0,42,1.0,1.0,59,15,14,
STEW,fbcsp,decision_tree,38,within,0,42,1.0,1.0,59,15,14,
STEW,fbcsp,random_forest,38,within,0,42,1.0,1.0,59,15,14,
STEW,bandpower,lda,38,within,0,42,0.8672566371681416,0.9333333333333333,59,15,14,
STEW,bandpower,svm,38,within,0,42,0.8648648648648649,0.9333333333333333,59,15,14,
STEW,bandpower,decision_tree,38,within,0,42,0.8672566371681416,0.9333333333333333,59,15,14,
STEW,bandpower,random_forest,38,within,0,42,0.8672566371681416,0.9333333333333333,59,15,14,
STEW,fbcsp,lda,38,within,1,42,1.0,1.0,59,15,14,
STEW,fbcsp,svm,38,within,1,42,1.0,1.0,59,15,14,
STEW,fbcsp,decision_tree,38,within,1,42,1.0,1.0,59,15,14,
STEW,fbcsp,random_forest,38,within,1,42,1.0,1.0,59,15,14,
STEW,bandpower,lda,38,within,1,42,1.0,1.0,59,15,14,
STEW,bandpower,svm,38,within,1,42,1.0,1.0,59,15,14,
STEW,bandpower,decision_tree,38,within,1,42,1.0,1.0,59,15,14,
STEW,bandpower,random_forest,38,within,1,42,1.0,1.0,59,15,14,
STEW,fbcsp,lda,38,within,2,42,1.0,1.0,59,15,14,
STEW,fbcsp,svm,38,within,2,42,1.0,1.0,59,15,14,
STEW,fbcsp,decision_tree,38,within,2,42,1.0,1.0,59,15,14,
STEW,fbcsp,random_forest,38,within,2,42,1.0,1.0,59,15,14,
STEW,bandpower,lda,38,within,2,42,1.0,1.0,59,15,14,
STEW,bandpower,svm,38,within,2,42,1.0,1.0,59,15,14,
STEW,bandpower,decision_tree,38,within,2,42,1.0,1.0,59,15,14,
STEW,bandpower,random_forest,38,within,2,42,1.0,1.0,59,15,14,
STEW,fbcsp,lda,38,within,3,42,1.0,1.0,59,15,14,
STEW,fbcsp,svm,38,within,3,42,1.0,1.0,59,15,14,
STEW,fbcsp,decision_tree,38,within,3,42,1.0,1.0,59,15,14,
STEW,fbcsp,random_forest,38,within,3,42,1.0,1.0,59,15,14,
STEW,bandpower,lda,38,within,3,42,1.0,1.0,59,15,14,
STEW,bandpower,svm,38,within,3,42,1.0,1.0,59,15,14,
STEW,bandpower,decision_tree,38,within,3,42,1.0,1.0,59,15,14,
STEW,bandpower,random_forest,38,within,3,42,1.0,1.0,59,15,14,
STEW,fbcsp,lda,38,within,4,42,0.8571428571428572,0.9285714285714286,60,14,14,
STEW,fbcsp,svm,38,within,4,42,0.8571428571428572,0.9285714285714286,60,14,14,
STEW,fbcsp,decision_tree,38,within,4,42,0.8571428571428572,0.9285714285714286,60,14,14,
STEW,fbcsp,random_forest,38,within,4,42,0.8571428571428572,0.9285714285714286,60,14,14,
STEW,bandpower,lda,38,within,4,42,1.0,1.0,60,14,14,
STEW,bandpower,svm,38,within,4,42,1.0,1.0,60,14,14,
STEW,bandpower,decision_tree,38,within,4,42,1.0,1.0,60,14,14,
STEW,bandpower,random_forest,38,within,4,42,1.0,1.0,60,14,14,
STEW,fbcsp,lda,39,within,0,42,0.8648648648648649,0.9333333333333333,59,15,14,
STEW,fbcsp,svm,39,within,0,42,1.0,1.0,59,15,14,
STEW,fbcsp,decision_tree,39,within,0,42,0.7272727272727273,0.8666666666666667,59,15,14,
STEW,fbcsp,random_forest,39,within,0,42,1.0,1.0,59,15,14,
STEW,bandpower,lda,39,within,0,42,1.0,1.0,59,15,14,
STEW,bandpower,svm,39,within,0,42,1.0,1.0,59,15,14,
STEW,bandpower,decision_tree,39,within,0,42,0.736842105263158,0.8666666666666667,59,15,14,
STEW,bandpower,random_forest,39,within,0,42,0.8672566371681416,0.9333333333333333,59,15,14,
STEW,fbcsp,lda,39,within,1,42,0.8672566371681416,0.9333333333333333,59,15,14,
STEW,fbcsp,svm,39,within,1,42,0.8672566371681416,0.9333333333333333,59,15,14,
STEW,fbcsp,decision_tree,39,within,1,42,0.6017699115044248,0.8,59,15,14,
STEW,fbcsp,random_forest,39,within,1,42,0.8672566371681416,0.9333333333333333,59,15,14,
STEW,bandpower,lda,39,within,1,42,1.0,1.0,59,15,14,
STEW,bandpower,svm,39,within,1,42,0.8672566371681416,0.9333333333333333,59,15,14,
STEW,bandpower,decision_tree,39,within,1,42,0.5945945945945946,0.8,59,15,14,
STEW,bandpower,random_forest,39,within,1,42,0.7321428571428572,0.8666666666666667,59,15,14,
STEW,fbcsp,lda,39,within,2,42,1.0,1.0,59,15,14,
STEW,fbcsp,svm,39,within,2,42,1.0,1.0,59,15,14,
STEW,fbcsp,decision_tree,39,within,2,42,0.8648648648648649,0.9333333333333333,59,15,14,
STEW,fbcsp,random_forest,39,within,2,42,0.8648648648648649,0.9333333333333333,59,15,14,
STEW,bandpower,lda,39,within,2,42,1.0,1.0,59,15,14,
STEW,bandpower,svm,39,within,2,42,0.8648648648648649,0.9333333333333333,59,15,14,
STEW,bandpower,decision_tree,39,within,2,42,1.0,1.0,59,15,14,
STEW,bandpower,random_forest,39,within,2,42,0.8672566371681416,0.9333333333333333,59,15,14,
STEW,fbcsp,lda,39,within,3,42,0.8648648648648649,0.9333333333333333,59,15,14,
STEW,fbcsp,svm,39,within,3,42,0.8648648648648649,0.9333333333333333,59,15,14,
STEW,fbcsp,decision_tree,39,within,3,42,0.8672566371681416,0.9333333333333333,59,15,14,
STEW,fbcsp,random_forest,39,within,3,42,0.7272727272727273,0.8666666666666667,59,15,14,
STEW,bandpower,lda,39,within,3,42,0.8648648648648649,0.9333333333333333,59,15,14,
STEW,bandpower,svm,39,within,3,42,0.7272727272727273,0.8666666666666667,59,15,14,
STEW,bandpower,decision_tree,39,within,3,42,0.5945945945945946,0.8,59,15,14,
STEW,bandpower,random_forest,39,within,3,42,0.7272727272727273,0.8666666666666667,59,15,14,
STEW,fbcsp,lda,39,within,4,42,1.0,1.0,60,14,14,
STEW,fbcsp,svm,39,within,4,42,1.0,1.0,60,14,14,
STEW,fbcsp,decision_tree,39,within,4,42,0.7142857142857143,0.8571428571428571,60,14,14,
STEW,fbcsp,random_forest,39,within,4,42,1.0,1.0,60,14,14,
STEW,bandpower,lda,39,within,4,42,1.0,1.0,60,14,14,
STEW,bandpower,svm,39,within,4,42,1.0,1.0,60,14,14,
STEW,bandpower,decision_tree,39,within,4,42,0.5714285714285714,0.7857142857142857,60,14,14,
STEW,bandpower,random_forest,39,within,4,42,0.8571428571428572,0.9285714285714286,60,14,14,
STEW,fbcsp,lda,40,within,0,42,1.0,1.0,59,15,14,
STEW,fbcsp,svm,40,within,0,42,1.0,1.0,59,15,14,
STEW,fbcsp,decision_tree,40,within,0,42,1.0,1.0,59,15,14,
STEW,fbcsp,random_forest,40,within,0,42,1.0,1.0,59,15,14,
STEW,bandpower,lda,40,within,0,42,1.0,1.0,59,15,14,
STEW,bandpower,svm,40,within,0,42,0.8648648648648649,0.9333333333333333,59,15,14,
STEW,bandpower,decision_tree,40,within,0,42,1.0,1.0,59,15,14,
STEW,bandpower,random_forest,40,within,0,42,1.0,1.0,59,15,14,
STEW,fbcsp,lda,40,within,1,42,1.0,1.0,59,15,14,
STEW,fbcsp,svm,40,within,1,42,1.0,1.0,59,15,14,
STEW,fbcsp,decision_tree,40,within,1,42,1.0,1.0,59,15,14,
STEW,fbcsp,random_forest,40,within,1,42,1.0,1.0,59,15,14,
STEW,bandpower,lda,40,within,1,42,1.0,1.0,59,15,14,
STEW,bandpower,svm,40,within,1,42,1.0,1.0,59,15,14,
STEW,bandpower,decision_tree,40,within,1,42,1.0,1.0,59,15,14,
STEW,bandpower,random_forest,40,within,1,42,1.0,1.0,59,15,14,
STEW,fbcsp,lda,40,within,2,42,1.0,1.0,59,15,14,
STEW,fbcsp,svm,40,within,2,42,1.0,1.0,59,15,14,
STEW,fbcsp,decision_tree,40,within,2,42,1.0,1.0,59,15,14,
STEW,fbcsp,random_forest,40,within,2,42,1.0,1.0,59,15,14,
STEW,bandpower,lda,40,within,2,42,1.0,1.0,59,15,14,
STEW,bandpower,svm,40,within,2,42,1.0,1.0,59,15,14,
STEW,bandpower,decision_tree,40,within,2,42,1.0,1.0,59,15,14,
STEW,bandpower,random_forest,40,within,2,42,1.0,1.0,59,15,14,
STEW,fbcsp,lda,40,within,3,42,1.0,1.0,59,15,14,
STEW,fbcsp,svm,40,within,3,42,1.0,1.0,59,15,14,
STEW,fbcsp,decision_tree,40,within,3,42,1.0,1.0,59,15,14,
STEW,fbcsp,random_forest,40,within,3,42,1.0,1.0,59,15,14,
STEW,bandpower,lda,40,within,3,42,1.0,1.0,59,15,14,
STEW,bandpower,svm,40,within,3,42,1.0,1.0,59,15,14,
STEW,bandpower,decision_tree,40,within,3,42,1.0,1.0,59,15,14,
STEW,bandpower,random_forest,40,within,3,42,1.0,1.0,59,15,14,
STEW,fbcsp,lda,40,within,4,42,1.0,1.0,60,14,14,
STEW,fbcsp,svm,40,within,4,42,1.0,1.0,60,14,14,
STEW,fbcsp,decision_tree,40,within,4,42,1.0,1.0,60,14,14,
STEW,fbcsp,random_forest,40,within,4,42,1.0,1.0,60,14,14,
STEW,bandpower,lda,40,within,4,42,1.0,1.0,60,14,14,
STEW,bandpower,svm,40,within,4,42,1.0,1.0,60,14,14,
STEW,bandpower,decision_tree,40,within,4,42,1.0,1.0,60,14,14,
STEW,bandpower,random_forest,40,within,4,42,1.0,1.0,60,14,14,
STEW,fbcsp,lda,41,within,0,42,1.0,1.0,59,15,14,
STEW,fbcsp,svm,41,within,0,42,1.0,1.0,59,15,14,
STEW,fbcsp,decision_tree,41,within,0,42,1.0,1.0,59,15,14,
STEW,fbcsp,random_forest,41,within,0,42,1.0,1.0,59,15,14,
STEW,bandpower,lda,41,within,0,42,1.0,1.0,59,15,14,
STEW,bandpower,svm,41,within,0,42,1.0,1.0,59,15,14,
STEW,bandpower,decision_tree,41,within,0,42,1.0,1.0,59,15,14,
STEW,bandpower,random_forest,41,within,0,42,1.0,1.0,59,15,14,
STEW,fbcsp,lda,41,within,1,42,1.0,1.0,59,15,14,
STEW,fbcsp,svm,41,within,1,42,1.0,1.0,59,15,14,
STEW,fbcsp,decision_tree,41,within,1,42,1.0,1.0,59,15,14,
STEW,fbcsp,random_forest,41,within,1,42,1.0,1.0,59,15,14,
STEW,bandpower,lda,41,within,1,42,1.0,1.0,59,15,14,
STEW,bandpower,svm,41,within,1,42,1.0,1.0,59,15,14,
STEW,bandpower,decision_tree,41,within,1,42,1.0,1.0,59,15,14,
STEW,bandpower,random_forest,41,within,1,42,1.0,1.0,59,15,14,
STEW,fbcsp,lda,41,within,2,42,1.0,1.0,59,15,14,
STEW,fbcsp,svm,41,within,2,42,1.0,1.0,59,15,14,
STEW,fbcsp,decision_tree,41,within,2,42,1.0,1.0,59,15,14,
STEW,fbcsp,random_forest,41,within,2,42,1.0,1.0,59,15,14,
STEW,bandpower,lda,41,within,2,42,1.0,1.0,59,15,14,
STEW,bandpower,svm,41,within,2,42,1.0,1.0,59,15,14,
STEW,bandpower,decision_tree,41,within,2,42,1.0,1.0,59,15,14,
STEW,bandpower,random_forest,41,within,2,42,1.0,1.0,59,15,14,
STEW,fbcsp,lda,41,within,3,42,1.0,1.0,59,15,14,
STEW,fbcsp,svm,41,within,3,42,1.0,1.0,59,15,14,
STEW,fbcsp,decision_tree,41,within,3,42,1.0,1.0,59,15,14,
STEW,fbcsp,random_forest,41,within,3,42,1.0,1.0,59,15,14,
STEW,bandpower,lda,41,within,3,42,1.0,1.0,59,15,14,
STEW,bandpower,svm,41,within,3,42,1.0,1.0,59,15,14,
STEW,bandpower,decision_tree,41,within,3,42,1.0,1.0,59,15,14,
STEW,bandpower,random_forest,41,within,3,42,1.0,1.0,59,15,14,
STEW,fbcsp,lda,41,within,4,42,1.0,1.0,60,14,14,
STEW,fbcsp,svm,41,within,4,42,1.0,1.0,60,14,14,
STEW,fbcsp,decision_tree,41,within,4,42,1.0,1.0,60,14,14,
STEW,fbcsp,random_forest,41,within,4,42,1.0,1.0,60,14,14,
STEW,bandpower,lda,41,within,4,42,1.0,1.0,60,14,14,
STEW,bandpower,svm,41,within,4,42,0.8571428571428572,0.9285714285714286,60,14,14,
STEW,bandpower,decision_tree,41,within,4,42,1.0,1.0,60,14,14,
STEW,bandpower,random_forest,41,within,4,42,1.0,1.0,60,14,14,
STEW,fbcsp,lda,43,within,0,42,1.0,1.0,59,15,14,
STEW,fbcsp,svm,43,within,0,42,1.0,1.0,59,15,14,
STEW,fbcsp,decision_tree,43,within,0,42,1.0,1.0,59,15,14,
STEW,fbcsp,random_forest,43,within,0,42,1.0,1.0,59,15,14,
STEW,bandpower,lda,43,within,0,42,0.8648648648648649,0.9333333333333333,59,15,14,
STEW,bandpower,svm,43,within,0,42,0.8672566371681416,0.9333333333333333,59,15,14,
STEW,bandpower,decision_tree,43,within,0,42,0.8672566371681416,0.9333333333333333,59,15,14,
STEW,bandpower,random_forest,43,within,0,42,0.8672566371681416,0.9333333333333333,59,15,14,
STEW,fbcsp,lda,43,within,1,42,1.0,1.0,59,15,14,
STEW,fbcsp,svm,43,within,1,42,1.0,1.0,59,15,14,
STEW,fbcsp,decision_tree,43,within,1,42,0.8648648648648649,0.9333333333333333,59,15,14,
STEW,fbcsp,random_forest,43,within,1,42,1.0,1.0,59,15,14,
STEW,bandpower,lda,43,within,1,42,1.0,1.0,59,15,14,
STEW,bandpower,svm,43,within,1,42,1.0,1.0,59,15,14,
STEW,bandpower,decision_tree,43,within,1,42,1.0,1.0,59,15,14,
STEW,bandpower,random_forest,43,within,1,42,1.0,1.0,59,15,14,
STEW,fbcsp,lda,43,within,2,42,1.0,1.0,59,15,14,
STEW,fbcsp,svm,43,within,2,42,0.8672566371681416,0.9333333333333333,59,15,14,
STEW,fbcsp,decision_tree,43,within,2,42,0.8672566371681416,0.9333333333333333,59,15,14,
STEW,fbcsp,random_forest,43,within,2,42,0.8672566371681416,0.9333333333333333,59,15,14,
STEW,bandpower,lda,43,within,2,42,1.0,1.0,59,15,14,
STEW,bandpower,svm,43,within,2,42,0.736842105263158,0.8666666666666667,59,15,14,
STEW,bandpower,decision_tree,43,within,2,42,0.6017699115044248,0.8,59,15,14,
STEW,bandpower,random_forest,43,within,2,42,0.736842105263158,0.8666666666666667,59,15,14,
STEW,fbcsp,lda,43,within,3,42,0.736842105263158,0.8666666666666667,59,15,14,
STEW,fbcsp,svm,43,within,3,42,0.736842105263158,0.8666666666666667,59,15,14,
STEW,fbcsp,decision_tree,43,within,3,42,0.48275862068965514,0.7333333333333333,59,15,14,
STEW,fbcsp,random_forest,43,within,3,42,0.8672566371681416,0.9333333333333333,59,15,14,
STEW,bandpower,lda,43,within,3,42,0.7321428571428572,0.8666666666666667,59,15,14,
STEW,bandpower,svm,43,within,3,42,0.736842105263158,0.8666666666666667,59,15,14,
STEW,bandpower,decision_tree,43,within,3,42,0.5945945945945946,0.8,59,15,14,
STEW,bandpower,random_forest,43,within,3,42,0.5871559633027523,0.8,59,15,14,
STEW,fbcsp,lda,43,within,4,42,0.8571428571428572,0.9285714285714286,60,14,14,
STEW,fbcsp,svm,43,within,4,42,1.0,1.0,60,14,14,
STEW,fbcsp,decision_tree,43,within,4,42,0.7142857142857143,0.8571428571428571,60,14,14,
STEW,fbcsp,random_forest,43,within,4,42,0.8571428571428572,0.9285714285714286,60,14,14,
STEW,bandpower,lda,43,within,4,42,0.8571428571428572,0.9285714285714286,60,14,14,
STEW,bandpower,svm,43,within,4,42,0.7142857142857143,0.8571428571428571,60,14,14,
STEW,bandpower,decision_tree,43,within,4,42,0.2857142857142857,0.6428571428571429,60,14,14,
STEW,bandpower,random_forest,43,within,4,42,0.7142857142857143,0.8571428571428571,60,14,14,
STEW,fbcsp,lda,44,within,0,42,0.8648648648648649,0.9333333333333333,59,15,14,
STEW,fbcsp,svm,44,within,0,42,0.736842105263158,0.8666666666666667,59,15,14,
STEW,fbcsp,decision_tree,44,within,0,42,0.736842105263158,0.8666666666666667,59,15,14,
STEW,fbcsp,random_forest,44,within,0,42,0.6086956521739131,0.8,59,15,14,
STEW,bandpower,lda,44,within,0,42,1.0,1.0,59,15,14,
STEW,bandpower,svm,44,within,0,42,1.0,1.0,59,15,14,
STEW,bandpower,decision_tree,44,within,0,42,1.0,1.0,59,15,14,
STEW,bandpower,random_forest,44,within,0,42,0.8672566371681416,0.9333333333333333,59,15,14,
STEW,fbcsp,lda,44,within,1,42,1.0,1.0,59,15,14,
STEW,fbcsp,svm,44,within,1,42,1.0,1.0,59,15,14,
STEW,fbcsp,decision_tree,44,within,1,42,0.736842105263158,0.8666666666666667,59,15,14,
STEW,fbcsp,random_forest,44,within,1,42,1.0,1.0,59,15,14,
STEW,bandpower,lda,44,within,1,42,1.0,1.0,59,15,14,
STEW,bandpower,svm,44,within,1,42,1.0,1.0,59,15,14,
STEW,bandpower,decision_tree,44,within,1,42,0.7272727272727273,0.8666666666666667,59,15,14,
STEW,bandpower,random_forest,44,within,1,42,1.0,1.0,59,15,14,
STEW,fbcsp,lda,44,within,2,42,1.0,1.0,59,15,14,
STEW,fbcsp,svm,44,within,2,42,1.0,1.0,59,15,14,
STEW,fbcsp,decision_tree,44,within,2,42,0.8648648648648649,0.9333333333333333,59,15,14,
STEW,fbcsp,random_forest,44,within,2,42,1.0,1.0,59,15,14,
STEW,bandpower,lda,44,within,2,42,1.0,1.0,59,15,14,
STEW,bandpower,svm,44,within,2,42,1.0,1.0,59,15,14,
STEW,bandpower,decision_tree,44,within,2,42,1.0,1.0,59,15,14,
STEW,bandpower,random_forest,44,within,2,42,1.0,1.0,59,15,14,
STEW,fbcsp,lda,44,within,3,42,1.0,1.0,59,15,14,
STEW,fbcsp,svm,44,within,3,42,1.0,1.0,59,15,14,
STEW,fbcsp,decision_tree,44,within,3,42,0.8672566371681416,0.9333333333333333,59,15,14,
STEW,fbcsp,random_forest,44,within,3,42,1.0,1.0,59,15,14,
STEW,bandpower,lda,44,within,3,42,0.8672566371681416,0.9333333333333333,59,15,14,
STEW,bandpower,svm,44,within,3,42,1.0,1.0,59,15,14,
STEW,bandpower,decision_tree,44,within,3,42,1.0,1.0,59,15,14,
STEW,bandpower,random_forest,44,within,3,42,1.0,1.0,59,15,14,
STEW,fbcsp,lda,44,within,4,42,1.0,1.0,60,14,14,
STEW,fbcsp,svm,44,within,4,42,1.0,1.0,60,14,14,
STEW,fbcsp,decision_tree,44,within,4,42,0.8571428571428572,0.9285714285714286,60,14,14,
STEW,fbcsp,random_forest,44,within,4,42,1.0,1.0,60,14,14,
STEW,bandpower,lda,44,within,4,42,1.0,1.0,60,14,14,
STEW,bandpower,svm,44,within,4,42,1.0,1.0,60,14,14,
STEW,bandpower,decision_tree,44,within,4,42,1.0,1.0,60,14,14,
STEW,bandpower,random_forest,44,within,4,42,1.0,1.0,60,14,14,
STEW,fbcsp,lda,45,within,0,42,1.0,1.0,59,15,14,
STEW,fbcsp,svm,45,within,0,42,1.0,1.0,59,15,14,
STEW,fbcsp,decision_tree,45,within,0,42,1.0,1.0,59,15,14,
STEW,fbcsp,random_forest,45,within,0,42,1.0,1.0,59,15,14,
STEW,bandpower,lda,45,within,0,42,1.0,1.0,59,15,14,
STEW,bandpower,svm,45,within,0,42,1.0,1.0,59,15,14,
STEW,bandpower,decision_tree,45,within,0,42,1.0,1.0,59,15,14,
STEW,bandpower,random_forest,45,within,0,42,1.0,1.0,59,15,14,
STEW,fbcsp,lda,45,within,1,42,1.0,1.0,59,15,14,
STEW,fbcsp,svm,45,within,1,42,1.0,1.0,59,15,14,
STEW,fbcsp,decision_tree,45,within,1,42,1.0,1.0,59,15,14,
STEW,fbcsp,random_forest,45,within,1,42,1.0,1.0,59,15,14,
STEW,bandpower,lda,45,within,1,42,1.0,1.0,59,15,14,
STEW,bandpower,svm,45,within,1,42,1.0,1.0,59,15,14,
STEW,bandpower,decision_tree,45,within,1,42,0.8672566371681416,0.9333333333333333,59,15,14,
STEW,bandpower,random_forest,45,within,1,42,1.0,1.0,59,15,14,
STEW,fbcsp,lda,45,within,2,42,1.0,1.0,59,15,14,
STEW,fbcsp,svm,45,within,2,42,1.0,1.0,59,15,14,
STEW,fbcsp,decision_tree,45,within,2,42,0.8648648648648649,0.9333333333333333,59,15,14,
STEW,fbcsp,random_forest,45,within,2,42,1.0,1.0,59,15,14,
STEW,bandpower,lda,45,within,2,42,1.0,1.0,59,15,14,
STEW,bandpower,svm,45,within,2,42,1.0,1.0,59,15,14,
STEW,bandpower,decision_tree,45,within,2,42,1.0,1.0,59,15,14,
STEW,bandpower,random_forest,45,within,2,42,1.0,1.0,59,15,14,
STEW,fbcsp,lda,45,within,3,42,1.0,1.0,59,15,14,
STEW,fbcsp,svm,45,within,3,42,1.0,1.0,59,15,14,
STEW,fbcsp,decision_tree,45,within,3,42,0.8648648648648649,0.9333333333333333,59,15,14,
STEW,fbcsp,random_forest,45,within,3,42,1.0,1.0,59,15,14,
STEW,bandpower,lda,45,within,3,42,1.0,1.0,59,15,14,
STEW,bandpower,svm,45,within,3,42,1.0,1.0,59,15,14,
STEW,bandpower,decision_tree,45,within,3,42,1.0,1.0,59,15,14,
STEW,bandpower,random_forest,45,within,3,42,1.0,1.0,59,15,14,
STEW,fbcsp,lda,45,within,4,42,1.0,1.0,60,14,14,
STEW,fbcsp,svm,45,within,4,42,1.0,1.0,60,14,14,
STEW,fbcsp,decision_tree,45,within,4,42,1.0,1.0,60,14,14,
STEW,fbcsp,random_forest,45,within,4,42,1.0,1.0,60,14,14,
STEW,bandpower,lda,45,within,4,42,1.0,1.0,60,14,14,
STEW,bandpower,svm,45,within,4,42,1.0,1.0,60,14,14,
STEW,bandpower,decision_tree,45,within,4,42,1.0,1.0,60,14,14,
STEW,bandpower,random_forest,45,within,4,42,1.0,1.0,60,14,14,
STEW,fbcsp,lda,46,within,0,42,1.0,1.0,59,15,14,
STEW,fbcsp,svm,46,within,0,42,0.8672566371681416,0.9333333333333333,59,15,14,
STEW,fbcsp,decision_tree,46,within,0,42,0.4736842105263158,0.7333333333333333,59,15,14,
STEW,fbcsp,random_forest,46,within,0,42,0.736842105263158,0.8666666666666667,59,15,14,
STEW,bandpower,lda,46,within,0,42,0.8648648648648649,0.9333333333333333,59,15,14,
STEW,bandpower,svm,46,within,0,42,0.7321428571428572,0.8666666666666667,59,15,14,
STEW,bandpower,decision_tree,46,within,0,42,0.6017699115044248,0.8,59,15,14,
STEW,bandpower,random_forest,46,within,0,42,0.8648648648648649,0.9333333333333333,59,15,14,
STEW,fbcsp,lda,46,within,1,42,1.0,1.0,59,15,14,
STEW,fbcsp,svm,46,within,1,42,1.0,1.0,59,15,14,
STEW,fbcsp,decision_tree,46,within,1,42,0.736842105263158,0.8666666666666667,59,15,14,
STEW,fbcsp,random_forest,46,within,1,42,1.0,1.0,59,15,14,
STEW,bandpower,lda,46,within,1,42,1.0,1.0,59,15,14,
STEW,bandpower,svm,46,within,1,42,1.0,1.0,59,15,14,
STEW,bandpower,decision_tree,46,within,1,42,0.8672566371681416,0.9333333333333333,59,15,14,
STEW,bandpower,random_forest,46,within,1,42,1.0,1.0,59,15,14,
STEW,fbcsp,lda,46,within,2,42,1.0,1.0,59,15,14,
STEW,fbcsp,svm,46,within,2,42,1.0,1.0,59,15,14,
STEW,fbcsp,decision_tree,46,within,2,42,1.0,1.0,59,15,14,
STEW,fbcsp,random_forest,46,within,2,42,1.0,1.0,59,15,14,
STEW,bandpower,lda,46,within,2,42,1.0,1.0,59,15,14,
STEW,bandpower,svm,46,within,2,42,1.0,1.0,59,15,14,
STEW,bandpower,decision_tree,46,within,2,42,0.8648648648648649,0.9333333333333333,59,15,14,
STEW,bandpower,random_forest,46,within,2,42,1.0,1.0,59,15,14,
STEW,fbcsp,lda,46,within,3,42,0.8672566371681416,0.9333333333333333,59,15,14,
STEW,fbcsp,svm,46,within,3,42,0.8672566371681416,0.9333333333333333,59,15,14,
STEW,fbcsp,decision_tree,46,within,3,42,0.736842105263158,0.8666666666666667,59,15,14,
STEW,fbcsp,random_forest,46,within,3,42,0.8672566371681416,0.9333333333333333,59,15,14,
STEW,bandpower,lda,46,within,3,42,0.8672566371681416,0.9333333333333333,59,15,14,
STEW,bandpower,svm,46,within,3,42,0.8672566371681416,0.9333333333333333,59,15,14,
STEW,bandpower,decision_tree,46,within,3,42,0.7272727272727273,0.8666666666666667,59,15,14,
STEW,bandpower,random_forest,46,within,3,42,0.8672566371681416,0.9333333333333333,59,15,14,
STEW,fbcsp,lda,46,within,4,42,1.0,1.0,60,14,14,
STEW,fbcsp,svm,46,within,4,42,1.0,1.0,60,14,14,
STEW,fbcsp,decision_tree,46,within,4,42,0.8571428571428572,0.9285714285714286,60,14,14,
STEW,fbcsp,random_forest,46,within,4,42,1.0,1.0,60,14,14,
STEW,bandpower,lda,46,within,4,42,1.0,1.0,60,14,14,
STEW,bandpower,svm,46,within,4,42,1.0,1.0,60,14,14,
STEW,bandpower,decision_tree,46,within,4,42,0.5714285714285714,0.7857142857142857,60,14,14,
STEW,bandpower,random_forest,46,within,4,42,0.7142857142857143,0.8571428571428571,60,14,14,
STEW,fbcsp,lda,47,within,0,42,1.0,1.0,59,15,14,
STEW,fbcsp,svm,47,within,0,42,0.8672566371681416,0.9333333333333333,59,15,14,
STEW,fbcsp,decision_tree,47,within,0,42,0.7272727272727273,0.8666666666666667,59,15,14,
STEW,fbcsp,random_forest,47,within,0,42,1.0,1.0,59,15,14,
STEW,bandpower,lda,47,within,0,42,0.8672566371681416,0.9333333333333333,59,15,14,
STEW,bandpower,svm,47,within,0,42,0.736842105263158,0.8666666666666667,59,15,14,
STEW,bandpower,decision_tree,47,within,0,42,0.5945945945945946,0.8,59,15,14,
STEW,bandpower,random_forest,47,within,0,42,0.7321428571428572,0.8666666666666667,59,15,14,
STEW,fbcsp,lda,47,within,1,42,1.0,1.0,59,15,14,
STEW,fbcsp,svm,47,within,1,42,1.0,1.0,59,15,14,
STEW,fbcsp,decision_tree,47,within,1,42,0.8648648648648649,0.9333333333333333,59,15,14,
STEW,fbcsp,random_forest,47,within,1,42,1.0,1.0,59,15,14,
STEW,bandpower,lda,47,within,1,42,1.0,1.0,59,15,14,
STEW,bandpower,svm,47,within,1,42,1.0,1.0,59,15,14,
STEW,bandpower,decision_tree,47,within,1,42,1.0,1.0,59,15,14,
STEW,bandpower,random_forest,47,within,1,42,1.0,1.0,59,15,14,
STEW,fbcsp,lda,47,within,2,42,1.0,1.0,59,15,14,
STEW,fbcsp,svm,47,within,2,42,1.0,1.0,59,15,14,
STEW,fbcsp,decision_tree,47,within,2,42,1.0,1.0,59,15,14,
STEW,fbcsp,random_forest,47,within,2,42,1.0,1.0,59,15,14,
STEW,bandpower,lda,47,within,2,42,1.0,1.0,59,15,14,
STEW,bandpower,svm,47,within,2,42,0.8672566371681416,0.9333333333333333,59,15,14,
STEW,bandpower,decision_tree,47,within,2,42,0.5945945945945946,0.8,59,15,14,
STEW,bandpower,random_forest,47,within,2,42,0.8672566371681416,0.9333333333333333,59,15,14,
STEW,fbcsp,lda,47,within,3,42,1.0,1.0,59,15,14,
STEW,fbcsp,svm,47,within,3,42,1.0,1.0,59,15,14,
STEW,fbcsp,decision_tree,47,within,3,42,0.5945945945945946,0.8,59,15,14,
STEW,fbcsp,random_forest,47,within,3,42,1.0,1.0,59,15,14,
STEW,bandpower,lda,47,within,3,42,0.8672566371681416,0.9333333333333333,59,15,14,
STEW,bandpower,svm,47,within,3,42,0.8672566371681416,0.9333333333333333,59,15,14,
STEW,bandpower,decision_tree,47,within,3,42,0.8672566371681416,0.9333333333333333,59,15,14,
STEW,bandpower,random_forest,47,within,3,42,0.8672566371681416,0.9333333333333333,59,15,14,
STEW,fbcsp,lda,47,within,4,42,1.0,1.0,60,14,14,
STEW,fbcsp,svm,47,within,4,42,1.0,1.0,60,14,14,
STEW,fbcsp,decision_tree,47,within,4,42,1.0,1.0,60,14,14,
STEW,fbcsp,random_forest,47,within,4,42,0.8571428571428572,0.9285714285714286,60,14,14,
STEW,bandpower,lda,47,within,4,42,1.0,1.0,60,14,14,
STEW,bandpower,svm,47,within,4,42,0.8571428571428572,0.9285714285714286,60,14,14,
STEW,bandpower,decision_tree,47,within,4,42,0.5714285714285714,0.7857142857142857,60,14,14,
STEW,bandpower,random_forest,47,within,4,42,1.0,1.0,60,14,14,
STEW,fbcsp,lda,48,within,0,42,1.0,1.0,59,15,14,
STEW,fbcsp,svm,48,within,0,42,1.0,1.0,59,15,14,
STEW,fbcsp,decision_tree,48,within,0,42,1.0,1.0,59,15,14,
STEW,fbcsp,random_forest,48,within,0,42,0.8672566371681416,0.9333333333333333,59,15,14,
STEW,bandpower,lda,48,within,0,42,1.0,1.0,59,15,14,
STEW,bandpower,svm,48,within,0,42,0.8672566371681416,0.9333333333333333,59,15,14,
STEW,bandpower,decision_tree,48,within,0,42,0.736842105263158,0.8666666666666667,59,15,14,
STEW,bandpower,random_forest,48,within,0,42,1.0,1.0,59,15,14,
STEW,fbcsp,lda,48,within,1,42,0.8672566371681416,0.9333333333333333,59,15,14,
STEW,fbcsp,svm,48,within,1,42,1.0,1.0,59,15,14,
STEW,fbcsp,decision_tree,48,within,1,42,0.7321428571428572,0.8666666666666667,59,15,14,
STEW,fbcsp,random_forest,48,within,1,42,0.8648648648648649,0.9333333333333333,59,15,14,
STEW,bandpower,lda,48,within,1,42,1.0,1.0,59,15,14,
STEW,bandpower,svm,48,within,1,42,1.0,1.0,59,15,14,
STEW,bandpower,decision_tree,48,within,1,42,0.7272727272727273,0.8666666666666667,59,15,14,
STEW,bandpower,random_forest,48,within,1,42,1.0,1.0,59,15,14,
STEW,fbcsp,lda,48,within,2,42,1.0,1.0,59,15,14,
STEW,fbcsp,svm,48,within,2,42,0.8648648648648649,0.9333333333333333,59,15,14,
STEW,fbcsp,decision_tree,48,within,2,42,0.8648648648648649,0.9333333333333333,59,15,14,
STEW,fbcsp,random_forest,48,within,2,42,1.0,1.0,59,15,14,
STEW,bandpower,lda,48,within,2,42,1.0,1.0,59,15,14,
STEW,bandpower,svm,48,within,2,42,1.0,1.0,59,15,14,
STEW,bandpower,decision_tree,48,within,2,42,1.0,1.0,59,15,14,
STEW,bandpower,random_forest,48,within,2,42,1.0,1.0,59,15,14,
STEW,fbcsp,lda,48,within,3,42,1.0,1.0,59,15,14,
STEW,fbcsp,svm,48,within,3,42,1.0,1.0,59,15,14,
STEW,fbcsp,decision_tree,48,within,3,42,0.5871559633027523,0.8,59,15,14,
STEW,fbcsp,random_forest,48,within,3,42,1.0,1.0,59,15,14,
STEW,bandpower,lda,48,within,3,42,1.0,1.0,59,15,14,
STEW,bandpower,svm,48,within,3,42,1.0,1.0,59,15,14,
STEW,bandpower,decision_tree,48,within,3,42,0.736842105263158,0.8666666666666667,59,15,14,
STEW,bandpower,random_forest,48,within,3,42,0.8672566371681416,0.9333333333333333,59,15,14,
STEW,fbcsp,lda,48,within,4,42,1.0,1.0,60,14,14,
STEW,fbcsp,svm,48,within,4,42,1.0,1.0,60,14,14,
STEW,fbcsp,decision_tree,48,within,4,42,1.0,1.0,60,14,14,
STEW,fbcsp,random_forest,48,within,4,42,1.0,1.0,60,14,14,
STEW,bandpower,lda,48,within,4,42,1.0,1.0,60,14,14,
STEW,bandpower,svm,48,within,4,42,1.0,1.0,60,14,14,
STEW,bandpower,decision_tree,48,within,4,42,0.8571428571428572,0.9285714285714286,60,14,14,
STEW,bandpower,random_forest,48,within,4,42,1.0,1.0,60,14,14,
WAUC,fbcsp,lda,1,within,0,42,0.594560669456067,0.8011695906432749,681,171,8,
WAUC,fbcsp,svm,1,within,0,42,0.6290153264749108,0.8187134502923976,681,171,8,
WAUC,fbcsp,decision_tree,1,within,0,42,0.42625471830001405,0.7192982456140351,681,171,8,
WAUC,fbcsp,random_forest,1,within,0,42,0.6676846196557468,0.8362573099415205,681,171,8,
WAUC,bandpower,lda,1,within,0,42,0.7029393370856786,0.8538011695906432,681,171,8,
WAUC,bandpower,svm,1,within,0,42,0.6263480651300486,0.8187134502923976,681,171,8,
WAUC,bandpower,decision_tree,1,within,0,42,0.4527619312647837,0.7309941520467836,681,171,8,
WAUC,bandpower,random_forest,1,within,0,42,0.7029393370856786,0.8538011695906432,681,171,8,
WAUC,fbcsp,lda,1,within,1,42,0.5343852544857921,0.7719298245614035,681,171,8,
WAUC,fbcsp,svm,1,within,1,42,0.6439478067740144,0.8245614035087719,681,171,8,
WAUC,fbcsp,decision_tree,1,within,1,42,0.5252637423653526,0.7660818713450293,681,171,8,
WAUC,fbcsp,random_forest,1,within,1,42,0.7528051214979005,0.8771929824561403,681,171,8,
WAUC,bandpower,lda,1,within,1,42,0.6545935780455527,0.8304093567251462,681,171,8,
WAUC,bandpower,svm,1,within,1,42,0.6184100418410041,0.8128654970760234,681,171,8,
WAUC,bandpower,decision_tree,1,within,1,42,0.5974241794765268,0.8011695906432749,681,171,8,
WAUC,bandpower,random_forest,1,within,1,42,0.6562218370883882,0.8304093567251462,681,171,8,
WAUC,fbcsp,lda,1,within,2,42,0.6307972537480735,0.8176470588235294,682,170,8,
WAUC,fbcsp,svm,1,within,2,42,0.7151235860913281,0.8588235294117647,682,170,8,
WAUC,fbcsp,decision_tree,1,within,2,42,0.4515359798008136,0.7294117647058823,682,170,8,
WAUC,fbcsp,random_forest,1,within,2,42,0.762071378586424,0.8823529411764706,682,170,8,
WAUC,bandpower,lda,1,within,2,42,0.6798716696889384,0.8411764705882353,682,170,8,
WAUC,bandpower,svm,1,within,2,42,0.7248416608022519,0.8647058823529412,682,170,8,
WAUC,bandpower,decision_tree,1,within,2,42,0.6078568432825389,0.8058823529411765,682,170,8,
WAUC,bandpower,random_forest,1,within,2,42,0.7863426895684961,0.8941176470588236,682,170,8,
WAUC,fbcsp,lda,1,within,3,42,0.6316230952048092,0.8176470588235294,682,170,8,
WAUC,fbcsp,svm,1,within,3,42,0.762071378586424,0.8823529411764706,682,170,8,
WAUC,fbcsp,decision_tree,1,within,3,42,0.5519489526980164,0.7764705882352941,682,170,8,
WAUC,fbcsp,random_forest,1,within,3,42,0.7170203911776946,0.8588235294117647,682,170,8,
WAUC,bandpower,lda,1,within,3,42,0.582221598090156,0.7941176470588235,682,170,8,
WAUC,bandpower,svm,1,within,3,42,0.6668999300209937,0.8352941176470589,682,170,8,
WAUC,bandpower,decision_tree,1,within,3,42,0.6920718963355162,0.8470588235294118,682,170,8,
WAUC,bandpower,random_forest,1,within,3,42,0.691383884932272,0.8470588235294118,682,170,8,
WAUC,fbcsp,lda,1,within,4,42,0.6709980646944982,0.8352941176470589,682,170,8,
WAUC,fbcsp,svm,1,within,4,42,0.7504543548161611,0.8764705882352941,682,170,8,
WAUC,fbcsp,decision_tree,1,within,4,42,0.444289887327862,0.7235294117647059,682,170,8,
WAUC,fbcsp,random_forest,1,within,4,42,0.8096304591265397,0.9058823529411765,682,170,8,
WAUC,bandpower,lda,1,within,4,42,0.6278774184437227,0.8176470588235294,682,170,8,
WAUC,bandpower,svm,1,within,4,42,0.7253056062947871,0.8647058823529412,682,170,8,
WAUC,bandpower,decision_tree,1,within,4,42,0.6545199719691661,0.8294117647058824,682,170,8,
WAUC,bandpower,random_forest,1,within,4,42,0.736916150815982,0.8705882352941177,682,170,8,
WAUC,fbcsp,lda,2,within,0,42,0.950389503895039,0.9752066115702479,481,121,8,
WAUC,fbcsp,svm,2,within,0,42,0.9504030605273944,0.9752066115702479,481,121,8,
WAUC,fbcsp,decision_tree,2,within,0,42,0.9007925662749385,0.9504132231404959,481,121,8,
WAUC,fbcsp,random_forest,2,within,0,42,0.9669308554249795,0.9834710743801653,481,121,8,
WAUC,bandpower,lda,2,within,0,42,1.0,1.0,481,121,8,
WAUC,bandpower,svm,2,within,0,42,0.9669398907103826,0.9834710743801653,481,121,8,
WAUC,bandpower,decision_tree,2,within,0,42,0.9008738394320044,0.9504132231404959,481,121,8,
WAUC,bandpower,random_forest,2,within,0,42,1.0,1.0,481,121,8,
WAUC,fbcsp,lda,2,within,1,42,0.9174061433447099,0.9586776859504132,481,121,8,
WAUC,fbcsp,svm,2,within,1,42,0.9669489210598197,0.9834710743801653,481,121,8,
WAUC,fbcsp,decision_tree,2,within,1,42,0.8181445552671129,0.9090909090909091,481,121,8,
WAUC,fbcsp,random_forest,2,within,1,42,0.9504030605273944,0.9752066115702479,481,121,8,
WAUC,bandpower,lda,2,within,1,42,0.9834676868424648,0.9917355371900827,481,121,8,
WAUC,bandpower,svm,2,within,1,42,0.9008467631794592,0.9504132231404959,481,121,8,
WAUC,bandpower,decision_tree,2,within,1,42,0.8843686006825938,0.9421487603305785,481,121,8,
WAUC,bandpower,random_forest,2,within,1,42,0.9669489210598197,0.9834710743801653,481,121,8,
WAUC,fbcsp,lda,2,within,2,42,0.9000277700638711,0.95,482,120,8,
WAUC,fbcsp,svm,2,within,2,42,0.95,0.975,482,120,8,
WAUC,fbcsp,decision_tree,2,within,2,42,0.9166203446359088,0.9583333333333334,482,120,8,
WAUC,fbcsp,random_forest,2,within,2,42,0.9499722067815453,0.975,482,120,8,
WAUC,bandpower,lda,2,within,2,42,0.9833240689271817,0.9916666666666667,482,120,8,
WAUC,bandpower,svm,2,within,2,42,0.933240611961057,0.9666666666666667,482,120,8,
WAUC,bandpower,decision_tree,2,within,2,42,0.9666388657214345,0.9833333333333333,482,120,8,
WAUC,bandpower,random_forest,2,within,2,42,0.9833240689271817,0.9916666666666667,482,120,8,
WAUC,fbcsp,lda,2,within,3,42,0.8833333333333333,0.9416666666666667,482,120,8,
WAUC,fbcsp,svm,2,within,3,42,0.9333148096693527,0.9666666666666667,482,120,8,
WAUC,fbcsp,decision_tree,2,within,3,42,0.8833333333333333,0.9416666666666667,482,120,8,
WAUC,fbcsp,random_forest,2,within,3,42,0.8832684824902723,0.9416666666666667,482,120,8,
WAUC,bandpower,lda,2,within,3,42,0.9666574048346763,0.9833333333333333,482,120,8,
WAUC,bandpower,svm,2,within,3,42,0.9332777314428691,0.9666666666666667,482,120,8,
WAUC,bandpower,decision_tree,2,within,3,42,0.8833981121599112,0.9416666666666667,482,120,8,
WAUC,bandpower,random_forest,2,within,3,42,1.0,1.0,482,120,8,
WAUC,fbcsp,lda,2,within,4,42,0.9666574048346763,0.9833333333333333,482,120,8,
WAUC,fbcsp,svm,2,within,4,42,0.9833240689271817,0.9916666666666667,482,120,8,
WAUC,fbcsp,decision_tree,2,within,4,42,0.8001665278934221,0.9,482,120,8,
WAUC,fbcsp,random_forest,2,within,4,42,0.9833240689271817,0.9916666666666667,482,120,8,
WAUC,bandpower,lda,2,within,4,42,0.9666574048346763,0.9833333333333333,482,120,8,
WAUC,bandpower,svm,2,within,4,42,0.9833240689271817,0.9916666666666667,482,120,8,
WAUC,bandpower,decision_tree,2,within,4,42,0.9666574048346763,0.9833333333333333,482,120,8,
WAUC,bandpower,random_forest,2,within,4,42,1.0,1.0,482,120,8,
WAUC,fbcsp,lda,3,within,0,42,0.6161978140118258,0.8169934640522876,609,153,8,
WAUC,fbcsp,svm,3,within,0,42,0.7388374809091726,0.8758169934640523,609,153,8,
WAUC,fbcsp,decision_tree,3,within,0,42,0.6475279106858054,0.8300653594771242,609,153,8,
WAUC,fbcsp,random_forest,3,within,0,42,0.7960906263882719,0.9019607843137255,609,153,8,
WAUC,bandpower,lda,3,within,0,42,0.7113466894259275,0.8627450980392157,609,153,8,
WAUC,bandpower,svm,3,within,0,42,0.7689027099067082,0.8888888888888888,609,153,8,
WAUC,bandpower,decision_tree,3,within,0,42,0.6764187522030314,0.8431372549019608,609,153,8,
WAUC,bandpower,random_forest,3,within,0,42,0.811244272118435,0.9084967320261438,609,153,8,
WAUC,fbcsp,lda,3,within,1,42,0.591054882394868,0.803921568627451,609,153,8,
WAUC,fbcsp,svm,3,within,1,42,0.7402841061377647,0.8758169934640523,609,153,8,
WAUC,fbcsp,decision_tree,3,within,1,42,0.6856070758509782,0.8496732026143791,609,153,8,
WAUC,fbcsp,random_forest,3,within,1,42,0.8080989070059129,0.9084967320261438,609,153,8,
WAUC,bandpower,lda,3,within,1,42,0.6225673823663773,0.8235294117647058,609,153,8,
WAUC,bandpower,svm,3,within,1,42,0.7794594594594595,0.8954248366013072,609,153,8,
WAUC,bandpower,decision_tree,3,within,1,42,0.6494536482199507,0.8300653594771242,609,153,8,
WAUC,bandpower,random_forest,3,within,1,42,0.8203089710000904,0.9150326797385621,609,153,8,
WAUC,fbcsp,lda,3,within,2,42,0.5263929618768328,0.7763157894736842,610,152,8,
WAUC,fbcsp,svm,3,within,2,42,0.6805555555555556,0.8486842105263158,610,152,8,
WAUC,fbcsp,decision_tree,3,within,2,42,0.571830985915493,0.7894736842105263,610,152,8,
WAUC,fbcsp,random_forest,3,within,2,42,0.6676384839650147,0.8421052631578947,610,152,8,
WAUC,bandpower,lda,3,within,2,42,0.6527777777777778,0.8355263157894737,610,152,8,
WAUC,bandpower,svm,3,within,2,42,0.7652616279069767,0.8881578947368421,610,152,8,
WAUC,bandpower,decision_tree,3,within,2,42,0.7100290697674418,0.8618421052631579,610,152,8,
WAUC,bandpower,random_forest,3,within,2,42,0.8072463768115943,0.9078947368421053,610,152,8,
WAUC,fbcsp,lda,3,within,3,42,0.6099706744868034,0.8157894736842105,610,152,8,
WAUC,fbcsp,svm,3,within,3,42,0.7638888888888888,0.8881578947368421,610,152,8,
WAUC,fbcsp,decision_tree,3,within,3,42,0.6899109792284867,0.8552631578947368,610,152,8,
WAUC,fbcsp,random_forest,3,within,3,42,0.8885630498533724,0.9473684210526315,610,152,8,
WAUC,bandpower,lda,3,within,3,42,0.6676384839650147,0.8421052631578947,610,152,8,
WAUC,bandpower,svm,3,within,3,42,0.8338192419825073,0.9210526315789473,610,152,8,
WAUC,bandpower,decision_tree,3,within,3,42,0.7679597701149425,0.8881578947368421,610,152,8,
WAUC,bandpower,random_forest,3,within,3,42,0.8904899135446686,0.9473684210526315,610,152,8,
WAUC,fbcsp,lda,3,within,4,42,0.749266862170088,0.881578947368421,610,152,8,
WAUC,fbcsp,svm,3,within,4,42,0.7879464285714286,0.9013157894736842,610,152,8,
WAUC,fbcsp,decision_tree,3,within,4,42,0.635693215339233,0.8289473684210527,610,152,8,
WAUC,fbcsp,random_forest,3,within,4,42,0.8607038123167156,0.9342105263157895,610,152,8,
WAUC,bandpower,lda,3,within,4,42,0.7297904191616766,0.875,610,152,8,
WAUC,bandpower,svm,3,within,4,42,0.8742647058823529,0.9407894736842105,610,152,8,
WAUC,bandpower,decision_tree,3,within,4,42,0.8204941860465116,0.9144736842105263,610,152,8,
WAUC,bandpower,random_forest,3,within,4,42,0.8472222222222222,0.9276315789473685,610,152,8,
WAUC,fbcsp,lda,4,within,0,42,0.9130434782608696,0.9565217391304348,733,184,8,
WAUC,fbcsp,svm,4,within,0,42,0.9239130434782609,0.9619565217391305,733,184,8,
WAUC,fbcsp,decision_tree,4,within,0,42,0.7391304347826086,0.8695652173913043,733,184,8,
WAUC,fbcsp,random_forest,4,within,0,42,0.9347826086956522,0.967391304347826,733,184,8,
WAUC,bandpower,lda,4,within,0,42,0.6086956521739131,0.8043478260869565,733,184,8,
WAUC,bandpower,svm,4,within,0,42,0.8804347826086957,0.9402173913043478,733,184,8,
WAUC,bandpower,decision_tree,4,within,0,42,0.8478260869565217,0.9239130434782609,733,184,8,
WAUC,bandpower,random_forest,4,within,0,42,0.9239130434782609,0.9619565217391305,733,184,8,
WAUC,fbcsp,lda,4,within,1,42,0.7173913043478262,0.8586956521739131,733,184,8,
WAUC,fbcsp,svm,4,within,1,42,0.8586956521739131,0.9293478260869565,733,184,8,
WAUC,fbcsp,decision_tree,4,within,1,42,0.7608695652173914,0.8804347826086957,733,184,8,
WAUC,fbcsp,random_forest,4,within,1,42,0.8586956521739131,0.9293478260869565,733,184,8,
WAUC,bandpower,lda,4,within,1,42,0.6630434782608696,0.8315217391304348,733,184,8,
WAUC,bandpower,svm,4,within,1,42,0.8913043478260869,0.9456521739130435,733,184,8,
WAUC,bandpower,decision_tree,4,within,1,42,0.7717391304347826,0.8858695652173914,733,184,8,
WAUC,bandpower,random_forest,4,within,1,42,0.9021739130434783,0.9510869565217391,733,184,8,
WAUC,fbcsp,lda,4,within,2,42,0.8251522751701899,0.912568306010929,734,183,8,
WAUC,fbcsp,svm,4,within,2,42,0.9125656951743908,0.9562841530054644,734,183,8,
WAUC,fbcsp,decision_tree,4,within,2,42,0.7376344086021506,0.8688524590163934,734,183,8,
WAUC,fbcsp,random_forest,4,within,2,42,0.8797706504210715,0.9398907103825137,734,183,8,
WAUC,bandpower,lda,4,within,2,42,0.7049620827610915,0.8524590163934426,734,183,8,
WAUC,bandpower,svm,4,within,2,42,0.9125656951743908,0.9562841530054644,734,183,8,
WAUC,bandpower,decision_tree,4,within,2,42,0.8141688071202438,0.907103825136612,734,183,8,
WAUC,bandpower,random_forest,4,within,2,42,0.9344321031888212,0.9672131147540983,734,183,8,
WAUC,fbcsp,lda,4,within,3,42,0.8360900459783842,0.9180327868852459,734,183,8,
WAUC,fbcsp,svm,4,within,3,42,0.8797993670508151,0.9398907103825137,734,183,8,
WAUC,fbcsp,decision_tree,4,within,3,42,0.682955971085489,0.8415300546448088,734,183,8,
WAUC,fbcsp,random_forest,4,within,3,42,0.8797850104508809,0.9398907103825137,734,183,8,
WAUC,bandpower,lda,4,within,3,42,0.7377597325053737,0.8688524590163934,734,183,8,
WAUC,bandpower,svm,4,within,3,42,0.9235086881232459,0.9617486338797814,734,183,8,
WAUC,bandpower,decision_tree,4,within,3,42,0.8361096184846857,0.9180327868852459,734,183,8,
WAUC,bandpower,random_forest,4,within,3,42,0.923499552105106,0.9617486338797814,734,183,8,
WAUC,fbcsp,lda,4,within,4,42,0.7485212403656569,0.8743169398907104,734,183,8,
WAUC,fbcsp,svm,4,within,4,42,0.8469351176962601,0.9234972677595629,734,183,8,
WAUC,fbcsp,decision_tree,4,within,4,42,0.8142353854421687,0.907103825136612,734,183,8,
WAUC,fbcsp,random_forest,4,within,4,42,0.9234812735201003,0.9617486338797814,734,183,8,
WAUC,bandpower,lda,4,within,4,42,0.6283154121863799,0.8142076502732241,734,183,8,
WAUC,bandpower,svm,4,within,4,42,0.8578088578088578,0.9289617486338798,734,183,8,
WAUC,bandpower,decision_tree,4,within,4,42,0.759584378359011,0.8797814207650273,734,183,8,
WAUC,bandpower,random_forest,4,within,4,42,0.9781388125671963,0.9890710382513661,734,183,8,
WAUC,fbcsp,lda,5,within,0,42,0.6151383489595244,0.8074866310160428,745,187,8,
WAUC,fbcsp,svm,5,within,0,42,0.7434842249657064,0.8716577540106952,745,187,8,
WAUC,fbcsp,decision_tree,5,within,0,42,0.6365195517951063,0.8181818181818182,745,187,8,
WAUC,fbcsp,random_forest,5,within,0,42,0.7433962264150944,0.8716577540106952,745,187,8,
WAUC,bandpower,lda,5,within,0,42,0.711304248384699,0.8556149732620321,745,187,8,
WAUC,bandpower,svm,5,within,0,42,0.6365195517951063,0.8181818181818182,745,187,8,
WAUC,bandpower,decision_tree,5,within,0,42,0.6363532372454817,0.8181818181818182,745,187,8,
WAUC,bandpower,random_forest,5,within,0,42,0.7647529734675206,0.8823529411764706,745,187,8,
WAUC,fbcsp,lda,5,within,1,42,0.6255078102649196,0.8128342245989305,745,187,8,
WAUC,fbcsp,svm,5,within,1,42,0.7540177294824135,0.8770053475935828,745,187,8,
WAUC,fbcsp,decision_tree,5,within,1,42,0.657744223289865,0.8288770053475936,745,187,8,
WAUC,fbcsp,random_forest,5,within,1,42,0.7540458626408189,0.8770053475935828,745,187,8,
WAUC,bandpower,lda,5,within,1,42,0.7323830785963708,0.8663101604278075,745,187,8,
WAUC,bandpower,svm,5,within,1,42,0.7324443427001659,0.8663101604278075,745,187,8,
WAUC,bandpower,decision_tree,5,within,1,42,0.7217898832684825,0.8609625668449198,745,187,8,
WAUC,bandpower,random_forest,5,within,1,42,0.7967740090373505,0.8983957219251337,745,187,8,
WAUC,fbcsp,lda,5,within,2,42,0.6984715145900879,0.8494623655913979,746,186,8,
WAUC,fbcsp,svm,5,within,2,42,0.7631944444444445,0.8817204301075269,746,186,8,
WAUC,fbcsp,decision_tree,5,within,2,42,0.6661262304574407,0.8333333333333334,746,186,8,
WAUC,fbcsp,random_forest,5,within,2,42,0.7309961818812912,0.8655913978494624,746,186,8,
WAUC,bandpower,lda,5,within,2,42,0.7631396156517712,0.8817204301075269,746,186,8,
WAUC,bandpower,svm,5,within,2,42,0.7092067168500289,0.8548387096774194,746,186,8,
WAUC,bandpower,decision_tree,5,within,2,42,0.7203331020124913,0.8602150537634409,746,186,8,
WAUC,bandpower,random_forest,5,within,2,42,0.806384455239417,0.9032258064516129,746,186,8,
WAUC,fbcsp,lda,5,within,3,42,0.6444212721584985,0.8225806451612904,746,186,8,
WAUC,fbcsp,svm,5,within,3,42,0.6767091541135574,0.8387096774193549,746,186,8,
WAUC,fbcsp,decision_tree,5,within,3,42,0.6767091541135574,0.8387096774193549,746,186,8,
WAUC,fbcsp,random_forest,5,within,3,42,0.7524018983678666,0.8763440860215054,746,186,8,
WAUC,bandpower,lda,5,within,3,42,0.6660488821962238,0.8333333333333334,746,186,8,
WAUC,bandpower,svm,5,within,3,42,0.6981219568745652,0.8494623655913979,746,186,8,
WAUC,bandpower,decision_tree,5,within,3,42,0.6451612903225806,0.8225806451612904,746,186,8,
WAUC,bandpower,random_forest,5,within,3,42,0.84941013185288,0.9247311827956989,746,186,8,
WAUC,fbcsp,lda,5,within,4,42,0.6886040872878421,0.8440860215053764,746,186,8,
WAUC,fbcsp,svm,5,within,4,42,0.7851201478743068,0.8924731182795699,746,186,8,
WAUC,fbcsp,decision_tree,5,within,4,42,0.6778290993071594,0.8387096774193549,746,186,8,
WAUC,fbcsp,random_forest,5,within,4,42,0.7742457519361923,0.8870967741935484,746,186,8,
WAUC,bandpower,lda,5,within,4,42,0.6882441336261704,0.8440860215053764,746,186,8,
WAUC,bandpower,svm,5,within,4,42,0.7637958900946664,0.8817204301075269,746,186,8,
WAUC,bandpower,decision_tree,5,within,4,42,0.6990291262135923,0.8494623655913979,746,186,8,
WAUC,bandpower,random_forest,5,within,4,42,0.8065634388721978,0.9032258064516129,746,186,8,
WAUC,fbcsp,lda,6,within,0,42,0.7730061349693251,0.8864864864864865,736,185,8,
WAUC,fbcsp,svm,6,within,0,42,0.8702664796633941,0.9351351351351351,736,185,8,
WAUC,fbcsp,decision_tree,6,within,0,42,0.8594799883143441,0.9297297297297298,736,185,8,
WAUC,fbcsp,random_forest,6,within,0,42,0.9243265353824578,0.9621621621621622,736,185,8,
WAUC,bandpower,lda,6,within,0,42,0.8055587994861614,0.9027027027027027,736,185,8,
WAUC,bandpower,svm,6,within,0,42,0.8702967983173638,0.9351351351351351,736,185,8,
WAUC,bandpower,decision_tree,6,within,0,42,0.7946725860155383,0.8972972972972973,736,185,8,
WAUC,bandpower,random_forest,6,within,0,42,0.8486619142222742,0.9243243243243243,736,185,8,
WAUC,fbcsp,lda,6,within,1,42,0.8043478260869565,0.9021739130434783,737,184,8,
WAUC,fbcsp,svm,6,within,1,42,0.9239130434782609,0.9619565217391305,737,184,8,
WAUC,fbcsp,decision_tree,6,within,1,42,0.8695652173913043,0.9347826086956522,737,184,8,
WAUC,fbcsp,random_forest,6,within,1,42,0.9565217391304348,0.9782608695652174,737,184,8,
WAUC,bandpower,lda,6,within,1,42,0.782608695652174,0.8913043478260869,737,184,8,
WAUC,bandpower,svm,6,within,1,42,0.8586956521739131,0.9293478260869565,737,184,8,
WAUC,bandpower,decision_tree,6,within,1,42,0.782608695652174,0.8913043478260869,737,184,8,
WAUC,bandpower,random_forest,6,within,1,42,0.8369565217391304,0.9184782608695652,737,184,8,
WAUC,fbcsp,lda,6,within,2,42,0.8369565217391304,0.9184782608695652,737,184,8,
WAUC,fbcsp,svm,6,within,2,42,0.8804347826086957,0.9402173913043478,737,184,8,
WAUC,fbcsp,decision_tree,6,within,2,42,0.7608695652173914,0.8804347826086957,737,184,8,
WAUC,fbcsp,random_forest,6,within,2,42,0.9021739130434783,0.9510869565217391,737,184,8,
WAUC,bandpower,lda,6,within,2,42,0.8043478260869565,0.9021739130434783,737,184,8,
WAUC,bandpower,svm,6,within,2,42,0.8913043478260869,0.9456521739130435,737,184,8,
WAUC,bandpower,decision_tree,6,within,2,42,0.8260869565217391,0.9130434782608695,737,184,8,
WAUC,bandpower,random_forest,6,within,2,42,0.8478260869565217,0.9239130434782609,737,184,8,
WAUC,fbcsp,lda,6,within,3,42,0.6847826086956521,0.842391304347826,737,184,8,
WAUC,fbcsp,svm,6,within,3,42,0.8804347826086957,0.9402173913043478,737,184,8,
WAUC,fbcsp,decision_tree,6,within,3,42,0.7934782608695652,0.8967391304347826,737,184,8,
WAUC,fbcsp,random_forest,6,within,3,42,0.9130434782608696,0.9565217391304348,737,184,8,
WAUC,bandpower,lda,6,within,3,42,0.782608695652174,0.8913043478260869,737,184,8,
WAUC,bandpower,svm,6,within,3,42,0.8369565217391304,0.9184782608695652,737,184,8,
WAUC,bandpower,decision_tree,6,within,3,42,0.7282608695652174,0.8641304347826086,737,184,8,
WAUC,bandpower,random_forest,6,within,3,42,0.9239130434782609,0.9619565217391305,737,184,8,
WAUC,fbcsp,lda,6,within,4,42,0.7716312056737589,0.8858695652173914,737,184,8,
WAUC,fbcsp,svm,6,within,4,42,0.9238770685579196,0.9619565217391305,737,184,8,
WAUC,fbcsp,decision_tree,6,within,4,42,0.8259841588840289,0.9130434782608695,737,184,8,
WAUC,fbcsp,random_forest,6,within,4,42,0.9347440595815109,0.967391304347826,737,184,8,
WAUC,bandpower,lda,6,within,4,42,0.7502950200613642,0.875,737,184,8,
WAUC,bandpower,svm,6,within,4,42,0.9130537507383343,0.9565217391304348,737,184,8,
WAUC,bandpower,decision_tree,6,within,4,42,0.804324707550514,0.9021739130434783,737,184,8,
WAUC,bandpower,random_forest,6,within,4,42,0.978258300838946,0.9891304347826086,737,184,8,
WAUC,fbcsp,lda,7,within,0,42,0.5575969670457859,0.7783783783783784,739,185,8,
WAUC,fbcsp,svm,7,within,0,42,0.6005252407353371,0.8,739,185,8,
WAUC,fbcsp,decision_tree,7,within,0,42,0.524810274372446,0.7621621621621621,739,185,8,
WAUC,fbcsp,random_forest,7,within,0,42,0.6660844250363901,0.8324324324324325,739,185,8,
WAUC,bandpower,lda,7,within,0,42,0.5357455500437701,0.7675675675675676,739,185,8,
WAUC,bandpower,svm,7,within,0,42,0.7196969696969697,0.8594594594594595,739,185,8,
WAUC,bandpower,decision_tree,7,within,0,42,0.6868981616574263,0.8432432432432433,739,185,8,
WAUC,bandpower,random_forest,7,within,0,42,0.7840046701692936,0.8918918918918919,739,185,8,
WAUC,fbcsp,lda,7,within,1,42,0.6210125841381329,0.8108108108108109,739,185,8,
WAUC,fbcsp,svm,7,within,1,42,0.7836257309941521,0.8918918918918919,739,185,8,
WAUC,fbcsp,decision_tree,7,within,1,42,0.565982404692082,0.7837837837837838,739,185,8,
WAUC,fbcsp,random_forest,7,within,1,42,0.7832454598711189,0.8918918918918919,739,185,8,
WAUC,bandpower,lda,7,within,1,42,0.6100702576112412,0.8054054054054054,739,185,8,
WAUC,bandpower,svm,7,within,1,42,0.7401989467524868,0.8702702702702703,739,185,8,
WAUC,bandpower,decision_tree,7,within,1,42,0.6965436438195665,0.8486486486486486,739,185,8,
WAUC,bandpower,random_forest,7,within,1,42,0.8267992978349912,0.9135135135135135,739,185,8,
WAUC,fbcsp,lda,7,within,2,42,0.4901788331867488,0.745945945945946,739,185,8,
WAUC,fbcsp,svm,7,within,2,42,0.7403508771929825,0.8702702702702703,739,185,8,
WAUC,fbcsp,decision_tree,7,within,2,42,0.6546091015169195,0.827027027027027,739,185,8,
WAUC,fbcsp,random_forest,7,within,2,42,0.7731386861313869,0.8864864864864865,739,185,8,
WAUC,bandpower,lda,7,within,2,42,0.6332361516034986,0.8162162162162162,739,185,8,
WAUC,bandpower,svm,7,within,2,42,0.7086614173228347,0.8540540540540541,739,185,8,
WAUC,bandpower,decision_tree,7,within,2,42,0.6763848396501457,0.8378378378378378,739,185,8,
WAUC,bandpower,random_forest,7,within,2,42,0.7516778523489933,0.8756756756756757,739,185,8,
WAUC,fbcsp,lda,7,within,3,42,0.5993561603745976,0.8,739,185,8,
WAUC,fbcsp,svm,7,within,3,42,0.8267992978349912,0.9135135135135135,739,185,8,
WAUC,fbcsp,decision_tree,7,within,3,42,0.6968987712112347,0.8486486486486486,739,185,8,
WAUC,fbcsp,random_forest,7,within,3,42,0.8483606557377049,0.9243243243243243,739,185,8,
WAUC,bandpower,lda,7,within,3,42,0.6315172817809022,0.8162162162162162,739,185,8,
WAUC,bandpower,svm,7,within,3,42,0.8052631578947369,0.9027027027027027,739,185,8,
WAUC,bandpower,decision_tree,7,within,3,42,0.7190420560747663,0.8594594594594595,739,185,8,
WAUC,bandpower,random_forest,7,within,3,42,0.8592332455370209,0.9297297297297298,739,185,8,
WAUC,fbcsp,lda,7,within,4,42,0.5986795567083235,0.7989130434782609,740,184,8,
WAUC,fbcsp,svm,7,within,4,42,0.7069372345445966,0.8532608695652174,740,184,8,
WAUC,fbcsp,decision_tree,7,within,4,42,0.5332704105710241,0.7663043478260869,740,184,8,
WAUC,fbcsp,random_forest,7,within,4,42,0.7073515551366636,0.8532608695652174,740,184,8,
WAUC,bandpower,lda,7,within,4,42,0.6308273338841024,0.8152173913043478,740,184,8,
WAUC,bandpower,svm,7,within,4,42,0.7071445413817496,0.8532608695652174,740,184,8,
WAUC,bandpower,decision_tree,7,within,4,42,0.6733341223813469,0.8369565217391305,740,184,8,
WAUC,bandpower,random_forest,7,within,4,42,0.7609542931380654,0.8804347826086957,740,184,8,
WAUC,fbcsp,lda,8,within,0,42,0.75,0.875,732,184,8,
WAUC,fbcsp,svm,8,within,0,42,0.8804347826086957,0.9402173913043478,732,184,8,
WAUC,fbcsp,decision_tree,8,within,0,42,0.6521739130434783,0.8260869565217391,732,184,8,
WAUC,fbcsp,random_forest,8,within,0,42,0.8913043478260869,0.9456521739130435,732,184,8,
WAUC,bandpower,lda,8,within,0,42,0.6956521739130435,0.8478260869565217,732,184,8,
WAUC,bandpower,svm,8,within,0,42,0.9239130434782609,0.9619565217391305,732,184,8,
WAUC,bandpower,decision_tree,8,within,0,42,0.7934782608695652,0.8967391304347826,732,184,8,
WAUC,bandpower,random_forest,8,within,0,42,0.8913043478260869,0.9456521739130435,732,184,8,
WAUC,fbcsp,lda,8,within,1,42,0.7048210765278691,0.8524590163934426,733,183,8,
WAUC,fbcsp,svm,8,within,1,42,0.9016305321626948,0.9508196721311475,733,183,8,
WAUC,fbcsp,decision_tree,8,within,1,42,0.7268819771953914,0.8633879781420765,733,183,8,
WAUC,fbcsp,random_forest,8,within,1,42,0.9125761375850949,0.9562841530054644,733,183,8,
WAUC,bandpower,lda,8,within,1,42,0.7266861819702491,0.8633879781420765,733,183,8,
WAUC,bandpower,svm,8,within,1,42,0.9125761375850949,0.9562841530054644,733,183,8,
WAUC,bandpower,decision_tree,8,within,1,42,0.8688642063776424,0.9344262295081968,733,183,8,
WAUC,bandpower,random_forest,8,within,1,42,0.8688328754031777,0.9344262295081968,733,183,8,
WAUC,fbcsp,lda,8,within,2,42,0.6611313541604444,0.8306010928961749,733,183,8,
WAUC,fbcsp,svm,8,within,2,42,0.8469168260038241,0.9234972677595629,733,183,8,
WAUC,fbcsp,decision_tree,8,within,2,42,0.6939068100358423,0.8469945355191257,733,183,8,
WAUC,fbcsp,random_forest,8,within,2,42,0.8906940628359814,0.9453551912568307,733,183,8,
WAUC,bandpower,lda,8,within,2,42,0.759584378359011,0.8797814207650273,733,183,8,
WAUC,bandpower,svm,8,within,2,42,0.9344164377015888,0.9672131147540983,733,183,8,
WAUC,bandpower,decision_tree,8,within,2,42,0.8797706504210715,0.9398907103825137,733,183,8,
WAUC,bandpower,random_forest,8,within,2,42,0.9453502956459416,0.9726775956284153,733,183,8,
WAUC,fbcsp,lda,8,within,3,42,0.6064516129032258,0.8032786885245902,733,183,8,
WAUC,fbcsp,svm,8,within,3,42,0.836031300400215,0.9180327868852459,733,183,8,
WAUC,fbcsp,decision_tree,8,within,3,42,0.7048210765278691,0.8524590163934426,733,183,8,
WAUC,fbcsp,random_forest,8,within,3,42,0.8141910051962014,0.907103825136612,733,183,8,
WAUC,bandpower,lda,8,within,3,42,0.69387023539252,0.8469945355191257,733,183,8,
WAUC,bandpower,svm,8,within,3,42,0.8250687059385828,0.912568306010929,733,183,8,
WAUC,bandpower,decision_tree,8,within,3,42,0.7267188340003584,0.8633879781420765,733,183,8,
WAUC,bandpower,random_forest,8,within,3,42,0.8468985299390462,0.9234972677595629,733,183,8,
WAUC,fbcsp,lda,8,within,4,42,0.7156347119292374,0.8579234972677595,733,183,8,
WAUC,fbcsp,svm,8,within,4,42,0.9344164377015888,0.9672131147540983,733,183,8,
WAUC,fbcsp,decision_tree,8,within,4,42,0.8251105005375702,0.912568306010929,733,183,8,
WAUC,fbcsp,random_forest,8,within,4,42,0.912555250268785,0.9562841530054644,733,183,8,
WAUC,bandpower,lda,8,within,4,42,0.7268167432973069,0.8633879781420765,733,183,8,
WAUC,bandpower,svm,8,within,4,42,0.9453502956459416,0.9726775956284153,733,183,8,
WAUC,bandpower,decision_tree,8,within,4,42,0.8251313903487817,0.912568306010929,733,183,8,
WAUC,bandpower,random_forest,8,within,4,42,0.9234812735201003,0.9617486338797814,733,183,8,
WAUC,fbcsp,lda,9,within,0,42,0.7027838427947599,0.8512396694214877,484,121,8,
WAUC,fbcsp,svm,9,within,0,42,0.7192575406032482,0.859504132231405,484,121,8,
WAUC,fbcsp,decision_tree,9,within,0,42,0.6529162682693621,0.8264462809917356,484,121,8,
WAUC,fbcsp,random_forest,9,within,0,42,0.8017476788640088,0.9008264462809917,484,121,8,
WAUC,bandpower,lda,9,within,0,42,0.9504030605273944,0.9752066115702479,484,121,8,
WAUC,bandpower,svm,9,within,0,42,0.834609075997813,0.9173553719008265,484,121,8,
WAUC,bandpower,decision_tree,9,within,0,42,0.9504030605273944,0.9752066115702479,484,121,8,
WAUC,bandpower,random_forest,9,within,0,42,1.0,1.0,484,121,8,
WAUC,fbcsp,lda,9,within,1,42,0.5698660103910309,0.7851239669421488,484,121,8,
WAUC,fbcsp,svm,9,within,1,42,0.718796992481203,0.859504132231405,484,121,8,
WAUC,fbcsp,decision_tree,9,within,1,42,0.4381316580169353,0.71900826446281,484,121,8,
WAUC,fbcsp,random_forest,9,within,1,42,0.7518796992481203,0.8760330578512396,484,121,8,
WAUC,bandpower,lda,9,within,1,42,0.867723421699918,0.9338842975206612,484,121,8,
WAUC,bandpower,svm,9,within,1,42,0.5854460737289298,0.7933884297520661,484,121,8,
WAUC,bandpower,decision_tree,9,within,1,42,0.933879781420765,0.9669421487603306,484,121,8,
WAUC,bandpower,random_forest,9,within,1,42,0.950416609752766,0.9752066115702479,484,121,8,
WAUC,fbcsp,lda,9,within,2,42,0.7023776988248156,0.8512396694214877,484,121,8,
WAUC,fbcsp,svm,9,within,2,42,0.6526315789473685,0.8264462809917356,484,121,8,
WAUC,fbcsp,decision_tree,9,within,2,42,0.6363387978142077,0.8181818181818182,484,121,8,
WAUC,fbcsp,random_forest,9,within,2,42,0.5702185792349727,0.7851239669421488,484,121,8,
WAUC,bandpower,lda,9,within,2,42,0.8179953507452482,0.9090909090909091,484,121,8,
WAUC,bandpower,svm,9,within,2,42,0.6527265272652727,0.8264462809917356,484,121,8,
WAUC,bandpower,decision_tree,9,within,2,42,0.867723421699918,0.9338842975206612,484,121,8,
WAUC,bandpower,random_forest,9,within,2,42,0.8842421757550909,0.9421487603305785,484,121,8,
WAUC,fbcsp,lda,9,within,3,42,0.6368349249658936,0.8181818181818182,484,121,8,
WAUC,fbcsp,svm,9,within,3,42,0.7358078602620087,0.8677685950413223,484,121,8,
WAUC,fbcsp,decision_tree,9,within,3,42,0.4707490431930016,0.7355371900826446,484,121,8,
WAUC,fbcsp,random_forest,9,within,3,42,0.7355191256830601,0.8677685950413223,484,121,8,
WAUC,bandpower,lda,9,within,3,42,0.8512091815821834,0.9256198347107438,484,121,8,
WAUC,bandpower,svm,9,within,3,42,0.7353021602406344,0.8677685950413223,484,121,8,
WAUC,bandpower,decision_tree,9,within,3,42,0.9338978421196394,0.9669421487603306,484,121,8,
WAUC,bandpower,random_forest,9,within,3,42,0.9504301515772224,0.9752066115702479,484,121,8,
WAUC,fbcsp,lda,9,within,4,42,0.6694892105981972,0.8347107438016529,484,121,8,
WAUC,fbcsp,svm,9,within,4,42,0.7192575406032482,0.859504132231405,484,121,8,
WAUC,fbcsp,decision_tree,9,within,4,42,0.6034953577280175,0.8016528925619835,484,121,8,
WAUC,fbcsp,random_forest,9,within,4,42,0.7522184300341297,0.8760330578512396,484,121,8,
WAUC,bandpower,lda,9,within,4,42,0.8843054227564541,0.9421487603305785,484,121,8,
WAUC,bandpower,svm,9,within,4,42,0.7355913684785578,0.8677685950413223,484,121,8,
WAUC,bandpower,decision_tree,9,within,4,42,0.9174061433447099,0.9586776859504132,484,121,8,
WAUC,bandpower,random_forest,9,within,4,42,0.9669489210598197,0.9834710743801653,484,121,8,
WAUC,fbcsp,lda,10,within,0,42,0.6650703731822695,0.8324324324324325,737,185,8,
WAUC,fbcsp,svm,10,within,0,42,0.686642135389288,0.8432432432432433,737,185,8,
WAUC,fbcsp,decision_tree,10,within,0,42,0.5136414091254309,0.7567567567567568,737,185,8,
WAUC,fbcsp,random_forest,10,within,0,42,0.7083552285864425,0.8540540540540541,737,185,8,
WAUC,bandpower,lda,10,within,0,42,0.4924406047516199,0.745945945945946,737,185,8,
WAUC,bandpower,svm,10,within,0,42,0.6651876933854866,0.8324324324324325,737,185,8,
WAUC,bandpower,decision_tree,10,within,0,42,0.5350943837297645,0.7675675675675676,737,185,8,
WAUC,bandpower,random_forest,10,within,0,42,0.6974299065420562,0.8486486486486486,737,185,8,
WAUC,fbcsp,lda,10,within,1,42,0.64312854387093,0.8216216216216217,737,185,8,
WAUC,fbcsp,svm,10,within,1,42,0.7080825200163637,0.8540540540540541,737,185,8,
WAUC,fbcsp,decision_tree,10,within,1,42,0.5457202993451824,0.772972972972973,737,185,8,
WAUC,fbcsp,random_forest,10,within,1,42,0.7513004851247882,0.8756756756756757,737,185,8,
WAUC,bandpower,lda,10,within,1,42,0.6107994389901823,0.8054054054054054,737,185,8,
WAUC,bandpower,svm,10,within,1,42,0.7513295540880136,0.8756756756756757,737,185,8,
WAUC,bandpower,decision_tree,10,within,1,42,0.6108903949520916,0.8054054054054054,737,185,8,
WAUC,bandpower,random_forest,10,within,1,42,0.7621830080635736,0.8810810810810811,737,185,8,
WAUC,fbcsp,lda,10,within,2,42,0.7173913043478262,0.8586956521739131,738,184,8,
WAUC,fbcsp,svm,10,within,2,42,0.7282608695652174,0.8641304347826086,738,184,8,
WAUC,fbcsp,decision_tree,10,within,2,42,0.5434782608695652,0.7717391304347826,738,184,8,
WAUC,fbcsp,random_forest,10,within,2,42,0.7065217391304348,0.8532608695652174,738,184,8,
WAUC,bandpower,lda,10,within,2,42,0.6413043478260869,0.8206521739130435,738,184,8,
WAUC,bandpower,svm,10,within,2,42,0.7282608695652174,0.8641304347826086,738,184,8,
WAUC,bandpower,decision_tree,10,within,2,42,0.6304347826086957,0.8152173913043478,738,184,8,
WAUC,bandpower,random_forest,10,within,2,42,0.75,0.875,738,184,8,
WAUC,fbcsp,lda,10,within,3,42,0.6413043478260869,0.8206521739130435,738,184,8,
WAUC,fbcsp,svm,10,within,3,42,0.7934782608695652,0.8967391304347826,738,184,8,
WAUC,fbcsp,decision_tree,10,within,3,42,0.5978260869565217,0.7989130434782609,738,184,8,
WAUC,fbcsp,random_forest,10,within,3,42,0.6847826086956521,0.842391304347826,738,184,8,
WAUC,bandpower,lda,10,within,3,42,0.6521739130434783,0.8260869565217391,738,184,8,
WAUC,bandpower,svm,10,within,3,42,0.7391304347826086,0.8695652173913043,738,184,8,
WAUC,bandpower,decision_tree,10,within,3,42,0.6413043478260869,0.8206521739130435,738,184,8,
WAUC,bandpower,random_forest,10,within,3,42,0.75,0.875,738,184,8,
WAUC,fbcsp,lda,10,within,4,42,0.6956521739130435,0.8478260869565217,738,184,8,
WAUC,fbcsp,svm,10,within,4,42,0.6630434782608696,0.8315217391304348,738,184,8,
WAUC,fbcsp,decision_tree,10,within,4,42,0.6847826086956521,0.842391304347826,738,184,8,
WAUC,fbcsp,random_forest,10,within,4,42,0.7173913043478262,0.8586956521739131,738,184,8,
WAUC,bandpower,lda,10,within,4,42,0.7173913043478262,0.8586956521739131,738,184,8,
WAUC,bandpower,svm,10,within,4,42,0.7717391304347826,0.8858695652173914,738,184,8,
WAUC,bandpower,decision_tree,10,within,4,42,0.6847826086956521,0.842391304347826,738,184,8,
WAUC,bandpower,random_forest,10,within,4,42,0.7608695652173914,0.8804347826086957,738,184,8,
WAUC,fbcsp,lda,11,within,0,42,1.0,1.0,496,125,8,
WAUC,fbcsp,svm,11,within,0,42,1.0,1.0,496,125,8,
WAUC,fbcsp,decision_tree,11,within,0,42,1.0,1.0,496,125,8,
WAUC,fbcsp,random_forest,11,within,0,42,1.0,1.0,496,125,8,
WAUC,bandpower,lda,11,within,0,42,0.9039938556067588,0.952,496,125,8,
WAUC,bandpower,svm,11,within,0,42,0.8241463102698555,0.912,496,125,8,
WAUC,bandpower,decision_tree,11,within,0,42,0.8080859774820881,0.904,496,125,8,
WAUC,bandpower,random_forest,11,within,0,42,0.9200255918106206,0.96,496,125,8,
WAUC,fbcsp,lda,11,within,1,42,0.9838709677419355,0.9919354838709677,497,124,8,
WAUC,fbcsp,svm,11,within,1,42,1.0,1.0,497,124,8,
WAUC,fbcsp,decision_tree,11,within,1,42,0.9516129032258065,0.9758064516129032,497,124,8,
WAUC,fbcsp,random_forest,11,within,1,42,0.967741935483871,0.9838709677419355,497,124,8,
WAUC,bandpower,lda,11,within,1,42,0.9838709677419355,0.9919354838709677,497,124,8,
WAUC,bandpower,svm,11,within,1,42,0.9032258064516129,0.9516129032258065,497,124,8,
WAUC,bandpower,decision_tree,11,within,1,42,0.935483870967742,0.967741935483871,497,124,8,
WAUC,bandpower,random_forest,11,within,1,42,0.935483870967742,0.967741935483871,497,124,8,
WAUC,fbcsp,lda,11,within,2,42,1.0,1.0,497,124,8,
WAUC,fbcsp,svm,11,within,2,42,1.0,1.0,497,124,8,
WAUC,fbcsp,decision_tree,11,within,2,42,1.0,1.0,497,124,8,
WAUC,fbcsp,random_forest,11,within,2,42,1.0,1.0,497,124,8,
WAUC,bandpower,lda,11,within,2,42,0.9516129032258065,0.9758064516129032,497,124,8,
WAUC,bandpower,svm,11,within,2,42,0.8870967741935484,0.9435483870967742,497,124,8,
WAUC,bandpower,decision_tree,11,within,2,42,0.8709677419354839,0.9354838709677419,497,124,8,
WAUC,bandpower,random_forest,11,within,2,42,0.9516129032258065,0.9758064516129032,497,124,8,
WAUC,fbcsp,lda,11,within,3,42,1.0,1.0,497,124,8,
WAUC,fbcsp,svm,11,within,3,42,1.0,1.0,497,124,8,
WAUC,fbcsp,decision_tree,11,within,3,42,0.9838709677419355,0.9919354838709677,497,124,8,
WAUC,fbcsp,random_forest,11,within,3,42,1.0,1.0,497,124,8,
WAUC,bandpower,lda,11,within,3,42,0.967741935483871,0.9838709677419355,497,124,8,
WAUC,bandpower,svm,11,within,3,42,0.9193548387096774,0.9596774193548387,497,124,8,
WAUC,bandpower,decision_tree,11,within,3,42,0.9032258064516129,0.9516129032258065,497,124,8,
WAUC,bandpower,random_forest,11,within,3,42,0.9838709677419355,0.9919354838709677,497,124,8,
WAUC,fbcsp,lda,11,within,4,42,1.0,1.0,497,124,8,
WAUC,fbcsp,svm,11,within,4,42,1.0,1.0,497,124,8,
WAUC,fbcsp,decision_tree,11,within,4,42,1.0,1.0,497,124,8,
WAUC,fbcsp,random_forest,11,within,4,42,1.0,1.0,497,124,8,
WAUC,bandpower,lda,11,within,4,42,0.9677503250975292,0.9838709677419355,497,124,8,
WAUC,bandpower,svm,11,within,4,42,0.9031502212965373,0.9516129032258065,497,124,8,
WAUC,bandpower,decision_tree,11,within,4,42,0.8708669617287165,0.9354838709677419,497,124,8,
WAUC,bandpower,random_forest,11,within,4,42,0.9354334808643583,0.967741935483871,497,124,8,
WAUC,fbcsp,lda,12,within,0,42,0.7632492478592918,0.8817204301075269,743,186,8,
WAUC,fbcsp,svm,12,within,0,42,0.8924358084663429,0.946236559139785,743,186,8,
WAUC,fbcsp,decision_tree,12,within,0,42,0.7101466004848205,0.8548387096774194,743,186,8,
WAUC,fbcsp,random_forest,12,within,0,42,0.8923860217542235,0.946236559139785,743,186,8,
WAUC,bandpower,lda,12,within,0,42,0.7202683942619158,0.8602150537634409,743,186,8,
WAUC,bandpower,svm,12,within,0,42,0.9139088174033788,0.956989247311828,743,186,8,
WAUC,bandpower,decision_tree,12,within,0,42,0.7955570982297813,0.8978494623655914,743,186,8,
WAUC,bandpower,random_forest,12,within,0,42,0.9139287366959741,0.956989247311828,743,186,8,
WAUC,fbcsp,lda,12,within,1,42,0.7633040259139288,0.8817204301075269,743,186,8,
WAUC,fbcsp,svm,12,within,1,42,0.9139486467730743,0.956989247311828,743,186,8,
WAUC,fbcsp,decision_tree,12,within,1,42,0.7743500866551126,0.8870967741935484,743,186,8,
WAUC,fbcsp,random_forest,12,within,1,42,0.8924109208699676,0.946236559139785,743,186,8,
WAUC,bandpower,lda,12,within,1,42,0.8709528214616096,0.9354838709677419,743,186,8,
WAUC,bandpower,svm,12,within,1,42,0.9354614850798056,0.967741935483871,743,186,8,
WAUC,bandpower,decision_tree,12,within,1,42,0.8280166435506241,0.9139784946236559,743,186,8,
WAUC,bandpower,random_forest,12,within,1,42,0.8924358084663429,0.946236559139785,743,186,8,
WAUC,fbcsp,lda,12,within,2,42,0.6450792182259744,0.8225806451612904,743,186,8,
WAUC,fbcsp,svm,12,within,2,42,0.8492706645056726,0.9247311827956989,743,186,8,
WAUC,fbcsp,decision_tree,12,within,2,42,0.7311827956989247,0.8655913978494624,743,186,8,
WAUC,fbcsp,random_forest,12,within,2,42,0.8170774036792781,0.9086021505376344,743,186,8,
WAUC,bandpower,lda,12,within,2,42,0.838560351811133,0.9193548387096774,743,186,8,
WAUC,bandpower,svm,12,within,2,42,0.9354316130525342,0.967741935483871,743,186,8,
WAUC,bandpower,decision_tree,12,within,2,42,0.7741935483870968,0.8870967741935484,743,186,8,
WAUC,bandpower,random_forest,12,within,2,42,0.903181029496819,0.9516129032258065,743,186,8,
WAUC,fbcsp,lda,12,within,3,42,0.7633040259139288,0.8817204301075269,743,186,8,
WAUC,fbcsp,svm,12,within,3,42,0.8492706645056726,0.9247311827956989,743,186,8,
WAUC,fbcsp,decision_tree,12,within,3,42,0.7526881720430108,0.8763440860215054,743,186,8,
WAUC,fbcsp,random_forest,12,within,3,42,0.8600856382363152,0.9301075268817204,743,186,8,
WAUC,bandpower,lda,12,within,3,42,0.7633040259139288,0.8817204301075269,743,186,8,
WAUC,bandpower,svm,12,within,3,42,0.9031137863178609,0.9516129032258065,743,186,8,
WAUC,bandpower,decision_tree,12,within,3,42,0.7849213691026827,0.8924731182795699,743,186,8,
WAUC,bandpower,random_forest,12,within,3,42,0.8815560958666203,0.9408602150537635,743,186,8,
WAUC,fbcsp,lda,12,within,4,42,0.7511550383063337,0.8756756756756757,744,185,8,
WAUC,fbcsp,svm,12,within,4,42,0.891711542964177,0.9459459459459459,744,185,8,
WAUC,fbcsp,decision_tree,12,within,4,42,0.6542056074766356,0.827027027027027,744,185,8,
WAUC,fbcsp,random_forest,12,within,4,42,0.8483961601498478,0.9243243243243243,744,185,8,
WAUC,bandpower,lda,12,within,4,42,0.7512423268050278,0.8756756756756757,744,185,8,
WAUC,bandpower,svm,12,within,4,42,0.891711542964177,0.9459459459459459,744,185,8,
WAUC,bandpower,decision_tree,12,within,4,42,0.6647179187372113,0.8324324324324325,744,185,8,
WAUC,bandpower,random_forest,12,within,4,42,0.8809036109322878,0.9405405405405406,744,185,8,
WAUC,fbcsp,lda,13,within,0,42,0.5979535812328425,0.7988826815642458,713,179,8,
WAUC,fbcsp,svm,13,within,0,42,0.698634407931658,0.8491620111731844,713,179,8,
WAUC,fbcsp,decision_tree,13,within,0,42,0.5300662582822853,0.7653631284916201,713,179,8,
WAUC,fbcsp,random_forest,13,within,0,42,0.6758258914631861,0.8379888268156425,713,179,8,
WAUC,bandpower,lda,13,within,0,42,0.5643681747269891,0.7821229050279329,713,179,8,
WAUC,bandpower,svm,13,within,0,42,0.8322608858624352,0.9162011173184358,713,179,8,
WAUC,bandpower,decision_tree,13,within,0,42,0.6420894776305923,0.8212290502793296,713,179,8,
WAUC,bandpower,random_forest,13,within,0,42,0.8992810253204127,0.9497206703910615,713,179,8,
WAUC,fbcsp,lda,13,within,1,42,0.6645846346033729,0.8324022346368715,713,179,8,
WAUC,fbcsp,svm,13,within,1,42,0.7543049663089594,0.8770949720670391,713,179,8,
WAUC,fbcsp,decision_tree,13,within,1,42,0.4969712108911509,0.7486033519553073,713,179,8,
WAUC,fbcsp,random_forest,13,within,1,42,0.7319690541552284,0.8659217877094972,713,179,8,
WAUC,bandpower,lda,13,within,1,42,0.6871801273249283,0.8435754189944135,713,179,8,
WAUC,bandpower,svm,13,within,1,42,0.7653411573756165,0.88268156424581,713,179,8,
WAUC,bandpower,decision_tree,13,within,1,42,0.6418209104552276,0.8212290502793296,713,179,8,
WAUC,bandpower,random_forest,13,within,1,42,0.8434141464633842,0.9217877094972067,713,179,8,
WAUC,fbcsp,lda,13,within,2,42,0.6515974239171612,0.8258426966292135,714,178,8,
WAUC,fbcsp,svm,13,within,2,42,0.7307449892852641,0.8651685393258427,714,178,8,
WAUC,fbcsp,decision_tree,13,within,2,42,0.6521245744546715,0.8258426966292135,714,178,8,
WAUC,fbcsp,random_forest,13,within,2,42,0.797752808988764,0.898876404494382,714,178,8,
WAUC,bandpower,lda,13,within,2,42,0.6064434617814276,0.8033707865168539,714,178,8,
WAUC,bandpower,svm,13,within,2,42,0.6853932584269663,0.8426966292134831,714,178,8,
WAUC,bandpower,decision_tree,13,within,2,42,0.5498798836768238,0.7752808988764045,714,178,8,
WAUC,bandpower,random_forest,13,within,2,42,0.8203154574132492,0.9101123595505618,714,178,8,
WAUC,fbcsp,lda,13,within,3,42,0.7302008336491095,0.8651685393258427,714,178,8,
WAUC,fbcsp,svm,13,within,3,42,0.808940522793282,0.9044943820224719,714,178,8,
WAUC,fbcsp,decision_tree,13,within,3,42,0.6060452763374224,0.8033707865168539,714,178,8,
WAUC,fbcsp,random_forest,13,within,3,42,0.7976506252368322,0.898876404494382,714,178,8,
WAUC,bandpower,lda,13,within,3,42,0.6962457337883959,0.848314606741573,714,178,8,
WAUC,bandpower,svm,13,within,3,42,0.7866784407720449,0.8932584269662921,714,178,8,
WAUC,bandpower,decision_tree,13,within,3,42,0.6287447857413728,0.8146067415730337,714,178,8,
WAUC,bandpower,random_forest,13,within,3,42,0.8201338890994063,0.9101123595505618,714,178,8,
WAUC,fbcsp,lda,13,within,4,42,0.64022233451238,0.8202247191011236,714,178,8,
WAUC,fbcsp,svm,13,within,4,42,0.8091333417434086,0.9044943820224719,714,178,8,
WAUC,fbcsp,decision_tree,13,within,4,42,0.6067415730337078,0.8033707865168539,714,178,8,
WAUC,fbcsp,random_forest,13,within,4,42,0.7415077661320875,0.8707865168539326,714,178,8,
WAUC,bandpower,lda,13,within,4,42,0.6068408431149817,0.8033707865168539,714,178,8,
WAUC,bandpower,svm,13,within,4,42,0.8090851735015773,0.9044943820224719,714,178,8,
WAUC,bandpower,decision_tree,13,within,4,42,0.5731953558808682,0.7865168539325843,714,178,8,
WAUC,bandpower,random_forest,13,within,4,42,0.7978293791014639,0.898876404494382,714,178,8,
WAUC,fbcsp,lda,14,within,0,42,0.7559171597633136,0.8777777777777778,719,180,8,
WAUC,fbcsp,svm,14,within,0,42,0.9666748950876327,0.9833333333333333,719,180,8,
WAUC,fbcsp,decision_tree,14,within,0,42,0.9444855662472242,0.9722222222222222,719,180,8,
WAUC,fbcsp,random_forest,14,within,0,42,0.9666748950876327,0.9833333333333333,719,180,8,
WAUC,bandpower,lda,14,within,0,42,0.933300395256917,0.9666666666666667,719,180,8,
WAUC,bandpower,svm,14,within,0,42,0.9666584341812793,0.9833333333333333,719,180,8,
WAUC,bandpower,decision_tree,14,within,0,42,0.9555335968379447,0.9777777777777777,719,180,8,
WAUC,bandpower,random_forest,14,within,0,42,0.9666584341812793,0.9833333333333333,719,180,8,
WAUC,fbcsp,lda,14,within,1,42,0.8331273176761433,0.9166666666666666,719,180,8,
WAUC,fbcsp,svm,14,within,1,42,0.9777777777777777,0.9888888888888889,719,180,8,
WAUC,fbcsp,decision_tree,14,within,1,42,0.866600790513834,0.9333333333333333,719,180,8,
WAUC,fbcsp,random_forest,14,within,1,42,0.9777777777777777,0.9888888888888889,719,180,8,
WAUC,bandpower,lda,14,within,1,42,0.9109792284866469,0.9555555555555556,719,180,8,
WAUC,bandpower,svm,14,within,1,42,0.9666419570051891,0.9833333333333333,719,180,8,
WAUC,bandpower,decision_tree,14,within,1,42,0.933300395256917,0.9666666666666667,719,180,8,
WAUC,bandpower,random_forest,14,within,1,42,0.9555116164112704,0.9777777777777777,719,180,8,
WAUC,fbcsp,lda,14,within,2,42,0.866600790513834,0.9333333333333333,719,180,8,
WAUC,fbcsp,svm,14,within,2,42,0.9666584341812793,0.9833333333333333,719,180,8,
WAUC,fbcsp,decision_tree,14,within,2,42,0.9222030130896518,0.9611111111111111,719,180,8,
WAUC,fbcsp,random_forest,14,within,2,42,0.9888806523350631,0.9944444444444445,719,180,8,
WAUC,bandpower,lda,14,within,2,42,0.9000740192450037,0.95,719,180,8,
WAUC,bandpower,svm,14,within,2,42,0.9888861447270931,0.9944444444444445,719,180,8,
WAUC,bandpower,decision_tree,14,within,2,42,0.9444581584793879,0.9722222222222222,719,180,8,
WAUC,bandpower,random_forest,14,within,2,42,0.9888861447270931,0.9944444444444445,719,180,8,
WAUC,fbcsp,lda,14,within,3,42,0.8553770086526575,0.9277777777777778,719,180,8,
WAUC,fbcsp,svm,14,within,3,42,0.9666254635352287,0.9833333333333333,719,180,8,
WAUC,fbcsp,decision_tree,14,within,3,42,0.9888861447270931,0.9944444444444445,719,180,8,
WAUC,fbcsp,random_forest,14,within,3,42,0.9777667984189723,0.9888888888888889,719,180,8,
WAUC,bandpower,lda,14,within,3,42,0.9444032616753151,0.9722222222222222,719,180,8,
WAUC,bandpower,svm,14,within,3,42,1.0,1.0,719,180,8,
WAUC,bandpower,decision_tree,14,within,3,42,0.9111549851924975,0.9555555555555556,719,180,8,
WAUC,bandpower,random_forest,14,within,3,42,0.9888806523350631,0.9944444444444445,719,180,8,
WAUC,fbcsp,lda,14,within,4,42,0.8437071223649745,0.9217877094972067,720,179,8,
WAUC,fbcsp,svm,14,within,4,42,0.9664898595943838,0.9832402234636871,720,179,8,
WAUC,fbcsp,decision_tree,14,within,4,42,0.9217803857918722,0.9608938547486033,720,179,8,
WAUC,fbcsp,random_forest,14,within,4,42,0.977655723380352,0.9888268156424581,720,179,8,
WAUC,bandpower,lda,14,within,4,42,0.9105894105894106,0.9553072625698324,720,179,8,
WAUC,bandpower,svm,14,within,4,42,0.9888257693988389,0.994413407821229,720,179,8,
WAUC,bandpower,decision_tree,14,within,4,42,0.9441288469941944,0.9720670391061452,720,179,8,
WAUC,bandpower,random_forest,14,within,4,42,0.9776473526473527,0.9888268156424581,720,179,8,
WAUC,fbcsp,lda,15,within,0,42,0.6719254212979562,0.8360655737704918,729,183,8,
WAUC,fbcsp,svm,15,within,0,42,0.9234904139043182,0.9617486338797814,729,183,8,
WAUC,fbcsp,decision_tree,15,within,0,42,0.7594982078853046,0.8797814207650273,729,183,8,
WAUC,fbcsp,random_forest,15,within,0,42,0.9234904139043182,0.9617486338797814,729,183,8,
WAUC,bandpower,lda,15,within,0,42,0.8251731550035826,0.912568306010929,729,183,8,
WAUC,bandpower,svm,15,within,0,42,0.901618780240129,0.9508196721311475,729,183,8,
WAUC,bandpower,decision_tree,15,within,0,42,0.8688328754031777,0.9344262295081968,729,183,8,
WAUC,bandpower,random_forest,15,within,0,42,0.9125761375850949,0.9562841530054644,729,183,8,
WAUC,fbcsp,lda,15,within,1,42,0.7046799354491662,0.8524590163934426,729,183,8,
WAUC,fbcsp,svm,15,within,1,42,0.9234355388201542,0.9617486338797814,729,183,8,
WAUC,fbcsp,decision_tree,15,within,1,42,0.7812836141986375,0.8907103825136612,729,183,8,
WAUC,fbcsp,random_forest,15,within,1,42,0.9124506637961967,0.9562841530054644,729,183,8,
WAUC,bandpower,lda,15,within,1,42,0.835933297471759,0.9180327868852459,729,183,8,
WAUC,bandpower,svm,15,within,1,42,0.8906418070993187,0.9453551912568307,729,183,8,
WAUC,bandpower,decision_tree,15,within,1,42,0.8358744394618833,0.9180327868852459,729,183,8,
WAUC,bandpower,random_forest,15,within,1,42,0.923408071748879,0.9617486338797814,729,183,8,
WAUC,fbcsp,lda,15,within,2,42,0.8134571325214036,0.9065934065934066,730,182,8,
WAUC,fbcsp,svm,15,within,2,42,0.9231140615570308,0.9615384615384616,730,182,8,
WAUC,fbcsp,decision_tree,15,within,2,42,0.8351250150984418,0.9175824175824175,730,182,8,
WAUC,fbcsp,random_forest,15,within,2,42,0.967032967032967,0.9835164835164835,730,182,8,
WAUC,bandpower,lda,15,within,2,42,0.8572118286059143,0.9285714285714286,730,182,8,
WAUC,bandpower,svm,15,within,2,42,0.9560386473429952,0.978021978021978,730,182,8,
WAUC,bandpower,decision_tree,15,within,2,42,0.7911583524580263,0.8956043956043956,730,182,8,
WAUC,bandpower,random_forest,15,within,2,42,0.945054945054945,0.9725274725274725,730,182,8,
WAUC,fbcsp,lda,15,within,3,42,0.7250755287009063,0.8626373626373627,730,182,8,
WAUC,fbcsp,svm,15,within,3,42,0.9011227816008692,0.9505494505494505,730,182,8,
WAUC,fbcsp,decision_tree,15,within,3,42,0.8242394978271367,0.9120879120879121,730,182,8,
WAUC,fbcsp,random_forest,15,within,3,42,0.9121197489135683,0.9560439560439561,730,182,8,
WAUC,bandpower,lda,15,within,3,42,0.8462466811489259,0.9230769230769231,730,182,8,
WAUC,bandpower,svm,15,within,3,42,0.9230954968006762,0.9615384615384616,730,182,8,
WAUC,bandpower,decision_tree,15,within,3,42,0.9340738951943974,0.967032967032967,730,182,8,
WAUC,bandpower,random_forest,15,within,3,42,0.9670409272002898,0.9835164835164835,730,182,8,
WAUC,fbcsp,lda,15,within,4,42,0.7030815709969789,0.8516483516483516,730,182,8,
WAUC,fbcsp,svm,15,within,4,42,0.9120985269258634,0.9560439560439561,730,182,8,
WAUC,fbcsp,decision_tree,15,within,4,42,0.8900169204737732,0.945054945054945,730,182,8,
WAUC,fbcsp,random_forest,15,within,4,42,0.9120985269258634,0.9560439560439561,730,182,8,
WAUC,bandpower,lda,15,within,4,42,0.8352046360014488,0.9175824175824175,730,182,8,
WAUC,bandpower,svm,15,within,4,42,0.945054945054945,0.9725274725274725,730,182,8,
WAUC,bandpower,decision_tree,15,within,4,42,0.9230583403792728,0.9615384615384616,730,182,8,
WAUC,bandpower,random_forest,15,within,4,42,0.9340420391398888,0.967032967032967,730,182,8,
WAUC,fbcsp,lda,16,within,0,42,1.0,1.0,492,124,8,
WAUC,fbcsp,svm,16,within,0,42,1.0,1.0,492,124,8,
WAUC,fbcsp,decision_tree,16,within,0,42,0.9787234042553191,0.9919354838709677,492,124,8,
WAUC,fbcsp,random_forest,16,within,0,42,1.0,1.0,492,124,8,
WAUC,bandpower,lda,16,within,0,42,1.0,1.0,492,124,8,
WAUC,bandpower,svm,16,within,0,42,1.0,1.0,492,124,8,
WAUC,bandpower,decision_tree,16,within,0,42,0.9787234042553191,0.9919354838709677,492,124,8,
WAUC,bandpower,random_forest,16,within,0,42,1.0,1.0,492,124,8,
WAUC,fbcsp,lda,16,within,1,42,1.0,1.0,493,123,8,
WAUC,fbcsp,svm,16,within,1,42,1.0,1.0,493,123,8,
WAUC,fbcsp,decision_tree,16,within,1,42,0.9315525876460768,0.975609756097561,493,123,8,
WAUC,fbcsp,random_forest,16,within,1,42,0.977705274605764,0.991869918699187,493,123,8,
WAUC,bandpower,lda,16,within,1,42,1.0,1.0,493,123,8,
WAUC,bandpower,svm,16,within,1,42,1.0,1.0,493,123,8,
WAUC,bandpower,decision_tree,16,within,1,42,1.0,1.0,493,123,8,
WAUC,bandpower,random_forest,16,within,1,42,1.0,1.0,493,123,8,
WAUC,fbcsp,lda,16,within,2,42,1.0,1.0,493,123,8,
WAUC,fbcsp,svm,16,within,2,42,1.0,1.0,493,123,8,
WAUC,fbcsp,decision_tree,16,within,2,42,1.0,1.0,493,123,8,
WAUC,fbcsp,random_forest,16,within,2,42,1.0,1.0,493,123,8,
WAUC,bandpower,lda,16,within,2,42,1.0,1.0,493,123,8,
WAUC,bandpower,svm,16,within,2,42,1.0,1.0,493,123,8,
WAUC,bandpower,decision_tree,16,within,2,42,0.9548954895489549,0.983739837398374,493,123,8,
WAUC,bandpower,random_forest,16,within,2,42,1.0,1.0,493,123,8,
WAUC,fbcsp,lda,16,within,3,42,1.0,1.0,493,123,8,
WAUC,fbcsp,svm,16,within,3,42,1.0,1.0,493,123,8,
WAUC,fbcsp,decision_tree,16,within,3,42,0.9782030834662414,0.991869918699187,493,123,8,
WAUC,fbcsp,random_forest,16,within,3,42,1.0,1.0,493,123,8,
WAUC,bandpower,lda,16,within,3,42,1.0,1.0,493,123,8,
WAUC,bandpower,svm,16,within,3,42,1.0,1.0,493,123,8,
WAUC,bandpower,decision_tree,16,within,3,42,1.0,1.0,493,123,8,
WAUC,bandpower,random_forest,16,within,3,42,1.0,1.0,493,123,8,
WAUC,fbcsp,lda,16,within,4,42,1.0,1.0,493,123,8,
WAUC,fbcsp,svm,16,within,4,42,1.0,1.0,493,123,8,
WAUC,fbcsp,decision_tree,16,within,4,42,0.9577754891864058,0.983739837398374,493,123,8,
WAUC,fbcsp,random_forest,16,within,4,42,1.0,1.0,493,123,8,
WAUC,bandpower,lda,16,within,4,42,1.0,1.0,493,123,8,
WAUC,bandpower,svm,16,within,4,42,1.0,1.0,493,123,8,
WAUC,bandpower,decision_tree,16,within,4,42,1.0,1.0,493,123,8,
WAUC,bandpower,random_forest,16,within,4,42,1.0,1.0,493,123,8,
WAUC,fbcsp,lda,17,within,0,42,0.7167584579071598,0.8611111111111112,575,144,8,
WAUC,fbcsp,svm,17,within,0,42,0.8313817330210773,0.9166666666666666,575,144,8,
WAUC,fbcsp,decision_tree,17,within,0,42,0.558369608231104,0.7847222222222222,575,144,8,
WAUC,fbcsp,random_forest,17,within,0,42,0.7993630573248407,0.9027777777777778,575,144,8,
WAUC,bandpower,lda,17,within,0,42,0.8578199052132701,0.9305555555555556,575,144,8,
WAUC,bandpower,svm,17,within,0,42,0.901060070671378,0.9513888888888888,575,144,8,
WAUC,bandpower,decision_tree,17,within,0,42,0.8572561459159398,0.9305555555555556,575,144,8,
WAUC,bandpower,random_forest,17,within,0,42,0.8994814519345832,0.9513888888888888,575,144,8,
WAUC,fbcsp,lda,17,within,1,42,0.7872340425531915,0.8958333333333334,575,144,8,
WAUC,fbcsp,svm,17,within,1,42,0.8732394366197183,0.9375,575,144,8,
WAUC,fbcsp,decision_tree,17,within,1,42,0.7451327433628319,0.875,575,144,8,
WAUC,fbcsp,random_forest,17,within,1,42,0.9,0.9513888888888888,575,144,8,
WAUC,bandpower,lda,17,within,1,42,0.7872340425531915,0.8958333333333334,575,144,8,
WAUC,bandpower,svm,17,within,1,42,0.9718804920913884,0.9861111111111112,575,144,8,
WAUC,bandpower,decision_tree,17,within,1,42,0.8732394366197183,0.9375,575,144,8,
WAUC,bandpower,random_forest,17,within,1,42,0.900355871886121,0.9513888888888888,575,144,8,
WAUC,fbcsp,lda,17,within,2,42,0.6210526315789473,0.8125,575,144,8,
WAUC,fbcsp,svm,17,within,2,42,0.6503496503496504,0.8263888888888888,575,144,8,
WAUC,fbcsp,decision_tree,17,within,2,42,0.6928446771378709,0.8472222222222222,575,144,8,
WAUC,fbcsp,random_forest,17,within,2,42,0.7158081705150977,0.8611111111111112,575,144,8,
WAUC,bandpower,lda,17,within,2,42,0.8175438596491228,0.9097222222222222,575,144,8,
WAUC,bandpower,svm,17,within,2,42,0.9295774647887324,0.9652777777777778,575,144,8,
WAUC,bandpower,decision_tree,17,within,2,42,0.8879159369527145,0.9444444444444444,575,144,8,
WAUC,bandpower,random_forest,17,within,2,42,0.9433628318584071,0.9722222222222222,575,144,8,
WAUC,fbcsp,lda,17,within,3,42,0.7083333333333333,0.8541666666666666,575,144,8,
WAUC,fbcsp,svm,17,within,3,42,0.8598949211908932,0.9305555555555556,575,144,8,
WAUC,fbcsp,decision_tree,17,within,3,42,0.704225352112676,0.8541666666666666,575,144,8,
WAUC,fbcsp,random_forest,17,within,3,42,0.8038528896672504,0.9027777777777778,575,144,8,
WAUC,bandpower,lda,17,within,3,42,0.9024390243902439,0.9513888888888888,575,144,8,
WAUC,bandpower,svm,17,within,3,42,0.9433628318584071,0.9722222222222222,575,144,8,
WAUC,bandpower,decision_tree,17,within,3,42,0.9147424511545293,0.9583333333333334,575,144,8,
WAUC,bandpower,random_forest,17,within,3,42,0.9290780141843972,0.9652777777777778,575,144,8,
WAUC,fbcsp,lda,17,within,4,42,0.6855886468119128,0.8461538461538461,576,143,8,
WAUC,fbcsp,svm,17,within,4,42,0.8721057338765775,0.9370629370629371,576,143,8,
WAUC,fbcsp,decision_tree,17,within,4,42,0.7456521739130435,0.8741258741258742,576,143,8,
WAUC,fbcsp,random_forest,17,within,4,42,0.8721057338765775,0.9370629370629371,576,143,8,
WAUC,bandpower,lda,17,within,4,42,0.7892306180603321,0.8951048951048951,576,143,8,
WAUC,bandpower,svm,17,within,4,42,0.9001496259351621,0.951048951048951,576,143,8,
WAUC,bandpower,decision_tree,17,within,4,42,0.78522078702313,0.8951048951048951,576,143,8,
WAUC,bandpower,random_forest,17,within,4,42,0.8559919436052367,0.9300699300699301,576,143,8,
WAUC,fbcsp,lda,18,within,0,42,0.8919139985978032,0.9459459459459459,737,185,8,
WAUC,fbcsp,svm,18,within,0,42,0.9459601565694923,0.972972972972973,737,185,8,
WAUC,fbcsp,decision_tree,18,within,0,42,0.9027282818250861,0.9513513513513514,737,185,8,
WAUC,fbcsp,random_forest,18,within,0,42,0.9567655994391213,0.9783783783783784,737,185,8,
WAUC,bandpower,lda,18,within,0,42,0.8053542202478372,0.9027027027027027,737,185,8,
WAUC,bandpower,svm,18,within,0,42,0.9135311988782426,0.9567567567567568,737,185,8,
WAUC,bandpower,decision_tree,18,within,0,42,0.7945525746683033,0.8972972972972973,737,185,8,
WAUC,bandpower,random_forest,18,within,0,42,0.8919139985978032,0.9459459459459459,737,185,8,
WAUC,fbcsp,lda,18,within,1,42,0.8053997194950911,0.9027027027027027,737,185,8,
WAUC,fbcsp,svm,18,within,1,42,0.9135008766803039,0.9567567567567568,737,185,8,
WAUC,fbcsp,decision_tree,18,within,1,42,0.8270219728845255,0.9135135135135135,737,185,8,
WAUC,fbcsp,random_forest,18,within,1,42,0.9351256575102279,0.9675675675675676,737,185,8,
WAUC,bandpower,lda,18,within,1,42,0.7298007828474615,0.8648648648648649,737,185,8,
WAUC,bandpower,svm,18,within,1,42,0.8918887330528285,0.9459459459459459,737,185,8,
WAUC,bandpower,decision_tree,18,within,1,42,0.8487149532710281,0.9243243243243243,737,185,8,
WAUC,bandpower,random_forest,18,within,1,42,0.9351408203809747,0.9675675675675676,737,185,8,
WAUC,fbcsp,lda,18,within,2,42,0.8043478260869565,0.9021739130434783,738,184,8,
WAUC,fbcsp,svm,18,within,2,42,0.9239130434782609,0.9619565217391305,738,184,8,
WAUC,fbcsp,decision_tree,18,within,2,42,0.8478260869565217,0.9239130434782609,738,184,8,
WAUC,fbcsp,random_forest,18,within,2,42,0.9347826086956522,0.967391304347826,738,184,8,
WAUC,bandpower,lda,18,within,2,42,0.75,0.875,738,184,8,
WAUC,bandpower,svm,18,within,2,42,0.8913043478260869,0.9456521739130435,738,184,8,
WAUC,bandpower,decision_tree,18,within,2,42,0.8152173913043479,0.907608695652174,738,184,8,
WAUC,bandpower,random_forest,18,within,2,42,0.8586956521739131,0.9293478260869565,738,184,8,
WAUC,fbcsp,lda,18,within,3,42,0.7717391304347826,0.8858695652173914,738,184,8,
WAUC,fbcsp,svm,18,within,3,42,0.9239130434782609,0.9619565217391305,738,184,8,
WAUC,fbcsp,decision_tree,18,within,3,42,0.8043478260869565,0.9021739130434783,738,184,8,
WAUC,fbcsp,random_forest,18,within,3,42,0.9456521739130435,0.9728260869565217,738,184,8,
WAUC,bandpower,lda,18,within,3,42,0.7391304347826086,0.8695652173913043,738,184,8,
WAUC,bandpower,svm,18,within,3,42,0.8695652173913043,0.9347826086956522,738,184,8,
WAUC,bandpower,decision_tree,18,within,3,42,0.9021739130434783,0.9510869565217391,738,184,8,
WAUC,bandpower,random_forest,18,within,3,42,0.9021739130434783,0.9510869565217391,738,184,8,
WAUC,fbcsp,lda,18,within,4,42,0.7934782608695652,0.8967391304347826,738,184,8,
WAUC,fbcsp,svm,18,within,4,42,0.9021739130434783,0.9510869565217391,738,184,8,
WAUC,fbcsp,decision_tree,18,within,4,42,0.7173913043478262,0.8586956521739131,738,184,8,
WAUC,fbcsp,random_forest,18,within,4,42,0.9347826086956522,0.967391304347826,738,184,8,
WAUC,bandpower,lda,18,within,4,42,0.7717391304347826,0.8858695652173914,738,184,8,
WAUC,bandpower,svm,18,within,4,42,0.8804347826086957,0.9402173913043478,738,184,8,
WAUC,bandpower,decision_tree,18,within,4,42,0.8369565217391304,0.9184782608695652,738,184,8,
WAUC,bandpower,random_forest,18,within,4,42,0.9021739130434783,0.9510869565217391,738,184,8,
WAUC,fbcsp,lda,19,within,0,42,0.7281323877068557,0.8641304347826086,734,184,8,
WAUC,fbcsp,svm,19,within,0,42,0.8041858815182689,0.9021739130434783,734,184,8,
WAUC,fbcsp,decision_tree,19,within,0,42,0.7066603684459141,0.8532608695652174,734,184,8,
WAUC,fbcsp,random_forest,19,within,0,42,0.8152610441767069,0.907608695652174,734,184,8,
WAUC,bandpower,lda,19,within,0,42,0.739161252215003,0.8695652173913043,734,184,8,
WAUC,bandpower,svm,19,within,0,42,0.7284533648170012,0.8641304347826086,734,184,8,
WAUC,bandpower,decision_tree,19,within,0,42,0.6847081068305365,0.842391304347826,734,184,8,
WAUC,bandpower,random_forest,19,within,0,42,0.78258300838946,0.8913043478260869,734,184,8,
WAUC,fbcsp,lda,19,within,1,42,0.6739130434782609,0.8369565217391305,734,184,8,
WAUC,fbcsp,svm,19,within,1,42,0.7282608695652174,0.8641304347826086,734,184,8,
WAUC,fbcsp,decision_tree,19,within,1,42,0.7065217391304348,0.8532608695652174,734,184,8,
WAUC,fbcsp,random_forest,19,within,1,42,0.782608695652174,0.8913043478260869,734,184,8,
WAUC,bandpower,lda,19,within,1,42,0.7717391304347826,0.8858695652173914,734,184,8,
WAUC,bandpower,svm,19,within,1,42,0.8043478260869565,0.9021739130434783,734,184,8,
WAUC,bandpower,decision_tree,19,within,1,42,0.7173913043478262,0.8586956521739131,734,184,8,
WAUC,bandpower,random_forest,19,within,1,42,0.8152173913043479,0.907608695652174,734,184,8,
WAUC,fbcsp,lda,19,within,2,42,0.7391304347826086,0.8695652173913043,734,184,8,
WAUC,fbcsp,svm,19,within,2,42,0.782608695652174,0.8913043478260869,734,184,8,
WAUC,fbcsp,decision_tree,19,within,2,42,0.6739130434782609,0.8369565217391305,734,184,8,
WAUC,fbcsp,random_forest,19,within,2,42,0.8043478260869565,0.9021739130434783,734,184,8,
WAUC,bandpower,lda,19,within,2,42,0.7173913043478262,0.8586956521739131,734,184,8,
WAUC,bandpower,svm,19,within,2,42,0.75,0.875,734,184,8,
WAUC,bandpower,decision_tree,19,within,2,42,0.7173913043478262,0.8586956521739131,734,184,8,
WAUC,bandpower,random_forest,19,within,2,42,0.7717391304347826,0.8858695652173914,734,184,8,
WAUC,fbcsp,lda,19,within,3,42,0.8033432835820895,0.9016393442622951,735,183,8,
WAUC,fbcsp,svm,19,within,3,42,0.836031300400215,0.9180327868852459,735,183,8,
WAUC,fbcsp,decision_tree,19,within,3,42,0.7268493641411428,0.8633879781420765,735,183,8,
WAUC,fbcsp,random_forest,19,within,3,42,0.9235086881232459,0.9617486338797814,735,183,8,
WAUC,bandpower,lda,19,within,3,42,0.7596991763161036,0.8797814207650273,735,183,8,
WAUC,bandpower,svm,19,within,3,42,0.8142575676159771,0.907103825136612,735,183,8,
WAUC,bandpower,decision_tree,19,within,3,42,0.7705534658785599,0.8852459016393442,735,183,8,
WAUC,bandpower,random_forest,19,within,3,42,0.8797706504210715,0.9398907103825137,735,183,8,
WAUC,fbcsp,lda,19,within,4,42,0.7924055167472684,0.8961748633879781,735,183,8,
WAUC,fbcsp,svm,19,within,4,42,0.846989966555184,0.9234972677595629,735,183,8,
WAUC,fbcsp,decision_tree,19,within,4,42,0.6940164815478324,0.8469945355191257,735,183,8,
WAUC,fbcsp,random_forest,19,within,4,42,0.8142575676159771,0.907103825136612,735,183,8,
WAUC,bandpower,lda,19,within,4,42,0.7706082492687877,0.8852459016393442,735,183,8,
WAUC,bandpower,svm,19,within,4,42,0.7159063768808216,0.8579234972677595,735,183,8,
WAUC,bandpower,decision_tree,19,within,4,42,0.6611313541604444,0.8306010928961749,735,183,8,
WAUC,bandpower,random_forest,19,within,4,42,0.8251522751701899,0.912568306010929,735,183,8,
WAUC,fbcsp,lda,20,within,0,42,0.6448327739844926,0.8225806451612904,741,186,8,
WAUC,fbcsp,svm,20,within,0,42,0.8924606845513413,0.946236559139785,741,186,8,
WAUC,fbcsp,decision_tree,20,within,0,42,0.6989595375722544,0.8494623655913979,741,186,8,
WAUC,fbcsp,random_forest,20,within,0,42,0.8924109208699676,0.946236559139785,741,186,8,
WAUC,bandpower,lda,20,within,0,42,0.6237429198936539,0.8118279569892473,741,186,8,
WAUC,bandpower,svm,20,within,0,42,0.7420845851629304,0.8709677419354839,741,186,8,
WAUC,bandpower,decision_tree,20,within,0,42,0.6343663274745606,0.8172043010752689,741,186,8,
WAUC,bandpower,random_forest,20,within,0,42,0.7956043956043957,0.8978494623655914,741,186,8,
WAUC,fbcsp,lda,20,within,1,42,0.5697432338653713,0.7849462365591398,741,186,8,
WAUC,fbcsp,svm,20,within,1,42,0.8278972935461485,0.9139784946236559,741,186,8,
WAUC,fbcsp,decision_tree,20,within,1,42,0.6559537572254335,0.8279569892473119,741,186,8,
WAUC,fbcsp,random_forest,20,within,1,42,0.8709528214616096,0.9354838709677419,741,186,8,
WAUC,bandpower,lda,20,within,1,42,0.5588337382853177,0.7795698924731183,741,186,8,
WAUC,bandpower,svm,20,within,1,42,0.7740890688259109,0.8870967741935484,741,186,8,
WAUC,bandpower,decision_tree,20,within,1,42,0.6556352696135154,0.8279569892473119,741,186,8,
WAUC,bandpower,random_forest,20,within,1,42,0.806384455239417,0.9032258064516129,741,186,8,
WAUC,fbcsp,lda,20,within,2,42,0.567908443302581,0.7837837837837838,742,185,8,
WAUC,fbcsp,svm,20,within,2,42,0.8594964070806801,0.9297297297297298,742,185,8,
WAUC,fbcsp,decision_tree,20,within,2,42,0.6647179187372113,0.8324324324324325,742,185,8,
WAUC,fbcsp,random_forest,20,within,2,42,0.837880469708477,0.918918918918919,742,185,8,
WAUC,bandpower,lda,20,within,2,42,0.63220675944334,0.8162162162162162,742,185,8,
WAUC,bandpower,svm,20,within,2,42,0.7838027346032488,0.8918918918918919,742,185,8,
WAUC,bandpower,decision_tree,20,within,2,42,0.5890811316343232,0.7945945945945946,742,185,8,
WAUC,bandpower,random_forest,20,within,2,42,0.7515038252642644,0.8756756756756757,742,185,8,
WAUC,fbcsp,lda,20,within,3,42,0.6968987712112347,0.8486486486486486,742,185,8,
WAUC,fbcsp,svm,20,within,3,42,0.8486088379705401,0.9243243243243243,742,185,8,
WAUC,fbcsp,decision_tree,20,within,3,42,0.6758177570093458,0.8378378378378378,742,185,8,
WAUC,fbcsp,random_forest,20,within,3,42,0.8487149532710281,0.9243243243243243,742,185,8,
WAUC,bandpower,lda,20,within,3,42,0.6863490207541654,0.8432432432432433,742,185,8,
WAUC,bandpower,svm,20,within,3,42,0.7080825200163637,0.8540540540540541,742,185,8,
WAUC,bandpower,decision_tree,20,within,3,42,0.6862389613427686,0.8432432432432433,742,185,8,
WAUC,bandpower,random_forest,20,within,3,42,0.7837269113864859,0.8918918918918919,742,185,8,
WAUC,fbcsp,lda,20,within,4,42,0.7080483955812731,0.8540540540540541,742,185,8,
WAUC,fbcsp,svm,20,within,4,42,0.8810845556010051,0.9405405405405406,742,185,8,
WAUC,fbcsp,decision_tree,20,within,4,42,0.7187792329279701,0.8594594594594595,742,185,8,
WAUC,fbcsp,random_forest,20,within,4,42,0.8702816407619492,0.9351351351351351,742,185,8,
WAUC,bandpower,lda,20,within,4,42,0.5999181717224853,0.8,742,185,8,
WAUC,bandpower,svm,20,within,4,42,0.7729796061473734,0.8864864864864865,742,185,8,
WAUC,bandpower,decision_tree,20,within,4,42,0.6541247955129703,0.827027027027027,742,185,8,
WAUC,bandpower,random_forest,20,within,4,42,0.8486795980369245,0.9243243243243243,742,185,8,
WAUC,fbcsp,lda,21,within,0,42,0.6751346288925311,0.8378378378378378,740,185,8,
WAUC,fbcsp,svm,21,within,0,42,0.7615141216453768,0.8810810810810811,740,185,8,
WAUC,fbcsp,decision_tree,21,within,0,42,0.7724743777452415,0.8864864864864865,740,185,8,
WAUC,fbcsp,random_forest,21,within,0,42,0.728945671921702,0.8648648648648649,740,185,8,
WAUC,bandpower,lda,21,within,0,42,0.674563152339627,0.8378378378378378,740,185,8,
WAUC,bandpower,svm,21,within,0,42,0.7941434846266471,0.8972972972972973,740,185,8,
WAUC,bandpower,decision_tree,21,within,0,42,0.7834991222937391,0.8918918918918919,740,185,8,
WAUC,bandpower,random_forest,21,within,0,42,0.8592002810139922,0.9297297297297298,740,185,8,
WAUC,fbcsp,lda,21,within,1,42,0.7622663551401869,0.8810810810810811,740,185,8,
WAUC,fbcsp,svm,21,within,1,42,0.8594799883143441,0.9297297297297298,740,185,8,
WAUC,fbcsp,decision_tree,21,within,1,42,0.6975005839757067,0.8486486486486486,740,185,8,
WAUC,fbcsp,random_forest,21,within,1,42,0.8271229996495737,0.9135135135135135,740,185,8,
WAUC,bandpower,lda,21,within,1,42,0.697359196073849,0.8486486486486486,740,185,8,
WAUC,bandpower,svm,21,within,1,42,0.8594799883143441,0.9297297297297298,740,185,8,
WAUC,bandpower,decision_tree,21,within,1,42,0.7729530711238385,0.8864864864864865,740,185,8,
WAUC,bandpower,random_forest,21,within,1,42,0.8811123444528831,0.9405405405405406,740,185,8,
WAUC,fbcsp,lda,21,within,2,42,0.762210796915167,0.8810810810810811,740,185,8,
WAUC,fbcsp,svm,21,within,2,42,0.8054451974760458,0.9027027027027027,740,185,8,
WAUC,fbcsp,decision_tree,21,within,2,42,0.6757798808271994,0.8378378378378378,740,185,8,
WAUC,fbcsp,random_forest,21,within,2,42,0.837880469708477,0.918918918918919,740,185,8,
WAUC,bandpower,lda,21,within,2,42,0.7188778492109877,0.8594594594594595,740,185,8,
WAUC,bandpower,svm,21,within,2,42,0.8919013673016244,0.9459459459459459,740,185,8,
WAUC,bandpower,decision_tree,21,within,2,42,0.7190092300502395,0.8594594594594595,740,185,8,
WAUC,bandpower,random_forest,21,within,2,42,0.8702816407619492,0.9351351351351351,740,185,8,
WAUC,fbcsp,lda,21,within,3,42,0.7621274108708358,0.8810810810810811,740,185,8,
WAUC,fbcsp,svm,21,within,3,42,0.7404115996258185,0.8702702702702703,740,185,8,
WAUC,fbcsp,decision_tree,21,within,3,42,0.6648354859447139,0.8324324324324325,740,185,8,
WAUC,fbcsp,random_forest,21,within,3,42,0.7729530711238385,0.8864864864864865,740,185,8,
WAUC,bandpower,lda,21,within,3,42,0.6648354859447139,0.8324324324324325,740,185,8,
WAUC,bandpower,svm,21,within,3,42,0.7838027346032488,0.8918918918918919,740,185,8,
WAUC,bandpower,decision_tree,21,within,3,42,0.7188778492109877,0.8594594594594595,740,185,8,
WAUC,bandpower,random_forest,21,within,3,42,0.7838279971956065,0.8918918918918919,740,185,8,
WAUC,fbcsp,lda,21,within,4,42,0.7297376263659207,0.8648648648648649,740,185,8,
WAUC,fbcsp,svm,21,within,4,42,0.7513004851247882,0.8756756756756757,740,185,8,
WAUC,fbcsp,decision_tree,21,within,4,42,0.6216326769122889,0.8108108108108109,740,185,8,
WAUC,fbcsp,random_forest,21,within,4,42,0.7188778492109877,0.8594594594594595,740,185,8,
WAUC,bandpower,lda,21,within,4,42,0.654043945769051,0.827027027027027,740,185,8,
WAUC,bandpower,svm,21,within,4,42,0.7297376263659207,0.8648648648648649,740,185,8,
WAUC,bandpower,decision_tree,21,within,4,42,0.7189107059373538,0.8594594594594595,740,185,8,
WAUC,bandpower,random_forest,21,within,4,42,0.7405632815238985,0.8702702702702703,740,185,8,
WAUC,fbcsp,lda,22,within,0,42,0.901618780240129,0.9508196721311475,728,183,8,
WAUC,fbcsp,svm,22,within,0,42,0.9234721309516698,0.9617486338797814,728,183,8,
WAUC,fbcsp,decision_tree,22,within,0,42,0.8032963095664636,0.9016393442622951,728,183,8,
WAUC,fbcsp,random_forest,22,within,0,42,0.9562776251343925,0.9781420765027322,728,183,8,
WAUC,bandpower,lda,22,within,0,42,0.6393550313526426,0.819672131147541,728,183,8,
WAUC,bandpower,svm,22,within,0,42,0.9453437668000717,0.9726775956284153,728,183,8,
WAUC,bandpower,decision_tree,22,within,0,42,0.8797850104508809,0.9398907103825137,728,183,8,
WAUC,bandpower,random_forest,22,within,0,42,0.9344242713807931,0.9672131147540983,728,183,8,
WAUC,fbcsp,lda,22,within,1,42,0.8461538461538461,0.9230769230769231,729,182,8,
WAUC,fbcsp,svm,22,within,1,42,0.8791208791208791,0.9395604395604396,729,182,8,
WAUC,fbcsp,decision_tree,22,within,1,42,0.8461538461538461,0.9230769230769231,729,182,8,
WAUC,fbcsp,random_forest,22,within,1,42,0.9120879120879121,0.9560439560439561,729,182,8,
WAUC,bandpower,lda,22,within,1,42,0.6923076923076923,0.8461538461538461,729,182,8,
WAUC,bandpower,svm,22,within,1,42,0.9340659340659341,0.967032967032967,729,182,8,
WAUC,bandpower,decision_tree,22,within,1,42,0.8131868131868132,0.9065934065934066,729,182,8,
WAUC,bandpower,random_forest,22,within,1,42,0.967032967032967,0.9835164835164835,729,182,8,
WAUC,fbcsp,lda,22,within,2,42,0.8571428571428572,0.9285714285714286,729,182,8,
WAUC,fbcsp,svm,22,within,2,42,0.945054945054945,0.9725274725274725,729,182,8,
WAUC,fbcsp,decision_tree,22,within,2,42,0.7912087912087912,0.8956043956043956,729,182,8,
WAUC,fbcsp,random_forest,22,within,2,42,0.945054945054945,0.9725274725274725,729,182,8,
WAUC,bandpower,lda,22,within,2,42,0.6703296703296704,0.8351648351648352,729,182,8,
WAUC,bandpower,svm,22,within,2,42,0.9230769230769231,0.9615384615384616,729,182,8,
WAUC,bandpower,decision_tree,22,within,2,42,0.9010989010989011,0.9505494505494505,729,182,8,
WAUC,bandpower,random_forest,22,within,2,42,0.9230769230769231,0.9615384615384616,729,182,8,
WAUC,fbcsp,lda,22,within,3,42,0.8350851757883291,0.9175824175824175,729,182,8,
WAUC,fbcsp,svm,22,within,3,42,0.9340420391398888,0.967032967032967,729,182,8,
WAUC,fbcsp,decision_tree,22,within,3,42,0.8352046360014488,0.9175824175824175,729,182,8,
WAUC,fbcsp,random_forest,22,within,3,42,0.9340579710144927,0.967032967032967,729,182,8,
WAUC,bandpower,lda,22,within,3,42,0.6701304978250362,0.8351648351648352,729,182,8,
WAUC,bandpower,svm,22,within,3,42,0.9450416716994806,0.9725274725274725,729,182,8,
WAUC,bandpower,decision_tree,22,within,3,42,0.8024125452352231,0.9010989010989011,729,182,8,
WAUC,bandpower,random_forest,22,within,3,42,0.9230769230769231,0.9615384615384616,729,182,8,
WAUC,fbcsp,lda,22,within,4,42,0.8571428571428572,0.9285714285714286,729,182,8,
WAUC,fbcsp,svm,22,within,4,42,0.989010989010989,0.9945054945054945,729,182,8,
WAUC,fbcsp,decision_tree,22,within,4,42,0.8460980913264073,0.9230769230769231,729,182,8,
WAUC,fbcsp,random_forest,22,within,4,42,0.945054945054945,0.9725274725274725,729,182,8,
WAUC,bandpower,lda,22,within,4,42,0.7139748549323017,0.8571428571428571,729,182,8,
WAUC,bandpower,svm,22,within,4,42,0.967032967032967,0.9835164835164835,729,182,8,
WAUC,bandpower,decision_tree,22,within,4,42,0.8022694350555287,0.9010989010989011,729,182,8,
WAUC,bandpower,random_forest,22,within,4,42,0.9780193236714976,0.989010989010989,729,182,8,
WAUC,fbcsp,lda,24,within,0,42,0.47009995908107793,0.7351351351351352,737,185,8,
WAUC,fbcsp,svm,24,within,0,42,0.5136982300368012,0.7567567567567568,737,185,8,
WAUC,fbcsp,decision_tree,24,within,0,42,0.2971535449178795,0.6486486486486487,737,185,8,
WAUC,fbcsp,random_forest,24,within,0,42,0.610981308411215,0.8054054054054054,737,185,8,
WAUC,bandpower,lda,24,within,0,42,0.47016190309193995,0.7351351351351352,737,185,8,
WAUC,bandpower,svm,24,within,0,42,0.41667639845848425,0.7081081081081081,737,185,8,
WAUC,bandpower,decision_tree,24,within,0,42,0.4487935970088216,0.7243243243243244,737,185,8,
WAUC,bandpower,random_forest,24,within,0,42,0.5350943837297645,0.7675675675675676,737,185,8,
WAUC,fbcsp,lda,24,within,1,42,0.4154476301930954,0.7081081081081081,737,185,8,
WAUC,fbcsp,svm,24,within,1,42,0.4913122330778681,0.745945945945946,737,185,8,
WAUC,fbcsp,decision_tree,24,within,1,42,0.32955342529810616,0.6648648648648648,737,185,8,
WAUC,fbcsp,random_forest,24,within,1,42,0.4913717461245978,0.745945945945946,737,185,8,
WAUC,bandpower,lda,24,within,1,42,0.45900105275470815,0.7297297297297297,737,185,8,
WAUC,bandpower,svm,24,within,1,42,0.5021645021645023,0.7513513513513513,737,185,8,
WAUC,bandpower,decision_tree,24,within,1,42,0.30824959102594063,0.654054054054054,737,185,8,
WAUC,bandpower,random_forest,24,within,1,42,0.49160965912413024,0.745945945945946,737,185,8,
WAUC,fbcsp,lda,24,within,2,42,0.40217391304347827,0.7010869565217391,738,184,8,
WAUC,fbcsp,svm,24,within,2,42,0.5652173913043479,0.782608695652174,738,184,8,
WAUC,fbcsp,decision_tree,24,within,2,42,0.3913043478260869,0.6956521739130435,738,184,8,
WAUC,fbcsp,random_forest,24,within,2,42,0.5869565217391304,0.7934782608695652,738,184,8,
WAUC,bandpower,lda,24,within,2,42,0.42391304347826086,0.7119565217391305,738,184,8,
WAUC,bandpower,svm,24,within,2,42,0.3913043478260869,0.6956521739130435,738,184,8,
WAUC,bandpower,decision_tree,24,within,2,42,0.3695652173913043,0.6847826086956522,738,184,8,
WAUC,bandpower,random_forest,24,within,2,42,0.5978260869565217,0.7989130434782609,738,184,8,
WAUC,fbcsp,lda,24,within,3,42,0.4130434782608695,0.7065217391304348,738,184,8,
WAUC,fbcsp,svm,24,within,3,42,0.5978260869565217,0.7989130434782609,738,184,8,
WAUC,fbcsp,decision_tree,24,within,3,42,0.5652173913043479,0.782608695652174,738,184,8,
WAUC,fbcsp,random_forest,24,within,3,42,0.6195652173913043,0.8097826086956522,738,184,8,
WAUC,bandpower,lda,24,within,3,42,0.48913043478260865,0.7445652173913043,738,184,8,
WAUC,bandpower,svm,24,within,3,42,0.5434782608695652,0.7717391304347826,738,184,8,
WAUC,bandpower,decision_tree,24,within,3,42,0.4565217391304348,0.7282608695652174,738,184,8,
WAUC,bandpower,random_forest,24,within,3,42,0.5543478260869565,0.7771739130434783,738,184,8,
WAUC,fbcsp,lda,24,within,4,42,0.46739130434782605,0.7336956521739131,738,184,8,
WAUC,fbcsp,svm,24,within,4,42,0.5543478260869565,0.7771739130434783,738,184,8,
WAUC,fbcsp,decision_tree,24,within,4,42,0.3804347826086957,0.6902173913043478,738,184,8,
WAUC,fbcsp,random_forest,24,within,4,42,0.5543478260869565,0.7771739130434783,738,184,8,
WAUC,bandpower,lda,24,within,4,42,0.5108695652173914,0.7554347826086957,738,184,8,
WAUC,bandpower,svm,24,within,4,42,0.3695652173913043,0.6847826086956522,738,184,8,
WAUC,bandpower,decision_tree,24,within,4,42,0.25,0.625,738,184,8,
WAUC,bandpower,random_forest,24,within,4,42,0.4130434782608695,0.7065217391304348,738,184,8,
WAUC,fbcsp,lda,25,within,0,42,0.6451612903225806,0.8225806451612904,743,186,8,
WAUC,fbcsp,svm,25,within,0,42,0.7311827956989247,0.8655913978494624,743,186,8,
WAUC,fbcsp,decision_tree,25,within,0,42,0.5161290322580645,0.7580645161290323,743,186,8,
WAUC,fbcsp,random_forest,25,within,0,42,0.7096774193548387,0.8548387096774194,743,186,8,
WAUC,bandpower,lda,25,within,0,42,0.5268817204301075,0.7634408602150538,743,186,8,
WAUC,bandpower,svm,25,within,0,42,0.7419354838709677,0.8709677419354839,743,186,8,
WAUC,bandpower,decision_tree,25,within,0,42,0.5806451612903225,0.7903225806451613,743,186,8,
WAUC,bandpower,random_forest,25,within,0,42,0.7204301075268817,0.8602150537634409,743,186,8,
WAUC,fbcsp,lda,25,within,1,42,0.5698924731182795,0.7849462365591398,743,186,8,
WAUC,fbcsp,svm,25,within,1,42,0.7634408602150538,0.8817204301075269,743,186,8,
WAUC,fbcsp,decision_tree,25,within,1,42,0.5483870967741935,0.7741935483870968,743,186,8,
WAUC,fbcsp,random_forest,25,within,1,42,0.7526881720430108,0.8763440860215054,743,186,8,
WAUC,bandpower,lda,25,within,1,42,0.5268817204301075,0.7634408602150538,743,186,8,
WAUC,bandpower,svm,25,within,1,42,0.6881720430107527,0.8440860215053764,743,186,8,
WAUC,bandpower,decision_tree,25,within,1,42,0.4623655913978495,0.7311827956989247,743,186,8,
WAUC,bandpower,random_forest,25,within,1,42,0.6559139784946236,0.8279569892473119,743,186,8,
WAUC,fbcsp,lda,25,within,2,42,0.6236559139784946,0.8118279569892473,743,186,8,
WAUC,fbcsp,svm,25,within,2,42,0.7741935483870968,0.8870967741935484,743,186,8,
WAUC,fbcsp,decision_tree,25,within,2,42,0.5483870967741935,0.7741935483870968,743,186,8,
WAUC,fbcsp,random_forest,25,within,2,42,0.7634408602150538,0.8817204301075269,743,186,8,
WAUC,bandpower,lda,25,within,2,42,0.6236559139784946,0.8118279569892473,743,186,8,
WAUC,bandpower,svm,25,within,2,42,0.6666666666666667,0.8333333333333334,743,186,8,
WAUC,bandpower,decision_tree,25,within,2,42,0.4193548387096774,0.7096774193548387,743,186,8,
WAUC,bandpower,random_forest,25,within,2,42,0.5806451612903225,0.7903225806451613,743,186,8,
WAUC,fbcsp,lda,25,within,3,42,0.5260597637248089,0.7634408602150538,743,186,8,
WAUC,fbcsp,svm,25,within,3,42,0.6553960166743863,0.8279569892473119,743,186,8,
WAUC,fbcsp,decision_tree,25,within,3,42,0.45110519615785205,0.7258064516129032,743,186,8,
WAUC,fbcsp,random_forest,25,within,3,42,0.6984715145900879,0.8494623655913979,743,186,8,
WAUC,bandpower,lda,25,within,3,42,0.5040575005796429,0.7526881720430108,743,186,8,
WAUC,bandpower,svm,25,within,3,42,0.6443388573415227,0.8225806451612904,743,186,8,
WAUC,bandpower,decision_tree,25,within,3,42,0.590687977762335,0.7956989247311828,743,186,8,
WAUC,bandpower,random_forest,25,within,3,42,0.7090045196430641,0.8548387096774194,743,186,8,
WAUC,fbcsp,lda,25,within,4,42,0.6757419957934097,0.8378378378378378,744,185,8,
WAUC,fbcsp,svm,25,within,4,42,0.7405329593267882,0.8702702702702703,744,185,8,
WAUC,fbcsp,decision_tree,25,within,4,42,0.6001518780302588,0.8,744,185,8,
WAUC,fbcsp,random_forest,25,within,4,42,0.7512714093645876,0.8756756756756757,744,185,8,
WAUC,bandpower,lda,25,within,4,42,0.5571837235098371,0.7783783783783784,744,185,8,
WAUC,bandpower,svm,25,within,4,42,0.7945525746683033,0.8972972972972973,744,185,8,
WAUC,bandpower,decision_tree,25,within,4,42,0.4810659186535764,0.7405405405405405,744,185,8,
WAUC,bandpower,random_forest,25,within,4,42,0.7405935966347277,0.8702702702702703,744,185,8,
WAUC,fbcsp,lda,27,within,0,42,0.5178807947019868,0.7582417582417582,725,182,8,
WAUC,fbcsp,svm,27,within,0,42,0.6708067044495358,0.8351648351648352,725,182,8,
WAUC,fbcsp,decision_tree,27,within,0,42,0.5060909419852853,0.7527472527472527,725,182,8,
WAUC,fbcsp,random_forest,27,within,0,42,0.6381491745993493,0.8186813186813187,725,182,8,
WAUC,bandpower,lda,27,within,0,42,0.4945054945054945,0.7472527472527473,725,182,8,
WAUC,bandpower,svm,27,within,0,42,0.7032250271771954,0.8516483516483516,725,182,8,
WAUC,bandpower,decision_tree,27,within,0,42,0.5373441471976759,0.7692307692307693,725,182,8,
WAUC,bandpower,random_forest,27,within,0,42,0.6594229144029942,0.8296703296703297,725,182,8,
WAUC,fbcsp,lda,27,within,1,42,0.6256503327283727,0.8131868131868132,725,182,8,
WAUC,fbcsp,svm,27,within,1,42,0.7799008344418914,0.8901098901098901,725,182,8,
WAUC,fbcsp,decision_tree,27,within,1,42,0.5153129161118508,0.7582417582417582,725,182,8,
WAUC,fbcsp,random_forest,27,within,1,42,0.724809483488569,0.8626373626373627,725,182,8,
WAUC,bandpower,lda,27,within,1,42,0.4611480362537764,0.7307692307692307,725,182,8,
WAUC,bandpower,svm,27,within,1,42,0.7365182772348896,0.8681318681318682,725,182,8,
WAUC,bandpower,decision_tree,27,within,1,42,0.4048685963424973,0.7032967032967034,725,182,8,
WAUC,bandpower,random_forest,27,within,1,42,0.6815494147459877,0.8406593406593407,725,182,8,
WAUC,fbcsp,lda,27,within,2,42,0.5574031055141215,0.7790055248618785,726,181,8,
WAUC,fbcsp,svm,27,within,2,42,0.7788637751985339,0.8895027624309392,726,181,8,
WAUC,fbcsp,decision_tree,27,within,2,42,0.5133219261794182,0.7569060773480663,726,181,8,
WAUC,fbcsp,random_forest,27,within,2,42,0.7675940079486395,0.8839779005524862,726,181,8,
WAUC,bandpower,lda,27,within,2,42,0.36918373586059305,0.6850828729281768,726,181,8,
WAUC,bandpower,svm,27,within,2,42,0.6576779940211092,0.8287292817679558,726,181,8,
WAUC,bandpower,decision_tree,27,within,2,42,0.457918220157692,0.7292817679558011,726,181,8,
WAUC,bandpower,random_forest,27,within,2,42,0.6795286647536479,0.8397790055248618,726,181,8,
WAUC,fbcsp,lda,27,within,3,42,0.5356139279169212,0.7679558011049724,726,181,8,
WAUC,fbcsp,svm,27,within,3,42,0.7237316075462482,0.861878453038674,726,181,8,
WAUC,fbcsp,decision_tree,27,within,3,42,0.47043764476411076,0.7348066298342542,726,181,8,
WAUC,fbcsp,random_forest,27,within,3,42,0.6689024390243903,0.8342541436464088,726,181,8,
WAUC,bandpower,lda,27,within,3,42,0.4589103776462693,0.7292817679558011,726,181,8,
WAUC,bandpower,svm,27,within,3,42,0.6469584298427404,0.8232044198895028,726,181,8,
WAUC,bandpower,decision_tree,27,within,3,42,0.5917210266414681,0.7955801104972375,726,181,8,
WAUC,bandpower,random_forest,27,within,3,42,0.6247560975609756,0.8121546961325967,726,181,8,
WAUC,fbcsp,lda,27,within,4,42,0.5804562644870075,0.7900552486187845,726,181,8,
WAUC,fbcsp,svm,27,within,4,42,0.6910886261123979,0.8453038674033149,726,181,8,
WAUC,fbcsp,decision_tree,27,within,4,42,0.5912725053402502,0.7955801104972375,726,181,8,
WAUC,fbcsp,random_forest,27,within,4,42,0.6576779940211092,0.8287292817679558,726,181,8,
WAUC,bandpower,lda,27,within,4,42,0.5036260588701322,0.7513812154696132,726,181,8,
WAUC,bandpower,svm,27,within,4,42,0.712943759912163,0.856353591160221,726,181,8,
WAUC,bandpower,decision_tree,27,within,4,42,0.42525647288715196,0.712707182320442,726,181,8,
WAUC,bandpower,random_forest,27,within,4,42,0.6689024390243903,0.8342541436464088,726,181,8,
WAUC,fbcsp,lda,29,within,0,42,0.5108695652173914,0.7554347826086957,734,184,8,
WAUC,fbcsp,svm,29,within,0,42,0.6847826086956521,0.842391304347826,734,184,8,
WAUC,fbcsp,decision_tree,29,within,0,42,0.4782608695652174,0.7391304347826086,734,184,8,
WAUC,fbcsp,random_forest,29,within,0,42,0.6195652173913043,0.8097826086956522,734,184,8,
WAUC,bandpower,lda,29,within,0,42,0.34782608695652173,0.6739130434782609,734,184,8,
WAUC,bandpower,svm,29,within,0,42,0.5652173913043479,0.782608695652174,734,184,8,
WAUC,bandpower,decision_tree,29,within,0,42,0.48913043478260865,0.7445652173913043,734,184,8,
WAUC,bandpower,random_forest,29,within,0,42,0.5978260869565217,0.7989130434782609,734,184,8,
WAUC,fbcsp,lda,29,within,1,42,0.5760869565217391,0.7880434782608695,734,184,8,
WAUC,fbcsp,svm,29,within,1,42,0.7608695652173914,0.8804347826086957,734,184,8,
WAUC,fbcsp,decision_tree,29,within,1,42,0.6086956521739131,0.8043478260869565,734,184,8,
WAUC,fbcsp,random_forest,29,within,1,42,0.7173913043478262,0.8586956521739131,734,184,8,
WAUC,bandpower,lda,29,within,1,42,0.3586956521739131,0.6793478260869565,734,184,8,
WAUC,bandpower,svm,29,within,1,42,0.6847826086956521,0.842391304347826,734,184,8,
WAUC,bandpower,decision_tree,29,within,1,42,0.48913043478260865,0.7445652173913043,734,184,8,
WAUC,bandpower,random_forest,29,within,1,42,0.6847826086956521,0.842391304347826,734,184,8,
WAUC,fbcsp,lda,29,within,2,42,0.5,0.75,734,184,8,
WAUC,fbcsp,svm,29,within,2,42,0.6847826086956521,0.842391304347826,734,184,8,
WAUC,fbcsp,decision_tree,29,within,2,42,0.5,0.75,734,184,8,
WAUC,fbcsp,random_forest,29,within,2,42,0.7065217391304348,0.8532608695652174,734,184,8,
WAUC,bandpower,lda,29,within,2,42,0.4782608695652174,0.7391304347826086,734,184,8,
WAUC,bandpower,svm,29,within,2,42,0.6521739130434783,0.8260869565217391,734,184,8,
WAUC,bandpower,decision_tree,29,within,2,42,0.4782608695652174,0.7391304347826086,734,184,8,
WAUC,bandpower,random_forest,29,within,2,42,0.6195652173913043,0.8097826086956522,734,184,8,
WAUC,fbcsp,lda,29,within,3,42,0.45353559483994266,0.726775956284153,735,183,8,
WAUC,fbcsp,svm,29,within,3,42,0.6613336517222852,0.8306010928961749,735,183,8,
WAUC,fbcsp,decision_tree,29,within,3,42,0.48672196693918957,0.7431693989071039,735,183,8,
WAUC,fbcsp,random_forest,29,within,3,42,0.6723952738990333,0.8360655737704918,735,183,8,
WAUC,bandpower,lda,29,within,3,42,0.42050546692955726,0.7103825136612022,735,183,8,
WAUC,bandpower,svm,29,within,3,42,0.6939433759407478,0.8469945355191257,735,183,8,
WAUC,bandpower,decision_tree,29,within,3,42,0.6174977605255301,0.8087431693989071,735,183,8,
WAUC,bandpower,random_forest,29,within,3,42,0.6721213569039657,0.8360655737704918,735,183,8,
WAUC,fbcsp,lda,29,within,4,42,0.6831074222248761,0.8415300546448088,735,183,8,
WAUC,fbcsp,svm,29,within,4,42,0.8142131979695432,0.907103825136612,735,183,8,
WAUC,fbcsp,decision_tree,29,within,4,42,0.5954472127621437,0.7978142076502732,735,183,8,
WAUC,fbcsp,random_forest,29,within,4,42,0.7158724471515585,0.8579234972677595,735,183,8,
WAUC,bandpower,lda,29,within,4,42,0.4536008599068434,0.726775956284153,735,183,8,
WAUC,bandpower,svm,29,within,4,42,0.6393981011524452,0.819672131147541,735,183,8,
WAUC,bandpower,decision_tree,29,within,4,42,0.5736813810405591,0.7868852459016393,735,183,8,
WAUC,bandpower,random_forest,29,within,4,42,0.661293211535017,0.8306010928961749,735,183,8,
WAUC,fbcsp,lda,30,within,0,42,0.5978260869565217,0.7989130434782609,732,184,8,
WAUC,fbcsp,svm,30,within,0,42,0.6413043478260869,0.8206521739130435,732,184,8,
WAUC,fbcsp,decision_tree,30,within,0,42,0.46739130434782605,0.7336956521739131,732,184,8,
WAUC,fbcsp,random_forest,30,within,0,42,0.5978260869565217,0.7989130434782609,732,184,8,
WAUC,bandpower,lda,30,within,0,42,0.4130434782608695,0.7065217391304348,732,184,8,
WAUC,bandpower,svm,30,within,0,42,0.5108695652173914,0.7554347826086957,732,184,8,
WAUC,bandpower,decision_tree,30,within,0,42,0.30434782608695654,0.6521739130434783,732,184,8,
WAUC,bandpower,random_forest,30,within,0,42,0.5760869565217391,0.7880434782608695,732,184,8,
WAUC,fbcsp,lda,30,within,1,42,0.5296192241018591,0.7650273224043715,733,183,8,
WAUC,fbcsp,svm,30,within,1,42,0.6937604590007171,0.8469945355191257,733,183,8,
WAUC,fbcsp,decision_tree,30,within,1,42,0.5735794945330704,0.7868852459016393,733,183,8,
WAUC,fbcsp,random_forest,30,within,1,42,0.6390101022177058,0.819672131147541,733,183,8,
WAUC,bandpower,lda,30,within,1,42,0.5409150639111218,0.7704918032786885,733,183,8,
WAUC,bandpower,svm,30,within,1,42,0.5189964157706093,0.7595628415300546,733,183,8,
WAUC,bandpower,decision_tree,30,within,1,42,0.3330345940132641,0.6666666666666666,733,183,8,
WAUC,bandpower,random_forest,30,within,1,42,0.48617002210406834,0.7431693989071039,733,183,8,
WAUC,fbcsp,lda,30,within,2,42,0.5627762513439255,0.7814207650273224,733,183,8,
WAUC,fbcsp,svm,30,within,2,42,0.6064986262095329,0.8032786885245902,733,183,8,
WAUC,fbcsp,decision_tree,30,within,2,42,0.4208514957902908,0.7103825136612022,733,183,8,
WAUC,fbcsp,random_forest,30,within,2,42,0.6063575525812619,0.8032786885245902,733,183,8,
WAUC,bandpower,lda,30,within,2,42,0.5189964157706093,0.7595628415300546,733,183,8,
WAUC,bandpower,svm,30,within,2,42,0.5519794590075835,0.7759562841530054,733,183,8,
WAUC,bandpower,decision_tree,30,within,2,42,0.3881060425125388,0.6939890710382514,733,183,8,
WAUC,bandpower,random_forest,30,within,2,42,0.5300686772170797,0.7650273224043715,733,183,8,
WAUC,fbcsp,lda,30,within,3,42,0.5739867486420343,0.7868852459016393,733,183,8,
WAUC,fbcsp,svm,30,within,3,42,0.639527248850952,0.819672131147541,733,183,8,
WAUC,fbcsp,decision_tree,30,within,3,42,0.5739867486420343,0.7868852459016393,733,183,8,
WAUC,fbcsp,random_forest,30,within,3,42,0.6394411606663084,0.819672131147541,733,183,8,
WAUC,bandpower,lda,30,within,3,42,0.541189111747851,0.7704918032786885,733,183,8,
WAUC,bandpower,svm,30,within,3,42,0.5738850080601827,0.7868852459016393,733,183,8,
WAUC,bandpower,decision_tree,30,within,3,42,0.31198901951423286,0.6557377049180327,733,183,8,
WAUC,bandpower,random_forest,30,within,3,42,0.5738850080601827,0.7868852459016393,733,183,8,
WAUC,fbcsp,lda,30,within,4,42,0.6610098595757394,0.8306010928961749,733,183,8,
WAUC,fbcsp,svm,30,within,4,42,0.759526938239159,0.8797814207650273,733,183,8,
WAUC,fbcsp,decision_tree,30,within,4,42,0.5735794945330704,0.7868852459016393,733,183,8,
WAUC,fbcsp,random_forest,30,within,4,42,0.770443820560301,0.8852459016393442,733,183,8,
WAUC,bandpower,lda,30,within,4,42,0.5189964157706093,0.7595628415300546,733,183,8,
WAUC,bandpower,svm,30,within,4,42,0.5083875589517044,0.7540983606557377,733,183,8,
WAUC,bandpower,decision_tree,30,within,4,42,0.3989250522544042,0.6994535519125683,733,183,8,
WAUC,bandpower,random_forest,30,within,4,42,0.5738341195437988,0.7868852459016393,733,183,8,
WAUC,fbcsp,lda,31,within,0,42,0.4297119055883374,0.7150537634408602,740,186,8,
WAUC,fbcsp,svm,31,within,0,42,0.6455710821110983,0.8225806451612904,740,186,8,
WAUC,fbcsp,decision_tree,31,within,0,42,0.3007518796992481,0.6505376344086021,740,186,8,
WAUC,fbcsp,random_forest,31,within,0,42,0.6991682070240296,0.8494623655913979,740,186,8,
WAUC,bandpower,lda,31,within,0,42,0.3007518796992481,0.6505376344086021,740,186,8,
WAUC,bandpower,svm,31,within,0,42,0.5266080518278575,0.7634408602150538,740,186,8,
WAUC,bandpower,decision_tree,31,within,0,42,0.3968033356497568,0.6989247311827957,740,186,8,
WAUC,bandpower,random_forest,31,within,0,42,0.40805462330748754,0.7043010752688172,740,186,8,
WAUC,fbcsp,lda,31,within,1,42,0.19950882937668113,0.6,741,185,8,
WAUC,fbcsp,svm,31,within,1,42,0.6001051586142432,0.8,741,185,8,
WAUC,fbcsp,decision_tree,31,within,1,42,0.35140820380974636,0.6756756756756757,741,185,8,
WAUC,fbcsp,random_forest,31,within,1,42,0.599824612686349,0.8,741,185,8,
WAUC,bandpower,lda,31,within,1,42,0.2631208997188379,0.6324324324324324,741,185,8,
WAUC,bandpower,svm,31,within,1,42,0.5013477088948788,0.7513513513513513,741,185,8,
WAUC,bandpower,decision_tree,31,within,1,42,0.25320306558240213,0.6270270270270271,741,185,8,
WAUC,bandpower,random_forest,31,within,1,42,0.621056943875461,0.8108108108108109,741,185,8,
WAUC,fbcsp,lda,31,within,2,42,0.2430441898527005,0.6216216216216216,741,185,8,
WAUC,fbcsp,svm,31,within,2,42,0.5900874635568514,0.7945945945945946,741,185,8,
WAUC,fbcsp,decision_tree,31,within,2,42,0.4922034690182795,0.745945945945946,741,185,8,
WAUC,fbcsp,random_forest,31,within,2,42,0.6650703731822695,0.8324324324324325,741,185,8,
WAUC,bandpower,lda,31,within,2,42,0.4028405422853454,0.7027027027027027,741,185,8,
WAUC,bandpower,svm,31,within,2,42,0.6648354859447139,0.8324324324324325,741,185,8,
WAUC,bandpower,decision_tree,31,within,2,42,0.4273783799567833,0.7135135135135136,741,185,8,
WAUC,bandpower,random_forest,31,within,2,42,0.5996841920580152,0.8,741,185,8,
WAUC,fbcsp,lda,31,within,3,42,0.3931583880037488,0.6972972972972973,741,185,8,
WAUC,fbcsp,svm,31,within,3,42,0.6864590029805389,0.8432432432432433,741,185,8,
WAUC,fbcsp,decision_tree,31,within,3,42,0.4587478057343475,0.7297297297297297,741,185,8,
WAUC,fbcsp,random_forest,31,within,3,42,0.6752486834406085,0.8378378378378378,741,185,8,
WAUC,bandpower,lda,31,within,3,42,0.3937975424224692,0.6972972972972973,741,185,8,
WAUC,bandpower,svm,31,within,3,42,0.567908443302581,0.7837837837837838,741,185,8,
WAUC,bandpower,decision_tree,31,within,3,42,0.2651869158878505,0.6324324324324324,741,185,8,
WAUC,bandpower,random_forest,31,within,3,42,0.556873283869837,0.7783783783783784,741,185,8,
WAUC,fbcsp,lda,31,within,4,42,0.3185406069110682,0.6594594594594595,741,185,8,
WAUC,fbcsp,svm,31,within,4,42,0.44872918492550395,0.7243243243243244,741,185,8,
WAUC,fbcsp,decision_tree,31,within,4,42,0.39464765688909664,0.6972972972972973,741,185,8,
WAUC,fbcsp,random_forest,31,within,4,42,0.5135277274586572,0.7567567567567568,741,185,8,
WAUC,bandpower,lda,31,within,4,42,0.28521250439058654,0.6432432432432432,741,185,8,
WAUC,bandpower,svm,31,within,4,42,0.46997602759749746,0.7351351351351352,741,185,8,
WAUC,bandpower,decision_tree,31,within,4,42,0.36225533158048495,0.6810810810810811,741,185,8,
WAUC,bandpower,random_forest,31,within,4,42,0.46979002164122363,0.7351351351351352,741,185,8,
WAUC,fbcsp,lda,32,within,0,42,0.5,0.75,733,184,8,
WAUC,fbcsp,svm,32,within,0,42,0.7282608695652174,0.8641304347826086,733,184,8,
WAUC,fbcsp,decision_tree,32,within,0,42,0.4782608695652174,0.7391304347826086,733,184,8,
WAUC,fbcsp,random_forest,32,within,0,42,0.7065217391304348,0.8532608695652174,733,184,8,
WAUC,bandpower,lda,32,within,0,42,0.4347826086956522,0.717391304347826,733,184,8,
WAUC,bandpower,svm,32,within,0,42,0.6630434782608696,0.8315217391304348,733,184,8,
WAUC,bandpower,decision_tree,32,within,0,42,0.5543478260869565,0.7771739130434783,733,184,8,
WAUC,bandpower,random_forest,32,within,0,42,0.5978260869565217,0.7989130434782609,733,184,8,
WAUC,fbcsp,lda,32,within,1,42,0.5108695652173914,0.7554347826086957,733,184,8,
WAUC,fbcsp,svm,32,within,1,42,0.7608695652173914,0.8804347826086957,733,184,8,
WAUC,fbcsp,decision_tree,32,within,1,42,0.5543478260869565,0.7771739130434783,733,184,8,
WAUC,fbcsp,random_forest,32,within,1,42,0.7608695652173914,0.8804347826086957,733,184,8,
WAUC,bandpower,lda,32,within,1,42,0.4347826086956522,0.717391304347826,733,184,8,
WAUC,bandpower,svm,32,within,1,42,0.6956521739130435,0.8478260869565217,733,184,8,
WAUC,bandpower,decision_tree,32,within,1,42,0.40217391304347827,0.7010869565217391,733,184,8,
WAUC,bandpower,random_forest,32,within,1,42,0.6086956521739131,0.8043478260869565,733,184,8,
WAUC,fbcsp,lda,32,within,2,42,0.5191687567180222,0.7595628415300546,734,183,8,
WAUC,fbcsp,svm,32,within,2,42,0.7266535221365836,0.8633879781420765,734,183,8,
WAUC,fbcsp,decision_tree,32,within,2,42,0.48623140792067376,0.7431693989071039,734,183,8,
WAUC,fbcsp,random_forest,32,within,2,42,0.7375717017208413,0.8688524590163934,734,183,8,
WAUC,bandpower,lda,32,within,2,42,0.4752061178157485,0.7377049180327869,734,183,8,
WAUC,bandpower,svm,32,within,2,42,0.6720430107526882,0.8360655737704918,734,183,8,
WAUC,bandpower,decision_tree,32,within,2,42,0.5627240143369177,0.7814207650273224,734,183,8,
WAUC,bandpower,random_forest,32,within,2,42,0.5957370589288913,0.7978142076502732,734,183,8,
WAUC,fbcsp,lda,32,within,3,42,0.453861764354781,0.726775956284153,734,183,8,
WAUC,fbcsp,svm,32,within,3,42,0.6832209156568974,0.8415300546448088,734,183,8,
WAUC,fbcsp,decision_tree,32,within,3,42,0.4974328358208955,0.7486338797814208,734,183,8,
WAUC,fbcsp,random_forest,32,within,3,42,0.6723170586128686,0.8360655737704918,734,183,8,
WAUC,bandpower,lda,32,within,3,42,0.35551841461230826,0.6775956284153005,734,183,8,
WAUC,bandpower,svm,32,within,3,42,0.6939068100358423,0.8469945355191257,734,183,8,
WAUC,bandpower,decision_tree,32,within,3,42,0.49737282063529975,0.7486338797814208,734,183,8,
WAUC,bandpower,random_forest,32,within,3,42,0.6174063676005017,0.8087431693989071,734,183,8,
WAUC,fbcsp,lda,32,within,4,42,0.44250642136073115,0.7213114754098361,734,183,8,
WAUC,fbcsp,svm,32,within,4,42,0.6940530212562694,0.8469945355191257,734,183,8,
WAUC,fbcsp,decision_tree,32,within,4,42,0.5083875589517044,0.7540983606557377,734,183,8,
WAUC,fbcsp,random_forest,32,within,4,42,0.6613336517222852,0.8306010928961749,734,183,8,
WAUC,bandpower,lda,32,within,4,42,0.43174489430311713,0.7158469945355191,734,183,8,
WAUC,bandpower,svm,32,within,4,42,0.6612123021797551,0.8306010928961749,734,183,8,
WAUC,bandpower,decision_tree,32,within,4,42,0.46430491666168827,0.73224043715847,734,183,8,
WAUC,bandpower,random_forest,32,within,4,42,0.6172234506663479,0.8087431693989071,734,183,8,
WAUC,fbcsp,lda,33,within,0,42,0.47533150161271054,0.7377049180327869,731,183,8,
WAUC,fbcsp,svm,33,within,0,42,0.7048210765278691,0.8524590163934426,731,183,8,
WAUC,fbcsp,decision_tree,33,within,0,42,0.3330345940132641,0.6666666666666666,731,183,8,
WAUC,fbcsp,random_forest,33,within,0,42,0.6829938474404158,0.8415300546448088,731,183,8,
WAUC,bandpower,lda,33,within,0,42,0.388690050107373,0.6939890710382514,731,183,8,
WAUC,bandpower,svm,33,within,0,42,0.6175434406162297,0.8087431693989071,731,183,8,
WAUC,bandpower,decision_tree,33,within,0,42,0.34447761194029847,0.6721311475409836,731,183,8,
WAUC,bandpower,random_forest,33,within,0,42,0.6065456282847588,0.8032786885245902,731,183,8,
WAUC,fbcsp,lda,33,within,1,42,0.5083288554540569,0.7540983606557377,731,183,8,
WAUC,fbcsp,svm,33,within,1,42,0.7705534658785599,0.8852459016393442,731,183,8,
WAUC,fbcsp,decision_tree,33,within,1,42,0.4096774193548387,0.7049180327868853,731,183,8,
WAUC,fbcsp,random_forest,33,within,1,42,0.7050677490598699,0.8524590163934426,731,183,8,
WAUC,bandpower,lda,33,within,1,42,0.36640401146131807,0.6830601092896175,731,183,8,
WAUC,bandpower,svm,33,within,1,42,0.5956404896984174,0.7978142076502732,731,183,8,
WAUC,bandpower,decision_tree,33,within,1,42,0.34408602150537637,0.6721311475409836,731,183,8,
WAUC,bandpower,random_forest,33,within,1,42,0.5627240143369177,0.7814207650273224,731,183,8,
WAUC,fbcsp,lda,33,within,2,42,0.5184210526315789,0.7595628415300546,731,183,8,
WAUC,fbcsp,svm,33,within,2,42,0.7157366471501971,0.8579234972677595,731,183,8,
WAUC,fbcsp,decision_tree,33,within,2,42,0.48623140792067376,0.7431693989071039,731,183,8,
WAUC,fbcsp,random_forest,33,within,2,42,0.7376030589078743,0.8688524590163934,731,183,8,
WAUC,bandpower,lda,33,within,2,42,0.4097479393142994,0.7049180327868853,731,183,8,
WAUC,bandpower,svm,33,within,2,42,0.650513248985438,0.825136612021858,731,183,8,
WAUC,bandpower,decision_tree,33,within,2,42,0.3991403498298609,0.6994535519125683,731,183,8,
WAUC,bandpower,random_forest,33,within,2,42,0.6502627806975634,0.825136612021858,731,183,8,
WAUC,fbcsp,lda,33,within,3,42,0.5955921877799677,0.7978142076502732,731,183,8,
WAUC,fbcsp,svm,33,within,3,42,0.7485512874126292,0.8743169398907104,731,183,8,
WAUC,fbcsp,decision_tree,33,within,3,42,0.4097479393142994,0.7049180327868853,731,183,8,
WAUC,fbcsp,random_forest,33,within,3,42,0.7268167432973069,0.8633879781420765,731,183,8,
WAUC,bandpower,lda,33,within,3,42,0.3878867518814957,0.6939890710382514,731,183,8,
WAUC,bandpower,svm,33,within,3,42,0.6721605159441061,0.8360655737704918,731,183,8,
WAUC,bandpower,decision_tree,33,within,3,42,0.2897235325729981,0.644808743169399,731,183,8,
WAUC,bandpower,random_forest,33,within,3,42,0.5958335820450069,0.7978142076502732,731,183,8,
WAUC,fbcsp,lda,33,within,4,42,0.5934065934065934,0.7967032967032966,732,182,8,
WAUC,fbcsp,svm,33,within,4,42,0.7472527472527473,0.8736263736263736,732,182,8,
WAUC,fbcsp,decision_tree,33,within,4,42,0.2857142857142857,0.6428571428571429,732,182,8,
WAUC,fbcsp,random_forest,33,within,4,42,0.7362637362637363,0.8681318681318682,732,182,8,
WAUC,bandpower,lda,33,within,4,42,0.5384615384615384,0.7692307692307693,732,182,8,
WAUC,bandpower,svm,33,within,4,42,0.7582417582417582,0.8791208791208791,732,182,8,
WAUC,bandpower,decision_tree,33,within,4,42,0.46153846153846156,0.7307692307692307,732,182,8,
WAUC,bandpower,random_forest,33,within,4,42,0.6923076923076923,0.8461538461538461,732,182,8,
WAUC,fbcsp,lda,34,within,0,42,0.6284042044911611,0.8142076502732241,732,183,8,
WAUC,fbcsp,svm,34,within,0,42,0.7159742120343839,0.8579234972677595,732,183,8,
WAUC,fbcsp,decision_tree,34,within,0,42,0.47470398277717973,0.7377049180327869,732,183,8,
WAUC,fbcsp,random_forest,34,within,0,42,0.7159742120343839,0.8579234972677595,732,183,8,
WAUC,bandpower,lda,34,within,0,42,0.475769873478157,0.7377049180327869,732,183,8,
WAUC,bandpower,svm,34,within,0,42,0.5742408876692716,0.7868852459016393,732,183,8,
WAUC,bandpower,decision_tree,34,within,0,42,0.3658740590273628,0.6830601092896175,732,183,8,
WAUC,bandpower,random_forest,34,within,0,42,0.5084462484331165,0.7540983606557377,732,183,8,
WAUC,fbcsp,lda,34,within,1,42,0.6067335243553009,0.8032786885245902,732,183,8,
WAUC,fbcsp,svm,34,within,1,42,0.6722388059701492,0.8360655737704918,732,183,8,
WAUC,fbcsp,decision_tree,34,within,1,42,0.3994271734590369,0.6994535519125683,732,183,8,
WAUC,fbcsp,random_forest,34,within,1,42,0.6068274051086178,0.8032786885245902,732,183,8,
WAUC,bandpower,lda,34,within,1,42,0.45399212316505544,0.726775956284153,732,183,8,
WAUC,bandpower,svm,34,within,1,42,0.5524604831494184,0.7759562841530054,732,183,8,
WAUC,bandpower,decision_tree,34,within,1,42,0.2461942570592801,0.6229508196721312,732,183,8,
WAUC,bandpower,random_forest,34,within,1,42,0.5084462484331165,0.7540983606557377,732,183,8,
WAUC,fbcsp,lda,34,within,2,42,0.46417687481326564,0.73224043715847,732,183,8,
WAUC,fbcsp,svm,34,within,2,42,0.5953505049901393,0.7978142076502732,732,183,8,
WAUC,fbcsp,decision_tree,34,within,2,42,0.3658740590273628,0.6830601092896175,732,183,8,
WAUC,fbcsp,random_forest,34,within,2,42,0.6064516129032258,0.8032786885245902,732,183,8,
WAUC,bandpower,lda,34,within,2,42,0.42050546692955726,0.7103825136612022,732,183,8,
WAUC,bandpower,svm,34,within,2,42,0.6388805836273396,0.819672131147541,732,183,8,
WAUC,bandpower,decision_tree,34,within,2,42,0.3987814348007884,0.6994535519125683,732,183,8,
WAUC,bandpower,random_forest,34,within,2,42,0.5622533189809831,0.7814207650273224,732,183,8,
WAUC,fbcsp,lda,34,within,3,42,0.46424090338770385,0.73224043715847,732,183,8,
WAUC,fbcsp,svm,34,within,3,42,0.5515510130894746,0.7759562841530054,732,183,8,
WAUC,fbcsp,decision_tree,34,within,3,42,0.3770677814272917,0.6885245901639344,732,183,8,
WAUC,fbcsp,random_forest,34,within,3,42,0.5185938060504603,0.7595628415300546,732,183,8,
WAUC,bandpower,lda,34,within,3,42,0.43167701863354035,0.7158469945355191,732,183,8,
WAUC,bandpower,svm,34,within,3,42,0.6391395279354646,0.819672131147541,732,183,8,
WAUC,bandpower,decision_tree,34,within,3,42,0.34424271380793126,0.6721311475409836,732,183,8,
WAUC,bandpower,random_forest,34,within,3,42,0.54080535308878,0.7704918032786885,732,183,8,
WAUC,fbcsp,lda,34,within,4,42,0.541134328358209,0.7704918032786885,732,183,8,
WAUC,fbcsp,svm,34,within,4,42,0.6611718330048378,0.8306010928961749,732,183,8,
WAUC,fbcsp,decision_tree,34,within,4,42,0.46456081686272166,0.73224043715847,732,183,8,
WAUC,fbcsp,random_forest,34,within,4,42,0.6940530212562694,0.8469945355191257,732,183,8,
WAUC,bandpower,lda,34,within,4,42,0.49737282063529975,0.7486338797814208,732,183,8,
WAUC,bandpower,svm,34,within,4,42,0.671886206072197,0.8360655737704918,732,183,8,
WAUC,bandpower,decision_tree,34,within,4,42,0.3554414661811236,0.6775956284153005,732,183,8,
WAUC,bandpower,random_forest,34,within,4,42,0.6284485847366535,0.8142076502732241,732,183,8,
WAUC,fbcsp,lda,35,within,0,42,0.6100711837595572,0.8104575163398693,608,153,8,
WAUC,fbcsp,svm,35,within,0,42,0.7017543859649122,0.8562091503267973,608,153,8,
WAUC,fbcsp,decision_tree,35,within,0,42,0.43956043956043955,0.7320261437908496,608,153,8,
WAUC,fbcsp,random_forest,35,within,0,42,0.6873389604620169,0.8496732026143791,608,153,8,
WAUC,bandpower,lda,35,within,0,42,0.612184249628529,0.8104575163398693,608,153,8,
WAUC,bandpower,svm,35,within,0,42,0.6267955551540338,0.8235294117647058,608,153,8,
WAUC,bandpower,decision_tree,35,within,0,42,0.6838558979426825,0.8496732026143791,608,153,8,
WAUC,bandpower,random_forest,35,within,0,42,0.7518918918918919,0.8823529411764706,608,153,8,
WAUC,fbcsp,lda,35,within,1,42,0.5207715133531157,0.7763157894736842,609,152,8,
WAUC,fbcsp,svm,35,within,1,42,0.5720720720720721,0.8026315789473685,609,152,8,
WAUC,fbcsp,decision_tree,35,within,1,42,0.41340361445783125,0.7302631578947368,609,152,8,
WAUC,fbcsp,random_forest,35,within,1,42,0.6861861861861862,0.8552631578947368,609,152,8,
WAUC,bandpower,lda,35,within,1,42,0.5516224188790559,0.7894736842105263,609,152,8,
WAUC,bandpower,svm,35,within,1,42,0.5771513353115727,0.8026315789473685,609,152,8,
WAUC,bandpower,decision_tree,35,within,1,42,0.5869565217391304,0.8026315789473685,609,152,8,
WAUC,bandpower,random_forest,35,within,1,42,0.6227941176470588,0.8223684210526315,609,152,8,
WAUC,fbcsp,lda,35,within,2,42,0.5568513119533528,0.7894736842105263,609,152,8,
WAUC,fbcsp,svm,35,within,2,42,0.6144927536231884,0.8157894736842105,609,152,8,
WAUC,fbcsp,decision_tree,35,within,2,42,0.45868945868945865,0.7368421052631579,609,152,8,
WAUC,fbcsp,random_forest,35,within,2,42,0.5924556213017751,0.8092105263157895,609,152,8,
WAUC,bandpower,lda,35,within,2,42,0.3467048710601719,0.6842105263157895,609,152,8,
WAUC,bandpower,svm,35,within,2,42,0.49258160237388726,0.7631578947368421,609,152,8,
WAUC,bandpower,decision_tree,35,within,2,42,0.5957446808510638,0.8157894736842105,609,152,8,
WAUC,bandpower,random_forest,35,within,2,42,0.6357361963190185,0.8355263157894737,609,152,8,
WAUC,fbcsp,lda,35,within,3,42,0.6103253182461104,0.8092105263157895,609,152,8,
WAUC,fbcsp,svm,35,within,3,42,0.6749242559258599,0.8421052631578947,609,152,8,
WAUC,fbcsp,decision_tree,35,within,3,42,0.6124567474048443,0.8157894736842105,609,152,8,
WAUC,fbcsp,random_forest,35,within,3,42,0.6731768500268769,0.8421052631578947,609,152,8,
WAUC,bandpower,lda,35,within,3,42,0.5878236529041287,0.7960526315789473,609,152,8,
WAUC,bandpower,svm,35,within,3,42,0.6955017301038062,0.8552631578947368,609,152,8,
WAUC,bandpower,decision_tree,35,within,3,42,0.575641249345664,0.7894736842105263,609,152,8,
WAUC,bandpower,random_forest,35,within,3,42,0.737740646567381,0.875,609,152,8,
WAUC,fbcsp,lda,35,within,4,42,0.5824940487090277,0.8026315789473685,609,152,8,
WAUC,fbcsp,svm,35,within,4,42,0.6440281030444965,0.8289473684210527,609,152,8,
WAUC,fbcsp,decision_tree,35,within,4,42,0.5123863838887899,0.7631578947368421,609,152,8,
WAUC,fbcsp,random_forest,35,within,4,42,0.6640735502121641,0.8355263157894737,609,152,8,
WAUC,bandpower,lda,35,within,4,42,0.516890664729386,0.7697368421052632,609,152,8,
WAUC,bandpower,svm,35,within,4,42,0.5838368580060423,0.8092105263157895,609,152,8,
WAUC,bandpower,decision_tree,35,within,4,42,0.7246875566020649,0.868421052631579,609,152,8,
WAUC,bandpower,random_forest,35,within,4,42,0.7735989573636195,0.8947368421052632,609,152,8,
WAUC,fbcsp,lda,36,within,0,42,0.2717391304347826,0.6358695652173914,733,184,8,
WAUC,fbcsp,svm,36,within,0,42,0.6304347826086957,0.8152173913043478,733,184,8,
WAUC,fbcsp,decision_tree,36,within,0,42,0.3369565217391305,0.6684782608695652,733,184,8,
WAUC,fbcsp,random_forest,36,within,0,42,0.6086956521739131,0.8043478260869565,733,184,8,
WAUC,bandpower,lda,36,within,0,42,0.17391304347826086,0.5869565217391305,733,184,8,
WAUC,bandpower,svm,36,within,0,42,0.6304347826086957,0.8152173913043478,733,184,8,
WAUC,bandpower,decision_tree,36,within,0,42,0.5760869565217391,0.7880434782608695,733,184,8,
WAUC,bandpower,random_forest,36,within,0,42,0.6630434782608696,0.8315217391304348,733,184,8,
WAUC,fbcsp,lda,36,within,1,42,0.40217391304347827,0.7010869565217391,733,184,8,
WAUC,fbcsp,svm,36,within,1,42,0.6956521739130435,0.8478260869565217,733,184,8,
WAUC,fbcsp,decision_tree,36,within,1,42,0.3586956521739131,0.6793478260869565,733,184,8,
WAUC,fbcsp,random_forest,36,within,1,42,0.6630434782608696,0.8315217391304348,733,184,8,
WAUC,bandpower,lda,36,within,1,42,0.3369565217391305,0.6684782608695652,733,184,8,
WAUC,bandpower,svm,36,within,1,42,0.5543478260869565,0.7771739130434783,733,184,8,
WAUC,bandpower,decision_tree,36,within,1,42,0.5434782608695652,0.7717391304347826,733,184,8,
WAUC,bandpower,random_forest,36,within,1,42,0.6630434782608696,0.8315217391304348,733,184,8,
WAUC,fbcsp,lda,36,within,2,42,0.43147329430039427,0.7158469945355191,734,183,8,
WAUC,fbcsp,svm,36,within,2,42,0.7268819771953914,0.8633879781420765,734,183,8,
WAUC,fbcsp,decision_tree,36,within,2,42,0.4860472064535405,0.7431693989071039,734,183,8,
WAUC,fbcsp,random_forest,36,within,2,42,0.7051381512203856,0.8524590163934426,734,183,8,
WAUC,bandpower,lda,36,within,2,42,0.36617699749193844,0.6830601092896175,734,183,8,
WAUC,bandpower,svm,36,within,2,42,0.6396993019509576,0.819672131147541,734,183,8,
WAUC,bandpower,decision_tree,36,within,2,42,0.4971926890455143,0.7486338797814208,734,183,8,
WAUC,bandpower,random_forest,36,within,2,42,0.6722388059701492,0.8360655737704918,734,183,8,
WAUC,fbcsp,lda,36,within,3,42,0.2898083467669711,0.644808743169399,734,183,8,
WAUC,fbcsp,svm,36,within,3,42,0.7049620827610915,0.8524590163934426,734,183,8,
WAUC,fbcsp,decision_tree,36,within,3,42,0.4971326164874552,0.7486338797814208,734,183,8,
WAUC,fbcsp,random_forest,36,within,3,42,0.7487014150098513,0.8743169398907104,734,183,8,
WAUC,bandpower,lda,36,within,3,42,0.36610129001433356,0.6830601092896175,734,183,8,
WAUC,bandpower,svm,36,within,3,42,0.693979933110368,0.8469945355191257,734,183,8,
WAUC,bandpower,decision_tree,36,within,3,42,0.46475258162717126,0.73224043715847,734,183,8,
WAUC,bandpower,random_forest,36,within,3,42,0.7268819771953914,0.8633879781420765,734,183,8,
WAUC,fbcsp,lda,36,within,4,42,0.30019120458891013,0.6502732240437158,734,183,8,
WAUC,fbcsp,svm,36,within,4,42,0.6719646271510515,0.8360655737704918,734,183,8,
WAUC,fbcsp,decision_tree,36,within,4,42,0.4319484240687679,0.7158469945355191,734,183,8,
WAUC,fbcsp,random_forest,36,within,4,42,0.6500119531436768,0.825136612021858,734,183,8,
WAUC,bandpower,lda,36,within,4,42,0.23440114750179297,0.6174863387978142,734,183,8,
WAUC,bandpower,svm,36,within,4,42,0.5625672283972749,0.7814207650273224,734,183,8,
WAUC,bandpower,decision_tree,36,within,4,42,0.3655708308427974,0.6830601092896175,734,183,8,
WAUC,bandpower,random_forest,36,within,4,42,0.6390101022177058,0.819672131147541,734,183,8,
WAUC,fbcsp,lda,37,within,0,42,0.5625672283972749,0.7814207650273224,732,183,8,
WAUC,fbcsp,svm,37,within,0,42,0.7374461979913917,0.8688524590163934,732,183,8,
WAUC,fbcsp,decision_tree,37,within,0,42,0.6173606547583488,0.8087431693989071,732,183,8,
WAUC,fbcsp,random_forest,37,within,0,42,0.6718469814704124,0.8360655737704918,732,183,8,
WAUC,bandpower,lda,37,within,0,42,0.7157026768642447,0.8579234972677595,732,183,8,
WAUC,bandpower,svm,37,within,0,42,0.759526938239159,0.8797814207650273,732,183,8,
WAUC,bandpower,decision_tree,37,within,0,42,0.726555495786265,0.8633879781420765,732,183,8,
WAUC,bandpower,random_forest,37,within,0,42,0.770443820560301,0.8852459016393442,732,183,8,
WAUC,fbcsp,lda,37,within,1,42,0.6288032454361054,0.8142076502732241,732,183,8,
WAUC,fbcsp,svm,37,within,1,42,0.8143019160747329,0.907103825136612,732,183,8,
WAUC,fbcsp,decision_tree,37,within,1,42,0.6174977605255301,0.8087431693989071,732,183,8,
WAUC,fbcsp,random_forest,37,within,1,42,0.7814925373134328,0.8907103825136612,732,183,8,
WAUC,bandpower,lda,37,within,1,42,0.6614549143641464,0.8306010928961749,732,183,8,
WAUC,bandpower,svm,37,within,1,42,0.6722779369627507,0.8360655737704918,732,183,8,
WAUC,bandpower,decision_tree,37,within,1,42,0.7704712417129547,0.8852459016393442,732,183,8,
WAUC,bandpower,random_forest,37,within,1,42,0.7377910447761193,0.8688524590163934,732,183,8,
WAUC,fbcsp,lda,37,within,2,42,0.6390963963425567,0.819672131147541,732,183,8,
WAUC,fbcsp,svm,37,within,2,42,0.7047152333711827,0.8524590163934426,732,183,8,
WAUC,fbcsp,decision_tree,37,within,2,42,0.6939433759407478,0.8469945355191257,732,183,8,
WAUC,fbcsp,random_forest,37,within,2,42,0.726751478229708,0.8633879781420765,732,183,8,
WAUC,bandpower,lda,37,within,2,42,0.6499701135684399,0.825136612021858,732,183,8,
WAUC,bandpower,svm,37,within,2,42,0.6609693420187653,0.8306010928961749,732,183,8,
WAUC,bandpower,decision_tree,37,within,2,42,0.7376970855231725,0.8688524590163934,732,183,8,
WAUC,bandpower,random_forest,37,within,2,42,0.7594407265774379,0.8797814207650273,732,183,8,
WAUC,fbcsp,lda,37,within,3,42,0.5517653384312086,0.7759562841530054,732,183,8,
WAUC,fbcsp,svm,37,within,3,42,0.6720038236348429,0.8360655737704918,732,183,8,
WAUC,fbcsp,decision_tree,37,within,3,42,0.5297878697340903,0.7650273224043715,732,183,8,
WAUC,fbcsp,random_forest,37,within,3,42,0.6064045883618114,0.8032786885245902,732,183,8,
WAUC,bandpower,lda,37,within,3,42,0.6610098595757394,0.8306010928961749,732,183,8,
WAUC,bandpower,svm,37,within,3,42,0.6938336520076482,0.8469945355191257,732,183,8,
WAUC,bandpower,decision_tree,37,within,3,42,0.6390101022177058,0.819672131147541,732,183,8,
WAUC,bandpower,random_forest,37,within,3,42,0.7484310561233638,0.8743169398907104,732,183,8,
WAUC,fbcsp,lda,37,within,4,42,0.6394842098979165,0.819672131147541,732,183,8,
WAUC,fbcsp,svm,37,within,4,42,0.7160420148006684,0.8579234972677595,732,183,8,
WAUC,fbcsp,decision_tree,37,within,4,42,0.6286259997612511,0.8142076502732241,732,183,8,
WAUC,fbcsp,random_forest,37,within,4,42,0.694235588972431,0.8469945355191257,732,183,8,
WAUC,bandpower,lda,37,within,4,42,0.6066395987580606,0.8032786885245902,732,183,8,
WAUC,bandpower,svm,37,within,4,42,0.7269145824628425,0.8633879781420765,732,183,8,
WAUC,bandpower,decision_tree,37,within,4,42,0.7051381512203856,0.8524590163934426,732,183,8,
WAUC,bandpower,random_forest,37,within,4,42,0.7814925373134328,0.8907103825136612,732,183,8,
WAUC,fbcsp,lda,38,within,0,42,0.54080535308878,0.7704918032786885,731,183,8,
WAUC,fbcsp,svm,38,within,0,42,0.7376970855231725,0.8688524590163934,731,183,8,
WAUC,fbcsp,decision_tree,38,within,0,42,0.5298440580749239,0.7650273224043715,731,183,8,
WAUC,fbcsp,random_forest,38,within,0,42,0.7813097514340344,0.8907103825136612,731,183,8,
WAUC,bandpower,lda,38,within,0,42,0.4426395939086294,0.7213114754098361,731,183,8,
WAUC,bandpower,svm,38,within,0,42,0.6394411606663084,0.819672131147541,731,183,8,
WAUC,bandpower,decision_tree,38,within,0,42,0.6721213569039657,0.8360655737704918,731,183,8,
WAUC,bandpower,random_forest,38,within,0,42,0.7485813272803297,0.8743169398907104,731,183,8,
WAUC,fbcsp,lda,38,within,1,42,0.4101002865329513,0.7049180327868853,731,183,8,
WAUC,fbcsp,svm,38,within,1,42,0.5958818263205014,0.7978142076502732,731,183,8,
WAUC,fbcsp,decision_tree,38,within,1,42,0.4096774193548387,0.7049180327868853,731,183,8,
WAUC,fbcsp,random_forest,38,within,1,42,0.5849349409096335,0.7923497267759563,731,183,8,
WAUC,bandpower,lda,38,within,1,42,0.41024110766292665,0.7049180327868853,731,183,8,
WAUC,bandpower,svm,38,within,1,42,0.44303873008295047,0.7213114754098361,731,183,8,
WAUC,bandpower,decision_tree,38,within,1,42,0.5192261762598519,0.7595628415300546,731,183,8,
WAUC,bandpower,random_forest,38,within,1,42,0.5629328875089563,0.7814207650273224,731,183,8,
WAUC,fbcsp,lda,38,within,2,42,0.45399212316505544,0.726775956284153,731,183,8,
WAUC,fbcsp,svm,38,within,2,42,0.5739867486420343,0.7868852459016393,731,183,8,
WAUC,fbcsp,decision_tree,38,within,2,42,0.4864154773989371,0.7431693989071039,731,183,8,
WAUC,fbcsp,random_forest,38,within,2,42,0.48702809089282517,0.7431693989071039,731,183,8,
WAUC,bandpower,lda,38,within,2,42,0.37729090800549225,0.6885245901639344,731,183,8,
WAUC,bandpower,svm,38,within,2,42,0.5739358844248105,0.7868852459016393,731,183,8,
WAUC,bandpower,decision_tree,38,within,2,42,0.48647680458534837,0.7431693989071039,731,183,8,
WAUC,bandpower,random_forest,38,within,2,42,0.6065926191329273,0.8032786885245902,731,183,8,
WAUC,fbcsp,lda,38,within,3,42,0.27909752894831086,0.639344262295082,731,183,8,
WAUC,fbcsp,svm,38,within,3,42,0.5628806879254747,0.7814207650273224,731,183,8,
WAUC,fbcsp,decision_tree,38,within,3,42,0.3991403498298609,0.6994535519125683,731,183,8,
WAUC,fbcsp,random_forest,38,within,3,42,0.5629328875089563,0.7814207650273224,731,183,8,
WAUC,bandpower,lda,38,within,3,42,0.22443741419447272,0.6120218579234973,731,183,8,
WAUC,bandpower,svm,38,within,3,42,0.6066865671641791,0.8032786885245902,731,183,8,
WAUC,bandpower,decision_tree,38,within,3,42,0.5629328875089563,0.7814207650273224,731,183,8,
WAUC,bandpower,random_forest,38,within,3,42,0.6721605159441061,0.8360655737704918,731,183,8,
WAUC,fbcsp,lda,38,within,4,42,0.5274725274725275,0.7637362637362637,732,182,8,
WAUC,fbcsp,svm,38,within,4,42,0.7692307692307692,0.8846153846153846,732,182,8,
WAUC,fbcsp,decision_tree,38,within,4,42,0.6153846153846154,0.8076923076923077,732,182,8,
WAUC,fbcsp,random_forest,38,within,4,42,0.7142857142857143,0.8571428571428571,732,182,8,
WAUC,bandpower,lda,38,within,4,42,0.5494505494505495,0.7747252747252747,732,182,8,
WAUC,bandpower,svm,38,within,4,42,0.6703296703296704,0.8351648351648352,732,182,8,
WAUC,bandpower,decision_tree,38,within,4,42,0.7032967032967032,0.8516483516483516,732,182,8,
WAUC,bandpower,random_forest,38,within,4,42,0.7802197802197802,0.8901098901098901,732,182,8,
WAUC,,,39,,-1,-1,,,0,0,8,"y should be a 1d array with more than two classes, but got 1 class from ['high' 'high' 'high' 'high' 'high' 'high' 'high' 'high' 'high' 'high'
 'high' 'high' 'high' 'high' 'high' 'high' 'high' 'high' 'high' 'high'
 'high' 'high' 'high' 'high' 'high' 'high' 'high' 'high' 'high' 'high'
 'high' 'high' 'high' 'high' 'high' 'high' 'high' 'high' 'high' 'high'
 'high' 'high' 'high' 'high' 'high' 'high' 'high' 'high' 'high' 'high'
 'high' 'high' 'high' 'high' 'high' 'high' 'high' 'high' 'high' 'high'
 'high' 'high' 'high' 'high' 'high' 'high' 'high' 'high' 'high' 'high'
 'high' 'high' 'high' 'high' 'high' 'high' 'high' 'high' 'high' 'high'
 'high' 'high' 'high' 'high' 'high' 'high' 'high' 'high' 'high' 'high'
 'high' 'high' 'high' 'high' 'high' 'high' 'high' 'high' 'high' 'high'
 'high' 'high' 'high' 'high' 'high' 'high' 'high' 'high' 'high' 'high'
 'high' 'high' 'high' 'high' 'high' 'high' 'high' 'high' 'high' 'high'
 'high' 'high']"
WAUC,fbcsp,lda,40,within,0,42,0.5333333333333333,0.7666666666666667,717,180,8,
WAUC,fbcsp,svm,40,within,0,42,0.7111111111111111,0.8555555555555555,717,180,8,
WAUC,fbcsp,decision_tree,40,within,0,42,0.34444444444444444,0.6722222222222223,717,180,8,
WAUC,fbcsp,random_forest,40,within,0,42,0.6666666666666667,0.8333333333333334,717,180,8,
WAUC,bandpower,lda,40,within,0,42,0.4555555555555556,0.7277777777777777,717,180,8,
WAUC,bandpower,svm,40,within,0,42,0.6111111111111112,0.8055555555555556,717,180,8,
WAUC,bandpower,decision_tree,40,within,0,42,0.5888888888888889,0.7944444444444444,717,180,8,
WAUC,bandpower,random_forest,40,within,0,42,0.7333333333333334,0.8666666666666667,717,180,8,
WAUC,fbcsp,lda,40,within,1,42,0.4444444444444444,0.7222222222222222,717,180,8,
WAUC,fbcsp,svm,40,within,1,42,0.6444444444444444,0.8222222222222222,717,180,8,
WAUC,fbcsp,decision_tree,40,within,1,42,0.4555555555555556,0.7277777777777777,717,180,8,
WAUC,fbcsp,random_forest,40,within,1,42,0.6,0.8,717,180,8,
WAUC,bandpower,lda,40,within,1,42,0.5888888888888889,0.7944444444444444,717,180,8,
WAUC,bandpower,svm,40,within,1,42,0.7444444444444445,0.8722222222222222,717,180,8,
WAUC,bandpower,decision_tree,40,within,1,42,0.6333333333333333,0.8166666666666667,717,180,8,
WAUC,bandpower,random_forest,40,within,1,42,0.7555555555555555,0.8777777777777778,717,180,8,
WAUC,fbcsp,lda,40,within,2,42,0.3855707420582912,0.6927374301675978,718,179,8,
WAUC,fbcsp,svm,40,within,2,42,0.6086576300830783,0.8044692737430168,718,179,8,
WAUC,fbcsp,decision_tree,40,within,2,42,0.3854940390737157,0.6927374301675978,718,179,8,
WAUC,fbcsp,random_forest,40,within,2,42,0.597400974634512,0.7988826815642458,718,179,8,
WAUC,bandpower,lda,40,within,2,42,0.4299719013424914,0.7150837988826816,718,179,8,
WAUC,bandpower,svm,40,within,2,42,0.5751936047964028,0.7877094972067039,718,179,8,
WAUC,bandpower,decision_tree,40,within,2,42,0.6089995631280034,0.8044692737430168,718,179,8,
WAUC,bandpower,random_forest,40,within,2,42,0.6758258914631861,0.8379888268156425,718,179,8,
WAUC,fbcsp,lda,40,within,3,42,0.4858891108891109,0.7430167597765364,718,179,8,
WAUC,fbcsp,svm,40,within,3,42,0.6981073146355175,0.8491620111731844,718,179,8,
WAUC,fbcsp,decision_tree,40,within,3,42,0.4858891108891109,0.7430167597765364,718,179,8,
WAUC,fbcsp,random_forest,40,within,3,42,0.7205744614423977,0.8603351955307262,718,179,8,
WAUC,bandpower,lda,40,within,3,42,0.6089019289593608,0.8044692737430168,718,179,8,
WAUC,bandpower,svm,40,within,3,42,0.798876404494382,0.8994413407821229,718,179,8,
WAUC,bandpower,decision_tree,40,within,3,42,0.5978030208463363,0.7988826815642458,718,179,8,
WAUC,bandpower,random_forest,40,within,3,42,0.6980695945523834,0.8491620111731844,718,179,8,
WAUC,fbcsp,lda,40,within,4,42,0.564313798914061,0.7821229050279329,718,179,8,
WAUC,fbcsp,svm,40,within,4,42,0.7317682317682317,0.8659217877094972,718,179,8,
WAUC,fbcsp,decision_tree,40,within,4,42,0.5083645443196005,0.7541899441340782,718,179,8,
WAUC,fbcsp,random_forest,40,within,4,42,0.7206791086698707,0.8603351955307262,718,179,8,
WAUC,bandpower,lda,40,within,4,42,0.4635364635364635,0.7318435754189944,718,179,8,
WAUC,bandpower,svm,40,within,4,42,0.7094155844155844,0.8547486033519553,718,179,8,
WAUC,bandpower,decision_tree,40,within,4,42,0.5864502029347487,0.7932960893854749,718,179,8,
WAUC,bandpower,random_forest,40,within,4,42,0.7093066833229231,0.8547486033519553,718,179,8,
WAUC,fbcsp,lda,41,within,0,42,0.7934782608695652,0.8967391304347826,735,184,8,
WAUC,fbcsp,svm,41,within,0,42,0.8695652173913043,0.9347826086956522,735,184,8,
WAUC,fbcsp,decision_tree,41,within,0,42,0.75,0.875,735,184,8,
WAUC,fbcsp,random_forest,41,within,0,42,0.8586956521739131,0.9293478260869565,735,184,8,
WAUC,bandpower,lda,41,within,0,42,0.7608695652173914,0.8804347826086957,735,184,8,
WAUC,bandpower,svm,41,within,0,42,0.8586956521739131,0.9293478260869565,735,184,8,
WAUC,bandpower,decision_tree,41,within,0,42,0.6521739130434783,0.8260869565217391,735,184,8,
WAUC,bandpower,random_forest,41,within,0,42,0.8369565217391304,0.9184782608695652,735,184,8,
WAUC,fbcsp,lda,41,within,1,42,0.75,0.875,735,184,8,
WAUC,fbcsp,svm,41,within,1,42,0.8586956521739131,0.9293478260869565,735,184,8,
WAUC,fbcsp,decision_tree,41,within,1,42,0.6086956521739131,0.8043478260869565,735,184,8,
WAUC,fbcsp,random_forest,41,within,1,42,0.8152173913043479,0.907608695652174,735,184,8,
WAUC,bandpower,lda,41,within,1,42,0.7391304347826086,0.8695652173913043,735,184,8,
WAUC,bandpower,svm,41,within,1,42,0.8043478260869565,0.9021739130434783,735,184,8,
WAUC,bandpower,decision_tree,41,within,1,42,0.6086956521739131,0.8043478260869565,735,184,8,
WAUC,bandpower,random_forest,41,within,1,42,0.8260869565217391,0.9130434782608695,735,184,8,
WAUC,fbcsp,lda,41,within,2,42,0.7934782608695652,0.8967391304347826,735,184,8,
WAUC,fbcsp,svm,41,within,2,42,0.9130434782608696,0.9565217391304348,735,184,8,
WAUC,fbcsp,decision_tree,41,within,2,42,0.7608695652173914,0.8804347826086957,735,184,8,
WAUC,fbcsp,random_forest,41,within,2,42,0.8260869565217391,0.9130434782608695,735,184,8,
WAUC,bandpower,lda,41,within,2,42,0.7717391304347826,0.8858695652173914,735,184,8,
WAUC,bandpower,svm,41,within,2,42,0.8695652173913043,0.9347826086956522,735,184,8,
WAUC,bandpower,decision_tree,41,within,2,42,0.75,0.875,735,184,8,
WAUC,bandpower,random_forest,41,within,2,42,0.8260869565217391,0.9130434782608695,735,184,8,
WAUC,fbcsp,lda,41,within,3,42,0.7279394369529217,0.8641304347826086,735,184,8,
WAUC,fbcsp,svm,41,within,3,42,0.9129920794420144,0.9565217391304348,735,184,8,
WAUC,fbcsp,decision_tree,41,within,3,42,0.6956881275841701,0.8478260869565217,735,184,8,
WAUC,fbcsp,random_forest,41,within,3,42,0.8696114326207629,0.9347826086956522,735,184,8,
WAUC,bandpower,lda,41,within,3,42,0.7390379387779222,0.8695652173913043,735,184,8,
WAUC,bandpower,svm,41,within,3,42,0.8477001300697646,0.9239130434782609,735,184,8,
WAUC,bandpower,decision_tree,41,within,3,42,0.7061745919091554,0.8532608695652174,735,184,8,
WAUC,bandpower,random_forest,41,within,3,42,0.826148576827684,0.9130434782608695,735,184,8,
WAUC,fbcsp,lda,41,within,4,42,0.8032493131047664,0.9016393442622951,736,183,8,
WAUC,fbcsp,svm,41,within,4,42,0.8469716879703739,0.9234972677595629,736,183,8,
WAUC,fbcsp,decision_tree,41,within,4,42,0.7595556617295748,0.8797814207650273,736,183,8,
WAUC,fbcsp,random_forest,41,within,4,42,0.8251313903487817,0.912568306010929,736,183,8,
WAUC,bandpower,lda,41,within,4,42,0.737540337038365,0.8688524590163934,736,183,8,
WAUC,bandpower,svm,41,within,4,42,0.8578937936801864,0.9289617486338798,736,183,8,
WAUC,bandpower,decision_tree,41,within,4,42,0.7051029543419876,0.8524590163934426,736,183,8,
WAUC,bandpower,random_forest,41,within,4,42,0.8032258064516129,0.9016393442622951,736,183,8,
WAUC,fbcsp,lda,42,within,0,42,0.6828801912160143,0.8415300546448088,732,183,8,
WAUC,fbcsp,svm,42,within,0,42,0.8578598315110235,0.9289617486338798,732,183,8,
WAUC,fbcsp,decision_tree,42,within,0,42,0.6611313541604444,0.8306010928961749,732,183,8,
WAUC,fbcsp,random_forest,42,within,0,42,0.8141243950528769,0.907103825136612,732,183,8,
WAUC,bandpower,lda,42,within,0,42,0.6284042044911611,0.8142076502732241,732,183,8,
WAUC,bandpower,svm,42,within,0,42,0.7813097514340344,0.8907103825136612,732,183,8,
WAUC,bandpower,decision_tree,42,within,0,42,0.6281821441376838,0.8142076502732241,732,183,8,
WAUC,bandpower,random_forest,42,within,0,42,0.7157026768642447,0.8579234972677595,732,183,8,
WAUC,fbcsp,lda,42,within,1,42,0.6067804703354422,0.8032786885245902,732,183,8,
WAUC,fbcsp,svm,42,within,1,42,0.8251940298507463,0.912568306010929,732,183,8,
WAUC,fbcsp,decision_tree,42,within,1,42,0.6066865671641791,0.8032786885245902,732,183,8,
WAUC,fbcsp,random_forest,42,within,1,42,0.7815707806158988,0.8907103825136612,732,183,8,
WAUC,bandpower,lda,42,within,1,42,0.6176347680735479,0.8087431693989071,732,183,8,
WAUC,bandpower,svm,42,within,1,42,0.7596991763161036,0.8797814207650273,732,183,8,
WAUC,bandpower,decision_tree,42,within,1,42,0.6176347680735479,0.8087431693989071,732,183,8,
WAUC,bandpower,random_forest,42,within,1,42,0.8032963095664636,0.9016393442622951,732,183,8,
WAUC,fbcsp,lda,42,within,2,42,0.5626717648464572,0.7814207650273224,732,183,8,
WAUC,fbcsp,svm,42,within,2,42,0.8797562869601577,0.9398907103825137,732,183,8,
WAUC,fbcsp,decision_tree,42,within,2,42,0.7267188340003584,0.8633879781420765,732,183,8,
WAUC,fbcsp,random_forest,42,within,2,42,0.8360508869378247,0.9180327868852459,732,183,8,
WAUC,bandpower,lda,42,within,2,42,0.5955921877799677,0.7978142076502732,732,183,8,
WAUC,bandpower,svm,42,within,2,42,0.8469534050179212,0.9234972677595629,732,183,8,
WAUC,bandpower,decision_tree,42,within,2,42,0.5845381766041342,0.7923497267759563,732,183,8,
WAUC,bandpower,random_forest,42,within,2,42,0.726751478229708,0.8633879781420765,732,183,8,
WAUC,fbcsp,lda,42,within,3,42,0.5844388669774112,0.7923497267759563,732,183,8,
WAUC,fbcsp,svm,42,within,3,42,0.8032493131047664,0.9016393442622951,732,183,8,
WAUC,fbcsp,decision_tree,42,within,3,42,0.584736653529201,0.7923497267759563,732,183,8,
WAUC,fbcsp,random_forest,42,within,3,42,0.770498656315318,0.8852459016393442,732,183,8,
WAUC,bandpower,lda,42,within,3,42,0.5517653384312086,0.7759562841530054,732,183,8,
WAUC,bandpower,svm,42,within,3,42,0.7160081174644861,0.8579234972677595,732,183,8,
WAUC,bandpower,decision_tree,42,within,3,42,0.5300686772170797,0.7650273224043715,732,183,8,
WAUC,bandpower,random_forest,42,within,3,42,0.7377910447761193,0.8688524590163934,732,183,8,
WAUC,fbcsp,lda,42,within,4,42,0.683183093546654,0.8415300546448088,732,183,8,
WAUC,fbcsp,svm,42,within,4,42,0.912555250268785,0.9562841530054644,732,183,8,
WAUC,fbcsp,decision_tree,42,within,4,42,0.7377284127552848,0.8688524590163934,732,183,8,
WAUC,fbcsp,random_forest,42,within,4,42,0.8469716879703739,0.9234972677595629,732,183,8,
WAUC,bandpower,lda,42,within,4,42,0.551872424296721,0.7759562841530054,732,183,8,
WAUC,bandpower,svm,42,within,4,42,0.8906940628359814,0.9453551912568307,732,183,8,
WAUC,bandpower,decision_tree,42,within,4,42,0.5519259480441923,0.7759562841530054,732,183,8,
WAUC,bandpower,random_forest,42,within,4,42,0.8141466037397694,0.907103825136612,732,183,8,
WAUC,fbcsp,lda,43,within,0,42,0.74873141901976,0.8743169398907104,730,183,8,
WAUC,fbcsp,svm,43,within,0,42,0.8142353854421687,0.907103825136612,730,183,8,
WAUC,fbcsp,decision_tree,43,within,0,42,0.7487014150098513,0.8743169398907104,730,183,8,
WAUC,fbcsp,random_forest,43,within,0,42,0.8360704687966557,0.9180327868852459,730,183,8,
WAUC,bandpower,lda,43,within,0,42,0.7486113599713313,0.8743169398907104,730,183,8,
WAUC,bandpower,svm,43,within,0,42,0.8688328754031777,0.9344262295081968,730,183,8,
WAUC,bandpower,decision_tree,43,within,0,42,0.8032493131047664,0.9016393442622951,730,183,8,
WAUC,bandpower,random_forest,43,within,0,42,0.9016305321626948,0.9508196721311475,730,183,8,
WAUC,fbcsp,lda,43,within,1,42,0.7377597325053737,0.8688524590163934,730,183,8,
WAUC,fbcsp,svm,43,within,1,42,0.8579616693533942,0.9289617486338798,730,183,8,
WAUC,fbcsp,decision_tree,43,within,1,42,0.6174977605255301,0.8087431693989071,730,183,8,
WAUC,fbcsp,random_forest,43,within,1,42,0.7814664437544782,0.8907103825136612,730,183,8,
WAUC,bandpower,lda,43,within,1,42,0.6831074222248761,0.8415300546448088,730,183,8,
WAUC,bandpower,svm,43,within,1,42,0.846989966555184,0.9234972677595629,730,183,8,
WAUC,bandpower,decision_tree,43,within,1,42,0.683296532792266,0.8415300546448088,730,183,8,
WAUC,bandpower,random_forest,43,within,1,42,0.7815186246418337,0.8907103825136612,730,183,8,
WAUC,fbcsp,lda,43,within,2,42,0.7158045633735516,0.8579234972677595,730,183,8,
WAUC,fbcsp,svm,43,within,2,42,0.8360508869378247,0.9180327868852459,730,183,8,
WAUC,fbcsp,decision_tree,43,within,2,42,0.6940530212562694,0.8469945355191257,730,183,8,
WAUC,fbcsp,random_forest,43,within,2,42,0.8578768146245296,0.9289617486338798,730,183,8,
WAUC,bandpower,lda,43,within,2,42,0.7157706093189964,0.8579234972677595,730,183,8,
WAUC,bandpower,svm,43,within,2,42,0.846989966555184,0.9234972677595629,730,183,8,
WAUC,bandpower,decision_tree,43,within,2,42,0.7923063138402724,0.8961748633879781,730,183,8,
WAUC,bandpower,random_forest,43,within,2,42,0.9016422812779934,0.9508196721311475,730,183,8,
WAUC,fbcsp,lda,43,within,3,42,0.7582417582417582,0.8791208791208791,731,182,8,
WAUC,fbcsp,svm,43,within,3,42,0.8571428571428572,0.9285714285714286,731,182,8,
WAUC,fbcsp,decision_tree,43,within,3,42,0.6703296703296704,0.8351648351648352,731,182,8,
WAUC,fbcsp,random_forest,43,within,3,42,0.8571428571428572,0.9285714285714286,731,182,8,
WAUC,bandpower,lda,43,within,3,42,0.6703296703296704,0.8351648351648352,731,182,8,
WAUC,bandpower,svm,43,within,3,42,0.8241758241758241,0.9120879120879121,731,182,8,
WAUC,bandpower,decision_tree,43,within,3,42,0.7362637362637363,0.8681318681318682,731,182,8,
WAUC,bandpower,random_forest,43,within,3,42,0.8461538461538461,0.9230769230769231,731,182,8,
WAUC,fbcsp,lda,43,within,4,42,0.7802197802197802,0.8901098901098901,731,182,8,
WAUC,fbcsp,svm,43,within,4,42,0.8461538461538461,0.9230769230769231,731,182,8,
WAUC,fbcsp,decision_tree,43,within,4,42,0.6703296703296704,0.8351648351648352,731,182,8,
WAUC,fbcsp,random_forest,43,within,4,42,0.8571428571428572,0.9285714285714286,731,182,8,
WAUC,bandpower,lda,43,within,4,42,0.6813186813186813,0.8406593406593407,731,182,8,
WAUC,bandpower,svm,43,within,4,42,0.8791208791208791,0.9395604395604396,731,182,8,
WAUC,bandpower,decision_tree,43,within,4,42,0.7472527472527473,0.8736263736263736,731,182,8,
WAUC,bandpower,random_forest,43,within,4,42,0.9230769230769231,0.9615384615384616,731,182,8,
WAUC,fbcsp,lda,44,within,0,42,0.3695652173913043,0.6847826086956522,735,184,8,
WAUC,fbcsp,svm,44,within,0,42,0.5652173913043479,0.782608695652174,735,184,8,
WAUC,fbcsp,decision_tree,44,within,0,42,0.28260869565217395,0.6413043478260869,735,184,8,
WAUC,fbcsp,random_forest,44,within,0,42,0.5108695652173914,0.7554347826086957,735,184,8,
WAUC,bandpower,lda,44,within,0,42,0.4782608695652174,0.7391304347826086,735,184,8,
WAUC,bandpower,svm,44,within,0,42,0.5543478260869565,0.7771739130434783,735,184,8,
WAUC,bandpower,decision_tree,44,within,0,42,0.34782608695652173,0.6739130434782609,735,184,8,
WAUC,bandpower,random_forest,44,within,0,42,0.5326086956521738,0.7663043478260869,735,184,8,
WAUC,fbcsp,lda,44,within,1,42,0.5,0.75,735,184,8,
WAUC,fbcsp,svm,44,within,1,42,0.7173913043478262,0.8586956521739131,735,184,8,
WAUC,fbcsp,decision_tree,44,within,1,42,0.4782608695652174,0.7391304347826086,735,184,8,
WAUC,fbcsp,random_forest,44,within,1,42,0.5869565217391304,0.7934782608695652,735,184,8,
WAUC,bandpower,lda,44,within,1,42,0.3913043478260869,0.6956521739130435,735,184,8,
WAUC,bandpower,svm,44,within,1,42,0.6413043478260869,0.8206521739130435,735,184,8,
WAUC,bandpower,decision_tree,44,within,1,42,0.40217391304347827,0.7010869565217391,735,184,8,
WAUC,bandpower,random_forest,44,within,1,42,0.6413043478260869,0.8206521739130435,735,184,8,
WAUC,fbcsp,lda,44,within,2,42,0.48913043478260865,0.7445652173913043,735,184,8,
WAUC,fbcsp,svm,44,within,2,42,0.5760869565217391,0.7880434782608695,735,184,8,
WAUC,fbcsp,decision_tree,44,within,2,42,0.3152173913043478,0.657608695652174,735,184,8,
WAUC,fbcsp,random_forest,44,within,2,42,0.5217391304347826,0.7608695652173914,735,184,8,
WAUC,bandpower,lda,44,within,2,42,0.42391304347826086,0.7119565217391305,735,184,8,
WAUC,bandpower,svm,44,within,2,42,0.5978260869565217,0.7989130434782609,735,184,8,
WAUC,bandpower,decision_tree,44,within,2,42,0.4130434782608695,0.7065217391304348,735,184,8,
WAUC,bandpower,random_forest,44,within,2,42,0.6413043478260869,0.8206521739130435,735,184,8,
WAUC,fbcsp,lda,44,within,3,42,0.5869565217391304,0.7934782608695652,735,184,8,
WAUC,fbcsp,svm,44,within,3,42,0.7065217391304348,0.8532608695652174,735,184,8,
WAUC,fbcsp,decision_tree,44,within,3,42,0.42391304347826086,0.7119565217391305,735,184,8,
WAUC,fbcsp,random_forest,44,within,3,42,0.6630434782608696,0.8315217391304348,735,184,8,
WAUC,bandpower,lda,44,within,3,42,0.34782608695652173,0.6739130434782609,735,184,8,
WAUC,bandpower,svm,44,within,3,42,0.6086956521739131,0.8043478260869565,735,184,8,
WAUC,bandpower,decision_tree,44,within,3,42,0.3913043478260869,0.6956521739130435,735,184,8,
WAUC,bandpower,random_forest,44,within,3,42,0.5760869565217391,0.7880434782608695,735,184,8,
WAUC,fbcsp,lda,44,within,4,42,0.47533150161271054,0.7377049180327869,736,183,8,
WAUC,fbcsp,svm,44,within,4,42,0.6066395987580606,0.8032786885245902,736,183,8,
WAUC,fbcsp,decision_tree,44,within,4,42,0.38781362007168463,0.6939890710382514,736,183,8,
WAUC,fbcsp,random_forest,44,within,4,42,0.5409698996655519,0.7704918032786885,736,183,8,
WAUC,bandpower,lda,44,within,4,42,0.33319395496087445,0.6666666666666666,736,183,8,
WAUC,bandpower,svm,44,within,4,42,0.5629328875089563,0.7814207650273224,736,183,8,
WAUC,bandpower,decision_tree,44,within,4,42,0.44270615632650623,0.7213114754098361,736,183,8,
WAUC,bandpower,random_forest,44,within,4,42,0.6176347680735479,0.8087431693989071,736,183,8,
WAUC,fbcsp,lda,45,within,0,42,0.6254220797802323,0.8128342245989305,748,187,8,
WAUC,fbcsp,svm,45,within,0,42,0.679098501315639,0.839572192513369,748,187,8,
WAUC,fbcsp,decision_tree,45,within,0,42,0.3157232704402516,0.6577540106951871,748,187,8,
WAUC,fbcsp,random_forest,45,within,0,42,0.6147859922178989,0.8074866310160428,748,187,8,
WAUC,bandpower,lda,45,within,0,42,0.45468580250443136,0.7272727272727273,748,187,8,
WAUC,bandpower,svm,45,within,0,42,0.6363948301498341,0.8181818181818182,748,187,8,
WAUC,bandpower,decision_tree,45,within,0,42,0.3051506316812439,0.6524064171122995,748,187,8,
WAUC,bandpower,random_forest,45,within,0,42,0.5186202162347692,0.7593582887700535,748,187,8,
WAUC,fbcsp,lda,45,within,1,42,0.6470285420122404,0.8235294117647058,748,187,8,
WAUC,fbcsp,svm,45,within,1,42,0.7111721297408615,0.8556149732620321,748,187,8,
WAUC,fbcsp,decision_tree,45,within,1,42,0.36914632054434215,0.6844919786096256,748,187,8,
WAUC,fbcsp,random_forest,45,within,1,42,0.6362284014189267,0.8181818181818182,748,187,8,
WAUC,bandpower,lda,45,within,1,42,0.6360618202633086,0.8181818181818182,748,187,8,
WAUC,bandpower,svm,45,within,1,42,0.6253791998168393,0.8128342245989305,748,187,8,
WAUC,bandpower,decision_tree,45,within,1,42,0.4972830749871303,0.7486631016042781,748,187,8,
WAUC,bandpower,random_forest,45,within,1,42,0.6467861026844485,0.8235294117647058,748,187,8,
WAUC,fbcsp,lda,45,within,2,42,0.6257647664246098,0.8128342245989305,748,187,8,
WAUC,fbcsp,svm,45,within,2,42,0.7433081674673987,0.8716577540106952,748,187,8,
WAUC,fbcsp,decision_tree,45,within,2,42,0.44434285714285715,0.7219251336898396,748,187,8,
WAUC,fbcsp,random_forest,45,within,2,42,0.679171908955736,0.839572192513369,748,187,8,
WAUC,bandpower,lda,45,within,2,42,0.4437070938215103,0.7219251336898396,748,187,8,
WAUC,bandpower,svm,45,within,2,42,0.5183998168602988,0.7593582887700535,748,187,8,
WAUC,bandpower,decision_tree,45,within,2,42,0.36914632054434215,0.6844919786096256,748,187,8,
WAUC,bandpower,random_forest,45,within,2,42,0.5400148732910017,0.7700534759358288,748,187,8,
WAUC,fbcsp,lda,45,within,3,42,0.6152703166076123,0.8074866310160428,748,187,8,
WAUC,fbcsp,svm,45,within,3,42,0.7754588598547658,0.8877005347593583,748,187,8,
WAUC,fbcsp,decision_tree,45,within,3,42,0.4869097976449068,0.7433155080213903,748,187,8,
WAUC,fbcsp,random_forest,45,within,3,42,0.6900611533405727,0.8449197860962567,748,187,8,
WAUC,bandpower,lda,45,within,3,42,0.6150503202195792,0.8074866310160428,748,187,8,
WAUC,bandpower,svm,45,within,3,42,0.6364364135407137,0.8181818181818182,748,187,8,
WAUC,bandpower,decision_tree,45,within,3,42,0.4655921353452218,0.732620320855615,748,187,8,
WAUC,bandpower,random_forest,45,within,3,42,0.5615600160118945,0.7807486631016043,748,187,8,
WAUC,fbcsp,lda,45,within,4,42,0.7755102040816326,0.8877005347593583,748,187,8,
WAUC,fbcsp,svm,45,within,4,42,0.8288721116449325,0.9144385026737968,748,187,8,
WAUC,fbcsp,decision_tree,45,within,4,42,0.42257548032936865,0.7112299465240641,748,187,8,
WAUC,fbcsp,random_forest,45,within,4,42,0.7221079103795154,0.8609625668449198,748,187,8,
WAUC,bandpower,lda,45,within,4,42,0.6575875486381323,0.8288770053475936,748,187,8,
WAUC,bandpower,svm,45,within,4,42,0.6575875486381323,0.8288770053475936,748,187,8,
WAUC,bandpower,decision_tree,45,within,4,42,0.40139476391905793,0.7005347593582888,748,187,8,
WAUC,bandpower,random_forest,45,within,4,42,0.6147859922178989,0.8074866310160428,748,187,8,
WAUC,fbcsp,lda,46,within,0,42,0.5461434370771312,0.7732558139534884,686,172,8,
WAUC,fbcsp,svm,46,within,0,42,0.7207792207792207,0.8604651162790697,686,172,8,
WAUC,fbcsp,decision_tree,46,within,0,42,0.46424702058504874,0.7325581395348837,686,172,8,
WAUC,fbcsp,random_forest,46,within,0,42,0.7439090416892258,0.872093023255814,686,172,8,
WAUC,bandpower,lda,46,within,0,42,0.5471239535511747,0.7732558139534884,686,172,8,
WAUC,bandpower,svm,46,within,0,42,0.5708119773401672,0.7848837209302325,686,172,8,
WAUC,bandpower,decision_tree,46,within,0,42,0.5006751282743722,0.75,686,172,8,
WAUC,bandpower,random_forest,46,within,0,42,0.6515397082658023,0.8255813953488372,686,172,8,
WAUC,fbcsp,lda,46,within,1,42,0.5708119773401672,0.7848837209302325,686,172,8,
WAUC,fbcsp,svm,46,within,1,42,0.6978786650452642,0.8488372093023255,686,172,8,
WAUC,fbcsp,decision_tree,46,within,1,42,0.45334054638896404,0.7267441860465116,686,172,8,
WAUC,fbcsp,random_forest,46,within,1,42,0.6512099499797215,0.8255813953488372,686,172,8,
WAUC,bandpower,lda,46,within,1,42,0.5004052958659821,0.75,686,172,8,
WAUC,bandpower,svm,46,within,1,42,0.61659011078087,0.8081395348837209,686,172,8,
WAUC,bandpower,decision_tree,46,within,1,42,0.3716682451630361,0.686046511627907,686,172,8,
WAUC,bandpower,random_forest,46,within,1,42,0.6397297297297297,0.8197674418604651,686,172,8,
WAUC,fbcsp,lda,46,within,2,42,0.5815650763616705,0.7906976744186046,686,172,8,
WAUC,fbcsp,svm,46,within,2,42,0.7214198947226347,0.8604651162790697,686,172,8,
WAUC,fbcsp,decision_tree,46,within,2,42,0.5004052958659821,0.75,686,172,8,
WAUC,fbcsp,random_forest,46,within,2,42,0.6981233967868232,0.8488372093023255,686,172,8,
WAUC,bandpower,lda,46,within,2,42,0.5353235174929083,0.7674418604651163,686,172,8,
WAUC,bandpower,svm,46,within,2,42,0.6516808424463345,0.8255813953488372,686,172,8,
WAUC,bandpower,decision_tree,46,within,2,42,0.44133170929760457,0.7209302325581395,686,172,8,
WAUC,bandpower,random_forest,46,within,2,42,0.6982048859495209,0.8488372093023255,686,172,8,
WAUC,fbcsp,lda,46,within,3,42,0.3785229376671466,0.6900584795321637,687,171,8,
WAUC,fbcsp,svm,46,within,3,42,0.671604938271605,0.8362573099415205,687,171,8,
WAUC,fbcsp,decision_tree,46,within,3,42,0.5082169268693508,0.7543859649122807,687,171,8,
WAUC,fbcsp,random_forest,46,within,3,42,0.6953125,0.847953216374269,687,171,8,
WAUC,bandpower,lda,46,within,3,42,0.5194324491054905,0.7602339181286549,687,171,8,
WAUC,bandpower,svm,46,within,3,42,0.5900965687281693,0.7953216374269005,687,171,8,
WAUC,bandpower,decision_tree,46,within,3,42,0.46314496314496323,0.7309941520467836,687,171,8,
WAUC,bandpower,random_forest,46,within,3,42,0.6017262638717633,0.8011695906432749,687,171,8,
WAUC,fbcsp,lda,46,within,4,42,0.5208119745745335,0.7602339181286549,687,171,8,
WAUC,fbcsp,svm,46,within,4,42,0.707452268528023,0.8538011695906432,687,171,8,
WAUC,fbcsp,decision_tree,46,within,4,42,0.48564397046759644,0.7426900584795322,687,171,8,
WAUC,fbcsp,random_forest,46,within,4,42,0.7776637240812975,0.8888888888888888,687,171,8,
WAUC,bandpower,lda,46,within,4,42,0.5911047345767575,0.7953216374269005,687,171,8,
WAUC,bandpower,svm,46,within,4,42,0.5793357933579336,0.7894736842105263,687,171,8,
WAUC,bandpower,decision_tree,46,within,4,42,0.4964043558660366,0.7485380116959064,687,171,8,
WAUC,bandpower,random_forest,46,within,4,42,0.5900965687281693,0.7953216374269005,687,171,8,
WAUC,fbcsp,lda,47,within,0,42,1.0,1.0,244,62,8,
WAUC,fbcsp,svm,47,within,0,42,1.0,1.0,244,62,8,
WAUC,fbcsp,decision_tree,47,within,0,42,0.935483870967742,0.967741935483871,244,62,8,
WAUC,fbcsp,random_forest,47,within,0,42,0.967741935483871,0.9838709677419355,244,62,8,
WAUC,bandpower,lda,47,within,0,42,1.0,1.0,244,62,8,
WAUC,bandpower,svm,47,within,0,42,1.0,1.0,244,62,8,
WAUC,bandpower,decision_tree,47,within,0,42,0.935483870967742,0.967741935483871,244,62,8,
WAUC,bandpower,random_forest,47,within,0,42,0.967741935483871,0.9838709677419355,244,62,8,
WAUC,fbcsp,lda,47,within,1,42,1.0,1.0,245,61,8,
WAUC,fbcsp,svm,47,within,1,42,1.0,1.0,245,61,8,
WAUC,fbcsp,decision_tree,47,within,1,42,1.0,1.0,245,61,8,
WAUC,fbcsp,random_forest,47,within,1,42,1.0,1.0,245,61,8,
WAUC,bandpower,lda,47,within,1,42,0.9672219236969372,0.9836065573770492,245,61,8,
WAUC,bandpower,svm,47,within,1,42,0.9672219236969372,0.9836065573770492,245,61,8,
WAUC,bandpower,decision_tree,47,within,1,42,0.9015599784830554,0.9508196721311475,245,61,8,
WAUC,bandpower,random_forest,47,within,1,42,0.9344086021505377,0.9672131147540983,245,61,8,
WAUC,fbcsp,lda,47,within,2,42,1.0,1.0,245,61,8,
WAUC,fbcsp,svm,47,within,2,42,1.0,1.0,245,61,8,
WAUC,fbcsp,decision_tree,47,within,2,42,0.9344086021505377,0.9672131147540983,245,61,8,
WAUC,fbcsp,random_forest,47,within,2,42,1.0,1.0,245,61,8,
WAUC,bandpower,lda,47,within,2,42,1.0,1.0,245,61,8,
WAUC,bandpower,svm,47,within,2,42,0.9671866594943518,0.9836065573770492,245,61,8,
WAUC,bandpower,decision_tree,47,within,2,42,0.9671866594943518,0.9836065573770492,245,61,8,
WAUC,bandpower,random_forest,47,within,2,42,1.0,1.0,245,61,8,
WAUC,fbcsp,lda,47,within,3,42,1.0,1.0,245,61,8,
WAUC,fbcsp,svm,47,within,3,42,1.0,1.0,245,61,8,
WAUC,fbcsp,decision_tree,47,within,3,42,1.0,1.0,245,61,8,
WAUC,fbcsp,random_forest,47,within,3,42,1.0,1.0,245,61,8,
WAUC,bandpower,lda,47,within,3,42,1.0,1.0,245,61,8,
WAUC,bandpower,svm,47,within,3,42,1.0,1.0,245,61,8,
WAUC,bandpower,decision_tree,47,within,3,42,0.8688172043010753,0.9344262295081968,245,61,8,
WAUC,bandpower,random_forest,47,within,3,42,0.9343379978471474,0.9672131147540983,245,61,8,
WAUC,fbcsp,lda,47,within,4,42,1.0,1.0,245,61,8,
WAUC,fbcsp,svm,47,within,4,42,1.0,1.0,245,61,8,
WAUC,fbcsp,decision_tree,47,within,4,42,0.9343379978471474,0.9672131147540983,245,61,8,
WAUC,fbcsp,random_forest,47,within,4,42,0.9671866594943518,0.9836065573770492,245,61,8,
WAUC,bandpower,lda,47,within,4,42,1.0,1.0,245,61,8,
WAUC,bandpower,svm,47,within,4,42,1.0,1.0,245,61,8,
WAUC,bandpower,decision_tree,47,within,4,42,0.9343379978471474,0.9672131147540983,245,61,8,
WAUC,bandpower,random_forest,47,within,4,42,1.0,1.0,245,61,8,
WAUC,,,48,,-1,-1,,,0,0,8,"y should be a 1d array with more than two classes, but got 1 class from ['low' 'low' 'low' 'low' 'low' 'low' 'low' 'low' 'low' 'low' 'low' 'low'
 'low' 'low' 'low' 'low' 'low' 'low' 'low' 'low' 'low' 'low' 'low' 'low'
 'low' 'low' 'low' 'low' 'low' 'low' 'low' 'low' 'low' 'low' 'low' 'low'
 'low' 'low' 'low' 'low' 'low' 'low' 'low' 'low' 'low' 'low' 'low' 'low'
 'low' 'low' 'low' 'low' 'low' 'low' 'low' 'low' 'low' 'low' 'low' 'low'
 'low' 'low' 'low' 'low' 'low' 'low' 'low' 'low' 'low' 'low' 'low' 'low'
 'low' 'low' 'low' 'low' 'low' 'low' 'low' 'low' 'low' 'low' 'low' 'low'
 'low' 'low' 'low' 'low' 'low' 'low' 'low' 'low' 'low' 'low' 'low' 'low'
 'low' 'low' 'low' 'low' 'low' 'low' 'low' 'low' 'low' 'low' 'low' 'low'
 'low' 'low' 'low' 'low' 'low' 'low' 'low' 'low' 'low' 'low' 'low' 'low'
 'low' 'low' 'low' 'low' 'low' 'low' 'low' 'low' 'low' 'low' 'low' 'low'
 'low' 'low' 'low' 'low' 'low' 'low' 'low' 'low' 'low' 'low' 'low' 'low'
 'low' 'low' 'low' 'low' 'low' 'low' 'low' 'low' 'low' 'low' 'low' 'low'
 'low' 'low' 'low' 'low' 'low' 'low' 'low' 'low' 'low' 'low' 'low' 'low'
 'low' 'low' 'low' 'low' 'low' 'low' 'low' 'low' 'low' 'low' 'low' 'low'
 'low' 'low' 'low' 'low' 'low' 'low' 'low' 'low' 'low' 'low' 'low' 'low'
 'low' 'low' 'low' 'low' 'low' 'low' 'low' 'low' 'low' 'low' 'low' 'low'
 'low' 'low' 'low' 'low' 'low' 'low' 'low' 'low' 'low' 'low' 'low' 'low'
 'low' 'low' 'low' 'low' 'low' 'low' 'low' 'low' 'low' 'low' 'low' 'low'
 'low' 'low' 'low' 'low' 'low' 'low' 'low' 'low' 'low' 'low' 'low' 'low'
 'low' 'low' 'low' 'low']"
BCI-IV-2a,fbcsp,lda,1,within,0,42,0.48275862068965514,0.7413793103448276,230,58,22,
BCI-IV-2a,fbcsp,svm,1,within,0,42,0.48275862068965514,0.7413793103448276,230,58,22,
BCI-IV-2a,fbcsp,decision_tree,1,within,0,42,0.4137931034482759,0.7068965517241379,230,58,22,
BCI-IV-2a,fbcsp,random_forest,1,within,0,42,0.5862068965517242,0.7931034482758621,230,58,22,
BCI-IV-2a,fbcsp,lda,1,within,1,42,0.6551724137931034,0.8275862068965517,230,58,22,
BCI-IV-2a,fbcsp,svm,1,within,1,42,0.6896551724137931,0.8448275862068966,230,58,22,
BCI-IV-2a,fbcsp,decision_tree,1,within,1,42,0.5862068965517242,0.7931034482758621,230,58,22,
BCI-IV-2a,fbcsp,random_forest,1,within,1,42,0.6896551724137931,0.8448275862068966,230,58,22,
BCI-IV-2a,fbcsp,lda,1,within,2,42,0.6551724137931034,0.8275862068965517,230,58,22,
BCI-IV-2a,fbcsp,svm,1,within,2,42,0.5862068965517242,0.7931034482758621,230,58,22,
BCI-IV-2a,fbcsp,decision_tree,1,within,2,42,0.24137931034482762,0.6206896551724138,230,58,22,
BCI-IV-2a,fbcsp,random_forest,1,within,2,42,0.6896551724137931,0.8448275862068966,230,58,22,
BCI-IV-2a,fbcsp,lda,1,within,3,42,0.6136783733826248,0.8070175438596491,231,57,22,
BCI-IV-2a,fbcsp,svm,1,within,3,42,0.5788177339901478,0.7894736842105263,231,57,22,
BCI-IV-2a,fbcsp,decision_tree,1,within,3,42,0.36822660098522164,0.6842105263157895,231,57,22,
BCI-IV-2a,fbcsp,random_forest,1,within,3,42,0.5434380776340111,0.7719298245614035,231,57,22,
BCI-IV-2a,fbcsp,lda,1,within,4,42,0.6850828729281768,0.8421052631578947,231,57,22,
BCI-IV-2a,fbcsp,svm,1,within,4,42,0.6151012891344383,0.8070175438596491,231,57,22,
BCI-IV-2a,fbcsp,decision_tree,1,within,4,42,0.6132017273288093,0.8070175438596491,231,57,22,
BCI-IV-2a,fbcsp,random_forest,1,within,4,42,0.7199017199017199,0.8596491228070176,231,57,22,
BCI-IV-2a,fbcsp,lda,1,official,0,42,0.6111111111111112,0.8055555555555556,144,144,22,
BCI-IV-2a,fbcsp,svm,1,official,0,42,0.625,0.8125,144,144,22,
BCI-IV-2a,fbcsp,decision_tree,1,official,0,42,0.36111111111111116,0.6805555555555556,144,144,22,
BCI-IV-2a,fbcsp,random_forest,1,official,0,42,0.5833333333333333,0.7916666666666666,144,144,22,
BCI-IV-2a,fbcsp,lda,2,within,0,42,0.1724137931034483,0.5862068965517241,230,58,22,
BCI-IV-2a,fbcsp,svm,2,within,0,42,0.0,0.5,230,58,22,
BCI-IV-2a,fbcsp,decision_tree,2,within,0,42,0.1724137931034483,0.5862068965517241,230,58,22,
BCI-IV-2a,fbcsp,random_forest,2,within,0,42,0.10344827586206895,0.5517241379310345,230,58,22,
BCI-IV-2a,fbcsp,lda,2,within,1,42,0.0,0.5,230,58,22,
BCI-IV-2a,fbcsp,svm,2,within,1,42,-0.10344827586206895,0.4482758620689655,230,58,22,
BCI-IV-2a,fbcsp,decision_tree,2,within,1,42,-0.17241379310344818,0.41379310344827586,230,58,22,
BCI-IV-2a,fbcsp,random_forest,2,within,1,42,-0.034482758620689724,0.4827586206896552,230,58,22,
BCI-IV-2a,fbcsp,lda,2,within,2,42,0.13793103448275867,0.5689655172413793,230,58,22,
BCI-IV-2a,fbcsp,svm,2,within,2,42,0.27586206896551724,0.6379310344827587,230,58,22,
BCI-IV-2a,fbcsp,decision_tree,2,within,2,42,0.03448275862068961,0.5172413793103449,230,58,22,
BCI-IV-2a,fbcsp,random_forest,2,within,2,42,0.1724137931034483,0.5862068965517241,230,58,22,
BCI-IV-2a,fbcsp,lda,2,within,3,42,0.05408727719729567,0.5263157894736842,231,57,22,
BCI-IV-2a,fbcsp,svm,2,within,3,42,0.08856088560885611,0.543859649122807,231,57,22,
BCI-IV-2a,fbcsp,decision_tree,2,within,3,42,0.20012202562538128,0.5964912280701754,231,57,22,
BCI-IV-2a,fbcsp,random_forest,2,within,3,42,0.12415488629379234,0.5614035087719298,231,57,22,
BCI-IV-2a,fbcsp,lda,2,within,4,42,0.2997542997542998,0.6491228070175439,231,57,22,
BCI-IV-2a,fbcsp,svm,2,within,4,42,0.23067484662576698,0.6140350877192983,231,57,22,
BCI-IV-2a,fbcsp,decision_tree,2,within,4,42,0.12737293325168397,0.5614035087719298,231,57,22,
BCI-IV-2a,fbcsp,random_forest,2,within,4,42,0.16073619631901848,0.5789473684210527,231,57,22,
BCI-IV-2a,fbcsp,lda,2,official,0,42,-0.04166666666666674,0.4791666666666667,144,144,22,
BCI-IV-2a,fbcsp,svm,2,official,0,42,-0.08333333333333326,0.4583333333333333,144,144,22,
BCI-IV-2a,fbcsp,decision_tree,2,official,0,42,-0.02777777777777768,0.4861111111111111,144,144,22,
BCI-IV-2a,fbcsp,random_forest,2,official,0,42,0.02777777777777779,0.5138888888888888,144,144,22,
BCI-IV-2a,fbcsp,lda,3,within,0,42,0.7241379310344828,0.8620689655172413,230,58,22,
BCI-IV-2a,fbcsp,svm,3,within,0,42,0.6551724137931034,0.8275862068965517,230,58,22,
BCI-IV-2a,fbcsp,decision_tree,3,within,0,42,0.48275862068965514,0.7413793103448276,230,58,22,
BCI-IV-2a,fbcsp,random_forest,3,within,0,42,0.8620689655172413,0.9310344827586207,230,58,22,
BCI-IV-2a,fbcsp,lda,3,within,1,42,0.7241379310344828,0.8620689655172413,230,58,22,
BCI-IV-2a,fbcsp,svm,3,within,1,42,0.7241379310344828,0.8620689655172413,230,58,22,
BCI-IV-2a,fbcsp,decision_tree,3,within,1,42,0.5172413793103448,0.7586206896551724,230,58,22,
BCI-IV-2a,fbcsp,random_forest,3,within,1,42,0.6896551724137931,0.8448275862068966,230,58,22,
BCI-IV-2a,fbcsp,lda,3,within,2,42,0.7931034482758621,0.896551724137931,230,58,22,
BCI-IV-2a,fbcsp,svm,3,within,2,42,0.6896551724137931,0.8448275862068966,230,58,22,
BCI-IV-2a,fbcsp,decision_tree,3,within,2,42,0.6206896551724138,0.8103448275862069,230,58,22,
BCI-IV-2a,fbcsp,random_forest,3,within,2,42,0.7586206896551724,0.8793103448275862,230,58,22,
BCI-IV-2a,fbcsp,lda,3,within,3,42,0.8246153846153846,0.9122807017543859,231,57,22,
BCI-IV-2a,fbcsp,svm,3,within,3,42,0.8246153846153846,0.9122807017543859,231,57,22,
BCI-IV-2a,fbcsp,decision_tree,3,within,3,42,0.7195571955719557,0.8596491228070176,231,57,22,
BCI-IV-2a,fbcsp,random_forest,3,within,3,42,0.7544615384615385,0.8771929824561403,231,57,22,
BCI-IV-2a,fbcsp,lda,3,within,4,42,0.7888888888888889,0.8947368421052632,231,57,22,
BCI-IV-2a,fbcsp,svm,3,within,4,42,0.7894088669950738,0.8947368421052632,231,57,22,
BCI-IV-2a,fbcsp,decision_tree,3,within,4,42,0.6136783733826248,0.8070175438596491,231,57,22,
BCI-IV-2a,fbcsp,random_forest,3,within,4,42,0.7195571955719557,0.8596491228070176,231,57,22,
BCI-IV-2a,fbcsp,lda,3,official,0,42,0.75,0.875,144,144,22,
BCI-IV-2a,fbcsp,svm,3,official,0,42,0.6805555555555556,0.8402777777777778,144,144,22,
BCI-IV-2a,fbcsp,decision_tree,3,official,0,42,0.2222222222222222,0.6111111111111112,144,144,22,
BCI-IV-2a,fbcsp,random_forest,3,official,0,42,0.6388888888888888,0.8194444444444444,144,144,22,
BCI-IV-2a,fbcsp,lda,4,within,0,42,0.24137931034482762,0.6206896551724138,230,58,22,
BCI-IV-2a,fbcsp,svm,4,within,0,42,0.3448275862068966,0.6724137931034483,230,58,22,
BCI-IV-2a,fbcsp,decision_tree,4,within,0,42,0.06896551724137934,0.5344827586206896,230,58,22,
BCI-IV-2a,fbcsp,random_forest,4,within,0,42,0.3793103448275862,0.6896551724137931,230,58,22,
BCI-IV-2a,fbcsp,lda,4,within,1,42,0.27586206896551724,0.6379310344827587,230,58,22,
BCI-IV-2a,fbcsp,svm,4,within,1,42,0.3448275862068966,0.6724137931034483,230,58,22,
BCI-IV-2a,fbcsp,decision_tree,4,within,1,42,0.13793103448275867,0.5689655172413793,230,58,22,
BCI-IV-2a,fbcsp,random_forest,4,within,1,42,0.2068965517241379,0.603448275862069,230,58,22,
BCI-IV-2a,fbcsp,lda,4,within,2,42,0.10344827586206895,0.5517241379310345,230,58,22,
BCI-IV-2a,fbcsp,svm,4,within,2,42,0.06896551724137934,0.5344827586206896,230,58,22,
BCI-IV-2a,fbcsp,decision_tree,4,within,2,42,-0.10344827586206895,0.4482758620689655,230,58,22,
BCI-IV-2a,fbcsp,random_forest,4,within,2,42,-0.034482758620689724,0.4827586206896552,230,58,22,
BCI-IV-2a,fbcsp,lda,4,within,3,42,0.5445605408727721,0.7719298245614035,231,57,22,
BCI-IV-2a,fbcsp,svm,4,within,3,42,0.4404907975460123,0.7192982456140351,231,57,22,
BCI-IV-2a,fbcsp,decision_tree,4,within,3,42,0.15867158671586723,0.5789473684210527,231,57,22,
BCI-IV-2a,fbcsp,random_forest,4,within,3,42,0.26519337016574596,0.631578947368421,231,57,22,
BCI-IV-2a,fbcsp,lda,4,within,4,42,0.3674475955610357,0.6842105263157895,231,57,22,
BCI-IV-2a,fbcsp,svm,4,within,4,42,0.2615669339913633,0.631578947368421,231,57,22,
BCI-IV-2a,fbcsp,decision_tree,4,within,4,42,-0.12731767614338696,0.43859649122807015,231,57,22,
BCI-IV-2a,fbcsp,random_forest,4,within,4,42,0.2954264524103831,0.6491228070175439,231,57,22,
BCI-IV-2a,fbcsp,lda,4,official,0,42,0.16666666666666663,0.5833333333333334,144,144,22,
BCI-IV-2a,fbcsp,svm,4,official,0,42,0.125,0.5625,144,144,22,
BCI-IV-2a,fbcsp,decision_tree,4,official,0,42,-0.08333333333333326,0.4583333333333333,144,144,22,
BCI-IV-2a,fbcsp,random_forest,4,official,0,42,0.1527777777777778,0.5763888888888888,144,144,22,
BCI-IV-2a,fbcsp,lda,5,within,0,42,0.6551724137931034,0.8275862068965517,230,58,22,
BCI-IV-2a,fbcsp,svm,5,within,0,42,0.6896551724137931,0.8448275862068966,230,58,22,
BCI-IV-2a,fbcsp,decision_tree,5,within,0,42,0.5517241379310345,0.7758620689655172,230,58,22,
BCI-IV-2a,fbcsp,random_forest,5,within,0,42,0.7586206896551724,0.8793103448275862,230,58,22,
BCI-IV-2a,fbcsp,lda,5,within,1,42,0.7586206896551724,0.8793103448275862,230,58,22,
BCI-IV-2a,fbcsp,svm,5,within,1,42,0.6896551724137931,0.8448275862068966,230,58,22,
BCI-IV-2a,fbcsp,decision_tree,5,within,1,42,0.4137931034482759,0.7068965517241379,230,58,22,
BCI-IV-2a,fbcsp,random_forest,5,within,1,42,0.7241379310344828,0.8620689655172413,230,58,22,
BCI-IV-2a,fbcsp,lda,5,within,2,42,0.5862068965517242,0.7931034482758621,230,58,22,
BCI-IV-2a,fbcsp,svm,5,within,2,42,0.5172413793103448,0.7586206896551724,230,58,22,
BCI-IV-2a,fbcsp,decision_tree,5,within,2,42,0.3793103448275862,0.6896551724137931,230,58,22,
BCI-IV-2a,fbcsp,random_forest,5,within,2,42,0.7586206896551724,0.8793103448275862,230,58,22,
BCI-IV-2a,fbcsp,lda,5,within,3,42,0.47254780999383095,0.7368421052631579,231,57,22,
BCI-IV-2a,fbcsp,svm,5,within,3,42,0.47254780999383095,0.7368421052631579,231,57,22,
BCI-IV-2a,fbcsp,decision_tree,5,within,3,42,0.36822660098522164,0.6842105263157895,231,57,22,
BCI-IV-2a,fbcsp,random_forest,5,within,3,42,0.718865598027127,0.8596491228070176,231,57,22,
BCI-IV-2a,fbcsp,lda,5,within,4,42,0.6481481481481481,0.8245614035087719,231,57,22,
BCI-IV-2a,fbcsp,svm,5,within,4,42,0.5772558714462299,0.7894736842105263,231,57,22,
BCI-IV-2a,fbcsp,decision_tree,5,within,4,42,0.5092250922509225,0.7543859649122807,231,57,22,
BCI-IV-2a,fbcsp,random_forest,5,within,4,42,0.9297163995067818,0.9649122807017544,231,57,22,
BCI-IV-2a,fbcsp,lda,5,official,0,42,0.625,0.8125,144,144,22,
BCI-IV-2a,fbcsp,svm,5,official,0,42,0.5138888888888888,0.7569444444444444,144,144,22,
BCI-IV-2a,fbcsp,decision_tree,5,official,0,42,0.33333333333333337,0.6666666666666666,144,144,22,
BCI-IV-2a,fbcsp,random_forest,5,official,0,42,0.6944444444444444,0.8472222222222222,144,144,22,
BCI-IV-2a,fbcsp,lda,6,within,0,42,0.1724137931034483,0.5862068965517241,230,58,22,
BCI-IV-2a,fbcsp,svm,6,within,0,42,0.3448275862068966,0.6724137931034483,230,58,22,
BCI-IV-2a,fbcsp,decision_tree,6,within,0,42,-0.034482758620689724,0.4827586206896552,230,58,22,
BCI-IV-2a,fbcsp,random_forest,6,within,0,42,0.31034482758620685,0.6551724137931034,230,58,22,
BCI-IV-2a,fbcsp,lda,6,within,1,42,0.10344827586206895,0.5517241379310345,230,58,22,
BCI-IV-2a,fbcsp,svm,6,within,1,42,0.13793103448275867,0.5689655172413793,230,58,22,
BCI-IV-2a,fbcsp,decision_tree,6,within,1,42,-0.17241379310344818,0.41379310344827586,230,58,22,
BCI-IV-2a,fbcsp,random_forest,6,within,1,42,0.24137931034482762,0.6206896551724138,230,58,22,
BCI-IV-2a,fbcsp,lda,6,within,2,42,0.2068965517241379,0.603448275862069,230,58,22,
BCI-IV-2a,fbcsp,svm,6,within,2,42,0.2068965517241379,0.603448275862069,230,58,22,
BCI-IV-2a,fbcsp,decision_tree,6,within,2,42,0.0,0.5,230,58,22,
BCI-IV-2a,fbcsp,random_forest,6,within,2,42,0.27586206896551724,0.6379310344827587,230,58,22,
BCI-IV-2a,fbcsp,lda,6,within,3,42,0.3310685608400247,0.6666666666666666,231,57,22,
BCI-IV-2a,fbcsp,svm,6,within,3,42,0.4007421150278294,0.7017543859649122,231,57,22,
BCI-IV-2a,fbcsp,decision_tree,6,within,3,42,0.08856088560885611,0.543859649122807,231,57,22,
BCI-IV-2a,fbcsp,random_forest,6,within,3,42,0.3302411873840446,0.6666666666666666,231,57,22,
BCI-IV-2a,fbcsp,lda,6,within,4,42,0.048237476808905444,0.5263157894736842,231,57,22,
BCI-IV-2a,fbcsp,svm,6,within,4,42,-0.019740900678593576,0.49122807017543857,231,57,22,
BCI-IV-2a,fbcsp,decision_tree,6,within,4,42,0.01602959309494445,0.5087719298245614,231,57,22,
BCI-IV-2a,fbcsp,random_forest,6,within,4,42,0.08405438813349808,0.543859649122807,231,57,22,
BCI-IV-2a,fbcsp,lda,6,official,0,42,0.3472222222222222,0.6736111111111112,144,144,22,
BCI-IV-2a,fbcsp,svm,6,official,0,42,0.29166666666666663,0.6458333333333334,144,144,22,
BCI-IV-2a,fbcsp,decision_tree,6,official,0,42,0.09722222222222221,0.5486111111111112,144,144,22,
BCI-IV-2a,fbcsp,random_forest,6,official,0,42,0.3472222222222222,0.6736111111111112,144,144,22,
BCI-IV-2a,fbcsp,lda,7,within,0,42,0.8275862068965517,0.9137931034482759,230,58,22,
BCI-IV-2a,fbcsp,svm,7,within,0,42,0.7931034482758621,0.896551724137931,230,58,22,
BCI-IV-2a,fbcsp,decision_tree,7,within,0,42,0.6896551724137931,0.8448275862068966,230,58,22,
BCI-IV-2a,fbcsp,random_forest,7,within,0,42,0.9310344827586207,0.9655172413793104,230,58,22,
BCI-IV-2a,fbcsp,lda,7,within,1,42,0.7931034482758621,0.896551724137931,230,58,22,
BCI-IV-2a,fbcsp,svm,7,within,1,42,0.7931034482758621,0.896551724137931,230,58,22,
BCI-IV-2a,fbcsp,decision_tree,7,within,1,42,0.5172413793103448,0.7586206896551724,230,58,22,
BCI-IV-2a,fbcsp,random_forest,7,within,1,42,0.7586206896551724,0.8793103448275862,230,58,22,
BCI-IV-2a,fbcsp,lda,7,within,2,42,0.7931034482758621,0.896551724137931,230,58,22,
BCI-IV-2a,fbcsp,svm,7,within,2,42,0.7931034482758621,0.896551724137931,230,58,22,
BCI-IV-2a,fbcsp,decision_tree,7,within,2,42,0.5862068965517242,0.7931034482758621,230,58,22,
BCI-IV-2a,fbcsp,random_forest,7,within,2,42,0.9310344827586207,0.9655172413793104,230,58,22,
BCI-IV-2a,fbcsp,lda,7,within,3,42,0.7547633681622619,0.8771929824561403,231,57,22,
BCI-IV-2a,fbcsp,svm,7,within,3,42,0.7896678966789668,0.8947368421052632,231,57,22,
BCI-IV-2a,fbcsp,decision_tree,7,within,3,42,0.7205882352941176,0.8596491228070176,231,57,22,
BCI-IV-2a,fbcsp,random_forest,7,within,3,42,0.8597785977859779,0.9298245614035088,231,57,22,
BCI-IV-2a,fbcsp,lda,7,within,4,42,0.6490147783251232,0.8245614035087719,231,57,22,
BCI-IV-2a,fbcsp,svm,7,within,4,42,0.6132017273288093,0.8070175438596491,231,57,22,
BCI-IV-2a,fbcsp,decision_tree,7,within,4,42,0.33271719038817005,0.6666666666666666,231,57,22,
BCI-IV-2a,fbcsp,random_forest,7,within,4,42,0.8596059113300493,0.9298245614035088,231,57,22,
BCI-IV-2a,fbcsp,lda,7,official,0,42,0.5,0.75,144,144,22,
BCI-IV-2a,fbcsp,svm,7,official,0,42,0.5555555555555556,0.7777777777777778,144,144,22,
BCI-IV-2a,fbcsp,decision_tree,7,official,0,42,0.4444444444444444,0.7222222222222222,144,144,22,
BCI-IV-2a,fbcsp,random_forest,7,official,0,42,0.48611111111111116,0.7430555555555556,144,144,22,
BCI-IV-2a,fbcsp,lda,8,within,0,42,0.8620689655172413,0.9310344827586207,230,58,22,
BCI-IV-2a,fbcsp,svm,8,within,0,42,0.7931034482758621,0.896551724137931,230,58,22,
BCI-IV-2a,fbcsp,decision_tree,8,within,0,42,0.896551724137931,0.9482758620689655,230,58,22,
BCI-IV-2a,fbcsp,random_forest,8,within,0,42,0.896551724137931,0.9482758620689655,230,58,22,
BCI-IV-2a,fbcsp,lda,8,within,1,42,0.7931034482758621,0.896551724137931,230,58,22,
BCI-IV-2a,fbcsp,svm,8,within,1,42,0.7931034482758621,0.896551724137931,230,58,22,
BCI-IV-2a,fbcsp,decision_tree,8,within,1,42,0.6551724137931034,0.8275862068965517,230,58,22,
BCI-IV-2a,fbcsp,random_forest,8,within,1,42,0.7586206896551724,0.8793103448275862,230,58,22,
BCI-IV-2a,fbcsp,lda,8,within,2,42,0.7931034482758621,0.896551724137931,230,58,22,
BCI-IV-2a,fbcsp,svm,8,within,2,42,0.7586206896551724,0.8793103448275862,230,58,22,
BCI-IV-2a,fbcsp,decision_tree,8,within,2,42,0.6551724137931034,0.8275862068965517,230,58,22,
BCI-IV-2a,fbcsp,random_forest,8,within,2,42,0.7586206896551724,0.8793103448275862,230,58,22,
BCI-IV-2a,fbcsp,lda,8,within,3,42,0.8945095619987662,0.9473684210526315,231,57,22,
BCI-IV-2a,fbcsp,svm,8,within,3,42,0.824182603331277,0.9122807017543859,231,57,22,
BCI-IV-2a,fbcsp,decision_tree,8,within,3,42,0.6122448979591837,0.8070175438596491,231,57,22,
BCI-IV-2a,fbcsp,random_forest,8,within,3,42,0.8946395563770795,0.9473684210526315,231,57,22,
BCI-IV-2a,fbcsp,lda,8,within,4,42,0.7544615384615385,0.8771929824561403,231,57,22,
BCI-IV-2a,fbcsp,svm,8,within,4,42,0.7894088669950738,0.8947368421052632,231,57,22,
BCI-IV-2a,fbcsp,decision_tree,8,within,4,42,0.6846957590657652,0.8421052631578947,231,57,22,
BCI-IV-2a,fbcsp,random_forest,8,within,4,42,0.8246153846153846,0.9122807017543859,231,57,22,
BCI-IV-2a,fbcsp,lda,8,official,0,42,0.6666666666666667,0.8333333333333334,144,144,22,
BCI-IV-2a,fbcsp,svm,8,official,0,42,0.5972222222222222,0.7986111111111112,144,144,22,
BCI-IV-2a,fbcsp,decision_tree,8,official,0,42,0.5833333333333333,0.7916666666666666,144,144,22,
BCI-IV-2a,fbcsp,random_forest,8,official,0,42,0.7361111111111112,0.8680555555555556,144,144,22,
BCI-IV-2a,fbcsp,lda,9,within,0,42,0.5517241379310345,0.7758620689655172,230,58,22,
BCI-IV-2a,fbcsp,svm,9,within,0,42,0.5517241379310345,0.7758620689655172,230,58,22,
BCI-IV-2a,fbcsp,decision_tree,9,within,0,42,0.48275862068965514,0.7413793103448276,230,58,22,
BCI-IV-2a,fbcsp,random_forest,9,within,0,42,0.5862068965517242,0.7931034482758621,230,58,22,
BCI-IV-2a,fbcsp,lda,9,within,1,42,0.5517241379310345,0.7758620689655172,230,58,22,
BCI-IV-2a,fbcsp,svm,9,within,1,42,0.4137931034482759,0.7068965517241379,230,58,22,
BCI-IV-2a,fbcsp,decision_tree,9,within,1,42,0.4482758620689655,0.7241379310344828,230,58,22,
BCI-IV-2a,fbcsp,random_forest,9,within,1,42,0.48275862068965514,0.7413793103448276,230,58,22,
BCI-IV-2a,fbcsp,lda,9,within,2,42,0.6551724137931034,0.8275862068965517,230,58,22,
BCI-IV-2a,fbcsp,svm,9,within,2,42,0.7241379310344828,0.8620689655172413,230,58,22,
BCI-IV-2a,fbcsp,decision_tree,9,within,2,42,0.6206896551724138,0.8103448275862069,230,58,22,
BCI-IV-2a,fbcsp,random_forest,9,within,2,42,0.8275862068965517,0.9137931034482759,230,58,22,
BCI-IV-2a,fbcsp,lda,9,within,3,42,0.5423100679431747,0.7719298245614035,231,57,22,
BCI-IV-2a,fbcsp,svm,9,within,3,42,0.7544615384615385,0.8771929824561403,231,57,22,
BCI-IV-2a,fbcsp,decision_tree,9,within,3,42,0.47513812154696133,0.7368421052631579,231,57,22,
BCI-IV-2a,fbcsp,random_forest,9,within,3,42,0.6827458256029685,0.8421052631578947,231,57,22,
BCI-IV-2a,fbcsp,lda,9,within,4,42,0.6146281499692686,0.8070175438596491,231,57,22,
BCI-IV-2a,fbcsp,svm,9,within,4,42,0.6490147783251232,0.8245614035087719,231,57,22,
BCI-IV-2a,fbcsp,decision_tree,9,within,4,42,0.5092250922509225,0.7543859649122807,231,57,22,
BCI-IV-2a,fbcsp,random_forest,9,within,4,42,0.7195571955719557,0.8596491228070176,231,57,22,
BCI-IV-2a,fbcsp,lda,9,official,0,42,0.5833333333333333,0.7916666666666666,144,144,22,
BCI-IV-2a,fbcsp,svm,9,official,0,42,0.6805555555555556,0.8402777777777778,144,144,22,
BCI-IV-2a,fbcsp,decision_tree,9,official,0,42,0.6388888888888888,0.8194444444444444,144,144,22,
BCI-IV-2a,fbcsp,random_forest,9,official,0,42,0.7083333333333333,0.8541666666666666,144,144,22,
BCI-IV-2b,fbcsp,lda,1,within,0,42,0.29166666666666663,0.6458333333333334,192,48,3,
BCI-IV-2b,fbcsp,svm,1,within,0,42,0.25,0.625,192,48,3,
BCI-IV-2b,fbcsp,decision_tree,1,within,0,42,-0.5416666666666667,0.22916666666666666,192,48,3,
BCI-IV-2b,fbcsp,random_forest,1,within,0,42,0.04166666666666663,0.5208333333333334,192,48,3,
BCI-IV-2b,fbcsp,lda,1,within,1,42,0.41666666666666663,0.7083333333333334,192,48,3,
BCI-IV-2b,fbcsp,svm,1,within,1,42,0.41666666666666663,0.7083333333333334,192,48,3,
BCI-IV-2b,fbcsp,decision_tree,1,within,1,42,0.29166666666666663,0.6458333333333334,192,48,3,
BCI-IV-2b,fbcsp,random_forest,1,within,1,42,0.375,0.6875,192,48,3,
BCI-IV-2b,fbcsp,lda,1,within,2,42,0.33333333333333337,0.6666666666666666,192,48,3,
BCI-IV-2b,fbcsp,svm,1,within,2,42,0.29166666666666663,0.6458333333333334,192,48,3,
BCI-IV-2b,fbcsp,decision_tree,1,within,2,42,0.16666666666666663,0.5833333333333334,192,48,3,
BCI-IV-2b,fbcsp,random_forest,1,within,2,42,0.25,0.625,192,48,3,
BCI-IV-2b,fbcsp,lda,1,within,3,42,0.33333333333333337,0.6666666666666666,192,48,3,
BCI-IV-2b,fbcsp,svm,1,within,3,42,0.29166666666666663,0.6458333333333334,192,48,3,
BCI-IV-2b,fbcsp,decision_tree,1,within,3,42,-0.04166666666666674,0.4791666666666667,192,48,3,
BCI-IV-2b,fbcsp,random_forest,1,within,3,42,0.33333333333333337,0.6666666666666666,192,48,3,
BCI-IV-2b,fbcsp,lda,1,within,4,42,0.29166666666666663,0.6458333333333334,192,48,3,
BCI-IV-2b,fbcsp,svm,1,within,4,42,0.25,0.625,192,48,3,
BCI-IV-2b,fbcsp,decision_tree,1,within,4,42,0.08333333333333337,0.5416666666666666,192,48,3,
BCI-IV-2b,fbcsp,random_forest,1,within,4,42,0.16666666666666663,0.5833333333333334,192,48,3,
BCI-IV-2b,fbcsp,lda,1,official,0,42,0.08333333333333337,0.5416666666666666,120,120,3,
BCI-IV-2b,fbcsp,svm,1,official,0,42,0.033333333333333326,0.5166666666666667,120,120,3,
BCI-IV-2b,fbcsp,decision_tree,1,official,0,42,-0.10000000000000009,0.45,120,120,3,
BCI-IV-2b,fbcsp,random_forest,1,official,0,42,0.06666666666666665,0.5333333333333333,120,120,3,
BCI-IV-2b,fbcsp,lda,2,within,0,42,0.04166666666666663,0.5208333333333334,192,48,3,
BCI-IV-2b,fbcsp,svm,2,within,0,42,-0.04166666666666674,0.4791666666666667,192,48,3,
BCI-IV-2b,fbcsp,decision_tree,2,within,0,42,-0.20833333333333326,0.3958333333333333,192,48,3,
BCI-IV-2b,fbcsp,random_forest,2,within,0,42,-0.125,0.4375,192,48,3,
BCI-IV-2b,fbcsp,lda,2,within,1,42,0.20833333333333337,0.6041666666666666,192,48,3,
BCI-IV-2b,fbcsp,svm,2,within,1,42,0.16666666666666663,0.5833333333333334,192,48,3,
BCI-IV-2b,fbcsp,decision_tree,2,within,1,42,0.25,0.625,192,48,3,
BCI-IV-2b,fbcsp,random_forest,2,within,1,42,0.08333333333333337,0.5416666666666666,192,48,3,
BCI-IV-2b,fbcsp,lda,2,within,2,42,0.0,0.5,192,48,3,
BCI-IV-2b,fbcsp,svm,2,within,2,42,0.08333333333333337,0.5416666666666666,192,48,3,
BCI-IV-2b,fbcsp,decision_tree,2,within,2,42,-0.16666666666666674,0.4166666666666667,192,48,3,
BCI-IV-2b,fbcsp,random_forest,2,within,2,42,0.25,0.625,192,48,3,
BCI-IV-2b,fbcsp,lda,2,within,3,42,-0.04166666666666674,0.4791666666666667,192,48,3,
BCI-IV-2b,fbcsp,svm,2,within,3,42,-0.16666666666666674,0.4166666666666667,192,48,3,
BCI-IV-2b,fbcsp,decision_tree,2,within,3,42,-0.20833333333333326,0.3958333333333333,192,48,3,
BCI-IV-2b,fbcsp,random_forest,2,within,3,42,-0.25,0.375,192,48,3,
BCI-IV-2b,fbcsp,lda,2,within,4,42,0.125,0.5625,192,48,3,
BCI-IV-2b,fbcsp,svm,2,within,4,42,0.04166666666666663,0.5208333333333334,192,48,3,
BCI-IV-2b,fbcsp,decision_tree,2,within,4,42,-0.04166666666666674,0.4791666666666667,192,48,3,
BCI-IV-2b,fbcsp,random_forest,2,within,4,42,0.125,0.5625,192,48,3,
BCI-IV-2b,fbcsp,lda,2,official,0,42,0.1166666666666667,0.5583333333333333,120,120,3,
BCI-IV-2b,fbcsp,svm,2,official,0,42,0.08333333333333337,0.5416666666666666,120,120,3,
BCI-IV-2b,fbcsp,decision_tree,2,official,0,42,-0.016666666666666607,0.49166666666666664,120,120,3,
BCI-IV-2b,fbcsp,random_forest,2,official,0,42,0.06666666666666665,0.5333333333333333,120,120,3,
BCI-IV-2b,fbcsp,lda,3,within,0,42,0.04166666666666663,0.5208333333333334,192,48,3,
BCI-IV-2b,fbcsp,svm,3,within,0,42,0.16666666666666663,0.5833333333333334,192,48,3,
BCI-IV-2b,fbcsp,decision_tree,3,within,0,42,0.20833333333333337,0.6041666666666666,192,48,3,
BCI-IV-2b,fbcsp,random_forest,3,within,0,42,0.125,0.5625,192,48,3,
BCI-IV-2b,fbcsp,lda,3,within,1,42,0.08333333333333337,0.5416666666666666,192,48,3,
BCI-IV-2b,fbcsp,svm,3,within,1,42,0.20833333333333337,0.6041666666666666,192,48,3,
BCI-IV-2b,fbcsp,decision_tree,3,within,1,42,0.08333333333333337,0.5416666666666666,192,48,3,
BCI-IV-2b,fbcsp,random_forest,3,within,1,42,0.29166666666666663,0.6458333333333334,192,48,3,
BCI-IV-2b,fbcsp,lda,3,within,2,42,0.25,0.625,192,48,3,
BCI-IV-2b,fbcsp,svm,3,within,2,42,0.16666666666666663,0.5833333333333334,192,48,3,
BCI-IV-2b,fbcsp,decision_tree,3,within,2,42,0.08333333333333337,0.5416666666666666,192,48,3,
BCI-IV-2b,fbcsp,random_forest,3,within,2,42,0.125,0.5625,192,48,3,
BCI-IV-2b,fbcsp,lda,3,within,3,42,0.125,0.5625,192,48,3,
BCI-IV-2b,fbcsp,svm,3,within,3,42,0.125,0.5625,192,48,3,
BCI-IV-2b,fbcsp,decision_tree,3,within,3,42,-0.20833333333333326,0.3958333333333333,192,48,3,
BCI-IV-2b,fbcsp,random_forest,3,within,3,42,0.125,0.5625,192,48,3,
BCI-IV-2b,fbcsp,lda,3,within,4,42,0.25,0.625,192,48,3,
BCI-IV-2b,fbcsp,svm,3,within,4,42,0.29166666666666663,0.6458333333333334,192,48,3,
BCI-IV-2b,fbcsp,decision_tree,3,within,4,42,0.08333333333333337,0.5416666666666666,192,48,3,
BCI-IV-2b,fbcsp,random_forest,3,within,4,42,0.375,0.6875,192,48,3,
BCI-IV-2b,fbcsp,lda,3,official,0,42,0.25,0.625,120,120,3,
BCI-IV-2b,fbcsp,svm,3,official,0,42,0.1166666666666667,0.5583333333333333,120,120,3,
BCI-IV-2b,fbcsp,decision_tree,3,official,0,42,0.16666666666666663,0.5833333333333334,120,120,3,
BCI-IV-2b,fbcsp,random_forest,3,official,0,42,0.23333333333333328,0.6166666666666667,120,120,3,
BCI-IV-2b,fbcsp,lda,4,within,0,42,0.2692307692307693,0.6346153846153846,208,52,3,
BCI-IV-2b,fbcsp,svm,4,within,0,42,0.3076923076923077,0.6538461538461539,208,52,3,
BCI-IV-2b,fbcsp,decision_tree,4,within,0,42,0.23076923076923073,0.6153846153846154,208,52,3,
BCI-IV-2b,fbcsp,random_forest,4,within,0,42,0.1923076923076923,0.5961538461538461,208,52,3,
BCI-IV-2b,fbcsp,lda,4,within,1,42,0.6923076923076923,0.8461538461538461,208,52,3,
BCI-IV-2b,fbcsp,svm,4,within,1,42,0.5769230769230769,0.7884615384615384,208,52,3,
BCI-IV-2b,fbcsp,decision_tree,4,within,1,42,0.2692307692307693,0.6346153846153846,208,52,3,
BCI-IV-2b,fbcsp,random_forest,4,within,1,42,0.46153846153846156,0.7307692307692307,208,52,3,
BCI-IV-2b,fbcsp,lda,4,within,2,42,0.5,0.75,208,52,3,
BCI-IV-2b,fbcsp,svm,4,within,2,42,0.3846153846153846,0.6923076923076923,208,52,3,
BCI-IV-2b,fbcsp,decision_tree,4,within,2,42,0.11538461538461542,0.5576923076923077,208,52,3,
BCI-IV-2b,fbcsp,random_forest,4,within,2,42,0.42307692307692313,0.7115384615384616,208,52,3,
BCI-IV-2b,fbcsp,lda,4,within,3,42,0.7307692307692308,0.8653846153846154,208,52,3,
BCI-IV-2b,fbcsp,svm,4,within,3,42,0.6538461538461539,0.8269230769230769,208,52,3,
BCI-IV-2b,fbcsp,decision_tree,4,within,3,42,0.15384615384615385,0.5769230769230769,208,52,3,
BCI-IV-2b,fbcsp,random_forest,4,within,3,42,0.6153846153846154,0.8076923076923077,208,52,3,
BCI-IV-2b,fbcsp,lda,4,within,4,42,0.42307692307692313,0.7115384615384616,208,52,3,
BCI-IV-2b,fbcsp,svm,4,within,4,42,0.5769230769230769,0.7884615384615384,208,52,3,
BCI-IV-2b,fbcsp,decision_tree,4,within,4,42,0.2692307692307693,0.6346153846153846,208,52,3,
BCI-IV-2b,fbcsp,random_forest,4,within,4,42,0.42307692307692313,0.7115384615384616,208,52,3,
BCI-IV-2b,fbcsp,lda,4,official,0,42,0.44285714285714284,0.7214285714285714,120,140,3,
BCI-IV-2b,fbcsp,svm,4,official,0,42,0.37142857142857144,0.6857142857142857,120,140,3,
BCI-IV-2b,fbcsp,decision_tree,4,official,0,42,0.41428571428571426,0.7071428571428572,120,140,3,
BCI-IV-2b,fbcsp,random_forest,4,official,0,42,0.37142857142857144,0.6857142857142857,120,140,3,
BCI-IV-2b,fbcsp,lda,5,within,0,42,0.42307692307692313,0.7115384615384616,208,52,3,
BCI-IV-2b,fbcsp,svm,5,within,0,42,0.2692307692307693,0.6346153846153846,208,52,3,
BCI-IV-2b,fbcsp,decision_tree,5,within,0,42,0.34615384615384615,0.6730769230769231,208,52,3,
BCI-IV-2b,fbcsp,random_forest,5,within,0,42,0.5,0.75,208,52,3,
BCI-IV-2b,fbcsp,lda,5,within,1,42,0.5769230769230769,0.7884615384615384,208,52,3,
BCI-IV-2b,fbcsp,svm,5,within,1,42,0.46153846153846156,0.7307692307692307,208,52,3,
BCI-IV-2b,fbcsp,decision_tree,5,within,1,42,0.2692307692307693,0.6346153846153846,208,52,3,
BCI-IV-2b,fbcsp,random_forest,5,within,1,42,0.46153846153846156,0.7307692307692307,208,52,3,
BCI-IV-2b,fbcsp,lda,5,within,2,42,0.6923076923076923,0.8461538461538461,208,52,3,
BCI-IV-2b,fbcsp,svm,5,within,2,42,0.6923076923076923,0.8461538461538461,208,52,3,
BCI-IV-2b,fbcsp,decision_tree,5,within,2,42,0.34615384615384615,0.6730769230769231,208,52,3,
BCI-IV-2b,fbcsp,random_forest,5,within,2,42,0.5,0.75,208,52,3,
BCI-IV-2b,fbcsp,lda,5,within,3,42,0.46153846153846156,0.7307692307692307,208,52,3,
BCI-IV-2b,fbcsp,svm,5,within,3,42,0.6153846153846154,0.8076923076923077,208,52,3,
BCI-IV-2b,fbcsp,decision_tree,5,within,3,42,0.3076923076923077,0.6538461538461539,208,52,3,
BCI-IV-2b,fbcsp,random_forest,5,within,3,42,0.42307692307692313,0.7115384615384616,208,52,3,
BCI-IV-2b,fbcsp,lda,5,within,4,42,0.46153846153846156,0.7307692307692307,208,52,3,
BCI-IV-2b,fbcsp,svm,5,within,4,42,0.2692307692307693,0.6346153846153846,208,52,3,
BCI-IV-2b,fbcsp,decision_tree,5,within,4,42,0.038461538461538436,0.5192307692307693,208,52,3,
BCI-IV-2b,fbcsp,random_forest,5,within,4,42,0.46153846153846156,0.7307692307692307,208,52,3,
BCI-IV-2b,fbcsp,lda,5,official,0,42,0.34285714285714286,0.6714285714285714,120,140,3,
BCI-IV-2b,fbcsp,svm,5,official,0,42,0.34285714285714286,0.6714285714285714,120,140,3,
BCI-IV-2b,fbcsp,decision_tree,5,official,0,42,-0.05714285714285716,0.4714285714285714,120,140,3,
BCI-IV-2b,fbcsp,random_forest,5,official,0,42,0.30000000000000004,0.65,120,140,3,
BCI-IV-2b,fbcsp,lda,6,within,0,42,0.20833333333333337,0.6041666666666666,192,48,3,
BCI-IV-2b,fbcsp,svm,6,within,0,42,0.20833333333333337,0.6041666666666666,192,48,3,
BCI-IV-2b,fbcsp,decision_tree,6,within,0,42,0.33333333333333337,0.6666666666666666,192,48,3,
BCI-IV-2b,fbcsp,random_forest,6,within,0,42,0.375,0.6875,192,48,3,
BCI-IV-2b,fbcsp,lda,6,within,1,42,0.20833333333333337,0.6041666666666666,192,48,3,
BCI-IV-2b,fbcsp,svm,6,within,1,42,0.125,0.5625,192,48,3,
BCI-IV-2b,fbcsp,decision_tree,6,within,1,42,0.0,0.5,192,48,3,
BCI-IV-2b,fbcsp,random_forest,6,within,1,42,0.08333333333333337,0.5416666666666666,192,48,3,
BCI-IV-2b,fbcsp,lda,6,within,2,42,0.41666666666666663,0.7083333333333334,192,48,3,
BCI-IV-2b,fbcsp,svm,6,within,2,42,0.33333333333333337,0.6666666666666666,192,48,3,
BCI-IV-2b,fbcsp,decision_tree,6,within,2,42,0.20833333333333337,0.6041666666666666,192,48,3,
BCI-IV-2b,fbcsp,random_forest,6,within,2,42,0.29166666666666663,0.6458333333333334,192,48,3,
BCI-IV-2b,fbcsp,lda,6,within,3,42,0.5,0.75,192,48,3,
BCI-IV-2b,fbcsp,svm,6,within,3,42,0.41666666666666663,0.7083333333333334,192,48,3,
BCI-IV-2b,fbcsp,decision_tree,6,within,3,42,0.29166666666666663,0.6458333333333334,192,48,3,
BCI-IV-2b,fbcsp,random_forest,6,within,3,42,0.33333333333333337,0.6666666666666666,192,48,3,
BCI-IV-2b,fbcsp,lda,6,within,4,42,0.29166666666666663,0.6458333333333334,192,48,3,
BCI-IV-2b,fbcsp,svm,6,within,4,42,0.25,0.625,192,48,3,
BCI-IV-2b,fbcsp,decision_tree,6,within,4,42,0.25,0.625,192,48,3,
BCI-IV-2b,fbcsp,random_forest,6,within,4,42,0.45833333333333337,0.7291666666666666,192,48,3,
BCI-IV-2b,fbcsp,lda,6,official,0,42,0.3666666666666667,0.6833333333333333,120,120,3,
BCI-IV-2b,fbcsp,svm,6,official,0,42,0.3833333333333333,0.6916666666666667,120,120,3,
BCI-IV-2b,fbcsp,decision_tree,6,official,0,42,0.01666666666666672,0.5083333333333333,120,120,3,
BCI-IV-2b,fbcsp,random_forest,6,official,0,42,0.2666666666666667,0.6333333333333333,120,120,3,
BCI-IV-2b,fbcsp,lda,7,within,0,42,0.33333333333333337,0.6666666666666666,192,48,3,
BCI-IV-2b,fbcsp,svm,7,within,0,42,0.33333333333333337,0.6666666666666666,192,48,3,
BCI-IV-2b,fbcsp,decision_tree,7,within,0,42,0.125,0.5625,192,48,3,
BCI-IV-2b,fbcsp,random_forest,7,within,0,42,0.20833333333333337,0.6041666666666666,192,48,3,
BCI-IV-2b,fbcsp,lda,7,within,1,42,0.125,0.5625,192,48,3,
BCI-IV-2b,fbcsp,svm,7,within,1,42,0.04166666666666663,0.5208333333333334,192,48,3,
BCI-IV-2b,fbcsp,decision_tree,7,within,1,42,0.29166666666666663,0.6458333333333334,192,48,3,
BCI-IV-2b,fbcsp,random_forest,7,within,1,42,0.04166666666666663,0.5208333333333334,192,48,3,
BCI-IV-2b,fbcsp,lda,7,within,2,42,0.45833333333333337,0.7291666666666666,192,48,3,
BCI-IV-2b,fbcsp,svm,7,within,2,42,0.33333333333333337,0.6666666666666666,192,48,3,
BCI-IV-2b,fbcsp,decision_tree,7,within,2,42,0.125,0.5625,192,48,3,
BCI-IV-2b,fbcsp,random_forest,7,within,2,42,0.29166666666666663,0.6458333333333334,192,48,3,
BCI-IV-2b,fbcsp,lda,7,within,3,42,0.375,0.6875,192,48,3,
BCI-IV-2b,fbcsp,svm,7,within,3,42,0.33333333333333337,0.6666666666666666,192,48,3,
BCI-IV-2b,fbcsp,decision_tree,7,within,3,42,0.29166666666666663,0.6458333333333334,192,48,3,
BCI-IV-2b,fbcsp,random_forest,7,within,3,42,0.33333333333333337,0.6666666666666666,192,48,3,
BCI-IV-2b,fbcsp,lda,7,within,4,42,0.375,0.6875,192,48,3,
BCI-IV-2b,fbcsp,svm,7,within,4,42,0.41666666666666663,0.7083333333333334,192,48,3,
BCI-IV-2b,fbcsp,decision_tree,7,within,4,42,0.45833333333333337,0.7291666666666666,192,48,3,
BCI-IV-2b,fbcsp,random_forest,7,within,4,42,0.5,0.75,192,48,3,
BCI-IV-2b,fbcsp,lda,7,official,0,42,0.44999999999999996,0.725,120,120,3,
BCI-IV-2b,fbcsp,svm,7,official,0,42,0.3833333333333333,0.6916666666666667,120,120,3,
BCI-IV-2b,fbcsp,decision_tree,7,official,0,42,0.06666666666666665,0.5333333333333333,120,120,3,
BCI-IV-2b,fbcsp,random_forest,7,official,0,42,0.41666666666666663,0.7083333333333334,120,120,3,
BCI-IV-2b,fbcsp,lda,8,within,0,42,0.1785714285714286,0.5892857142857143,224,56,3,
BCI-IV-2b,fbcsp,svm,8,within,0,42,0.1071428571428571,0.5535714285714286,224,56,3,
BCI-IV-2b,fbcsp,decision_tree,8,within,0,42,0.1428571428571429,0.5714285714285714,224,56,3,
BCI-IV-2b,fbcsp,random_forest,8,within,0,42,0.0,0.5,224,56,3,
BCI-IV-2b,fbcsp,lda,8,within,1,42,0.0357142857142857,0.5178571428571429,224,56,3,
BCI-IV-2b,fbcsp,svm,8,within,1,42,0.2142857142857143,0.6071428571428571,224,56,3,
BCI-IV-2b,fbcsp,decision_tree,8,within,1,42,0.2142857142857143,0.6071428571428571,224,56,3,
BCI-IV-2b,fbcsp,random_forest,8,within,1,42,0.1071428571428571,0.5535714285714286,224,56,3,
BCI-IV-2b,fbcsp,lda,8,within,2,42,0.2857142857142857,0.6428571428571429,224,56,3,
BCI-IV-2b,fbcsp,svm,8,within,2,42,0.3571428571428571,0.6785714285714286,224,56,3,
BCI-IV-2b,fbcsp,decision_tree,8,within,2,42,0.0714285714285714,0.5357142857142857,224,56,3,
BCI-IV-2b,fbcsp,random_forest,8,within,2,42,0.25,0.625,224,56,3,
BCI-IV-2b,fbcsp,lda,8,within,3,42,0.2142857142857143,0.6071428571428571,224,56,3,
BCI-IV-2b,fbcsp,svm,8,within,3,42,0.3928571428571429,0.6964285714285714,224,56,3,
BCI-IV-2b,fbcsp,decision_tree,8,within,3,42,0.1071428571428571,0.5535714285714286,224,56,3,
BCI-IV-2b,fbcsp,random_forest,8,within,3,42,0.1428571428571429,0.5714285714285714,224,56,3,
BCI-IV-2b,fbcsp,lda,8,within,4,42,0.0357142857142857,0.5178571428571429,224,56,3,
BCI-IV-2b,fbcsp,svm,8,within,4,42,0.2142857142857143,0.6071428571428571,224,56,3,
BCI-IV-2b,fbcsp,decision_tree,8,within,4,42,0.0357142857142857,0.5178571428571429,224,56,3,
BCI-IV-2b,fbcsp,random_forest,8,within,4,42,0.1785714285714286,0.5892857142857143,224,56,3,
BCI-IV-2b,fbcsp,lda,8,official,0,42,0.15000000000000002,0.575,160,120,3,
BCI-IV-2b,fbcsp,svm,8,official,0,42,0.09999999999999998,0.55,160,120,3,
BCI-IV-2b,fbcsp,decision_tree,8,official,0,42,0.0,0.5,160,120,3,
BCI-IV-2b,fbcsp,random_forest,8,official,0,42,0.050000000000000044,0.525,160,120,3,
BCI-IV-2b,fbcsp,lda,9,within,0,42,0.125,0.5625,192,48,3,
BCI-IV-2b,fbcsp,svm,9,within,0,42,0.25,0.625,192,48,3,
BCI-IV-2b,fbcsp,decision_tree,9,within,0,42,-0.04166666666666674,0.4791666666666667,192,48,3,
BCI-IV-2b,fbcsp,random_forest,9,within,0,42,0.04166666666666663,0.5208333333333334,192,48,3,
BCI-IV-2b,fbcsp,lda,9,within,1,42,0.16666666666666663,0.5833333333333334,192,48,3,
BCI-IV-2b,fbcsp,svm,9,within,1,42,0.0,0.5,192,48,3,
BCI-IV-2b,fbcsp,decision_tree,9,within,1,42,0.04166666666666663,0.5208333333333334,192,48,3,
BCI-IV-2b,fbcsp,random_forest,9,within,1,42,0.04166666666666663,0.5208333333333334,192,48,3,
BCI-IV-2b,fbcsp,lda,9,within,2,42,0.375,0.6875,192,48,3,
BCI-IV-2b,fbcsp,svm,9,within,2,42,0.25,0.625,192,48,3,
BCI-IV-2b,fbcsp,decision_tree,9,within,2,42,0.20833333333333337,0.6041666666666666,192,48,3,
BCI-IV-2b,fbcsp,random_forest,9,within,2,42,0.125,0.5625,192,48,3,
BCI-IV-2b,fbcsp,lda,9,within,3,42,0.125,0.5625,192,48,3,
BCI-IV-2b,fbcsp,svm,9,within,3,42,0.08333333333333337,0.5416666666666666,192,48,3,
BCI-IV-2b,fbcsp,decision_tree,9,within,3,42,0.16666666666666663,0.5833333333333334,192,48,3,
BCI-IV-2b,fbcsp,random_forest,9,within,3,42,0.08333333333333337,0.5416666666666666,192,48,3,
BCI-IV-2b,fbcsp,lda,9,within,4,42,0.33333333333333337,0.6666666666666666,192,48,3,
BCI-IV-2b,fbcsp,svm,9,within,4,42,0.125,0.5625,192,48,3,
BCI-IV-2b,fbcsp,decision_tree,9,within,4,42,0.0,0.5,192,48,3,
BCI-IV-2b,fbcsp,random_forest,9,within,4,42,0.33333333333333337,0.6666666666666666,192,48,3,
BCI-IV-2b,fbcsp,lda,9,official,0,42,0.19999999999999996,0.6,120,120,3,
BCI-IV-2b,fbcsp,svm,9,official,0,42,0.1333333333333333,0.5666666666666667,120,120,3,
BCI-IV-2b,fbcsp,decision_tree,9,official,0,42,-0.016666666666666607,0.49166666666666664,120,120,3,
BCI-IV-2b,fbcsp,random_forest,9,official,0,42,0.1166666666666667,0.5583333333333333,120,120,3,
Cho2017-full,fbcsp,lda,1,within,0,42,0.55,0.775,160,40,64,
Cho2017-full,fbcsp,svm,1,within,0,42,0.6,0.8,160,40,64,
Cho2017-full,fbcsp,decision_tree,1,within,0,42,0.19999999999999996,0.6,160,40,64,
Cho2017-full,fbcsp,random_forest,1,within,0,42,0.55,0.775,160,40,64,
Cho2017-full,fbcsp,lda,1,within,1,42,0.25,0.625,160,40,64,
Cho2017-full,fbcsp,svm,1,within,1,42,0.35,0.675,160,40,64,
Cho2017-full,fbcsp,decision_tree,1,within,1,42,0.15000000000000002,0.575,160,40,64,
Cho2017-full,fbcsp,random_forest,1,within,1,42,0.25,0.625,160,40,64,
Cho2017-full,fbcsp,lda,1,within,2,42,0.5,0.75,160,40,64,
Cho2017-full,fbcsp,svm,1,within,2,42,0.35,0.675,160,40,64,
Cho2017-full,fbcsp,decision_tree,1,within,2,42,0.09999999999999998,0.55,160,40,64,
Cho2017-full,fbcsp,random_forest,1,within,2,42,0.25,0.625,160,40,64,
Cho2017-full,fbcsp,lda,1,within,3,42,0.65,0.825,160,40,64,
Cho2017-full,fbcsp,svm,1,within,3,42,0.55,0.775,160,40,64,
Cho2017-full,fbcsp,decision_tree,1,within,3,42,0.15000000000000002,0.575,160,40,64,
Cho2017-full,fbcsp,random_forest,1,within,3,42,0.35,0.675,160,40,64,
Cho2017-full,fbcsp,lda,1,within,4,42,0.44999999999999996,0.725,160,40,64,
Cho2017-full,fbcsp,svm,1,within,4,42,0.4,0.7,160,40,64,
Cho2017-full,fbcsp,decision_tree,1,within,4,42,0.09999999999999998,0.55,160,40,64,
Cho2017-full,fbcsp,random_forest,1,within,4,42,0.19999999999999996,0.6,160,40,64,
Cho2017-full,fbcsp,lda,2,within,0,42,0.09999999999999998,0.55,160,40,64,
Cho2017-full,fbcsp,svm,2,within,0,42,0.09999999999999998,0.55,160,40,64,
Cho2017-full,fbcsp,decision_tree,2,within,0,42,-0.19999999999999996,0.4,160,40,64,
Cho2017-full,fbcsp,random_forest,2,within,0,42,0.09999999999999998,0.55,160,40,64,
Cho2017-full,fbcsp,lda,2,within,1,42,0.050000000000000044,0.525,160,40,64,
Cho2017-full,fbcsp,svm,2,within,1,42,0.0,0.5,160,40,64,
Cho2017-full,fbcsp,decision_tree,2,within,1,42,-0.1499999999999999,0.425,160,40,64,
Cho2017-full,fbcsp,random_forest,2,within,1,42,0.0,0.5,160,40,64,
Cho2017-full,fbcsp,lda,2,within,2,42,-0.050000000000000044,0.475,160,40,64,
Cho2017-full,fbcsp,svm,2,within,2,42,-0.10000000000000009,0.45,160,40,64,
Cho2017-full,fbcsp,decision_tree,2,within,2,42,0.09999999999999998,0.55,160,40,64,
Cho2017-full,fbcsp,random_forest,2,within,2,42,0.0,0.5,160,40,64,
Cho2017-full,fbcsp,lda,2,within,3,42,-0.3500000000000001,0.325,160,40,64,
Cho2017-full,fbcsp,svm,2,within,3,42,-0.10000000000000009,0.45,160,40,64,
Cho2017-full,fbcsp,decision_tree,2,within,3,42,-0.10000000000000009,0.45,160,40,64,
Cho2017-full,fbcsp,random_forest,2,within,3,42,-0.30000000000000004,0.35,160,40,64,
Cho2017-full,fbcsp,lda,2,within,4,42,0.09999999999999998,0.55,160,40,64,
Cho2017-full,fbcsp,svm,2,within,4,42,0.19999999999999996,0.6,160,40,64,
Cho2017-full,fbcsp,decision_tree,2,within,4,42,0.19999999999999996,0.6,160,40,64,
Cho2017-full,fbcsp,random_forest,2,within,4,42,0.19999999999999996,0.6,160,40,64,
Cho2017-full,fbcsp,lda,3,within,0,42,0.75,0.875,160,40,64,
Cho2017-full,fbcsp,svm,3,within,0,42,0.7,0.85,160,40,64,
Cho2017-full,fbcsp,decision_tree,3,within,0,42,0.4,0.7,160,40,64,
Cho2017-full,fbcsp,random_forest,3,within,0,42,0.9,0.95,160,40,64,
Cho2017-full,fbcsp,lda,3,within,1,42,0.6,0.8,160,40,64,
Cho2017-full,fbcsp,svm,3,within,1,42,0.6,0.8,160,40,64,
Cho2017-full,fbcsp,decision_tree,3,within,1,42,-0.25,0.375,160,40,64,
Cho2017-full,fbcsp,random_forest,3,within,1,42,0.55,0.775,160,40,64,
Cho2017-full,fbcsp,lda,3,within,2,42,0.7,0.85,160,40,64,
Cho2017-full,fbcsp,svm,3,within,2,42,0.75,0.875,160,40,64,
Cho2017-full,fbcsp,decision_tree,3,within,2,42,0.15000000000000002,0.575,160,40,64,
Cho2017-full,fbcsp,random_forest,3,within,2,42,0.55,0.775,160,40,64,
Cho2017-full,fbcsp,lda,3,within,3,42,0.6,0.8,160,40,64,
Cho2017-full,fbcsp,svm,3,within,3,42,0.6,0.8,160,40,64,
Cho2017-full,fbcsp,decision_tree,3,within,3,42,0.35,0.675,160,40,64,
Cho2017-full,fbcsp,random_forest,3,within,3,42,0.7,0.85,160,40,64,
Cho2017-full,fbcsp,lda,3,within,4,42,0.55,0.775,160,40,64,
Cho2017-full,fbcsp,svm,3,within,4,42,0.75,0.875,160,40,64,
Cho2017-full,fbcsp,decision_tree,3,within,4,42,0.19999999999999996,0.6,160,40,64,
Cho2017-full,fbcsp,random_forest,3,within,4,42,0.7,0.85,160,40,64,
Cho2017-full,fbcsp,lda,4,within,0,42,0.25,0.625,160,40,64,
Cho2017-full,fbcsp,svm,4,within,0,42,0.19999999999999996,0.6,160,40,64,
Cho2017-full,fbcsp,decision_tree,4,within,0,42,-0.10000000000000009,0.45,160,40,64,
Cho2017-full,fbcsp,random_forest,4,within,0,42,-0.10000000000000009,0.45,160,40,64,
Cho2017-full,fbcsp,lda,4,within,1,42,0.55,0.775,160,40,64,
Cho2017-full,fbcsp,svm,4,within,1,42,0.35,0.675,160,40,64,
Cho2017-full,fbcsp,decision_tree,4,within,1,42,0.25,0.625,160,40,64,
Cho2017-full,fbcsp,random_forest,4,within,1,42,0.44999999999999996,0.725,160,40,64,
Cho2017-full,fbcsp,lda,4,within,2,42,0.5,0.75,160,40,64,
Cho2017-full,fbcsp,svm,4,within,2,42,0.5,0.75,160,40,64,
Cho2017-full,fbcsp,decision_tree,4,within,2,42,0.30000000000000004,0.65,160,40,64,
Cho2017-full,fbcsp,random_forest,4,within,2,42,0.5,0.75,160,40,64,
Cho2017-full,fbcsp,lda,4,within,3,42,0.44999999999999996,0.725,160,40,64,
Cho2017-full,fbcsp,svm,4,within,3,42,0.35,0.675,160,40,64,
Cho2017-full,fbcsp,decision_tree,4,within,3,42,0.050000000000000044,0.525,160,40,64,
Cho2017-full,fbcsp,random_forest,4,within,3,42,0.4,0.7,160,40,64,
Cho2017-full,fbcsp,lda,4,within,4,42,0.25,0.625,160,40,64,
Cho2017-full,fbcsp,svm,4,within,4,42,0.25,0.625,160,40,64,
Cho2017-full,fbcsp,decision_tree,4,within,4,42,0.050000000000000044,0.525,160,40,64,
Cho2017-full,fbcsp,random_forest,4,within,4,42,0.30000000000000004,0.65,160,40,64,
Cho2017-full,fbcsp,lda,5,within,0,42,0.30000000000000004,0.65,160,40,64,
Cho2017-full,fbcsp,svm,5,within,0,42,0.35,0.675,160,40,64,
Cho2017-full,fbcsp,decision_tree,5,within,0,42,0.15000000000000002,0.575,160,40,64,
Cho2017-full,fbcsp,random_forest,5,within,0,42,0.35,0.675,160,40,64,
Cho2017-full,fbcsp,lda,5,within,1,42,0.30000000000000004,0.65,160,40,64,
Cho2017-full,fbcsp,svm,5,within,1,42,0.55,0.775,160,40,64,
Cho2017-full,fbcsp,decision_tree,5,within,1,42,0.25,0.625,160,40,64,
Cho2017-full,fbcsp,random_forest,5,within,1,42,0.35,0.675,160,40,64,
Cho2017-full,fbcsp,lda,5,within,2,42,0.35,0.675,160,40,64,
Cho2017-full,fbcsp,svm,5,within,2,42,0.35,0.675,160,40,64,
Cho2017-full,fbcsp,decision_tree,5,within,2,42,0.15000000000000002,0.575,160,40,64,
Cho2017-full,fbcsp,random_forest,5,within,2,42,0.30000000000000004,0.65,160,40,64,
Cho2017-full,fbcsp,lda,5,within,3,42,0.5,0.75,160,40,64,
Cho2017-full,fbcsp,svm,5,within,3,42,0.44999999999999996,0.725,160,40,64,
Cho2017-full,fbcsp,decision_tree,5,within,3,42,0.30000000000000004,0.65,160,40,64,
Cho2017-full,fbcsp,random_forest,5,within,3,42,0.5,0.75,160,40,64,
Cho2017-full,fbcsp,lda,5,within,4,42,0.5,0.75,160,40,64,
Cho2017-full,fbcsp,svm,5,within,4,42,0.5,0.75,160,40,64,
Cho2017-full,fbcsp,decision_tree,5,within,4,42,0.15000000000000002,0.575,160,40,64,
Cho2017-full,fbcsp,random_forest,5,within,4,42,0.35,0.675,160,40,64,
Cho2017-full,fbcsp,lda,6,within,0,42,0.15000000000000002,0.575,160,40,64,
Cho2017-full,fbcsp,svm,6,within,0,42,0.19999999999999996,0.6,160,40,64,
Cho2017-full,fbcsp,decision_tree,6,within,0,42,0.30000000000000004,0.65,160,40,64,
Cho2017-full,fbcsp,random_forest,6,within,0,42,-0.050000000000000044,0.475,160,40,64,
Cho2017-full,fbcsp,lda,6,within,1,42,0.44999999999999996,0.725,160,40,64,
Cho2017-full,fbcsp,svm,6,within,1,42,0.4,0.7,160,40,64,
Cho2017-full,fbcsp,decision_tree,6,within,1,42,0.30000000000000004,0.65,160,40,64,
Cho2017-full,fbcsp,random_forest,6,within,1,42,0.30000000000000004,0.65,160,40,64,
Cho2017-full,fbcsp,lda,6,within,2,42,0.30000000000000004,0.65,160,40,64,
Cho2017-full,fbcsp,svm,6,within,2,42,0.30000000000000004,0.65,160,40,64,
Cho2017-full,fbcsp,decision_tree,6,within,2,42,0.09999999999999998,0.55,160,40,64,
Cho2017-full,fbcsp,random_forest,6,within,2,42,0.4,0.7,160,40,64,
Cho2017-full,fbcsp,lda,6,within,3,42,0.6,0.8,160,40,64,
Cho2017-full,fbcsp,svm,6,within,3,42,0.55,0.775,160,40,64,
Cho2017-full,fbcsp,decision_tree,6,within,3,42,0.0,0.5,160,40,64,
Cho2017-full,fbcsp,random_forest,6,within,3,42,0.19999999999999996,0.6,160,40,64,
Cho2017-full,fbcsp,lda,6,within,4,42,0.65,0.825,160,40,64,
Cho2017-full,fbcsp,svm,6,within,4,42,0.55,0.775,160,40,64,
Cho2017-full,fbcsp,decision_tree,6,within,4,42,0.15000000000000002,0.575,160,40,64,
Cho2017-full,fbcsp,random_forest,6,within,4,42,0.30000000000000004,0.65,160,40,64,
Cho2017-full,fbcsp,lda,7,within,0,42,0.16666666666666663,0.5833333333333334,192,48,64,
Cho2017-full,fbcsp,svm,7,within,0,42,0.0,0.5,192,48,64,
Cho2017-full,fbcsp,decision_tree,7,within,0,42,0.04166666666666663,0.5208333333333334,192,48,64,
Cho2017-full,fbcsp,random_forest,7,within,0,42,-0.125,0.4375,192,48,64,
Cho2017-full,fbcsp,lda,7,within,1,42,-0.08333333333333326,0.4583333333333333,192,48,64,
Cho2017-full,fbcsp,svm,7,within,1,42,0.0,0.5,192,48,64,
Cho2017-full,fbcsp,decision_tree,7,within,1,42,-0.125,0.4375,192,48,64,
Cho2017-full,fbcsp,random_forest,7,within,1,42,-0.04166666666666674,0.4791666666666667,192,48,64,
Cho2017-full,fbcsp,lda,7,within,2,42,-0.25,0.375,192,48,64,
Cho2017-full,fbcsp,svm,7,within,2,42,-0.125,0.4375,192,48,64,
Cho2017-full,fbcsp,decision_tree,7,within,2,42,-0.04166666666666674,0.4791666666666667,192,48,64,
Cho2017-full,fbcsp,random_forest,7,within,2,42,-0.08333333333333326,0.4583333333333333,192,48,64,
Cho2017-full,fbcsp,lda,7,within,3,42,0.20833333333333337,0.6041666666666666,192,48,64,
Cho2017-full,fbcsp,svm,7,within,3,42,0.20833333333333337,0.6041666666666666,192,48,64,
Cho2017-full,fbcsp,decision_tree,7,within,3,42,0.0,0.5,192,48,64,
Cho2017-full,fbcsp,random_forest,7,within,3,42,0.08333333333333337,0.5416666666666666,192,48,64,
Cho2017-full,fbcsp,lda,7,within,4,42,-0.08333333333333326,0.4583333333333333,192,48,64,
Cho2017-full,fbcsp,svm,7,within,4,42,-0.08333333333333326,0.4583333333333333,192,48,64,
Cho2017-full,fbcsp,decision_tree,7,within,4,42,0.04166666666666663,0.5208333333333334,192,48,64,
Cho2017-full,fbcsp,random_forest,7,within,4,42,-0.08333333333333326,0.4583333333333333,192,48,64,
Cho2017-full,fbcsp,lda,8,within,0,42,0.30000000000000004,0.65,160,40,64,
Cho2017-full,fbcsp,svm,8,within,0,42,0.09999999999999998,0.55,160,40,64,
Cho2017-full,fbcsp,decision_tree,8,within,0,42,0.15000000000000002,0.575,160,40,64,
Cho2017-full,fbcsp,random_forest,8,within,0,42,0.050000000000000044,0.525,160,40,64,
Cho2017-full,fbcsp,lda,8,within,1,42,-0.10000000000000009,0.45,160,40,64,
Cho2017-full,fbcsp,svm,8,within,1,42,-0.25,0.375,160,40,64,
Cho2017-full,fbcsp,decision_tree,8,within,1,42,0.0,0.5,160,40,64,
Cho2017-full,fbcsp,random_forest,8,within,1,42,0.0,0.5,160,40,64,
Cho2017-full,fbcsp,lda,8,within,2,42,0.09999999999999998,0.55,160,40,64,
Cho2017-full,fbcsp,svm,8,within,2,42,-0.050000000000000044,0.475,160,40,64,
Cho2017-full,fbcsp,decision_tree,8,within,2,42,0.0,0.5,160,40,64,
Cho2017-full,fbcsp,random_forest,8,within,2,42,0.050000000000000044,0.525,160,40,64,
Cho2017-full,fbcsp,lda,8,within,3,42,0.050000000000000044,0.525,160,40,64,
Cho2017-full,fbcsp,svm,8,within,3,42,0.0,0.5,160,40,64,
Cho2017-full,fbcsp,decision_tree,8,within,3,42,0.0,0.5,160,40,64,
Cho2017-full,fbcsp,random_forest,8,within,3,42,0.19999999999999996,0.6,160,40,64,
Cho2017-full,fbcsp,lda,8,within,4,42,0.15000000000000002,0.575,160,40,64,
Cho2017-full,fbcsp,svm,8,within,4,42,0.050000000000000044,0.525,160,40,64,
Cho2017-full,fbcsp,decision_tree,8,within,4,42,0.25,0.625,160,40,64,
Cho2017-full,fbcsp,random_forest,8,within,4,42,0.15000000000000002,0.575,160,40,64,
Cho2017-full,fbcsp,lda,9,within,0,42,0.04166666666666663,0.5208333333333334,192,48,64,
Cho2017-full,fbcsp,svm,9,within,0,42,-0.08333333333333326,0.4583333333333333,192,48,64,
Cho2017-full,fbcsp,decision_tree,9,within,0,42,0.08333333333333337,0.5416666666666666,192,48,64,
Cho2017-full,fbcsp,random_forest,9,within,0,42,0.04166666666666663,0.5208333333333334,192,48,64,
Cho2017-full,fbcsp,lda,9,within,1,42,0.08333333333333337,0.5416666666666666,192,48,64,
Cho2017-full,fbcsp,svm,9,within,1,42,-0.125,0.4375,192,48,64,
Cho2017-full,fbcsp,decision_tree,9,within,1,42,-0.16666666666666674,0.4166666666666667,192,48,64,
Cho2017-full,fbcsp,random_forest,9,within,1,42,-0.125,0.4375,192,48,64,
Cho2017-full,fbcsp,lda,9,within,2,42,0.08333333333333337,0.5416666666666666,192,48,64,
Cho2017-full,fbcsp,svm,9,within,2,42,0.08333333333333337,0.5416666666666666,192,48,64,
Cho2017-full,fbcsp,decision_tree,9,within,2,42,-0.16666666666666674,0.4166666666666667,192,48,64,
Cho2017-full,fbcsp,random_forest,9,within,2,42,0.125,0.5625,192,48,64,
Cho2017-full,fbcsp,lda,9,within,3,42,0.0,0.5,192,48,64,
Cho2017-full,fbcsp,svm,9,within,3,42,-0.08333333333333326,0.4583333333333333,192,48,64,
Cho2017-full,fbcsp,decision_tree,9,within,3,42,-0.08333333333333326,0.4583333333333333,192,48,64,
Cho2017-full,fbcsp,random_forest,9,within,3,42,-0.20833333333333326,0.3958333333333333,192,48,64,
Cho2017-full,fbcsp,lda,9,within,4,42,0.08333333333333337,0.5416666666666666,192,48,64,
Cho2017-full,fbcsp,svm,9,within,4,42,0.0,0.5,192,48,64,
Cho2017-full,fbcsp,decision_tree,9,within,4,42,0.04166666666666663,0.5208333333333334,192,48,64,
Cho2017-full,fbcsp,random_forest,9,within,4,42,-0.04166666666666674,0.4791666666666667,192,48,64,
Cho2017-full,fbcsp,lda,10,within,0,42,-0.050000000000000044,0.475,160,40,64,
Cho2017-full,fbcsp,svm,10,within,0,42,0.0,0.5,160,40,64,
Cho2017-full,fbcsp,decision_tree,10,within,0,42,0.0,0.5,160,40,64,
Cho2017-full,fbcsp,random_forest,10,within,0,42,0.09999999999999998,0.55,160,40,64,
Cho2017-full,fbcsp,lda,10,within,1,42,0.19999999999999996,0.6,160,40,64,
Cho2017-full,fbcsp,svm,10,within,1,42,0.15000000000000002,0.575,160,40,64,
Cho2017-full,fbcsp,decision_tree,10,within,1,42,0.09999999999999998,0.55,160,40,64,
Cho2017-full,fbcsp,random_forest,10,within,1,42,0.15000000000000002,0.575,160,40,64,
Cho2017-full,fbcsp,lda,10,within,2,42,0.09999999999999998,0.55,160,40,64,
Cho2017-full,fbcsp,svm,10,within,2,42,0.19999999999999996,0.6,160,40,64,
Cho2017-full,fbcsp,decision_tree,10,within,2,42,0.09999999999999998,0.55,160,40,64,
Cho2017-full,fbcsp,random_forest,10,within,2,42,0.050000000000000044,0.525,160,40,64,
Cho2017-full,fbcsp,lda,10,within,3,42,0.19999999999999996,0.6,160,40,64,
Cho2017-full,fbcsp,svm,10,within,3,42,0.050000000000000044,0.525,160,40,64,
Cho2017-full,fbcsp,decision_tree,10,within,3,42,-0.050000000000000044,0.475,160,40,64,
Cho2017-full,fbcsp,random_forest,10,within,3,42,0.15000000000000002,0.575,160,40,64,
Cho2017-full,fbcsp,lda,10,within,4,42,-0.050000000000000044,0.475,160,40,64,
Cho2017-full,fbcsp,svm,10,within,4,42,0.09999999999999998,0.55,160,40,64,
Cho2017-full,fbcsp,decision_tree,10,within,4,42,-0.10000000000000009,0.45,160,40,64,
Cho2017-full,fbcsp,random_forest,10,within,4,42,0.050000000000000044,0.525,160,40,64,
Cho2017-full,fbcsp,lda,11,within,0,42,0.15000000000000002,0.575,160,40,64,
Cho2017-full,fbcsp,svm,11,within,0,42,0.09999999999999998,0.55,160,40,64,
Cho2017-full,fbcsp,decision_tree,11,within,0,42,0.19999999999999996,0.6,160,40,64,
Cho2017-full,fbcsp,random_forest,11,within,0,42,0.050000000000000044,0.525,160,40,64,
Cho2017-full,fbcsp,lda,11,within,1,42,0.19999999999999996,0.6,160,40,64,
Cho2017-full,fbcsp,svm,11,within,1,42,0.25,0.625,160,40,64,
Cho2017-full,fbcsp,decision_tree,11,within,1,42,0.050000000000000044,0.525,160,40,64,
Cho2017-full,fbcsp,random_forest,11,within,1,42,0.19999999999999996,0.6,160,40,64,
Cho2017-full,fbcsp,lda,11,within,2,42,0.050000000000000044,0.525,160,40,64,
Cho2017-full,fbcsp,svm,11,within,2,42,0.050000000000000044,0.525,160,40,64,
Cho2017-full,fbcsp,decision_tree,11,within,2,42,0.09999999999999998,0.55,160,40,64,
Cho2017-full,fbcsp,random_forest,11,within,2,42,-0.10000000000000009,0.45,160,40,64,
Cho2017-full,fbcsp,lda,11,within,3,42,0.050000000000000044,0.525,160,40,64,
Cho2017-full,fbcsp,svm,11,within,3,42,-0.10000000000000009,0.45,160,40,64,
Cho2017-full,fbcsp,decision_tree,11,within,3,42,-0.44999999999999996,0.275,160,40,64,
Cho2017-full,fbcsp,random_forest,11,within,3,42,0.0,0.5,160,40,64,
Cho2017-full,fbcsp,lda,11,within,4,42,0.050000000000000044,0.525,160,40,64,
Cho2017-full,fbcsp,svm,11,within,4,42,0.050000000000000044,0.525,160,40,64,
Cho2017-full,fbcsp,decision_tree,11,within,4,42,0.09999999999999998,0.55,160,40,64,
Cho2017-full,fbcsp,random_forest,11,within,4,42,-0.050000000000000044,0.475,160,40,64,
Cho2017-full,fbcsp,lda,12,within,0,42,0.050000000000000044,0.525,160,40,64,
Cho2017-full,fbcsp,svm,12,within,0,42,0.25,0.625,160,40,64,
Cho2017-full,fbcsp,decision_tree,12,within,0,42,0.050000000000000044,0.525,160,40,64,
Cho2017-full,fbcsp,random_forest,12,within,0,42,0.050000000000000044,0.525,160,40,64,
Cho2017-full,fbcsp,lda,12,within,1,42,0.30000000000000004,0.65,160,40,64,
Cho2017-full,fbcsp,svm,12,within,1,42,0.30000000000000004,0.65,160,40,64,
Cho2017-full,fbcsp,decision_tree,12,within,1,42,-0.10000000000000009,0.45,160,40,64,
Cho2017-full,fbcsp,random_forest,12,within,1,42,0.09999999999999998,0.55,160,40,64,
Cho2017-full,fbcsp,lda,12,within,2,42,0.44999999999999996,0.725,160,40,64,
Cho2017-full,fbcsp,svm,12,within,2,42,0.5,0.75,160,40,64,
Cho2017-full,fbcsp,decision_tree,12,within,2,42,0.25,0.625,160,40,64,
Cho2017-full,fbcsp,random_forest,12,within,2,42,0.44999999999999996,0.725,160,40,64,
Cho2017-full,fbcsp,lda,12,within,3,42,0.050000000000000044,0.525,160,40,64,
Cho2017-full,fbcsp,svm,12,within,3,42,0.0,0.5,160,40,64,
Cho2017-full,fbcsp,decision_tree,12,within,3,42,-0.1499999999999999,0.425,160,40,64,
Cho2017-full,fbcsp,random_forest,12,within,3,42,0.050000000000000044,0.525,160,40,64,
Cho2017-full,fbcsp,lda,12,within,4,42,0.0,0.5,160,40,64,
Cho2017-full,fbcsp,svm,12,within,4,42,-0.1499999999999999,0.425,160,40,64,
Cho2017-full,fbcsp,decision_tree,12,within,4,42,0.30000000000000004,0.65,160,40,64,
Cho2017-full,fbcsp,random_forest,12,within,4,42,0.050000000000000044,0.525,160,40,64,
Cho2017-full,fbcsp,lda,13,within,0,42,0.4,0.7,160,40,64,
Cho2017-full,fbcsp,svm,13,within,0,42,0.25,0.625,160,40,64,
Cho2017-full,fbcsp,decision_tree,13,within,0,42,0.0,0.5,160,40,64,
Cho2017-full,fbcsp,random_forest,13,within,0,42,0.15000000000000002,0.575,160,40,64,
Cho2017-full,fbcsp,lda,13,within,1,42,0.30000000000000004,0.65,160,40,64,
Cho2017-full,fbcsp,svm,13,within,1,42,0.30000000000000004,0.65,160,40,64,
Cho2017-full,fbcsp,decision_tree,13,within,1,42,0.09999999999999998,0.55,160,40,64,
Cho2017-full,fbcsp,random_forest,13,within,1,42,0.25,0.625,160,40,64,
Cho2017-full,fbcsp,lda,13,within,2,42,0.09999999999999998,0.55,160,40,64,
Cho2017-full,fbcsp,svm,13,within,2,42,0.15000000000000002,0.575,160,40,64,
Cho2017-full,fbcsp,decision_tree,13,within,2,42,0.0,0.5,160,40,64,
Cho2017-full,fbcsp,random_forest,13,within,2,42,-0.25,0.375,160,40,64,
Cho2017-full,fbcsp,lda,13,within,3,42,0.30000000000000004,0.65,160,40,64,
Cho2017-full,fbcsp,svm,13,within,3,42,0.25,0.625,160,40,64,
Cho2017-full,fbcsp,decision_tree,13,within,3,42,0.0,0.5,160,40,64,
Cho2017-full,fbcsp,random_forest,13,within,3,42,0.15000000000000002,0.575,160,40,64,
Cho2017-full,fbcsp,lda,13,within,4,42,0.19999999999999996,0.6,160,40,64,
Cho2017-full,fbcsp,svm,13,within,4,42,0.19999999999999996,0.6,160,40,64,
Cho2017-full,fbcsp,decision_tree,13,within,4,42,0.09999999999999998,0.55,160,40,64,
Cho2017-full,fbcsp,random_forest,13,within,4,42,0.19999999999999996,0.6,160,40,64,
Cho2017-full,fbcsp,lda,14,within,0,42,0.6,0.8,160,40,64,
Cho2017-full,fbcsp,svm,14,within,0,42,0.44999999999999996,0.725,160,40,64,
Cho2017-full,fbcsp,decision_tree,14,within,0,42,0.55,0.775,160,40,64,
Cho2017-full,fbcsp,random_forest,14,within,0,42,0.44999999999999996,0.725,160,40,64,
Cho2017-full,fbcsp,lda,14,within,1,42,0.9,0.95,160,40,64,
Cho2017-full,fbcsp,svm,14,within,1,42,0.9,0.95,160,40,64,
Cho2017-full,fbcsp,decision_tree,14,within,1,42,0.35,0.675,160,40,64,
Cho2017-full,fbcsp,random_forest,14,within,1,42,0.6,0.8,160,40,64,
Cho2017-full,fbcsp,lda,14,within,2,42,0.8,0.9,160,40,64,
Cho2017-full,fbcsp,svm,14,within,2,42,0.7,0.85,160,40,64,
Cho2017-full,fbcsp,decision_tree,14,within,2,42,0.4,0.7,160,40,64,
Cho2017-full,fbcsp,random_forest,14,within,2,42,0.65,0.825,160,40,64,
Cho2017-full,fbcsp,lda,14,within,3,42,0.6,0.8,160,40,64,
Cho2017-full,fbcsp,svm,14,within,3,42,0.55,0.775,160,40,64,
Cho2017-full,fbcsp,decision_tree,14,within,3,42,0.15000000000000002,0.575,160,40,64,
Cho2017-full,fbcsp,random_forest,14,within,3,42,0.65,0.825,160,40,64,
Cho2017-full,fbcsp,lda,14,within,4,42,0.8,0.9,160,40,64,
Cho2017-full,fbcsp,svm,14,within,4,42,0.65,0.825,160,40,64,
Cho2017-full,fbcsp,decision_tree,14,within,4,42,0.35,0.675,160,40,64,
Cho2017-full,fbcsp,random_forest,14,within,4,42,0.4,0.7,160,40,64,
Cho2017-full,fbcsp,lda,15,within,0,42,-0.050000000000000044,0.475,160,40,64,
Cho2017-full,fbcsp,svm,15,within,0,42,0.050000000000000044,0.525,160,40,64,
Cho2017-full,fbcsp,decision_tree,15,within,0,42,0.050000000000000044,0.525,160,40,64,
Cho2017-full,fbcsp,random_forest,15,within,0,42,0.050000000000000044,0.525,160,40,64,
Cho2017-full,fbcsp,lda,15,within,1,42,0.0,0.5,160,40,64,
Cho2017-full,fbcsp,svm,15,within,1,42,0.15000000000000002,0.575,160,40,64,
Cho2017-full,fbcsp,decision_tree,15,within,1,42,0.19999999999999996,0.6,160,40,64,
Cho2017-full,fbcsp,random_forest,15,within,1,42,0.0,0.5,160,40,64,
Cho2017-full,fbcsp,lda,15,within,2,42,-0.1499999999999999,0.425,160,40,64,
Cho2017-full,fbcsp,svm,15,within,2,42,-0.10000000000000009,0.45,160,40,64,
Cho2017-full,fbcsp,decision_tree,15,within,2,42,-0.1499999999999999,0.425,160,40,64,
Cho2017-full,fbcsp,random_forest,15,within,2,42,-0.10000000000000009,0.45,160,40,64,
Cho2017-full,fbcsp,lda,15,within,3,42,-0.1499999999999999,0.425,160,40,64,
Cho2017-full,fbcsp,svm,15,within,3,42,-0.10000000000000009,0.45,160,40,64,
Cho2017-full,fbcsp,decision_tree,15,within,3,42,-0.3500000000000001,0.325,160,40,64,
Cho2017-full,fbcsp,random_forest,15,within,3,42,-0.25,0.375,160,40,64,
Cho2017-full,fbcsp,lda,15,within,4,42,-0.10000000000000009,0.45,160,40,64,
Cho2017-full,fbcsp,svm,15,within,4,42,-0.050000000000000044,0.475,160,40,64,
Cho2017-full,fbcsp,decision_tree,15,within,4,42,0.09999999999999998,0.55,160,40,64,
Cho2017-full,fbcsp,random_forest,15,within,4,42,-0.1499999999999999,0.425,160,40,64,
Cho2017-full,fbcsp,lda,16,within,0,42,0.050000000000000044,0.525,160,40,64,
Cho2017-full,fbcsp,svm,16,within,0,42,0.15000000000000002,0.575,160,40,64,
Cho2017-full,fbcsp,decision_tree,16,within,0,42,-0.10000000000000009,0.45,160,40,64,
Cho2017-full,fbcsp,random_forest,16,within,0,42,0.19999999999999996,0.6,160,40,64,
Cho2017-full,fbcsp,lda,16,within,1,42,0.0,0.5,160,40,64,
Cho2017-full,fbcsp,svm,16,within,1,42,-0.050000000000000044,0.475,160,40,64,
Cho2017-full,fbcsp,decision_tree,16,within,1,42,0.050000000000000044,0.525,160,40,64,
Cho2017-full,fbcsp,random_forest,16,within,1,42,0.0,0.5,160,40,64,
Cho2017-full,fbcsp,lda,16,within,2,42,-0.10000000000000009,0.45,160,40,64,
Cho2017-full,fbcsp,svm,16,within,2,42,-0.1499999999999999,0.425,160,40,64,
Cho2017-full,fbcsp,decision_tree,16,within,2,42,-0.1499999999999999,0.425,160,40,64,
Cho2017-full,fbcsp,random_forest,16,within,2,42,-0.19999999999999996,0.4,160,40,64,
Cho2017-full,fbcsp,lda,16,within,3,42,0.050000000000000044,0.525,160,40,64,
Cho2017-full,fbcsp,svm,16,within,3,42,-0.050000000000000044,0.475,160,40,64,
Cho2017-full,fbcsp,decision_tree,16,within,3,42,-0.050000000000000044,0.475,160,40,64,
Cho2017-full,fbcsp,random_forest,16,within,3,42,0.050000000000000044,0.525,160,40,64,
Cho2017-full,fbcsp,lda,16,within,4,42,0.050000000000000044,0.525,160,40,64,
Cho2017-full,fbcsp,svm,16,within,4,42,0.050000000000000044,0.525,160,40,64,
Cho2017-full,fbcsp,decision_tree,16,within,4,42,0.09999999999999998,0.55,160,40,64,
Cho2017-full,fbcsp,random_forest,16,within,4,42,0.30000000000000004,0.65,160,40,64,
Cho2017-full,fbcsp,lda,17,within,0,42,0.09999999999999998,0.55,160,40,64,
Cho2017-full,fbcsp,svm,17,within,0,42,0.09999999999999998,0.55,160,40,64,
Cho2017-full,fbcsp,decision_tree,17,within,0,42,-0.10000000000000009,0.45,160,40,64,
Cho2017-full,fbcsp,random_forest,17,within,0,42,-0.10000000000000009,0.45,160,40,64,
Cho2017-full,fbcsp,lda,17,within,1,42,-0.30000000000000004,0.35,160,40,64,
Cho2017-full,fbcsp,svm,17,within,1,42,-0.25,0.375,160,40,64,
Cho2017-full,fbcsp,decision_tree,17,within,1,42,-0.10000000000000009,0.45,160,40,64,
Cho2017-full,fbcsp,random_forest,17,within,1,42,-0.050000000000000044,0.475,160,40,64,
Cho2017-full,fbcsp,lda,17,within,2,42,-0.1499999999999999,0.425,160,40,64,
Cho2017-full,fbcsp,svm,17,within,2,42,-0.19999999999999996,0.4,160,40,64,
Cho2017-full,fbcsp,decision_tree,17,within,2,42,-0.050000000000000044,0.475,160,40,64,
Cho2017-full,fbcsp,random_forest,17,within,2,42,0.0,0.5,160,40,64,
Cho2017-full,fbcsp,lda,17,within,3,42,0.0,0.5,160,40,64,
Cho2017-full,fbcsp,svm,17,within,3,42,-0.050000000000000044,0.475,160,40,64,
Cho2017-full,fbcsp,decision_tree,17,within,3,42,0.0,0.5,160,40,64,
Cho2017-full,fbcsp,random_forest,17,within,3,42,0.050000000000000044,0.525,160,40,64,
Cho2017-full,fbcsp,lda,17,within,4,42,0.09999999999999998,0.55,160,40,64,
Cho2017-full,fbcsp,svm,17,within,4,42,0.15000000000000002,0.575,160,40,64,
Cho2017-full,fbcsp,decision_tree,17,within,4,42,-0.050000000000000044,0.475,160,40,64,
Cho2017-full,fbcsp,random_forest,17,within,4,42,-0.050000000000000044,0.475,160,40,64,
Cho2017-full,fbcsp,lda,18,within,0,42,0.050000000000000044,0.525,160,40,64,
Cho2017-full,fbcsp,svm,18,within,0,42,0.050000000000000044,0.525,160,40,64,
Cho2017-full,fbcsp,decision_tree,18,within,0,42,-0.19999999999999996,0.4,160,40,64,
Cho2017-full,fbcsp,random_forest,18,within,0,42,0.0,0.5,160,40,64,
Cho2017-full,fbcsp,lda,18,within,1,42,0.4,0.7,160,40,64,
Cho2017-full,fbcsp,svm,18,within,1,42,0.25,0.625,160,40,64,
Cho2017-full,fbcsp,decision_tree,18,within,1,42,0.19999999999999996,0.6,160,40,64,
Cho2017-full,fbcsp,random_forest,18,within,1,42,0.44999999999999996,0.725,160,40,64,
Cho2017-full,fbcsp,lda,18,within,2,42,-0.050000000000000044,0.475,160,40,64,
Cho2017-full,fbcsp,svm,18,within,2,42,-0.10000000000000009,0.45,160,40,64,
Cho2017-full,fbcsp,decision_tree,18,within,2,42,0.0,0.5,160,40,64,
Cho2017-full,fbcsp,random_forest,18,within,2,42,-0.1499999999999999,0.425,160,40,64,
Cho2017-full,fbcsp,lda,18,within,3,42,0.0,0.5,160,40,64,
Cho2017-full,fbcsp,svm,18,within,3,42,0.050000000000000044,0.525,160,40,64,
Cho2017-full,fbcsp,decision_tree,18,within,3,42,-0.10000000000000009,0.45,160,40,64,
Cho2017-full,fbcsp,random_forest,18,within,3,42,-0.10000000000000009,0.45,160,40,64,
Cho2017-full,fbcsp,lda,18,within,4,42,0.30000000000000004,0.65,160,40,64,
Cho2017-full,fbcsp,svm,18,within,4,42,0.30000000000000004,0.65,160,40,64,
Cho2017-full,fbcsp,decision_tree,18,within,4,42,0.09999999999999998,0.55,160,40,64,
Cho2017-full,fbcsp,random_forest,18,within,4,42,0.050000000000000044,0.525,160,40,64,
Cho2017-full,fbcsp,lda,19,within,0,42,0.050000000000000044,0.525,160,40,64,
Cho2017-full,fbcsp,svm,19,within,0,42,0.19999999999999996,0.6,160,40,64,
Cho2017-full,fbcsp,decision_tree,19,within,0,42,-0.050000000000000044,0.475,160,40,64,
Cho2017-full,fbcsp,random_forest,19,within,0,42,0.0,0.5,160,40,64,
Cho2017-full,fbcsp,lda,19,within,1,42,0.25,0.625,160,40,64,
Cho2017-full,fbcsp,svm,19,within,1,42,0.0,0.5,160,40,64,
Cho2017-full,fbcsp,decision_tree,19,within,1,42,0.19999999999999996,0.6,160,40,64,
Cho2017-full,fbcsp,random_forest,19,within,1,42,0.15000000000000002,0.575,160,40,64,
Cho2017-full,fbcsp,lda,19,within,2,42,0.19999999999999996,0.6,160,40,64,
Cho2017-full,fbcsp,svm,19,within,2,42,0.19999999999999996,0.6,160,40,64,
Cho2017-full,fbcsp,decision_tree,19,within,2,42,0.050000000000000044,0.525,160,40,64,
Cho2017-full,fbcsp,random_forest,19,within,2,42,0.15000000000000002,0.575,160,40,64,
Cho2017-full,fbcsp,lda,19,within,3,42,0.09999999999999998,0.55,160,40,64,
Cho2017-full,fbcsp,svm,19,within,3,42,0.050000000000000044,0.525,160,40,64,
Cho2017-full,fbcsp,decision_tree,19,within,3,42,0.09999999999999998,0.55,160,40,64,
Cho2017-full,fbcsp,random_forest,19,within,3,42,0.15000000000000002,0.575,160,40,64,
Cho2017-full,fbcsp,lda,19,within,4,42,0.15000000000000002,0.575,160,40,64,
Cho2017-full,fbcsp,svm,19,within,4,42,0.09999999999999998,0.55,160,40,64,
Cho2017-full,fbcsp,decision_tree,19,within,4,42,0.0,0.5,160,40,64,
Cho2017-full,fbcsp,random_forest,19,within,4,42,0.0,0.5,160,40,64,
Cho2017-full,fbcsp,lda,20,within,0,42,0.35,0.675,160,40,64,
Cho2017-full,fbcsp,svm,20,within,0,42,0.30000000000000004,0.65,160,40,64,
Cho2017-full,fbcsp,decision_tree,20,within,0,42,0.19999999999999996,0.6,160,40,64,
Cho2017-full,fbcsp,random_forest,20,within,0,42,0.35,0.675,160,40,64,
Cho2017-full,fbcsp,lda,20,within,1,42,0.050000000000000044,0.525,160,40,64,
Cho2017-full,fbcsp,svm,20,within,1,42,0.15000000000000002,0.575,160,40,64,
Cho2017-full,fbcsp,decision_tree,20,within,1,42,0.19999999999999996,0.6,160,40,64,
Cho2017-full,fbcsp,random_forest,20,within,1,42,0.15000000000000002,0.575,160,40,64,
Cho2017-full,fbcsp,lda,20,within,2,42,0.25,0.625,160,40,64,
Cho2017-full,fbcsp,svm,20,within,2,42,0.15000000000000002,0.575,160,40,64,
Cho2017-full,fbcsp,decision_tree,20,within,2,42,0.0,0.5,160,40,64,
Cho2017-full,fbcsp,random_forest,20,within,2,42,0.15000000000000002,0.575,160,40,64,
Cho2017-full,fbcsp,lda,20,within,3,42,0.050000000000000044,0.525,160,40,64,
Cho2017-full,fbcsp,svm,20,within,3,42,-0.050000000000000044,0.475,160,40,64,
Cho2017-full,fbcsp,decision_tree,20,within,3,42,-0.10000000000000009,0.45,160,40,64,
Cho2017-full,fbcsp,random_forest,20,within,3,42,0.050000000000000044,0.525,160,40,64,
Cho2017-full,fbcsp,lda,20,within,4,42,0.09999999999999998,0.55,160,40,64,
Cho2017-full,fbcsp,svm,20,within,4,42,0.15000000000000002,0.575,160,40,64,
Cho2017-full,fbcsp,decision_tree,20,within,4,42,-0.19999999999999996,0.4,160,40,64,
Cho2017-full,fbcsp,random_forest,20,within,4,42,-0.10000000000000009,0.45,160,40,64,
Cho2017-full,fbcsp,lda,21,within,0,42,0.44999999999999996,0.725,160,40,64,
Cho2017-full,fbcsp,svm,21,within,0,42,0.35,0.675,160,40,64,
Cho2017-full,fbcsp,decision_tree,21,within,0,42,0.050000000000000044,0.525,160,40,64,
Cho2017-full,fbcsp,random_forest,21,within,0,42,0.55,0.775,160,40,64,
Cho2017-full,fbcsp,lda,21,within,1,42,0.35,0.675,160,40,64,
Cho2017-full,fbcsp,svm,21,within,1,42,0.44999999999999996,0.725,160,40,64,
Cho2017-full,fbcsp,decision_tree,21,within,1,42,0.050000000000000044,0.525,160,40,64,
Cho2017-full,fbcsp,random_forest,21,within,1,42,0.30000000000000004,0.65,160,40,64,
Cho2017-full,fbcsp,lda,21,within,2,42,0.050000000000000044,0.525,160,40,64,
Cho2017-full,fbcsp,svm,21,within,2,42,0.09999999999999998,0.55,160,40,64,
Cho2017-full,fbcsp,decision_tree,21,within,2,42,0.050000000000000044,0.525,160,40,64,
Cho2017-full,fbcsp,random_forest,21,within,2,42,0.25,0.625,160,40,64,
Cho2017-full,fbcsp,lda,21,within,3,42,0.30000000000000004,0.65,160,40,64,
Cho2017-full,fbcsp,svm,21,within,3,42,0.30000000000000004,0.65,160,40,64,
Cho2017-full,fbcsp,decision_tree,21,within,3,42,-0.050000000000000044,0.475,160,40,64,
Cho2017-full,fbcsp,random_forest,21,within,3,42,0.30000000000000004,0.65,160,40,64,
Cho2017-full,fbcsp,lda,21,within,4,42,0.050000000000000044,0.525,160,40,64,
Cho2017-full,fbcsp,svm,21,within,4,42,0.09999999999999998,0.55,160,40,64,
Cho2017-full,fbcsp,decision_tree,21,within,4,42,0.050000000000000044,0.525,160,40,64,
Cho2017-full,fbcsp,random_forest,21,within,4,42,0.09999999999999998,0.55,160,40,64,
Cho2017-full,fbcsp,lda,22,within,0,42,0.050000000000000044,0.525,160,40,64,
Cho2017-full,fbcsp,svm,22,within,0,42,0.0,0.5,160,40,64,
Cho2017-full,fbcsp,decision_tree,22,within,0,42,-0.1499999999999999,0.425,160,40,64,
Cho2017-full,fbcsp,random_forest,22,within,0,42,-0.1499999999999999,0.425,160,40,64,
Cho2017-full,fbcsp,lda,22,within,1,42,0.0,0.5,160,40,64,
Cho2017-full,fbcsp,svm,22,within,1,42,-0.19999999999999996,0.4,160,40,64,
Cho2017-full,fbcsp,decision_tree,22,within,1,42,-0.25,0.375,160,40,64,
Cho2017-full,fbcsp,random_forest,22,within,1,42,0.0,0.5,160,40,64,
Cho2017-full,fbcsp,lda,22,within,2,42,0.09999999999999998,0.55,160,40,64,
Cho2017-full,fbcsp,svm,22,within,2,42,-0.30000000000000004,0.35,160,40,64,
Cho2017-full,fbcsp,decision_tree,22,within,2,42,-0.1499999999999999,0.425,160,40,64,
Cho2017-full,fbcsp,random_forest,22,within,2,42,-0.3500000000000001,0.325,160,40,64,
Cho2017-full,fbcsp,lda,22,within,3,42,0.19999999999999996,0.6,160,40,64,
Cho2017-full,fbcsp,svm,22,within,3,42,0.19999999999999996,0.6,160,40,64,
Cho2017-full,fbcsp,decision_tree,22,within,3,42,0.09999999999999998,0.55,160,40,64,
Cho2017-full,fbcsp,random_forest,22,within,3,42,-0.10000000000000009,0.45,160,40,64,
Cho2017-full,fbcsp,lda,22,within,4,42,0.050000000000000044,0.525,160,40,64,
Cho2017-full,fbcsp,svm,22,within,4,42,0.25,0.625,160,40,64,
Cho2017-full,fbcsp,decision_tree,22,within,4,42,0.050000000000000044,0.525,160,40,64,
Cho2017-full,fbcsp,random_forest,22,within,4,42,0.15000000000000002,0.575,160,40,64,
Cho2017-full,fbcsp,lda,23,within,0,42,0.35,0.675,160,40,64,
Cho2017-full,fbcsp,svm,23,within,0,42,0.25,0.625,160,40,64,
Cho2017-full,fbcsp,decision_tree,23,within,0,42,0.0,0.5,160,40,64,
Cho2017-full,fbcsp,random_forest,23,within,0,42,0.65,0.825,160,40,64,
Cho2017-full,fbcsp,lda,23,within,1,42,0.44999999999999996,0.725,160,40,64,
Cho2017-full,fbcsp,svm,23,within,1,42,0.44999999999999996,0.725,160,40,64,
Cho2017-full,fbcsp,decision_tree,23,within,1,42,0.8,0.9,160,40,64,
Cho2017-full,fbcsp,random_forest,23,within,1,42,0.6,0.8,160,40,64,
Cho2017-full,fbcsp,lda,23,within,2,42,0.65,0.825,160,40,64,
Cho2017-full,fbcsp,svm,23,within,2,42,0.65,0.825,160,40,64,
Cho2017-full,fbcsp,decision_tree,23,within,2,42,0.050000000000000044,0.525,160,40,64,
Cho2017-full,fbcsp,random_forest,23,within,2,42,0.7,0.85,160,40,64,
Cho2017-full,fbcsp,lda,23,within,3,42,0.4,0.7,160,40,64,
Cho2017-full,fbcsp,svm,23,within,3,42,0.35,0.675,160,40,64,
Cho2017-full,fbcsp,decision_tree,23,within,3,42,0.050000000000000044,0.525,160,40,64,
Cho2017-full,fbcsp,random_forest,23,within,3,42,0.5,0.75,160,40,64,
Cho2017-full,fbcsp,lda,23,within,4,42,0.4,0.7,160,40,64,
Cho2017-full,fbcsp,svm,23,within,4,42,0.35,0.675,160,40,64,
Cho2017-full,fbcsp,decision_tree,23,within,4,42,0.25,0.625,160,40,64,
Cho2017-full,fbcsp,random_forest,23,within,4,42,0.35,0.675,160,40,64,
Cho2017-full,fbcsp,lda,24,within,0,42,-0.25,0.375,160,40,64,
Cho2017-full,fbcsp,svm,24,within,0,42,-0.1499999999999999,0.425,160,40,64,
Cho2017-full,fbcsp,decision_tree,24,within,0,42,0.050000000000000044,0.525,160,40,64,
Cho2017-full,fbcsp,random_forest,24,within,0,42,-0.050000000000000044,0.475,160,40,64,
Cho2017-full,fbcsp,lda,24,within,1,42,0.15000000000000002,0.575,160,40,64,
Cho2017-full,fbcsp,svm,24,within,1,42,0.050000000000000044,0.525,160,40,64,
Cho2017-full,fbcsp,decision_tree,24,within,1,42,0.050000000000000044,0.525,160,40,64,
Cho2017-full,fbcsp,random_forest,24,within,1,42,0.050000000000000044,0.525,160,40,64,
Cho2017-full,fbcsp,lda,24,within,2,42,-0.30000000000000004,0.35,160,40,64,
Cho2017-full,fbcsp,svm,24,within,2,42,-0.1499999999999999,0.425,160,40,64,
Cho2017-full,fbcsp,decision_tree,24,within,2,42,-0.1499999999999999,0.425,160,40,64,
Cho2017-full,fbcsp,random_forest,24,within,2,42,0.050000000000000044,0.525,160,40,64,
Cho2017-full,fbcsp,lda,24,within,3,42,-0.10000000000000009,0.45,160,40,64,
Cho2017-full,fbcsp,svm,24,within,3,42,-0.1499999999999999,0.425,160,40,64,
Cho2017-full,fbcsp,decision_tree,24,within,3,42,-0.10000000000000009,0.45,160,40,64,
Cho2017-full,fbcsp,random_forest,24,within,3,42,0.0,0.5,160,40,64,
Cho2017-full,fbcsp,lda,24,within,4,42,0.09999999999999998,0.55,160,40,64,
Cho2017-full,fbcsp,svm,24,within,4,42,0.050000000000000044,0.525,160,40,64,
Cho2017-full,fbcsp,decision_tree,24,within,4,42,0.09999999999999998,0.55,160,40,64,
Cho2017-full,fbcsp,random_forest,24,within,4,42,-0.050000000000000044,0.475,160,40,64,
Cho2017-full,fbcsp,lda,25,within,0,42,-0.050000000000000044,0.475,160,40,64,
Cho2017-full,fbcsp,svm,25,within,0,42,0.0,0.5,160,40,64,
Cho2017-full,fbcsp,decision_tree,25,within,0,42,-0.10000000000000009,0.45,160,40,64,
Cho2017-full,fbcsp,random_forest,25,within,0,42,-0.25,0.375,160,40,64,
Cho2017-full,fbcsp,lda,25,within,1,42,0.25,0.625,160,40,64,
Cho2017-full,fbcsp,svm,25,within,1,42,0.09999999999999998,0.55,160,40,64,
Cho2017-full,fbcsp,decision_tree,25,within,1,42,-0.10000000000000009,0.45,160,40,64,
Cho2017-full,fbcsp,random_forest,25,within,1,42,0.25,0.625,160,40,64,
Cho2017-full,fbcsp,lda,25,within,2,42,-0.050000000000000044,0.475,160,40,64,
Cho2017-full,fbcsp,svm,25,within,2,42,-0.10000000000000009,0.45,160,40,64,
Cho2017-full,fbcsp,decision_tree,25,within,2,42,-0.050000000000000044,0.475,160,40,64,
Cho2017-full,fbcsp,random_forest,25,within,2,42,0.15000000000000002,0.575,160,40,64,
Cho2017-full,fbcsp,lda,25,within,3,42,-0.050000000000000044,0.475,160,40,64,
Cho2017-full,fbcsp,svm,25,within,3,42,0.0,0.5,160,40,64,
Cho2017-full,fbcsp,decision_tree,25,within,3,42,-0.1499999999999999,0.425,160,40,64,
Cho2017-full,fbcsp,random_forest,25,within,3,42,-0.10000000000000009,0.45,160,40,64,
Cho2017-full,fbcsp,lda,25,within,4,42,0.19999999999999996,0.6,160,40,64,
Cho2017-full,fbcsp,svm,25,within,4,42,-0.10000000000000009,0.45,160,40,64,
Cho2017-full,fbcsp,decision_tree,25,within,4,42,-0.25,0.375,160,40,64,
Cho2017-full,fbcsp,random_forest,25,within,4,42,-0.10000000000000009,0.45,160,40,64,
Cho2017-full,fbcsp,lda,26,within,0,42,0.35,0.675,160,40,64,
Cho2017-full,fbcsp,svm,26,within,0,42,0.25,0.625,160,40,64,
Cho2017-full,fbcsp,decision_tree,26,within,0,42,0.050000000000000044,0.525,160,40,64,
Cho2017-full,fbcsp,random_forest,26,within,0,42,0.5,0.75,160,40,64,
Cho2017-full,fbcsp,lda,26,within,1,42,0.5,0.75,160,40,64,
Cho2017-full,fbcsp,svm,26,within,1,42,0.44999999999999996,0.725,160,40,64,
Cho2017-full,fbcsp,decision_tree,26,within,1,42,0.0,0.5,160,40,64,
Cho2017-full,fbcsp,random_forest,26,within,1,42,0.6,0.8,160,40,64,
Cho2017-full,fbcsp,lda,26,within,2,42,0.5,0.75,160,40,64,
Cho2017-full,fbcsp,svm,26,within,2,42,0.25,0.625,160,40,64,
Cho2017-full,fbcsp,decision_tree,26,within,2,42,0.15000000000000002,0.575,160,40,64,
Cho2017-full,fbcsp,random_forest,26,within,2,42,0.6,0.8,160,40,64,
Cho2017-full,fbcsp,lda,26,within,3,42,0.55,0.775,160,40,64,
Cho2017-full,fbcsp,svm,26,within,3,42,0.44999999999999996,0.725,160,40,64,
Cho2017-full,fbcsp,decision_tree,26,within,3,42,0.25,0.625,160,40,64,
Cho2017-full,fbcsp,random_forest,26,within,3,42,0.55,0.775,160,40,64,
Cho2017-full,fbcsp,lda,26,within,4,42,0.5,0.75,160,40,64,
Cho2017-full,fbcsp,svm,26,within,4,42,0.25,0.625,160,40,64,
Cho2017-full,fbcsp,decision_tree,26,within,4,42,-0.25,0.375,160,40,64,
Cho2017-full,fbcsp,random_forest,26,within,4,42,0.30000000000000004,0.65,160,40,64,
Cho2017-full,fbcsp,lda,27,within,0,42,0.25,0.625,160,40,64,
Cho2017-full,fbcsp,svm,27,within,0,42,0.050000000000000044,0.525,160,40,64,
Cho2017-full,fbcsp,decision_tree,27,within,0,42,-0.19999999999999996,0.4,160,40,64,
Cho2017-full,fbcsp,random_forest,27,within,0,42,0.050000000000000044,0.525,160,40,64,
Cho2017-full,fbcsp,lda,27,within,1,42,0.09999999999999998,0.55,160,40,64,
Cho2017-full,fbcsp,svm,27,within,1,42,0.25,0.625,160,40,64,
Cho2017-full,fbcsp,decision_tree,27,within,1,42,-0.050000000000000044,0.475,160,40,64,
Cho2017-full,fbcsp,random_forest,27,within,1,42,0.050000000000000044,0.525,160,40,64,
Cho2017-full,fbcsp,lda,27,within,2,42,0.15000000000000002,0.575,160,40,64,
Cho2017-full,fbcsp,svm,27,within,2,42,0.19999999999999996,0.6,160,40,64,
Cho2017-full,fbcsp,decision_tree,27,within,2,42,-0.19999999999999996,0.4,160,40,64,
Cho2017-full,fbcsp,random_forest,27,within,2,42,0.30000000000000004,0.65,160,40,64,
Cho2017-full,fbcsp,lda,27,within,3,42,0.09999999999999998,0.55,160,40,64,
Cho2017-full,fbcsp,svm,27,within,3,42,0.15000000000000002,0.575,160,40,64,
Cho2017-full,fbcsp,decision_tree,27,within,3,42,-0.050000000000000044,0.475,160,40,64,
Cho2017-full,fbcsp,random_forest,27,within,3,42,-0.19999999999999996,0.4,160,40,64,
Cho2017-full,fbcsp,lda,27,within,4,42,-0.1499999999999999,0.425,160,40,64,
Cho2017-full,fbcsp,svm,27,within,4,42,0.050000000000000044,0.525,160,40,64,
Cho2017-full,fbcsp,decision_tree,27,within,4,42,0.050000000000000044,0.525,160,40,64,
Cho2017-full,fbcsp,random_forest,27,within,4,42,-0.19999999999999996,0.4,160,40,64,
Cho2017-full,fbcsp,lda,28,within,0,42,-0.10000000000000009,0.45,160,40,64,
Cho2017-full,fbcsp,svm,28,within,0,42,-0.1499999999999999,0.425,160,40,64,
Cho2017-full,fbcsp,decision_tree,28,within,0,42,-0.1499999999999999,0.425,160,40,64,
Cho2017-full,fbcsp,random_forest,28,within,0,42,0.0,0.5,160,40,64,
Cho2017-full,fbcsp,lda,28,within,1,42,-0.3500000000000001,0.325,160,40,64,
Cho2017-full,fbcsp,svm,28,within,1,42,-0.3500000000000001,0.325,160,40,64,
Cho2017-full,fbcsp,decision_tree,28,within,1,42,-0.1499999999999999,0.425,160,40,64,
Cho2017-full,fbcsp,random_forest,28,within,1,42,-0.25,0.375,160,40,64,
Cho2017-full,fbcsp,lda,28,within,2,42,-0.1499999999999999,0.425,160,40,64,
Cho2017-full,fbcsp,svm,28,within,2,42,-0.050000000000000044,0.475,160,40,64,
Cho2017-full,fbcsp,decision_tree,28,within,2,42,0.15000000000000002,0.575,160,40,64,
Cho2017-full,fbcsp,random_forest,28,within,2,42,-0.1499999999999999,0.425,160,40,64,
Cho2017-full,fbcsp,lda,28,within,3,42,0.25,0.625,160,40,64,
Cho2017-full,fbcsp,svm,28,within,3,42,0.35,0.675,160,40,64,
Cho2017-full,fbcsp,decision_tree,28,within,3,42,0.050000000000000044,0.525,160,40,64,
Cho2017-full,fbcsp,random_forest,28,within,3,42,0.0,0.5,160,40,64,
Cho2017-full,fbcsp,lda,28,within,4,42,-0.30000000000000004,0.35,160,40,64,
Cho2017-full,fbcsp,svm,28,within,4,42,-0.25,0.375,160,40,64,
Cho2017-full,fbcsp,decision_tree,28,within,4,42,-0.050000000000000044,0.475,160,40,64,
Cho2017-full,fbcsp,random_forest,28,within,4,42,-0.050000000000000044,0.475,160,40,64,
Cho2017-full,fbcsp,lda,30,within,0,42,-0.1499999999999999,0.425,160,40,64,
Cho2017-full,fbcsp,svm,30,within,0,42,-0.19999999999999996,0.4,160,40,64,
Cho2017-full,fbcsp,decision_tree,30,within,0,42,-0.050000000000000044,0.475,160,40,64,
Cho2017-full,fbcsp,random_forest,30,within,0,42,0.0,0.5,160,40,64,
Cho2017-full,fbcsp,lda,30,within,1,42,-0.25,0.375,160,40,64,
Cho2017-full,fbcsp,svm,30,within,1,42,-0.050000000000000044,0.475,160,40,64,
Cho2017-full,fbcsp,decision_tree,30,within,1,42,-0.25,0.375,160,40,64,
Cho2017-full,fbcsp,random_forest,30,within,1,42,-0.10000000000000009,0.45,160,40,64,
Cho2017-full,fbcsp,lda,30,within,2,42,-0.050000000000000044,0.475,160,40,64,
Cho2017-full,fbcsp,svm,30,within,2,42,0.0,0.5,160,40,64,
Cho2017-full,fbcsp,decision_tree,30,within,2,42,0.09999999999999998,0.55,160,40,64,
Cho2017-full,fbcsp,random_forest,30,within,2,42,-0.19999999999999996,0.4,160,40,64,
Cho2017-full,fbcsp,lda,30,within,3,42,0.050000000000000044,0.525,160,40,64,
Cho2017-full,fbcsp,svm,30,within,3,42,0.25,0.625,160,40,64,
Cho2017-full,fbcsp,decision_tree,30,within,3,42,0.09999999999999998,0.55,160,40,64,
Cho2017-full,fbcsp,random_forest,30,within,3,42,0.15000000000000002,0.575,160,40,64,
Cho2017-full,fbcsp,lda,30,within,4,42,0.0,0.5,160,40,64,
Cho2017-full,fbcsp,svm,30,within,4,42,0.09999999999999998,0.55,160,40,64,
Cho2017-full,fbcsp,decision_tree,30,within,4,42,0.0,0.5,160,40,64,
Cho2017-full,fbcsp,random_forest,30,within,4,42,0.19999999999999996,0.6,160,40,64,
Cho2017-full,fbcsp,lda,31,within,0,42,0.19999999999999996,0.6,160,40,64,
Cho2017-full,fbcsp,svm,31,within,0,42,0.050000000000000044,0.525,160,40,64,
Cho2017-full,fbcsp,decision_tree,31,within,0,42,-0.050000000000000044,0.475,160,40,64,
Cho2017-full,fbcsp,random_forest,31,within,0,42,-0.050000000000000044,0.475,160,40,64,
Cho2017-full,fbcsp,lda,31,within,1,42,0.19999999999999996,0.6,160,40,64,
Cho2017-full,fbcsp,svm,31,within,1,42,0.30000000000000004,0.65,160,40,64,
Cho2017-full,fbcsp,decision_tree,31,within,1,42,-0.10000000000000009,0.45,160,40,64,
Cho2017-full,fbcsp,random_forest,31,within,1,42,0.30000000000000004,0.65,160,40,64,
Cho2017-full,fbcsp,lda,31,within,2,42,0.050000000000000044,0.525,160,40,64,
Cho2017-full,fbcsp,svm,31,within,2,42,0.0,0.5,160,40,64,
Cho2017-full,fbcsp,decision_tree,31,within,2,42,-0.1499999999999999,0.425,160,40,64,
Cho2017-full,fbcsp,random_forest,31,within,2,42,-0.10000000000000009,0.45,160,40,64,
Cho2017-full,fbcsp,lda,31,within,3,42,0.09999999999999998,0.55,160,40,64,
Cho2017-full,fbcsp,svm,31,within,3,42,0.15000000000000002,0.575,160,40,64,
Cho2017-full,fbcsp,decision_tree,31,within,3,42,0.35,0.675,160,40,64,
Cho2017-full,fbcsp,random_forest,31,within,3,42,0.25,0.625,160,40,64,
Cho2017-full,fbcsp,lda,31,within,4,42,0.19999999999999996,0.6,160,40,64,
Cho2017-full,fbcsp,svm,31,within,4,42,0.35,0.675,160,40,64,
Cho2017-full,fbcsp,decision_tree,31,within,4,42,0.0,0.5,160,40,64,
Cho2017-full,fbcsp,random_forest,31,within,4,42,0.15000000000000002,0.575,160,40,64,
Cho2017-full,fbcsp,lda,32,within,0,42,0.050000000000000044,0.525,160,40,64,
Cho2017-full,fbcsp,svm,32,within,0,42,0.09999999999999998,0.55,160,40,64,
Cho2017-full,fbcsp,decision_tree,32,within,0,42,-0.050000000000000044,0.475,160,40,64,
Cho2017-full,fbcsp,random_forest,32,within,0,42,0.15000000000000002,0.575,160,40,64,
Cho2017-full,fbcsp,lda,32,within,1,42,0.15000000000000002,0.575,160,40,64,
Cho2017-full,fbcsp,svm,32,within,1,42,0.050000000000000044,0.525,160,40,64,
Cho2017-full,fbcsp,decision_tree,32,within,1,42,0.0,0.5,160,40,64,
Cho2017-full,fbcsp,random_forest,32,within,1,42,0.050000000000000044,0.525,160,40,64,
Cho2017-full,fbcsp,lda,32,within,2,42,-0.10000000000000009,0.45,160,40,64,
Cho2017-full,fbcsp,svm,32,within,2,42,-0.10000000000000009,0.45,160,40,64,
Cho2017-full,fbcsp,decision_tree,32,within,2,42,-0.30000000000000004,0.35,160,40,64,
Cho2017-full,fbcsp,random_forest,32,within,2,42,-0.1499999999999999,0.425,160,40,64,
Cho2017-full,fbcsp,lda,32,within,3,42,-0.050000000000000044,0.475,160,40,64,
Cho2017-full,fbcsp,svm,32,within,3,42,0.0,0.5,160,40,64,
Cho2017-full,fbcsp,decision_tree,32,within,3,42,0.15000000000000002,0.575,160,40,64,
Cho2017-full,fbcsp,random_forest,32,within,3,42,0.30000000000000004,0.65,160,40,64,
Cho2017-full,fbcsp,lda,32,within,4,42,0.0,0.5,160,40,64,
Cho2017-full,fbcsp,svm,32,within,4,42,-0.050000000000000044,0.475,160,40,64,
Cho2017-full,fbcsp,decision_tree,32,within,4,42,-0.25,0.375,160,40,64,
Cho2017-full,fbcsp,random_forest,32,within,4,42,-0.25,0.375,160,40,64,
Cho2017-full,fbcsp,lda,34,within,0,42,-0.10000000000000009,0.45,160,40,64,
Cho2017-full,fbcsp,svm,34,within,0,42,-0.19999999999999996,0.4,160,40,64,
Cho2017-full,fbcsp,decision_tree,34,within,0,42,0.25,0.625,160,40,64,
Cho2017-full,fbcsp,random_forest,34,within,0,42,0.15000000000000002,0.575,160,40,64,
Cho2017-full,fbcsp,lda,34,within,1,42,-0.3500000000000001,0.325,160,40,64,
Cho2017-full,fbcsp,svm,34,within,1,42,-0.19999999999999996,0.4,160,40,64,
Cho2017-full,fbcsp,decision_tree,34,within,1,42,0.09999999999999998,0.55,160,40,64,
Cho2017-full,fbcsp,random_forest,34,within,1,42,0.0,0.5,160,40,64,
Cho2017-full,fbcsp,lda,34,within,2,42,-0.1499999999999999,0.425,160,40,64,
Cho2017-full,fbcsp,svm,34,within,2,42,0.050000000000000044,0.525,160,40,64,
Cho2017-full,fbcsp,decision_tree,34,within,2,42,-0.050000000000000044,0.475,160,40,64,
Cho2017-full,fbcsp,random_forest,34,within,2,42,-0.10000000000000009,0.45,160,40,64,
Cho2017-full,fbcsp,lda,34,within,3,42,0.050000000000000044,0.525,160,40,64,
Cho2017-full,fbcsp,svm,34,within,3,42,0.0,0.5,160,40,64,
Cho2017-full,fbcsp,decision_tree,34,within,3,42,-0.25,0.375,160,40,64,
Cho2017-full,fbcsp,random_forest,34,within,3,42,-0.050000000000000044,0.475,160,40,64,
Cho2017-full,fbcsp,lda,34,within,4,42,0.050000000000000044,0.525,160,40,64,
Cho2017-full,fbcsp,svm,34,within,4,42,0.050000000000000044,0.525,160,40,64,
Cho2017-full,fbcsp,decision_tree,34,within,4,42,-0.30000000000000004,0.35,160,40,64,
Cho2017-full,fbcsp,random_forest,34,within,4,42,-0.10000000000000009,0.45,160,40,64,
Cho2017-full,fbcsp,lda,35,within,0,42,0.55,0.775,160,40,64,
Cho2017-full,fbcsp,svm,35,within,0,42,0.6,0.8,160,40,64,
Cho2017-full,fbcsp,decision_tree,35,within,0,42,0.4,0.7,160,40,64,
Cho2017-full,fbcsp,random_forest,35,within,0,42,0.65,0.825,160,40,64,
Cho2017-full,fbcsp,lda,35,within,1,42,0.5,0.75,160,40,64,
Cho2017-full,fbcsp,svm,35,within,1,42,0.6,0.8,160,40,64,
Cho2017-full,fbcsp,decision_tree,35,within,1,42,0.25,0.625,160,40,64,
Cho2017-full,fbcsp,random_forest,35,within,1,42,0.55,0.775,160,40,64,
Cho2017-full,fbcsp,lda,35,within,2,42,0.4,0.7,160,40,64,
Cho2017-full,fbcsp,svm,35,within,2,42,0.55,0.775,160,40,64,
Cho2017-full,fbcsp,decision_tree,35,within,2,42,0.35,0.675,160,40,64,
Cho2017-full,fbcsp,random_forest,35,within,2,42,0.55,0.775,160,40,64,
Cho2017-full,fbcsp,lda,35,within,3,42,0.4,0.7,160,40,64,
Cho2017-full,fbcsp,svm,35,within,3,42,0.55,0.775,160,40,64,
Cho2017-full,fbcsp,decision_tree,35,within,3,42,-0.050000000000000044,0.475,160,40,64,
Cho2017-full,fbcsp,random_forest,35,within,3,42,0.4,0.7,160,40,64,
Cho2017-full,fbcsp,lda,35,within,4,42,0.7,0.85,160,40,64,
Cho2017-full,fbcsp,svm,35,within,4,42,0.7,0.85,160,40,64,
Cho2017-full,fbcsp,decision_tree,35,within,4,42,0.30000000000000004,0.65,160,40,64,
Cho2017-full,fbcsp,random_forest,35,within,4,42,0.6,0.8,160,40,64,
Cho2017-full,fbcsp,lda,36,within,0,42,0.35,0.675,160,40,64,
Cho2017-full,fbcsp,svm,36,within,0,42,0.35,0.675,160,40,64,
Cho2017-full,fbcsp,decision_tree,36,within,0,42,0.25,0.625,160,40,64,
Cho2017-full,fbcsp,random_forest,36,within,0,42,0.35,0.675,160,40,64,
Cho2017-full,fbcsp,lda,36,within,1,42,0.09999999999999998,0.55,160,40,64,
Cho2017-full,fbcsp,svm,36,within,1,42,0.0,0.5,160,40,64,
Cho2017-full,fbcsp,decision_tree,36,within,1,42,0.25,0.625,160,40,64,
Cho2017-full,fbcsp,random_forest,36,within,1,42,0.09999999999999998,0.55,160,40,64,
Cho2017-full,fbcsp,lda,36,within,2,42,0.09999999999999998,0.55,160,40,64,
Cho2017-full,fbcsp,svm,36,within,2,42,0.050000000000000044,0.525,160,40,64,
Cho2017-full,fbcsp,decision_tree,36,within,2,42,-0.10000000000000009,0.45,160,40,64,
Cho2017-full,fbcsp,random_forest,36,within,2,42,-0.10000000000000009,0.45,160,40,64,
Cho2017-full,fbcsp,lda,36,within,3,42,0.35,0.675,160,40,64,
Cho2017-full,fbcsp,svm,36,within,3,42,0.25,0.625,160,40,64,
Cho2017-full,fbcsp,decision_tree,36,within,3,42,0.30000000000000004,0.65,160,40,64,
Cho2017-full,fbcsp,random_forest,36,within,3,42,0.15000000000000002,0.575,160,40,64,
Cho2017-full,fbcsp,lda,36,within,4,42,0.15000000000000002,0.575,160,40,64,
Cho2017-full,fbcsp,svm,36,within,4,42,0.050000000000000044,0.525,160,40,64,
Cho2017-full,fbcsp,decision_tree,36,within,4,42,0.09999999999999998,0.55,160,40,64,
Cho2017-full,fbcsp,random_forest,36,within,4,42,0.15000000000000002,0.575,160,40,64,
Cho2017-full,fbcsp,lda,37,within,0,42,0.6,0.8,160,40,64,
Cho2017-full,fbcsp,svm,37,within,0,42,0.6,0.8,160,40,64,
Cho2017-full,fbcsp,decision_tree,37,within,0,42,0.0,0.5,160,40,64,
Cho2017-full,fbcsp,random_forest,37,within,0,42,0.5,0.75,160,40,64,
Cho2017-full,fbcsp,lda,37,within,1,42,0.4,0.7,160,40,64,
Cho2017-full,fbcsp,svm,37,within,1,42,0.6,0.8,160,40,64,
Cho2017-full,fbcsp,decision_tree,37,within,1,42,0.19999999999999996,0.6,160,40,64,
Cho2017-full,fbcsp,random_forest,37,within,1,42,0.44999999999999996,0.725,160,40,64,
Cho2017-full,fbcsp,lda,37,within,2,42,0.44999999999999996,0.725,160,40,64,
Cho2017-full,fbcsp,svm,37,within,2,42,0.5,0.75,160,40,64,
Cho2017-full,fbcsp,decision_tree,37,within,2,42,0.050000000000000044,0.525,160,40,64,
Cho2017-full,fbcsp,random_forest,37,within,2,42,0.25,0.625,160,40,64,
Cho2017-full,fbcsp,lda,37,within,3,42,0.30000000000000004,0.65,160,40,64,
Cho2017-full,fbcsp,svm,37,within,3,42,0.35,0.675,160,40,64,
Cho2017-full,fbcsp,decision_tree,37,within,3,42,0.09999999999999998,0.55,160,40,64,
Cho2017-full,fbcsp,random_forest,37,within,3,42,0.4,0.7,160,40,64,
Cho2017-full,fbcsp,lda,37,within,4,42,0.19999999999999996,0.6,160,40,64,
Cho2017-full,fbcsp,svm,37,within,4,42,0.30000000000000004,0.65,160,40,64,
Cho2017-full,fbcsp,decision_tree,37,within,4,42,0.050000000000000044,0.525,160,40,64,
Cho2017-full,fbcsp,random_forest,37,within,4,42,0.15000000000000002,0.575,160,40,64,
Cho2017-full,fbcsp,lda,38,within,0,42,-0.1499999999999999,0.425,160,40,64,
Cho2017-full,fbcsp,svm,38,within,0,42,-0.1499999999999999,0.425,160,40,64,
Cho2017-full,fbcsp,decision_tree,38,within,0,42,0.09999999999999998,0.55,160,40,64,
Cho2017-full,fbcsp,random_forest,38,within,0,42,-0.050000000000000044,0.475,160,40,64,
Cho2017-full,fbcsp,lda,38,within,1,42,-0.1499999999999999,0.425,160,40,64,
Cho2017-full,fbcsp,svm,38,within,1,42,0.0,0.5,160,40,64,
Cho2017-full,fbcsp,decision_tree,38,within,1,42,-0.3500000000000001,0.325,160,40,64,
Cho2017-full,fbcsp,random_forest,38,within,1,42,-0.25,0.375,160,40,64,
Cho2017-full,fbcsp,lda,38,within,2,42,0.09999999999999998,0.55,160,40,64,
Cho2017-full,fbcsp,svm,38,within,2,42,0.09999999999999998,0.55,160,40,64,
Cho2017-full,fbcsp,decision_tree,38,within,2,42,0.15000000000000002,0.575,160,40,64,
Cho2017-full,fbcsp,random_forest,38,within,2,42,-0.050000000000000044,0.475,160,40,64,
Cho2017-full,fbcsp,lda,38,within,3,42,-0.19999999999999996,0.4,160,40,64,
Cho2017-full,fbcsp,svm,38,within,3,42,-0.1499999999999999,0.425,160,40,64,
Cho2017-full,fbcsp,decision_tree,38,within,3,42,-0.050000000000000044,0.475,160,40,64,
Cho2017-full,fbcsp,random_forest,38,within,3,42,-0.10000000000000009,0.45,160,40,64,
Cho2017-full,fbcsp,lda,38,within,4,42,-0.1499999999999999,0.425,160,40,64,
Cho2017-full,fbcsp,svm,38,within,4,42,-0.25,0.375,160,40,64,
Cho2017-full,fbcsp,decision_tree,38,within,4,42,-0.25,0.375,160,40,64,
Cho2017-full,fbcsp,random_forest,38,within,4,42,-0.050000000000000044,0.475,160,40,64,
Cho2017-full,fbcsp,lda,39,within,0,42,-0.050000000000000044,0.475,160,40,64,
Cho2017-full,fbcsp,svm,39,within,0,42,0.050000000000000044,0.525,160,40,64,
Cho2017-full,fbcsp,decision_tree,39,within,0,42,0.19999999999999996,0.6,160,40,64,
Cho2017-full,fbcsp,random_forest,39,within,0,42,0.050000000000000044,0.525,160,40,64,
Cho2017-full,fbcsp,lda,39,within,1,42,0.050000000000000044,0.525,160,40,64,
Cho2017-full,fbcsp,svm,39,within,1,42,0.050000000000000044,0.525,160,40,64,
Cho2017-full,fbcsp,decision_tree,39,within,1,42,0.050000000000000044,0.525,160,40,64,
Cho2017-full,fbcsp,random_forest,39,within,1,42,0.09999999999999998,0.55,160,40,64,
Cho2017-full,fbcsp,lda,39,within,2,42,-0.1499999999999999,0.425,160,40,64,
Cho2017-full,fbcsp,svm,39,within,2,42,-0.19999999999999996,0.4,160,40,64,
Cho2017-full,fbcsp,decision_tree,39,within,2,42,0.09999999999999998,0.55,160,40,64,
Cho2017-full,fbcsp,random_forest,39,within,2,42,-0.19999999999999996,0.4,160,40,64,
Cho2017-full,fbcsp,lda,39,within,3,42,-0.050000000000000044,0.475,160,40,64,
Cho2017-full,fbcsp,svm,39,within,3,42,0.050000000000000044,0.525,160,40,64,
Cho2017-full,fbcsp,decision_tree,39,within,3,42,0.25,0.625,160,40,64,
Cho2017-full,fbcsp,random_forest,39,within,3,42,-0.050000000000000044,0.475,160,40,64,
Cho2017-full,fbcsp,lda,39,within,4,42,0.050000000000000044,0.525,160,40,64,
Cho2017-full,fbcsp,svm,39,within,4,42,0.09999999999999998,0.55,160,40,64,
Cho2017-full,fbcsp,decision_tree,39,within,4,42,-0.050000000000000044,0.475,160,40,64,
Cho2017-full,fbcsp,random_forest,39,within,4,42,-0.050000000000000044,0.475,160,40,64,
Cho2017-full,fbcsp,lda,40,within,0,42,0.15000000000000002,0.575,160,40,64,
Cho2017-full,fbcsp,svm,40,within,0,42,-0.1499999999999999,0.425,160,40,64,
Cho2017-full,fbcsp,decision_tree,40,within,0,42,0.050000000000000044,0.525,160,40,64,
Cho2017-full,fbcsp,random_forest,40,within,0,42,-0.1499999999999999,0.425,160,40,64,
Cho2017-full,fbcsp,lda,40,within,1,42,0.09999999999999998,0.55,160,40,64,
Cho2017-full,fbcsp,svm,40,within,1,42,0.09999999999999998,0.55,160,40,64,
Cho2017-full,fbcsp,decision_tree,40,within,1,42,-0.050000000000000044,0.475,160,40,64,
Cho2017-full,fbcsp,random_forest,40,within,1,42,0.0,0.5,160,40,64,
Cho2017-full,fbcsp,lda,40,within,2,42,0.0,0.5,160,40,64,
Cho2017-full,fbcsp,svm,40,within,2,42,0.09999999999999998,0.55,160,40,64,
Cho2017-full,fbcsp,decision_tree,40,within,2,42,0.15000000000000002,0.575,160,40,64,
Cho2017-full,fbcsp,random_forest,40,within,2,42,0.15000000000000002,0.575,160,40,64,
Cho2017-full,fbcsp,lda,40,within,3,42,-0.10000000000000009,0.45,160,40,64,
Cho2017-full,fbcsp,svm,40,within,3,42,-0.050000000000000044,0.475,160,40,64,
Cho2017-full,fbcsp,decision_tree,40,within,3,42,0.0,0.5,160,40,64,
Cho2017-full,fbcsp,random_forest,40,within,3,42,0.0,0.5,160,40,64,
Cho2017-full,fbcsp,lda,40,within,4,42,0.050000000000000044,0.525,160,40,64,
Cho2017-full,fbcsp,svm,40,within,4,42,0.0,0.5,160,40,64,
Cho2017-full,fbcsp,decision_tree,40,within,4,42,0.050000000000000044,0.525,160,40,64,
Cho2017-full,fbcsp,random_forest,40,within,4,42,-0.050000000000000044,0.475,160,40,64,
Cho2017-full,fbcsp,lda,41,within,0,42,0.19999999999999996,0.6,160,40,64,
Cho2017-full,fbcsp,svm,41,within,0,42,0.25,0.625,160,40,64,
Cho2017-full,fbcsp,decision_tree,41,within,0,42,0.19999999999999996,0.6,160,40,64,
Cho2017-full,fbcsp,random_forest,41,within,0,42,0.15000000000000002,0.575,160,40,64,
Cho2017-full,fbcsp,lda,41,within,1,42,0.19999999999999996,0.6,160,40,64,
Cho2017-full,fbcsp,svm,41,within,1,42,0.050000000000000044,0.525,160,40,64,
Cho2017-full,fbcsp,decision_tree,41,within,1,42,-0.1499999999999999,0.425,160,40,64,
Cho2017-full,fbcsp,random_forest,41,within,1,42,0.050000000000000044,0.525,160,40,64,
Cho2017-full,fbcsp,lda,41,within,2,42,0.44999999999999996,0.725,160,40,64,
Cho2017-full,fbcsp,svm,41,within,2,42,0.30000000000000004,0.65,160,40,64,
Cho2017-full,fbcsp,decision_tree,41,within,2,42,0.0,0.5,160,40,64,
Cho2017-full,fbcsp,random_forest,41,within,2,42,0.35,0.675,160,40,64,
Cho2017-full,fbcsp,lda,41,within,3,42,0.15000000000000002,0.575,160,40,64,
Cho2017-full,fbcsp,svm,41,within,3,42,0.09999999999999998,0.55,160,40,64,
Cho2017-full,fbcsp,decision_tree,41,within,3,42,-0.1499999999999999,0.425,160,40,64,
Cho2017-full,fbcsp,random_forest,41,within,3,42,-0.10000000000000009,0.45,160,40,64,
Cho2017-full,fbcsp,lda,41,within,4,42,0.5,0.75,160,40,64,
Cho2017-full,fbcsp,svm,41,within,4,42,0.35,0.675,160,40,64,
Cho2017-full,fbcsp,decision_tree,41,within,4,42,0.050000000000000044,0.525,160,40,64,
Cho2017-full,fbcsp,random_forest,41,within,4,42,0.4,0.7,160,40,64,
Cho2017-full,fbcsp,lda,42,within,0,42,0.15000000000000002,0.575,160,40,64,
Cho2017-full,fbcsp,svm,42,within,0,42,0.15000000000000002,0.575,160,40,64,
Cho2017-full,fbcsp,decision_tree,42,within,0,42,-0.1499999999999999,0.425,160,40,64,
Cho2017-full,fbcsp,random_forest,42,within,0,42,0.19999999999999996,0.6,160,40,64,
Cho2017-full,fbcsp,lda,42,within,1,42,0.44999999999999996,0.725,160,40,64,
Cho2017-full,fbcsp,svm,42,within,1,42,0.4,0.7,160,40,64,
Cho2017-full,fbcsp,decision_tree,42,within,1,42,0.050000000000000044,0.525,160,40,64,
Cho2017-full,fbcsp,random_forest,42,within,1,42,0.15000000000000002,0.575,160,40,64,
Cho2017-full,fbcsp,lda,42,within,2,42,0.0,0.5,160,40,64,
Cho2017-full,fbcsp,svm,42,within,2,42,-0.050000000000000044,0.475,160,40,64,
Cho2017-full,fbcsp,decision_tree,42,within,2,42,0.0,0.5,160,40,64,
Cho2017-full,fbcsp,random_forest,42,within,2,42,0.050000000000000044,0.525,160,40,64,
Cho2017-full,fbcsp,lda,42,within,3,42,-0.050000000000000044,0.475,160,40,64,
Cho2017-full,fbcsp,svm,42,within,3,42,0.0,0.5,160,40,64,
Cho2017-full,fbcsp,decision_tree,42,within,3,42,0.19999999999999996,0.6,160,40,64,
Cho2017-full,fbcsp,random_forest,42,within,3,42,0.09999999999999998,0.55,160,40,64,
Cho2017-full,fbcsp,lda,42,within,4,42,0.050000000000000044,0.525,160,40,64,
Cho2017-full,fbcsp,svm,42,within,4,42,0.050000000000000044,0.525,160,40,64,
Cho2017-full,fbcsp,decision_tree,42,within,4,42,0.15000000000000002,0.575,160,40,64,
Cho2017-full,fbcsp,random_forest,42,within,4,42,-0.10000000000000009,0.45,160,40,64,
Cho2017-full,fbcsp,lda,43,within,0,42,0.85,0.925,160,40,64,
Cho2017-full,fbcsp,svm,43,within,0,42,0.8,0.9,160,40,64,
Cho2017-full,fbcsp,decision_tree,43,within,0,42,0.15000000000000002,0.575,160,40,64,
Cho2017-full,fbcsp,random_forest,43,within,0,42,0.6,0.8,160,40,64,
Cho2017-full,fbcsp,lda,43,within,1,42,0.65,0.825,160,40,64,
Cho2017-full,fbcsp,svm,43,within,1,42,0.8,0.9,160,40,64,
Cho2017-full,fbcsp,decision_tree,43,within,1,42,0.44999999999999996,0.725,160,40,64,
Cho2017-full,fbcsp,random_forest,43,within,1,42,0.7,0.85,160,40,64,
Cho2017-full,fbcsp,lda,43,within,2,42,0.6,0.8,160,40,64,
Cho2017-full,fbcsp,svm,43,within,2,42,0.65,0.825,160,40,64,
Cho2017-full,fbcsp,decision_tree,43,within,2,42,0.19999999999999996,0.6,160,40,64,
Cho2017-full,fbcsp,random_forest,43,within,2,42,0.65,0.825,160,40,64,
Cho2017-full,fbcsp,lda,43,within,3,42,0.9,0.95,160,40,64,
Cho2017-full,fbcsp,svm,43,within,3,42,0.7,0.85,160,40,64,
Cho2017-full,fbcsp,decision_tree,43,within,3,42,0.30000000000000004,0.65,160,40,64,
Cho2017-full,fbcsp,random_forest,43,within,3,42,0.65,0.825,160,40,64,
Cho2017-full,fbcsp,lda,43,within,4,42,0.8,0.9,160,40,64,
Cho2017-full,fbcsp,svm,43,within,4,42,0.85,0.925,160,40,64,
Cho2017-full,fbcsp,decision_tree,43,within,4,42,0.4,0.7,160,40,64,
Cho2017-full,fbcsp,random_forest,43,within,4,42,0.8,0.9,160,40,64,
Cho2017-full,fbcsp,lda,44,within,0,42,0.25,0.625,160,40,64,
Cho2017-full,fbcsp,svm,44,within,0,42,0.25,0.625,160,40,64,
Cho2017-full,fbcsp,decision_tree,44,within,0,42,0.0,0.5,160,40,64,
Cho2017-full,fbcsp,random_forest,44,within,0,42,0.25,0.625,160,40,64,
Cho2017-full,fbcsp,lda,44,within,1,42,0.050000000000000044,0.525,160,40,64,
Cho2017-full,fbcsp,svm,44,within,1,42,0.25,0.625,160,40,64,
Cho2017-full,fbcsp,decision_tree,44,within,1,42,-0.050000000000000044,0.475,160,40,64,
Cho2017-full,fbcsp,random_forest,44,within,1,42,0.09999999999999998,0.55,160,40,64,
Cho2017-full,fbcsp,lda,44,within,2,42,0.0,0.5,160,40,64,
Cho2017-full,fbcsp,svm,44,within,2,42,0.0,0.5,160,40,64,
Cho2017-full,fbcsp,decision_tree,44,within,2,42,0.050000000000000044,0.525,160,40,64,
Cho2017-full,fbcsp,random_forest,44,within,2,42,-0.050000000000000044,0.475,160,40,64,
Cho2017-full,fbcsp,lda,44,within,3,42,0.5,0.75,160,40,64,
Cho2017-full,fbcsp,svm,44,within,3,42,0.5,0.75,160,40,64,
Cho2017-full,fbcsp,decision_tree,44,within,3,42,0.0,0.5,160,40,64,
Cho2017-full,fbcsp,random_forest,44,within,3,42,0.30000000000000004,0.65,160,40,64,
Cho2017-full,fbcsp,lda,44,within,4,42,0.19999999999999996,0.6,160,40,64,
Cho2017-full,fbcsp,svm,44,within,4,42,0.15000000000000002,0.575,160,40,64,
Cho2017-full,fbcsp,decision_tree,44,within,4,42,0.050000000000000044,0.525,160,40,64,
Cho2017-full,fbcsp,random_forest,44,within,4,42,0.19999999999999996,0.6,160,40,64,
Cho2017-full,fbcsp,lda,45,within,0,42,-0.050000000000000044,0.475,160,40,64,
Cho2017-full,fbcsp,svm,45,within,0,42,0.15000000000000002,0.575,160,40,64,
Cho2017-full,fbcsp,decision_tree,45,within,0,42,0.15000000000000002,0.575,160,40,64,
Cho2017-full,fbcsp,random_forest,45,within,0,42,0.25,0.625,160,40,64,
Cho2017-full,fbcsp,lda,45,within,1,42,0.44999999999999996,0.725,160,40,64,
Cho2017-full,fbcsp,svm,45,within,1,42,0.050000000000000044,0.525,160,40,64,
Cho2017-full,fbcsp,decision_tree,45,within,1,42,-0.050000000000000044,0.475,160,40,64,
Cho2017-full,fbcsp,random_forest,45,within,1,42,0.19999999999999996,0.6,160,40,64,
Cho2017-full,fbcsp,lda,45,within,2,42,-0.050000000000000044,0.475,160,40,64,
Cho2017-full,fbcsp,svm,45,within,2,42,-0.050000000000000044,0.475,160,40,64,
Cho2017-full,fbcsp,decision_tree,45,within,2,42,-0.1499999999999999,0.425,160,40,64,
Cho2017-full,fbcsp,random_forest,45,within,2,42,0.050000000000000044,0.525,160,40,64,
Cho2017-full,fbcsp,lda,45,within,3,42,0.19999999999999996,0.6,160,40,64,
Cho2017-full,fbcsp,svm,45,within,3,42,-0.050000000000000044,0.475,160,40,64,
Cho2017-full,fbcsp,decision_tree,45,within,3,42,0.09999999999999998,0.55,160,40,64,
Cho2017-full,fbcsp,random_forest,45,within,3,42,0.15000000000000002,0.575,160,40,64,
Cho2017-full,fbcsp,lda,45,within,4,42,0.09999999999999998,0.55,160,40,64,
Cho2017-full,fbcsp,svm,45,within,4,42,0.15000000000000002,0.575,160,40,64,
Cho2017-full,fbcsp,decision_tree,45,within,4,42,-0.10000000000000009,0.45,160,40,64,
Cho2017-full,fbcsp,random_forest,45,within,4,42,0.050000000000000044,0.525,160,40,64,
Cho2017-full,fbcsp,lda,46,within,0,42,0.5,0.75,192,48,64,
Cho2017-full,fbcsp,svm,46,within,0,42,0.5833333333333333,0.7916666666666666,192,48,64,
Cho2017-full,fbcsp,decision_tree,46,within,0,42,0.41666666666666663,0.7083333333333334,192,48,64,
Cho2017-full,fbcsp,random_forest,46,within,0,42,0.41666666666666663,0.7083333333333334,192,48,64,
Cho2017-full,fbcsp,lda,46,within,1,42,0.41666666666666663,0.7083333333333334,192,48,64,
Cho2017-full,fbcsp,svm,46,within,1,42,0.29166666666666663,0.6458333333333334,192,48,64,
Cho2017-full,fbcsp,decision_tree,46,within,1,42,0.08333333333333337,0.5416666666666666,192,48,64,
Cho2017-full,fbcsp,random_forest,46,within,1,42,0.125,0.5625,192,48,64,
Cho2017-full,fbcsp,lda,46,within,2,42,0.45833333333333337,0.7291666666666666,192,48,64,
Cho2017-full,fbcsp,svm,46,within,2,42,0.41666666666666663,0.7083333333333334,192,48,64,
Cho2017-full,fbcsp,decision_tree,46,within,2,42,0.20833333333333337,0.6041666666666666,192,48,64,
Cho2017-full,fbcsp,random_forest,46,within,2,42,0.41666666666666663,0.7083333333333334,192,48,64,
Cho2017-full,fbcsp,lda,46,within,3,42,0.375,0.6875,192,48,64,
Cho2017-full,fbcsp,svm,46,within,3,42,0.41666666666666663,0.7083333333333334,192,48,64,
Cho2017-full,fbcsp,decision_tree,46,within,3,42,0.16666666666666663,0.5833333333333334,192,48,64,
Cho2017-full,fbcsp,random_forest,46,within,3,42,0.33333333333333337,0.6666666666666666,192,48,64,
Cho2017-full,fbcsp,lda,46,within,4,42,0.33333333333333337,0.6666666666666666,192,48,64,
Cho2017-full,fbcsp,svm,46,within,4,42,0.29166666666666663,0.6458333333333334,192,48,64,
Cho2017-full,fbcsp,decision_tree,46,within,4,42,0.16666666666666663,0.5833333333333334,192,48,64,
Cho2017-full,fbcsp,random_forest,46,within,4,42,0.25,0.625,192,48,64,
Cho2017-full,fbcsp,lda,47,within,0,42,-0.1499999999999999,0.425,160,40,64,
Cho2017-full,fbcsp,svm,47,within,0,42,0.09999999999999998,0.55,160,40,64,
Cho2017-full,fbcsp,decision_tree,47,within,0,42,0.19999999999999996,0.6,160,40,64,
Cho2017-full,fbcsp,random_forest,47,within,0,42,0.09999999999999998,0.55,160,40,64,
Cho2017-full,fbcsp,lda,47,within,1,42,0.050000000000000044,0.525,160,40,64,
Cho2017-full,fbcsp,svm,47,within,1,42,0.09999999999999998,0.55,160,40,64,
Cho2017-full,fbcsp,decision_tree,47,within,1,42,-0.25,0.375,160,40,64,
Cho2017-full,fbcsp,random_forest,47,within,1,42,0.050000000000000044,0.525,160,40,64,
Cho2017-full,fbcsp,lda,47,within,2,42,0.15000000000000002,0.575,160,40,64,
Cho2017-full,fbcsp,svm,47,within,2,42,0.19999999999999996,0.6,160,40,64,
Cho2017-full,fbcsp,decision_tree,47,within,2,42,0.15000000000000002,0.575,160,40,64,
Cho2017-full,fbcsp,random_forest,47,within,2,42,0.09999999999999998,0.55,160,40,64,
Cho2017-full,fbcsp,lda,47,within,3,42,0.25,0.625,160,40,64,
Cho2017-full,fbcsp,svm,47,within,3,42,0.15000000000000002,0.575,160,40,64,
Cho2017-full,fbcsp,decision_tree,47,within,3,42,0.35,0.675,160,40,64,
Cho2017-full,fbcsp,random_forest,47,within,3,42,0.19999999999999996,0.6,160,40,64,
Cho2017-full,fbcsp,lda,47,within,4,42,0.19999999999999996,0.6,160,40,64,
Cho2017-full,fbcsp,svm,47,within,4,42,0.09999999999999998,0.55,160,40,64,
Cho2017-full,fbcsp,decision_tree,47,within,4,42,0.09999999999999998,0.55,160,40,64,
Cho2017-full,fbcsp,random_forest,47,within,4,42,0.15000000000000002,0.575,160,40,64,
Cho2017-full,fbcsp,lda,48,within,0,42,0.4,0.7,160,40,64,
Cho2017-full,fbcsp,svm,48,within,0,42,0.44999999999999996,0.725,160,40,64,
Cho2017-full,fbcsp,decision_tree,48,within,0,42,-0.050000000000000044,0.475,160,40,64,
Cho2017-full,fbcsp,random_forest,48,within,0,42,0.35,0.675,160,40,64,
Cho2017-full,fbcsp,lda,48,within,1,42,0.65,0.825,160,40,64,
Cho2017-full,fbcsp,svm,48,within,1,42,0.5,0.75,160,40,64,
Cho2017-full,fbcsp,decision_tree,48,within,1,42,0.30000000000000004,0.65,160,40,64,
Cho2017-full,fbcsp,random_forest,48,within,1,42,0.5,0.75,160,40,64,
Cho2017-full,fbcsp,lda,48,within,2,42,0.5,0.75,160,40,64,
Cho2017-full,fbcsp,svm,48,within,2,42,0.35,0.675,160,40,64,
Cho2017-full,fbcsp,decision_tree,48,within,2,42,0.09999999999999998,0.55,160,40,64,
Cho2017-full,fbcsp,random_forest,48,within,2,42,0.4,0.7,160,40,64,
Cho2017-full,fbcsp,lda,48,within,3,42,0.5,0.75,160,40,64,
Cho2017-full,fbcsp,svm,48,within,3,42,0.4,0.7,160,40,64,
Cho2017-full,fbcsp,decision_tree,48,within,3,42,0.25,0.625,160,40,64,
Cho2017-full,fbcsp,random_forest,48,within,3,42,0.5,0.75,160,40,64,
Cho2017-full,fbcsp,lda,48,within,4,42,0.4,0.7,160,40,64,
Cho2017-full,fbcsp,svm,48,within,4,42,0.15000000000000002,0.575,160,40,64,
Cho2017-full,fbcsp,decision_tree,48,within,4,42,-0.25,0.375,160,40,64,
Cho2017-full,fbcsp,random_forest,48,within,4,42,0.4,0.7,160,40,64,
Cho2017-full,fbcsp,lda,49,within,0,42,0.55,0.775,160,40,64,
Cho2017-full,fbcsp,svm,49,within,0,42,0.5,0.75,160,40,64,
Cho2017-full,fbcsp,decision_tree,49,within,0,42,0.09999999999999998,0.55,160,40,64,
Cho2017-full,fbcsp,random_forest,49,within,0,42,0.30000000000000004,0.65,160,40,64,
Cho2017-full,fbcsp,lda,49,within,1,42,0.44999999999999996,0.725,160,40,64,
Cho2017-full,fbcsp,svm,49,within,1,42,0.4,0.7,160,40,64,
Cho2017-full,fbcsp,decision_tree,49,within,1,42,0.050000000000000044,0.525,160,40,64,
Cho2017-full,fbcsp,random_forest,49,within,1,42,0.25,0.625,160,40,64,
Cho2017-full,fbcsp,lda,49,within,2,42,0.25,0.625,160,40,64,
Cho2017-full,fbcsp,svm,49,within,2,42,0.30000000000000004,0.65,160,40,64,
Cho2017-full,fbcsp,decision_tree,49,within,2,42,-0.10000000000000009,0.45,160,40,64,
Cho2017-full,fbcsp,random_forest,49,within,2,42,0.15000000000000002,0.575,160,40,64,
Cho2017-full,fbcsp,lda,49,within,3,42,0.5,0.75,160,40,64,
Cho2017-full,fbcsp,svm,49,within,3,42,0.6,0.8,160,40,64,
Cho2017-full,fbcsp,decision_tree,49,within,3,42,-0.050000000000000044,0.475,160,40,64,
Cho2017-full,fbcsp,random_forest,49,within,3,42,0.19999999999999996,0.6,160,40,64,
Cho2017-full,fbcsp,lda,49,within,4,42,0.5,0.75,160,40,64,
Cho2017-full,fbcsp,svm,49,within,4,42,0.55,0.775,160,40,64,
Cho2017-full,fbcsp,decision_tree,49,within,4,42,-0.10000000000000009,0.45,160,40,64,
Cho2017-full,fbcsp,random_forest,49,within,4,42,0.4,0.7,160,40,64,
Cho2017-full,fbcsp,lda,50,within,0,42,0.5,0.75,160,40,64,
Cho2017-full,fbcsp,svm,50,within,0,42,0.6,0.8,160,40,64,
Cho2017-full,fbcsp,decision_tree,50,within,0,42,-0.050000000000000044,0.475,160,40,64,
Cho2017-full,fbcsp,random_forest,50,within,0,42,0.65,0.825,160,40,64,
Cho2017-full,fbcsp,lda,50,within,1,42,0.55,0.775,160,40,64,
Cho2017-full,fbcsp,svm,50,within,1,42,0.5,0.75,160,40,64,
Cho2017-full,fbcsp,decision_tree,50,within,1,42,-0.19999999999999996,0.4,160,40,64,
Cho2017-full,fbcsp,random_forest,50,within,1,42,0.44999999999999996,0.725,160,40,64,
Cho2017-full,fbcsp,lda,50,within,2,42,0.65,0.825,160,40,64,
Cho2017-full,fbcsp,svm,50,within,2,42,0.4,0.7,160,40,64,
Cho2017-full,fbcsp,decision_tree,50,within,2,42,0.15000000000000002,0.575,160,40,64,
Cho2017-full,fbcsp,random_forest,50,within,2,42,0.55,0.775,160,40,64,
Cho2017-full,fbcsp,lda,50,within,3,42,0.30000000000000004,0.65,160,40,64,
Cho2017-full,fbcsp,svm,50,within,3,42,0.35,0.675,160,40,64,
Cho2017-full,fbcsp,decision_tree,50,within,3,42,-0.050000000000000044,0.475,160,40,64,
Cho2017-full,fbcsp,random_forest,50,within,3,42,0.35,0.675,160,40,64,
Cho2017-full,fbcsp,lda,50,within,4,42,0.7,0.85,160,40,64,
Cho2017-full,fbcsp,svm,50,within,4,42,0.6,0.8,160,40,64,
Cho2017-full,fbcsp,decision_tree,50,within,4,42,0.4,0.7,160,40,64,
Cho2017-full,fbcsp,random_forest,50,within,4,42,0.6,0.8,160,40,64,
Cho2017-full,fbcsp,lda,51,within,0,42,0.0,0.5,160,40,64,
Cho2017-full,fbcsp,svm,51,within,0,42,-0.050000000000000044,0.475,160,40,64,
Cho2017-full,fbcsp,decision_tree,51,within,0,42,-0.3500000000000001,0.325,160,40,64,
Cho2017-full,fbcsp,random_forest,51,within,0,42,-0.25,0.375,160,40,64,
Cho2017-full,fbcsp,lda,51,within,1,42,0.35,0.675,160,40,64,
Cho2017-full,fbcsp,svm,51,within,1,42,0.19999999999999996,0.6,160,40,64,
Cho2017-full,fbcsp,decision_tree,51,within,1,42,-0.10000000000000009,0.45,160,40,64,
Cho2017-full,fbcsp,random_forest,51,within,1,42,0.19999999999999996,0.6,160,40,64,
Cho2017-full,fbcsp,lda,51,within,2,42,-0.10000000000000009,0.45,160,40,64,
Cho2017-full,fbcsp,svm,51,within,2,42,-0.050000000000000044,0.475,160,40,64,
Cho2017-full,fbcsp,decision_tree,51,within,2,42,-0.050000000000000044,0.475,160,40,64,
Cho2017-full,fbcsp,random_forest,51,within,2,42,-0.10000000000000009,0.45,160,40,64,
Cho2017-full,fbcsp,lda,51,within,3,42,-0.1499999999999999,0.425,160,40,64,
Cho2017-full,fbcsp,svm,51,within,3,42,-0.10000000000000009,0.45,160,40,64,
Cho2017-full,fbcsp,decision_tree,51,within,3,42,-0.19999999999999996,0.4,160,40,64,
Cho2017-full,fbcsp,random_forest,51,within,3,42,-0.25,0.375,160,40,64,
Cho2017-full,fbcsp,lda,51,within,4,42,-0.1499999999999999,0.425,160,40,64,
Cho2017-full,fbcsp,svm,51,within,4,42,-0.1499999999999999,0.425,160,40,64,
Cho2017-full,fbcsp,decision_tree,51,within,4,42,0.19999999999999996,0.6,160,40,64,
Cho2017-full,fbcsp,random_forest,51,within,4,42,-0.050000000000000044,0.475,160,40,64,
Cho2017-full,fbcsp,lda,52,within,0,42,0.35,0.675,160,40,64,
Cho2017-full,fbcsp,svm,52,within,0,42,0.6,0.8,160,40,64,
Cho2017-full,fbcsp,decision_tree,52,within,0,42,0.050000000000000044,0.525,160,40,64,
Cho2017-full,fbcsp,random_forest,52,within,0,42,0.25,0.625,160,40,64,
Cho2017-full,fbcsp,lda,52,within,1,42,0.35,0.675,160,40,64,
Cho2017-full,fbcsp,svm,52,within,1,42,0.25,0.625,160,40,64,
Cho2017-full,fbcsp,decision_tree,52,within,1,42,0.050000000000000044,0.525,160,40,64,
Cho2017-full,fbcsp,random_forest,52,within,1,42,0.19999999999999996,0.6,160,40,64,
Cho2017-full,fbcsp,lda,52,within,2,42,0.0,0.5,160,40,64,
Cho2017-full,fbcsp,svm,52,within,2,42,0.09999999999999998,0.55,160,40,64,
Cho2017-full,fbcsp,decision_tree,52,within,2,42,-0.1499999999999999,0.425,160,40,64,
Cho2017-full,fbcsp,random_forest,52,within,2,42,-0.050000000000000044,0.475,160,40,64,
Cho2017-full,fbcsp,lda,52,within,3,42,0.30000000000000004,0.65,160,40,64,
Cho2017-full,fbcsp,svm,52,within,3,42,0.35,0.675,160,40,64,
Cho2017-full,fbcsp,decision_tree,52,within,3,42,0.15000000000000002,0.575,160,40,64,
Cho2017-full,fbcsp,random_forest,52,within,3,42,-0.10000000000000009,0.45,160,40,64,
Cho2017-full,fbcsp,lda,52,within,4,42,0.5,0.75,160,40,64,
Cho2017-full,fbcsp,svm,52,within,4,42,0.35,0.675,160,40,64,
Cho2017-full,fbcsp,decision_tree,52,within,4,42,-0.050000000000000044,0.475,160,40,64,
Cho2017-full,fbcsp,random_forest,52,within,4,42,0.0,0.5,160,40,64,
Cho2017-3ch,fbcsp,lda,1,within,0,42,0.44999999999999996,0.725,160,40,3,
Cho2017-3ch,fbcsp,svm,1,within,0,42,0.6,0.8,160,40,3,
Cho2017-3ch,fbcsp,decision_tree,1,within,0,42,0.25,0.625,160,40,3,
Cho2017-3ch,fbcsp,random_forest,1,within,0,42,0.5,0.75,160,40,3,
Cho2017-3ch,fbcsp,lda,1,within,1,42,0.25,0.625,160,40,3,
Cho2017-3ch,fbcsp,svm,1,within,1,42,0.19999999999999996,0.6,160,40,3,
Cho2017-3ch,fbcsp,decision_tree,1,within,1,42,0.15000000000000002,0.575,160,40,3,
Cho2017-3ch,fbcsp,random_forest,1,within,1,42,0.44999999999999996,0.725,160,40,3,
Cho2017-3ch,fbcsp,lda,1,within,2,42,0.44999999999999996,0.725,160,40,3,
Cho2017-3ch,fbcsp,svm,1,within,2,42,0.5,0.75,160,40,3,
Cho2017-3ch,fbcsp,decision_tree,1,within,2,42,0.30000000000000004,0.65,160,40,3,
Cho2017-3ch,fbcsp,random_forest,1,within,2,42,0.55,0.775,160,40,3,
Cho2017-3ch,fbcsp,lda,1,within,3,42,0.5,0.75,160,40,3,
Cho2017-3ch,fbcsp,svm,1,within,3,42,0.7,0.85,160,40,3,
Cho2017-3ch,fbcsp,decision_tree,1,within,3,42,0.5,0.75,160,40,3,
Cho2017-3ch,fbcsp,random_forest,1,within,3,42,0.65,0.825,160,40,3,
Cho2017-3ch,fbcsp,lda,1,within,4,42,0.30000000000000004,0.65,160,40,3,
Cho2017-3ch,fbcsp,svm,1,within,4,42,0.19999999999999996,0.6,160,40,3,
Cho2017-3ch,fbcsp,decision_tree,1,within,4,42,0.19999999999999996,0.6,160,40,3,
Cho2017-3ch,fbcsp,random_forest,1,within,4,42,0.4,0.7,160,40,3,
Cho2017-3ch,fbcsp,lda,2,within,0,42,-0.3500000000000001,0.325,160,40,3,
Cho2017-3ch,fbcsp,svm,2,within,0,42,-0.3500000000000001,0.325,160,40,3,
Cho2017-3ch,fbcsp,decision_tree,2,within,0,42,0.050000000000000044,0.525,160,40,3,
Cho2017-3ch,fbcsp,random_forest,2,within,0,42,-0.30000000000000004,0.35,160,40,3,
Cho2017-3ch,fbcsp,lda,2,within,1,42,-0.30000000000000004,0.35,160,40,3,
Cho2017-3ch,fbcsp,svm,2,within,1,42,-0.1499999999999999,0.425,160,40,3,
Cho2017-3ch,fbcsp,decision_tree,2,within,1,42,-0.30000000000000004,0.35,160,40,3,
Cho2017-3ch,fbcsp,random_forest,2,within,1,42,-0.19999999999999996,0.4,160,40,3,
Cho2017-3ch,fbcsp,lda,2,within,2,42,-0.19999999999999996,0.4,160,40,3,
Cho2017-3ch,fbcsp,svm,2,within,2,42,0.050000000000000044,0.525,160,40,3,
Cho2017-3ch,fbcsp,decision_tree,2,within,2,42,0.0,0.5,160,40,3,
Cho2017-3ch,fbcsp,random_forest,2,within,2,42,-0.10000000000000009,0.45,160,40,3,
Cho2017-3ch,fbcsp,lda,2,within,3,42,-0.10000000000000009,0.45,160,40,3,
Cho2017-3ch,fbcsp,svm,2,within,3,42,-0.30000000000000004,0.35,160,40,3,
Cho2017-3ch,fbcsp,decision_tree,2,within,3,42,0.050000000000000044,0.525,160,40,3,
Cho2017-3ch,fbcsp,random_forest,2,within,3,42,-0.19999999999999996,0.4,160,40,3,
Cho2017-3ch,fbcsp,lda,2,within,4,42,0.09999999999999998,0.55,160,40,3,
Cho2017-3ch,fbcsp,svm,2,within,4,42,-0.1499999999999999,0.425,160,40,3,
Cho2017-3ch,fbcsp,decision_tree,2,within,4,42,0.0,0.5,160,40,3,
Cho2017-3ch,fbcsp,random_forest,2,within,4,42,-0.25,0.375,160,40,3,
Cho2017-3ch,fbcsp,lda,3,within,0,42,0.8,0.9,160,40,3,
Cho2017-3ch,fbcsp,svm,3,within,0,42,0.55,0.775,160,40,3,
Cho2017-3ch,fbcsp,decision_tree,3,within,0,42,0.30000000000000004,0.65,160,40,3,
Cho2017-3ch,fbcsp,random_forest,3,within,0,42,0.7,0.85,160,40,3,
Cho2017-3ch,fbcsp,lda,3,within,1,42,0.4,0.7,160,40,3,
Cho2017-3ch,fbcsp,svm,3,within,1,42,0.65,0.825,160,40,3,
Cho2017-3ch,fbcsp,decision_tree,3,within,1,42,0.5,0.75,160,40,3,
Cho2017-3ch,fbcsp,random_forest,3,within,1,42,0.6,0.8,160,40,3,
Cho2017-3ch,fbcsp,lda,3,within,2,42,0.65,0.825,160,40,3,
Cho2017-3ch,fbcsp,svm,3,within,2,42,0.5,0.75,160,40,3,
Cho2017-3ch,fbcsp,decision_tree,3,within,2,42,0.44999999999999996,0.725,160,40,3,
Cho2017-3ch,fbcsp,random_forest,3,within,2,42,0.5,0.75,160,40,3,
Cho2017-3ch,fbcsp,lda,3,within,3,42,0.65,0.825,160,40,3,
Cho2017-3ch,fbcsp,svm,3,within,3,42,0.8,0.9,160,40,3,
Cho2017-3ch,fbcsp,decision_tree,3,within,3,42,0.4,0.7,160,40,3,
Cho2017-3ch,fbcsp,random_forest,3,within,3,42,0.6,0.8,160,40,3,
Cho2017-3ch,fbcsp,lda,3,within,4,42,0.6,0.8,160,40,3,
Cho2017-3ch,fbcsp,svm,3,within,4,42,0.44999999999999996,0.725,160,40,3,
Cho2017-3ch,fbcsp,decision_tree,3,within,4,42,0.30000000000000004,0.65,160,40,3,
Cho2017-3ch,fbcsp,random_forest,3,within,4,42,0.7,0.85,160,40,3,
Cho2017-3ch,fbcsp,lda,4,within,0,42,0.25,0.625,160,40,3,
Cho2017-3ch,fbcsp,svm,4,within,0,42,0.25,0.625,160,40,3,
Cho2017-3ch,fbcsp,decision_tree,4,within,0,42,-0.19999999999999996,0.4,160,40,3,
Cho2017-3ch,fbcsp,random_forest,4,within,0,42,0.25,0.625,160,40,3,
Cho2017-3ch,fbcsp,lda,4,within,1,42,0.7,0.85,160,40,3,
Cho2017-3ch,fbcsp,svm,4,within,1,42,0.6,0.8,160,40,3,
Cho2017-3ch,fbcsp,decision_tree,4,within,1,42,0.6,0.8,160,40,3,
Cho2017-3ch,fbcsp,random_forest,4,within,1,42,0.7,0.85,160,40,3,
Cho2017-3ch,fbcsp,lda,4,within,2,42,0.7,0.85,160,40,3,
Cho2017-3ch,fbcsp,svm,4,within,2,42,0.55,0.775,160,40,3,
Cho2017-3ch,fbcsp,decision_tree,4,within,2,42,0.35,0.675,160,40,3,
Cho2017-3ch,fbcsp,random_forest,4,within,2,42,0.6,0.8,160,40,3,
Cho2017-3ch,fbcsp,lda,4,within,3,42,0.44999999999999996,0.725,160,40,3,
Cho2017-3ch,fbcsp,svm,4,within,3,42,0.55,0.775,160,40,3,
Cho2017-3ch,fbcsp,decision_tree,4,within,3,42,0.35,0.675,160,40,3,
Cho2017-3ch,fbcsp,random_forest,4,within,3,42,0.6,0.8,160,40,3,
Cho2017-3ch,fbcsp,lda,4,within,4,42,0.44999999999999996,0.725,160,40,3,
Cho2017-3ch,fbcsp,svm,4,within,4,42,0.44999999999999996,0.725,160,40,3,
Cho2017-3ch,fbcsp,decision_tree,4,within,4,42,0.5,0.75,160,40,3,
Cho2017-3ch,fbcsp,random_forest,4,within,4,42,0.44999999999999996,0.725,160,40,3,
Cho2017-3ch,fbcsp,lda,5,within,0,42,-0.19999999999999996,0.4,160,40,3,
Cho2017-3ch,fbcsp,svm,5,within,0,42,-0.19999999999999996,0.4,160,40,3,
Cho2017-3ch,fbcsp,decision_tree,5,within,0,42,0.09999999999999998,0.55,160,40,3,
Cho2017-3ch,fbcsp,random_forest,5,within,0,42,-0.1499999999999999,0.425,160,40,3,
Cho2017-3ch,fbcsp,lda,5,within,1,42,0.35,0.675,160,40,3,
Cho2017-3ch,fbcsp,svm,5,within,1,42,0.30000000000000004,0.65,160,40,3,
Cho2017-3ch,fbcsp,decision_tree,5,within,1,42,0.0,0.5,160,40,3,
Cho2017-3ch,fbcsp,random_forest,5,within,1,42,0.050000000000000044,0.525,160,40,3,
Cho2017-3ch,fbcsp,lda,5,within,2,42,0.35,0.675,160,40,3,
Cho2017-3ch,fbcsp,svm,5,within,2,42,0.30000000000000004,0.65,160,40,3,
Cho2017-3ch,fbcsp,decision_tree,5,within,2,42,0.0,0.5,160,40,3,
Cho2017-3ch,fbcsp,random_forest,5,within,2,42,0.25,0.625,160,40,3,
Cho2017-3ch,fbcsp,lda,5,within,3,42,0.19999999999999996,0.6,160,40,3,
Cho2017-3ch,fbcsp,svm,5,within,3,42,0.09999999999999998,0.55,160,40,3,
Cho2017-3ch,fbcsp,decision_tree,5,within,3,42,-0.050000000000000044,0.475,160,40,3,
Cho2017-3ch,fbcsp,random_forest,5,within,3,42,-0.1499999999999999,0.425,160,40,3,
Cho2017-3ch,fbcsp,lda,5,within,4,42,0.050000000000000044,0.525,160,40,3,
Cho2017-3ch,fbcsp,svm,5,within,4,42,0.19999999999999996,0.6,160,40,3,
Cho2017-3ch,fbcsp,decision_tree,5,within,4,42,-0.19999999999999996,0.4,160,40,3,
Cho2017-3ch,fbcsp,random_forest,5,within,4,42,-0.050000000000000044,0.475,160,40,3,
Cho2017-3ch,fbcsp,lda,6,within,0,42,-0.10000000000000009,0.45,160,40,3,
Cho2017-3ch,fbcsp,svm,6,within,0,42,-0.050000000000000044,0.475,160,40,3,
Cho2017-3ch,fbcsp,decision_tree,6,within,0,42,0.050000000000000044,0.525,160,40,3,
Cho2017-3ch,fbcsp,random_forest,6,within,0,42,0.050000000000000044,0.525,160,40,3,
Cho2017-3ch,fbcsp,lda,6,within,1,42,0.5,0.75,160,40,3,
Cho2017-3ch,fbcsp,svm,6,within,1,42,0.30000000000000004,0.65,160,40,3,
Cho2017-3ch,fbcsp,decision_tree,6,within,1,42,0.25,0.625,160,40,3,
Cho2017-3ch,fbcsp,random_forest,6,within,1,42,0.44999999999999996,0.725,160,40,3,
Cho2017-3ch,fbcsp,lda,6,within,2,42,0.19999999999999996,0.6,160,40,3,
Cho2017-3ch,fbcsp,svm,6,within,2,42,0.19999999999999996,0.6,160,40,3,
Cho2017-3ch,fbcsp,decision_tree,6,within,2,42,-0.25,0.375,160,40,3,
Cho2017-3ch,fbcsp,random_forest,6,within,2,42,0.0,0.5,160,40,3,
Cho2017-3ch,fbcsp,lda,6,within,3,42,0.0,0.5,160,40,3,
Cho2017-3ch,fbcsp,svm,6,within,3,42,0.050000000000000044,0.525,160,40,3,
Cho2017-3ch,fbcsp,decision_tree,6,within,3,42,-0.19999999999999996,0.4,160,40,3,
Cho2017-3ch,fbcsp,random_forest,6,within,3,42,0.050000000000000044,0.525,160,40,3,
Cho2017-3ch,fbcsp,lda,6,within,4,42,0.35,0.675,160,40,3,
Cho2017-3ch,fbcsp,svm,6,within,4,42,0.4,0.7,160,40,3,
Cho2017-3ch,fbcsp,decision_tree,6,within,4,42,0.050000000000000044,0.525,160,40,3,
Cho2017-3ch,fbcsp,random_forest,6,within,4,42,0.09999999999999998,0.55,160,40,3,
Cho2017-3ch,fbcsp,lda,7,within,0,42,0.16666666666666663,0.5833333333333334,192,48,3,
Cho2017-3ch,fbcsp,svm,7,within,0,42,-0.125,0.4375,192,48,3,
Cho2017-3ch,fbcsp,decision_tree,7,within,0,42,0.16666666666666663,0.5833333333333334,192,48,3,
Cho2017-3ch,fbcsp,random_forest,7,within,0,42,0.04166666666666663,0.5208333333333334,192,48,3,
Cho2017-3ch,fbcsp,lda,7,within,1,42,-0.08333333333333326,0.4583333333333333,192,48,3,
Cho2017-3ch,fbcsp,svm,7,within,1,42,-0.25,0.375,192,48,3,
Cho2017-3ch,fbcsp,decision_tree,7,within,1,42,-0.20833333333333326,0.3958333333333333,192,48,3,
Cho2017-3ch,fbcsp,random_forest,7,within,1,42,-0.20833333333333326,0.3958333333333333,192,48,3,
Cho2017-3ch,fbcsp,lda,7,within,2,42,-0.08333333333333326,0.4583333333333333,192,48,3,
Cho2017-3ch,fbcsp,svm,7,within,2,42,0.0,0.5,192,48,3,
Cho2017-3ch,fbcsp,decision_tree,7,within,2,42,-0.16666666666666674,0.4166666666666667,192,48,3,
Cho2017-3ch,fbcsp,random_forest,7,within,2,42,0.08333333333333337,0.5416666666666666,192,48,3,
Cho2017-3ch,fbcsp,lda,7,within,3,42,0.04166666666666663,0.5208333333333334,192,48,3,
Cho2017-3ch,fbcsp,svm,7,within,3,42,0.16666666666666663,0.5833333333333334,192,48,3,
Cho2017-3ch,fbcsp,decision_tree,7,within,3,42,0.0,0.5,192,48,3,
Cho2017-3ch,fbcsp,random_forest,7,within,3,42,-0.08333333333333326,0.4583333333333333,192,48,3,
Cho2017-3ch,fbcsp,lda,7,within,4,42,0.04166666666666663,0.5208333333333334,192,48,3,
Cho2017-3ch,fbcsp,svm,7,within,4,42,0.0,0.5,192,48,3,
Cho2017-3ch,fbcsp,decision_tree,7,within,4,42,-0.08333333333333326,0.4583333333333333,192,48,3,
Cho2017-3ch,fbcsp,random_forest,7,within,4,42,-0.25,0.375,192,48,3,
Cho2017-3ch,fbcsp,lda,8,within,0,42,0.0,0.5,160,40,3,
Cho2017-3ch,fbcsp,svm,8,within,0,42,-0.10000000000000009,0.45,160,40,3,
Cho2017-3ch,fbcsp,decision_tree,8,within,0,42,0.19999999999999996,0.6,160,40,3,
Cho2017-3ch,fbcsp,random_forest,8,within,0,42,-0.19999999999999996,0.4,160,40,3,
Cho2017-3ch,fbcsp,lda,8,within,1,42,-0.3500000000000001,0.325,160,40,3,
Cho2017-3ch,fbcsp,svm,8,within,1,42,-0.1499999999999999,0.425,160,40,3,
Cho2017-3ch,fbcsp,decision_tree,8,within,1,42,0.0,0.5,160,40,3,
Cho2017-3ch,fbcsp,random_forest,8,within,1,42,0.050000000000000044,0.525,160,40,3,
Cho2017-3ch,fbcsp,lda,8,within,2,42,0.19999999999999996,0.6,160,40,3,
Cho2017-3ch,fbcsp,svm,8,within,2,42,0.0,0.5,160,40,3,
Cho2017-3ch,fbcsp,decision_tree,8,within,2,42,-0.1499999999999999,0.425,160,40,3,
Cho2017-3ch,fbcsp,random_forest,8,within,2,42,-0.1499999999999999,0.425,160,40,3,
Cho2017-3ch,fbcsp,lda,8,within,3,42,-0.050000000000000044,0.475,160,40,3,
Cho2017-3ch,fbcsp,svm,8,within,3,42,0.09999999999999998,0.55,160,40,3,
Cho2017-3ch,fbcsp,decision_tree,8,within,3,42,-0.10000000000000009,0.45,160,40,3,
Cho2017-3ch,fbcsp,random_forest,8,within,3,42,0.09999999999999998,0.55,160,40,3,
Cho2017-3ch,fbcsp,lda,8,within,4,42,-0.050000000000000044,0.475,160,40,3,
Cho2017-3ch,fbcsp,svm,8,within,4,42,-0.1499999999999999,0.425,160,40,3,
Cho2017-3ch,fbcsp,decision_tree,8,within,4,42,-0.050000000000000044,0.475,160,40,3,
Cho2017-3ch,fbcsp,random_forest,8,within,4,42,0.050000000000000044,0.525,160,40,3,
Cho2017-3ch,fbcsp,lda,9,within,0,42,0.16666666666666663,0.5833333333333334,192,48,3,
Cho2017-3ch,fbcsp,svm,9,within,0,42,0.08333333333333337,0.5416666666666666,192,48,3,
Cho2017-3ch,fbcsp,decision_tree,9,within,0,42,0.08333333333333337,0.5416666666666666,192,48,3,
Cho2017-3ch,fbcsp,random_forest,9,within,0,42,-0.08333333333333326,0.4583333333333333,192,48,3,
Cho2017-3ch,fbcsp,lda,9,within,1,42,0.25,0.625,192,48,3,
Cho2017-3ch,fbcsp,svm,9,within,1,42,0.25,0.625,192,48,3,
Cho2017-3ch,fbcsp,decision_tree,9,within,1,42,0.0,0.5,192,48,3,
Cho2017-3ch,fbcsp,random_forest,9,within,1,42,-0.04166666666666674,0.4791666666666667,192,48,3,
Cho2017-3ch,fbcsp,lda,9,within,2,42,0.08333333333333337,0.5416666666666666,192,48,3,
Cho2017-3ch,fbcsp,svm,9,within,2,42,0.04166666666666663,0.5208333333333334,192,48,3,
Cho2017-3ch,fbcsp,decision_tree,9,within,2,42,0.33333333333333337,0.6666666666666666,192,48,3,
Cho2017-3ch,fbcsp,random_forest,9,within,2,42,0.16666666666666663,0.5833333333333334,192,48,3,
Cho2017-3ch,fbcsp,lda,9,within,3,42,0.08333333333333337,0.5416666666666666,192,48,3,
Cho2017-3ch,fbcsp,svm,9,within,3,42,-0.04166666666666674,0.4791666666666667,192,48,3,
Cho2017-3ch,fbcsp,decision_tree,9,within,3,42,-0.25,0.375,192,48,3,
Cho2017-3ch,fbcsp,random_forest,9,within,3,42,0.29166666666666663,0.6458333333333334,192,48,3,
Cho2017-3ch,fbcsp,lda,9,within,4,42,-0.125,0.4375,192,48,3,
Cho2017-3ch,fbcsp,svm,9,within,4,42,-0.16666666666666674,0.4166666666666667,192,48,3,
Cho2017-3ch,fbcsp,decision_tree,9,within,4,42,-0.08333333333333326,0.4583333333333333,192,48,3,
Cho2017-3ch,fbcsp,random_forest,9,within,4,42,0.0,0.5,192,48,3,
Cho2017-3ch,fbcsp,lda,10,within,0,42,0.4,0.7,160,40,3,
Cho2017-3ch,fbcsp,svm,10,within,0,42,0.15000000000000002,0.575,160,40,3,
Cho2017-3ch,fbcsp,decision_tree,10,within,0,42,0.050000000000000044,0.525,160,40,3,
Cho2017-3ch,fbcsp,random_forest,10,within,0,42,0.25,0.625,160,40,3,
Cho2017-3ch,fbcsp,lda,10,within,1,42,0.050000000000000044,0.525,160,40,3,
Cho2017-3ch,fbcsp,svm,10,within,1,42,0.0,0.5,160,40,3,
Cho2017-3ch,fbcsp,decision_tree,10,within,1,42,0.09999999999999998,0.55,160,40,3,
Cho2017-3ch,fbcsp,random_forest,10,within,1,42,0.050000000000000044,0.525,160,40,3,
Cho2017-3ch,fbcsp,lda,10,within,2,42,0.050000000000000044,0.525,160,40,3,
Cho2017-3ch,fbcsp,svm,10,within,2,42,0.09999999999999998,0.55,160,40,3,
Cho2017-3ch,fbcsp,decision_tree,10,within,2,42,0.09999999999999998,0.55,160,40,3,
Cho2017-3ch,fbcsp,random_forest,10,within,2,42,0.09999999999999998,0.55,160,40,3,
Cho2017-3ch,fbcsp,lda,10,within,3,42,0.050000000000000044,0.525,160,40,3,
Cho2017-3ch,fbcsp,svm,10,within,3,42,-0.10000000000000009,0.45,160,40,3,
Cho2017-3ch,fbcsp,decision_tree,10,within,3,42,-0.1499999999999999,0.425,160,40,3,
Cho2017-3ch,fbcsp,random_forest,10,within,3,42,-0.050000000000000044,0.475,160,40,3,
Cho2017-3ch,fbcsp,lda,10,within,4,42,0.15000000000000002,0.575,160,40,3,
Cho2017-3ch,fbcsp,svm,10,within,4,42,0.15000000000000002,0.575,160,40,3,
Cho2017-3ch,fbcsp,decision_tree,10,within,4,42,-0.25,0.375,160,40,3,
Cho2017-3ch,fbcsp,random_forest,10,within,4,42,0.09999999999999998,0.55,160,40,3,
Cho2017-3ch,fbcsp,lda,11,within,0,42,0.050000000000000044,0.525,160,40,3,
Cho2017-3ch,fbcsp,svm,11,within,0,42,0.050000000000000044,0.525,160,40,3,
Cho2017-3ch,fbcsp,decision_tree,11,within,0,42,0.25,0.625,160,40,3,
Cho2017-3ch,fbcsp,random_forest,11,within,0,42,0.09999999999999998,0.55,160,40,3,
Cho2017-3ch,fbcsp,lda,11,within,1,42,0.09999999999999998,0.55,160,40,3,
Cho2017-3ch,fbcsp,svm,11,within,1,42,0.09999999999999998,0.55,160,40,3,
Cho2017-3ch,fbcsp,decision_tree,11,within,1,42,0.050000000000000044,0.525,160,40,3,
Cho2017-3ch,fbcsp,random_forest,11,within,1,42,0.0,0.5,160,40,3,
Cho2017-3ch,fbcsp,lda,11,within,2,42,0.4,0.7,160,40,3,
Cho2017-3ch,fbcsp,svm,11,within,2,42,0.4,0.7,160,40,3,
Cho2017-3ch,fbcsp,decision_tree,11,within,2,42,0.30000000000000004,0.65,160,40,3,
Cho2017-3ch,fbcsp,random_forest,11,within,2,42,0.55,0.775,160,40,3,
Cho2017-3ch,fbcsp,lda,11,within,3,42,-0.30000000000000004,0.35,160,40,3,
Cho2017-3ch,fbcsp,svm,11,within,3,42,-0.19999999999999996,0.4,160,40,3,
Cho2017-3ch,fbcsp,decision_tree,11,within,3,42,0.30000000000000004,0.65,160,40,3,
Cho2017-3ch,fbcsp,random_forest,11,within,3,42,0.0,0.5,160,40,3,
Cho2017-3ch,fbcsp,lda,11,within,4,42,0.15000000000000002,0.575,160,40,3,
Cho2017-3ch,fbcsp,svm,11,within,4,42,0.19999999999999996,0.6,160,40,3,
Cho2017-3ch,fbcsp,decision_tree,11,within,4,42,-0.050000000000000044,0.475,160,40,3,
Cho2017-3ch,fbcsp,random_forest,11,within,4,42,0.30000000000000004,0.65,160,40,3,
Cho2017-3ch,fbcsp,lda,12,within,0,42,0.35,0.675,160,40,3,
Cho2017-3ch,fbcsp,svm,12,within,0,42,0.4,0.7,160,40,3,
Cho2017-3ch,fbcsp,decision_tree,12,within,0,42,0.44999999999999996,0.725,160,40,3,
Cho2017-3ch,fbcsp,random_forest,12,within,0,42,0.44999999999999996,0.725,160,40,3,
Cho2017-3ch,fbcsp,lda,12,within,1,42,0.35,0.675,160,40,3,
Cho2017-3ch,fbcsp,svm,12,within,1,42,0.25,0.625,160,40,3,
Cho2017-3ch,fbcsp,decision_tree,12,within,1,42,0.4,0.7,160,40,3,
Cho2017-3ch,fbcsp,random_forest,12,within,1,42,0.44999999999999996,0.725,160,40,3,
Cho2017-3ch,fbcsp,lda,12,within,2,42,0.44999999999999996,0.725,160,40,3,
Cho2017-3ch,fbcsp,svm,12,within,2,42,0.4,0.7,160,40,3,
Cho2017-3ch,fbcsp,decision_tree,12,within,2,42,0.19999999999999996,0.6,160,40,3,
Cho2017-3ch,fbcsp,random_forest,12,within,2,42,0.4,0.7,160,40,3,
Cho2017-3ch,fbcsp,lda,12,within,3,42,0.35,0.675,160,40,3,
Cho2017-3ch,fbcsp,svm,12,within,3,42,0.25,0.625,160,40,3,
Cho2017-3ch,fbcsp,decision_tree,12,within,3,42,0.050000000000000044,0.525,160,40,3,
Cho2017-3ch,fbcsp,random_forest,12,within,3,42,0.15000000000000002,0.575,160,40,3,
Cho2017-3ch,fbcsp,lda,12,within,4,42,0.65,0.825,160,40,3,
Cho2017-3ch,fbcsp,svm,12,within,4,42,0.55,0.775,160,40,3,
Cho2017-3ch,fbcsp,decision_tree,12,within,4,42,0.19999999999999996,0.6,160,40,3,
Cho2017-3ch,fbcsp,random_forest,12,within,4,42,0.6,0.8,160,40,3,
Cho2017-3ch,fbcsp,lda,13,within,0,42,-0.19999999999999996,0.4,160,40,3,
Cho2017-3ch,fbcsp,svm,13,within,0,42,-0.19999999999999996,0.4,160,40,3,
Cho2017-3ch,fbcsp,decision_tree,13,within,0,42,0.050000000000000044,0.525,160,40,3,
Cho2017-3ch,fbcsp,random_forest,13,within,0,42,-0.10000000000000009,0.45,160,40,3,
Cho2017-3ch,fbcsp,lda,13,within,1,42,0.30000000000000004,0.65,160,40,3,
Cho2017-3ch,fbcsp,svm,13,within,1,42,0.35,0.675,160,40,3,
Cho2017-3ch,fbcsp,decision_tree,13,within,1,42,-0.1499999999999999,0.425,160,40,3,
Cho2017-3ch,fbcsp,random_forest,13,within,1,42,0.15000000000000002,0.575,160,40,3,
Cho2017-3ch,fbcsp,lda,13,within,2,42,0.0,0.5,160,40,3,
Cho2017-3ch,fbcsp,svm,13,within,2,42,0.050000000000000044,0.525,160,40,3,
Cho2017-3ch,fbcsp,decision_tree,13,within,2,42,0.0,0.5,160,40,3,
Cho2017-3ch,fbcsp,random_forest,13,within,2,42,-0.10000000000000009,0.45,160,40,3,
Cho2017-3ch,fbcsp,lda,13,within,3,42,0.15000000000000002,0.575,160,40,3,
Cho2017-3ch,fbcsp,svm,13,within,3,42,0.15000000000000002,0.575,160,40,3,
Cho2017-3ch,fbcsp,decision_tree,13,within,3,42,0.09999999999999998,0.55,160,40,3,
Cho2017-3ch,fbcsp,random_forest,13,within,3,42,0.050000000000000044,0.525,160,40,3,
Cho2017-3ch,fbcsp,lda,13,within,4,42,0.0,0.5,160,40,3,
Cho2017-3ch,fbcsp,svm,13,within,4,42,0.0,0.5,160,40,3,
Cho2017-3ch,fbcsp,decision_tree,13,within,4,42,-0.1499999999999999,0.425,160,40,3,
Cho2017-3ch,fbcsp,random_forest,13,within,4,42,-0.050000000000000044,0.475,160,40,3,
Cho2017-3ch,fbcsp,lda,14,within,0,42,0.85,0.925,160,40,3,
Cho2017-3ch,fbcsp,svm,14,within,0,42,0.85,0.925,160,40,3,
Cho2017-3ch,fbcsp,decision_tree,14,within,0,42,0.44999999999999996,0.725,160,40,3,
Cho2017-3ch,fbcsp,random_forest,14,within,0,42,0.9,0.95,160,40,3,
Cho2017-3ch,fbcsp,lda,14,within,1,42,0.75,0.875,160,40,3,
Cho2017-3ch,fbcsp,svm,14,within,1,42,0.75,0.875,160,40,3,
Cho2017-3ch,fbcsp,decision_tree,14,within,1,42,0.6,0.8,160,40,3,
Cho2017-3ch,fbcsp,random_forest,14,within,1,42,0.7,0.85,160,40,3,
Cho2017-3ch,fbcsp,lda,14,within,2,42,0.75,0.875,160,40,3,
Cho2017-3ch,fbcsp,svm,14,within,2,42,0.75,0.875,160,40,3,
Cho2017-3ch,fbcsp,decision_tree,14,within,2,42,0.30000000000000004,0.65,160,40,3,
Cho2017-3ch,fbcsp,random_forest,14,within,2,42,0.65,0.825,160,40,3,
Cho2017-3ch,fbcsp,lda,14,within,3,42,0.75,0.875,160,40,3,
Cho2017-3ch,fbcsp,svm,14,within,3,42,0.65,0.825,160,40,3,
Cho2017-3ch,fbcsp,decision_tree,14,within,3,42,0.6,0.8,160,40,3,
Cho2017-3ch,fbcsp,random_forest,14,within,3,42,0.75,0.875,160,40,3,
Cho2017-3ch,fbcsp,lda,14,within,4,42,0.7,0.85,160,40,3,
Cho2017-3ch,fbcsp,svm,14,within,4,42,0.6,0.8,160,40,3,
Cho2017-3ch,fbcsp,decision_tree,14,within,4,42,0.30000000000000004,0.65,160,40,3,
Cho2017-3ch,fbcsp,random_forest,14,within,4,42,0.6,0.8,160,40,3,
Cho2017-3ch,fbcsp,lda,15,within,0,42,0.0,0.5,160,40,3,
Cho2017-3ch,fbcsp,svm,15,within,0,42,0.30000000000000004,0.65,160,40,3,
Cho2017-3ch,fbcsp,decision_tree,15,within,0,42,-0.10000000000000009,0.45,160,40,3,
Cho2017-3ch,fbcsp,random_forest,15,within,0,42,0.19999999999999996,0.6,160,40,3,
Cho2017-3ch,fbcsp,lda,15,within,1,42,-0.10000000000000009,0.45,160,40,3,
Cho2017-3ch,fbcsp,svm,15,within,1,42,-0.050000000000000044,0.475,160,40,3,
Cho2017-3ch,fbcsp,decision_tree,15,within,1,42,0.19999999999999996,0.6,160,40,3,
Cho2017-3ch,fbcsp,random_forest,15,within,1,42,0.25,0.625,160,40,3,
Cho2017-3ch,fbcsp,lda,15,within,2,42,-0.19999999999999996,0.4,160,40,3,
Cho2017-3ch,fbcsp,svm,15,within,2,42,-0.19999999999999996,0.4,160,40,3,
Cho2017-3ch,fbcsp,decision_tree,15,within,2,42,0.050000000000000044,0.525,160,40,3,
Cho2017-3ch,fbcsp,random_forest,15,within,2,42,-0.1499999999999999,0.425,160,40,3,
Cho2017-3ch,fbcsp,lda,15,within,3,42,0.25,0.625,160,40,3,
Cho2017-3ch,fbcsp,svm,15,within,3,42,0.15000000000000002,0.575,160,40,3,
Cho2017-3ch,fbcsp,decision_tree,15,within,3,42,0.25,0.625,160,40,3,
Cho2017-3ch,fbcsp,random_forest,15,within,3,42,0.19999999999999996,0.6,160,40,3,
Cho2017-3ch,fbcsp,lda,15,within,4,42,0.09999999999999998,0.55,160,40,3,
Cho2017-3ch,fbcsp,svm,15,within,4,42,0.19999999999999996,0.6,160,40,3,
Cho2017-3ch,fbcsp,decision_tree,15,within,4,42,0.25,0.625,160,40,3,
Cho2017-3ch,fbcsp,random_forest,15,within,4,42,-0.10000000000000009,0.45,160,40,3,
Cho2017-3ch,fbcsp,lda,16,within,0,42,0.30000000000000004,0.65,160,40,3,
Cho2017-3ch,fbcsp,svm,16,within,0,42,0.25,0.625,160,40,3,
Cho2017-3ch,fbcsp,decision_tree,16,within,0,42,0.09999999999999998,0.55,160,40,3,
Cho2017-3ch,fbcsp,random_forest,16,within,0,42,0.09999999999999998,0.55,160,40,3,
Cho2017-3ch,fbcsp,lda,16,within,1,42,0.0,0.5,160,40,3,
Cho2017-3ch,fbcsp,svm,16,within,1,42,0.09999999999999998,0.55,160,40,3,
Cho2017-3ch,fbcsp,decision_tree,16,within,1,42,0.0,0.5,160,40,3,
Cho2017-3ch,fbcsp,random_forest,16,within,1,42,0.09999999999999998,0.55,160,40,3,
Cho2017-3ch,fbcsp,lda,16,within,2,42,0.19999999999999996,0.6,160,40,3,
Cho2017-3ch,fbcsp,svm,16,within,2,42,0.09999999999999998,0.55,160,40,3,
Cho2017-3ch,fbcsp,decision_tree,16,within,2,42,0.4,0.7,160,40,3,
Cho2017-3ch,fbcsp,random_forest,16,within,2,42,0.25,0.625,160,40,3,
Cho2017-3ch,fbcsp,lda,16,within,3,42,0.050000000000000044,0.525,160,40,3,
Cho2017-3ch,fbcsp,svm,16,within,3,42,-0.050000000000000044,0.475,160,40,3,
Cho2017-3ch,fbcsp,decision_tree,16,within,3,42,-0.30000000000000004,0.35,160,40,3,
Cho2017-3ch,fbcsp,random_forest,16,within,3,42,0.15000000000000002,0.575,160,40,3,
Cho2017-3ch,fbcsp,lda,16,within,4,42,0.09999999999999998,0.55,160,40,3,
Cho2017-3ch,fbcsp,svm,16,within,4,42,0.35,0.675,160,40,3,
Cho2017-3ch,fbcsp,decision_tree,16,within,4,42,0.15000000000000002,0.575,160,40,3,
Cho2017-3ch,fbcsp,random_forest,16,within,4,42,0.25,0.625,160,40,3,
Cho2017-3ch,fbcsp,lda,17,within,0,42,-0.19999999999999996,0.4,160,40,3,
Cho2017-3ch,fbcsp,svm,17,within,0,42,-0.050000000000000044,0.475,160,40,3,
Cho2017-3ch,fbcsp,decision_tree,17,within,0,42,0.050000000000000044,0.525,160,40,3,
Cho2017-3ch,fbcsp,random_forest,17,within,0,42,0.09999999999999998,0.55,160,40,3,
Cho2017-3ch,fbcsp,lda,17,within,1,42,0.19999999999999996,0.6,160,40,3,
Cho2017-3ch,fbcsp,svm,17,within,1,42,0.19999999999999996,0.6,160,40,3,
Cho2017-3ch,fbcsp,decision_tree,17,within,1,42,0.0,0.5,160,40,3,
Cho2017-3ch,fbcsp,random_forest,17,within,1,42,0.19999999999999996,0.6,160,40,3,
Cho2017-3ch,fbcsp,lda,17,within,2,42,-0.25,0.375,160,40,3,
Cho2017-3ch,fbcsp,svm,17,within,2,42,-0.1499999999999999,0.425,160,40,3,
Cho2017-3ch,fbcsp,decision_tree,17,within,2,42,0.25,0.625,160,40,3,
Cho2017-3ch,fbcsp,random_forest,17,within,2,42,0.0,0.5,160,40,3,
Cho2017-3ch,fbcsp,lda,17,within,3,42,0.0,0.5,160,40,3,
Cho2017-3ch,fbcsp,svm,17,within,3,42,0.09999999999999998,0.55,160,40,3,
Cho2017-3ch,fbcsp,decision_tree,17,within,3,42,-0.050000000000000044,0.475,160,40,3,
Cho2017-3ch,fbcsp,random_forest,17,within,3,42,0.0,0.5,160,40,3,
Cho2017-3ch,fbcsp,lda,17,within,4,42,-0.1499999999999999,0.425,160,40,3,
Cho2017-3ch,fbcsp,svm,17,within,4,42,-0.050000000000000044,0.475,160,40,3,
Cho2017-3ch,fbcsp,decision_tree,17,within,4,42,-0.30000000000000004,0.35,160,40,3,
Cho2017-3ch,fbcsp,random_forest,17,within,4,42,-0.1499999999999999,0.425,160,40,3,
Cho2017-3ch,fbcsp,lda,18,within,0,42,-0.050000000000000044,0.475,160,40,3,
Cho2017-3ch,fbcsp,svm,18,within,0,42,-0.050000000000000044,0.475,160,40,3,
Cho2017-3ch,fbcsp,decision_tree,18,within,0,42,0.15000000000000002,0.575,160,40,3,
Cho2017-3ch,fbcsp,random_forest,18,within,0,42,0.30000000000000004,0.65,160,40,3,
Cho2017-3ch,fbcsp,lda,18,within,1,42,0.050000000000000044,0.525,160,40,3,
Cho2017-3ch,fbcsp,svm,18,within,1,42,0.15000000000000002,0.575,160,40,3,
Cho2017-3ch,fbcsp,decision_tree,18,within,1,42,-0.050000000000000044,0.475,160,40,3,
Cho2017-3ch,fbcsp,random_forest,18,within,1,42,0.09999999999999998,0.55,160,40,3,
Cho2017-3ch,fbcsp,lda,18,within,2,42,0.44999999999999996,0.725,160,40,3,
Cho2017-3ch,fbcsp,svm,18,within,2,42,0.30000000000000004,0.65,160,40,3,
Cho2017-3ch,fbcsp,decision_tree,18,within,2,42,0.09999999999999998,0.55,160,40,3,
Cho2017-3ch,fbcsp,random_forest,18,within,2,42,0.25,0.625,160,40,3,
Cho2017-3ch,fbcsp,lda,18,within,3,42,0.44999999999999996,0.725,160,40,3,
Cho2017-3ch,fbcsp,svm,18,within,3,42,0.30000000000000004,0.65,160,40,3,
Cho2017-3ch,fbcsp,decision_tree,18,within,3,42,0.19999999999999996,0.6,160,40,3,
Cho2017-3ch,fbcsp,random_forest,18,within,3,42,0.35,0.675,160,40,3,
Cho2017-3ch,fbcsp,lda,18,within,4,42,0.4,0.7,160,40,3,
Cho2017-3ch,fbcsp,svm,18,within,4,42,0.35,0.675,160,40,3,
Cho2017-3ch,fbcsp,decision_tree,18,within,4,42,-0.050000000000000044,0.475,160,40,3,
Cho2017-3ch,fbcsp,random_forest,18,within,4,42,0.19999999999999996,0.6,160,40,3,
Cho2017-3ch,fbcsp,lda,19,within,0,42,0.09999999999999998,0.55,160,40,3,
Cho2017-3ch,fbcsp,svm,19,within,0,42,0.09999999999999998,0.55,160,40,3,
Cho2017-3ch,fbcsp,decision_tree,19,within,0,42,0.19999999999999996,0.6,160,40,3,
Cho2017-3ch,fbcsp,random_forest,19,within,0,42,0.19999999999999996,0.6,160,40,3,
Cho2017-3ch,fbcsp,lda,19,within,1,42,0.050000000000000044,0.525,160,40,3,
Cho2017-3ch,fbcsp,svm,19,within,1,42,0.15000000000000002,0.575,160,40,3,
Cho2017-3ch,fbcsp,decision_tree,19,within,1,42,0.050000000000000044,0.525,160,40,3,
Cho2017-3ch,fbcsp,random_forest,19,within,1,42,0.0,0.5,160,40,3,
Cho2017-3ch,fbcsp,lda,19,within,2,42,0.35,0.675,160,40,3,
Cho2017-3ch,fbcsp,svm,19,within,2,42,0.35,0.675,160,40,3,
Cho2017-3ch,fbcsp,decision_tree,19,within,2,42,0.050000000000000044,0.525,160,40,3,
Cho2017-3ch,fbcsp,random_forest,19,within,2,42,0.19999999999999996,0.6,160,40,3,
Cho2017-3ch,fbcsp,lda,19,within,3,42,0.19999999999999996,0.6,160,40,3,
Cho2017-3ch,fbcsp,svm,19,within,3,42,0.25,0.625,160,40,3,
Cho2017-3ch,fbcsp,decision_tree,19,within,3,42,0.09999999999999998,0.55,160,40,3,
Cho2017-3ch,fbcsp,random_forest,19,within,3,42,0.15000000000000002,0.575,160,40,3,
Cho2017-3ch,fbcsp,lda,19,within,4,42,0.15000000000000002,0.575,160,40,3,
Cho2017-3ch,fbcsp,svm,19,within,4,42,0.19999999999999996,0.6,160,40,3,
Cho2017-3ch,fbcsp,decision_tree,19,within,4,42,0.09999999999999998,0.55,160,40,3,
Cho2017-3ch,fbcsp,random_forest,19,within,4,42,0.15000000000000002,0.575,160,40,3,
Cho2017-3ch,fbcsp,lda,20,within,0,42,0.09999999999999998,0.55,160,40,3,
Cho2017-3ch,fbcsp,svm,20,within,0,42,0.19999999999999996,0.6,160,40,3,
Cho2017-3ch,fbcsp,decision_tree,20,within,0,42,-0.050000000000000044,0.475,160,40,3,
Cho2017-3ch,fbcsp,random_forest,20,within,0,42,0.25,0.625,160,40,3,
Cho2017-3ch,fbcsp,lda,20,within,1,42,0.09999999999999998,0.55,160,40,3,
Cho2017-3ch,fbcsp,svm,20,within,1,42,0.15000000000000002,0.575,160,40,3,
Cho2017-3ch,fbcsp,decision_tree,20,within,1,42,-0.30000000000000004,0.35,160,40,3,
Cho2017-3ch,fbcsp,random_forest,20,within,1,42,0.19999999999999996,0.6,160,40,3,
Cho2017-3ch,fbcsp,lda,20,within,2,42,0.0,0.5,160,40,3,
Cho2017-3ch,fbcsp,svm,20,within,2,42,0.09999999999999998,0.55,160,40,3,
Cho2017-3ch,fbcsp,decision_tree,20,within,2,42,0.30000000000000004,0.65,160,40,3,
Cho2017-3ch,fbcsp,random_forest,20,within,2,42,0.050000000000000044,0.525,160,40,3,
Cho2017-3ch,fbcsp,lda,20,within,3,42,0.25,0.625,160,40,3,
Cho2017-3ch,fbcsp,svm,20,within,3,42,0.35,0.675,160,40,3,
Cho2017-3ch,fbcsp,decision_tree,20,within,3,42,0.050000000000000044,0.525,160,40,3,
Cho2017-3ch,fbcsp,random_forest,20,within,3,42,0.35,0.675,160,40,3,
Cho2017-3ch,fbcsp,lda,20,within,4,42,0.19999999999999996,0.6,160,40,3,
Cho2017-3ch,fbcsp,svm,20,within,4,42,0.25,0.625,160,40,3,
Cho2017-3ch,fbcsp,decision_tree,20,within,4,42,-0.30000000000000004,0.35,160,40,3,
Cho2017-3ch,fbcsp,random_forest,20,within,4,42,0.25,0.625,160,40,3,
Cho2017-3ch,fbcsp,lda,21,within,0,42,0.44999999999999996,0.725,160,40,3,
Cho2017-3ch,fbcsp,svm,21,within,0,42,0.35,0.675,160,40,3,
Cho2017-3ch,fbcsp,decision_tree,21,within,0,42,0.25,0.625,160,40,3,
Cho2017-3ch,fbcsp,random_forest,21,within,0,42,0.6,0.8,160,40,3,
Cho2017-3ch,fbcsp,lda,21,within,1,42,0.4,0.7,160,40,3,
Cho2017-3ch,fbcsp,svm,21,within,1,42,0.35,0.675,160,40,3,
Cho2017-3ch,fbcsp,decision_tree,21,within,1,42,0.0,0.5,160,40,3,
Cho2017-3ch,fbcsp,random_forest,21,within,1,42,0.30000000000000004,0.65,160,40,3,
Cho2017-3ch,fbcsp,lda,21,within,2,42,0.25,0.625,160,40,3,
Cho2017-3ch,fbcsp,svm,21,within,2,42,0.35,0.675,160,40,3,
Cho2017-3ch,fbcsp,decision_tree,21,within,2,42,0.19999999999999996,0.6,160,40,3,
Cho2017-3ch,fbcsp,random_forest,21,within,2,42,0.4,0.7,160,40,3,
Cho2017-3ch,fbcsp,lda,21,within,3,42,0.55,0.775,160,40,3,
Cho2017-3ch,fbcsp,svm,21,within,3,42,0.25,0.625,160,40,3,
Cho2017-3ch,fbcsp,decision_tree,21,within,3,42,0.25,0.625,160,40,3,
Cho2017-3ch,fbcsp,random_forest,21,within,3,42,0.30000000000000004,0.65,160,40,3,
Cho2017-3ch,fbcsp,lda,21,within,4,42,0.35,0.675,160,40,3,
Cho2017-3ch,fbcsp,svm,21,within,4,42,0.44999999999999996,0.725,160,40,3,
Cho2017-3ch,fbcsp,decision_tree,21,within,4,42,0.19999999999999996,0.6,160,40,3,
Cho2017-3ch,fbcsp,random_forest,21,within,4,42,0.30000000000000004,0.65,160,40,3,
Cho2017-3ch,fbcsp,lda,22,within,0,42,0.050000000000000044,0.525,160,40,3,
Cho2017-3ch,fbcsp,svm,22,within,0,42,0.050000000000000044,0.525,160,40,3,
Cho2017-3ch,fbcsp,decision_tree,22,within,0,42,-0.1499999999999999,0.425,160,40,3,
Cho2017-3ch,fbcsp,random_forest,22,within,0,42,0.15000000000000002,0.575,160,40,3,
Cho2017-3ch,fbcsp,lda,22,within,1,42,0.09999999999999998,0.55,160,40,3,
Cho2017-3ch,fbcsp,svm,22,within,1,42,0.0,0.5,160,40,3,
Cho2017-3ch,fbcsp,decision_tree,22,within,1,42,0.050000000000000044,0.525,160,40,3,
Cho2017-3ch,fbcsp,random_forest,22,within,1,42,0.0,0.5,160,40,3,
Cho2017-3ch,fbcsp,lda,22,within,2,42,0.19999999999999996,0.6,160,40,3,
Cho2017-3ch,fbcsp,svm,22,within,2,42,0.09999999999999998,0.55,160,40,3,
Cho2017-3ch,fbcsp,decision_tree,22,within,2,42,-0.10000000000000009,0.45,160,40,3,
Cho2017-3ch,fbcsp,random_forest,22,within,2,42,0.19999999999999996,0.6,160,40,3,
Cho2017-3ch,fbcsp,lda,22,within,3,42,0.09999999999999998,0.55,160,40,3,
Cho2017-3ch,fbcsp,svm,22,within,3,42,0.050000000000000044,0.525,160,40,3,
Cho2017-3ch,fbcsp,decision_tree,22,within,3,42,0.09999999999999998,0.55,160,40,3,
Cho2017-3ch,fbcsp,random_forest,22,within,3,42,0.30000000000000004,0.65,160,40,3,
Cho2017-3ch,fbcsp,lda,22,within,4,42,0.30000000000000004,0.65,160,40,3,
Cho2017-3ch,fbcsp,svm,22,within,4,42,0.30000000000000004,0.65,160,40,3,
Cho2017-3ch,fbcsp,decision_tree,22,within,4,42,-0.1499999999999999,0.425,160,40,3,
Cho2017-3ch,fbcsp,random_forest,22,within,4,42,0.09999999999999998,0.55,160,40,3,
Cho2017-3ch,fbcsp,lda,23,within,0,42,0.6,0.8,160,40,3,
Cho2017-3ch,fbcsp,svm,23,within,0,42,0.55,0.775,160,40,3,
Cho2017-3ch,fbcsp,decision_tree,23,within,0,42,0.19999999999999996,0.6,160,40,3,
Cho2017-3ch,fbcsp,random_forest,23,within,0,42,0.44999999999999996,0.725,160,40,3,
Cho2017-3ch,fbcsp,lda,23,within,1,42,0.44999999999999996,0.725,160,40,3,
Cho2017-3ch,fbcsp,svm,23,within,1,42,0.65,0.825,160,40,3,
Cho2017-3ch,fbcsp,decision_tree,23,within,1,42,0.4,0.7,160,40,3,
Cho2017-3ch,fbcsp,random_forest,23,within,1,42,0.6,0.8,160,40,3,
Cho2017-3ch,fbcsp,lda,23,within,2,42,0.44999999999999996,0.725,160,40,3,
Cho2017-3ch,fbcsp,svm,23,within,2,42,0.44999999999999996,0.725,160,40,3,
Cho2017-3ch,fbcsp,decision_tree,23,within,2,42,0.0,0.5,160,40,3,
Cho2017-3ch,fbcsp,random_forest,23,within,2,42,0.44999999999999996,0.725,160,40,3,
Cho2017-3ch,fbcsp,lda,23,within,3,42,0.55,0.775,160,40,3,
Cho2017-3ch,fbcsp,svm,23,within,3,42,0.65,0.825,160,40,3,
Cho2017-3ch,fbcsp,decision_tree,23,within,3,42,0.5,0.75,160,40,3,
Cho2017-3ch,fbcsp,random_forest,23,within,3,42,0.5,0.75,160,40,3,
Cho2017-3ch,fbcsp,lda,23,within,4,42,0.6,0.8,160,40,3,
Cho2017-3ch,fbcsp,svm,23,within,4,42,0.6,0.8,160,40,3,
Cho2017-3ch,fbcsp,decision_tree,23,within,4,42,0.4,0.7,160,40,3,
Cho2017-3ch,fbcsp,random_forest,23,within,4,42,0.65,0.825,160,40,3,
Cho2017-3ch,fbcsp,lda,24,within,0,42,0.15000000000000002,0.575,160,40,3,
Cho2017-3ch,fbcsp,svm,24,within,0,42,0.15000000000000002,0.575,160,40,3,
Cho2017-3ch,fbcsp,decision_tree,24,within,0,42,-0.1499999999999999,0.425,160,40,3,
Cho2017-3ch,fbcsp,random_forest,24,within,0,42,0.09999999999999998,0.55,160,40,3,
Cho2017-3ch,fbcsp,lda,24,within,1,42,0.30000000000000004,0.65,160,40,3,
Cho2017-3ch,fbcsp,svm,24,within,1,42,0.15000000000000002,0.575,160,40,3,
Cho2017-3ch,fbcsp,decision_tree,24,within,1,42,0.050000000000000044,0.525,160,40,3,
Cho2017-3ch,fbcsp,random_forest,24,within,1,42,0.15000000000000002,0.575,160,40,3,
Cho2017-3ch,fbcsp,lda,24,within,2,42,0.0,0.5,160,40,3,
Cho2017-3ch,fbcsp,svm,24,within,2,42,0.19999999999999996,0.6,160,40,3,
Cho2017-3ch,fbcsp,decision_tree,24,within,2,42,-0.19999999999999996,0.4,160,40,3,
Cho2017-3ch,fbcsp,random_forest,24,within,2,42,0.15000000000000002,0.575,160,40,3,
Cho2017-3ch,fbcsp,lda,24,within,3,42,0.15000000000000002,0.575,160,40,3,
Cho2017-3ch,fbcsp,svm,24,within,3,42,0.15000000000000002,0.575,160,40,3,
Cho2017-3ch,fbcsp,decision_tree,24,within,3,42,0.09999999999999998,0.55,160,40,3,
Cho2017-3ch,fbcsp,random_forest,24,within,3,42,0.050000000000000044,0.525,160,40,3,
Cho2017-3ch,fbcsp,lda,24,within,4,42,0.0,0.5,160,40,3,
Cho2017-3ch,fbcsp,svm,24,within,4,42,0.19999999999999996,0.6,160,40,3,
Cho2017-3ch,fbcsp,decision_tree,24,within,4,42,0.050000000000000044,0.525,160,40,3,
Cho2017-3ch,fbcsp,random_forest,24,within,4,42,0.09999999999999998,0.55,160,40,3,
Cho2017-3ch,fbcsp,lda,25,within,0,42,0.19999999999999996,0.6,160,40,3,
Cho2017-3ch,fbcsp,svm,25,within,0,42,0.35,0.675,160,40,3,
Cho2017-3ch,fbcsp,decision_tree,25,within,0,42,-0.050000000000000044,0.475,160,40,3,
Cho2017-3ch,fbcsp,random_forest,25,within,0,42,0.25,0.625,160,40,3,
Cho2017-3ch,fbcsp,lda,25,within,1,42,0.4,0.7,160,40,3,
Cho2017-3ch,fbcsp,svm,25,within,1,42,0.19999999999999996,0.6,160,40,3,
Cho2017-3ch,fbcsp,decision_tree,25,within,1,42,0.050000000000000044,0.525,160,40,3,
Cho2017-3ch,fbcsp,random_forest,25,within,1,42,0.050000000000000044,0.525,160,40,3,
Cho2017-3ch,fbcsp,lda,25,within,2,42,-0.10000000000000009,0.45,160,40,3,
Cho2017-3ch,fbcsp,svm,25,within,2,42,-0.10000000000000009,0.45,160,40,3,
Cho2017-3ch,fbcsp,decision_tree,25,within,2,42,0.050000000000000044,0.525,160,40,3,
Cho2017-3ch,fbcsp,random_forest,25,within,2,42,-0.050000000000000044,0.475,160,40,3,
Cho2017-3ch,fbcsp,lda,25,within,3,42,0.19999999999999996,0.6,160,40,3,
Cho2017-3ch,fbcsp,svm,25,within,3,42,0.19999999999999996,0.6,160,40,3,
Cho2017-3ch,fbcsp,decision_tree,25,within,3,42,-0.1499999999999999,0.425,160,40,3,
Cho2017-3ch,fbcsp,random_forest,25,within,3,42,0.050000000000000044,0.525,160,40,3,
Cho2017-3ch,fbcsp,lda,25,within,4,42,-0.050000000000000044,0.475,160,40,3,
Cho2017-3ch,fbcsp,svm,25,within,4,42,-0.25,0.375,160,40,3,
Cho2017-3ch,fbcsp,decision_tree,25,within,4,42,0.0,0.5,160,40,3,
Cho2017-3ch,fbcsp,random_forest,25,within,4,42,0.0,0.5,160,40,3,
Cho2017-3ch,fbcsp,lda,26,within,0,42,0.09999999999999998,0.55,160,40,3,
Cho2017-3ch,fbcsp,svm,26,within,0,42,0.050000000000000044,0.525,160,40,3,
Cho2017-3ch,fbcsp,decision_tree,26,within,0,42,0.25,0.625,160,40,3,
Cho2017-3ch,fbcsp,random_forest,26,within,0,42,0.30000000000000004,0.65,160,40,3,
Cho2017-3ch,fbcsp,lda,26,within,1,42,0.15000000000000002,0.575,160,40,3,
Cho2017-3ch,fbcsp,svm,26,within,1,42,0.0,0.5,160,40,3,
Cho2017-3ch,fbcsp,decision_tree,26,within,1,42,0.25,0.625,160,40,3,
Cho2017-3ch,fbcsp,random_forest,26,within,1,42,0.15000000000000002,0.575,160,40,3,
Cho2017-3ch,fbcsp,lda,26,within,2,42,0.44999999999999996,0.725,160,40,3,
Cho2017-3ch,fbcsp,svm,26,within,2,42,0.30000000000000004,0.65,160,40,3,
Cho2017-3ch,fbcsp,decision_tree,26,within,2,42,0.5,0.75,160,40,3,
Cho2017-3ch,fbcsp,random_forest,26,within,2,42,0.4,0.7,160,40,3,
Cho2017-3ch,fbcsp,lda,26,within,3,42,0.19999999999999996,0.6,160,40,3,
Cho2017-3ch,fbcsp,svm,26,within,3,42,0.30000000000000004,0.65,160,40,3,
Cho2017-3ch,fbcsp,decision_tree,26,within,3,42,0.35,0.675,160,40,3,
Cho2017-3ch,fbcsp,random_forest,26,within,3,42,0.30000000000000004,0.65,160,40,3,
Cho2017-3ch,fbcsp,lda,26,within,4,42,0.4,0.7,160,40,3,
Cho2017-3ch,fbcsp,svm,26,within,4,42,0.4,0.7,160,40,3,
Cho2017-3ch,fbcsp,decision_tree,26,within,4,42,0.25,0.625,160,40,3,
Cho2017-3ch,fbcsp,random_forest,26,within,4,42,0.44999999999999996,0.725,160,40,3,
Cho2017-3ch,fbcsp,lda,27,within,0,42,-0.19999999999999996,0.4,160,40,3,
Cho2017-3ch,fbcsp,svm,27,within,0,42,-0.10000000000000009,0.45,160,40,3,
Cho2017-3ch,fbcsp,decision_tree,27,within,0,42,-0.10000000000000009,0.45,160,40,3,
Cho2017-3ch,fbcsp,random_forest,27,within,0,42,-0.1499999999999999,0.425,160,40,3,
Cho2017-3ch,fbcsp,lda,27,within,1,42,-0.10000000000000009,0.45,160,40,3,
Cho2017-3ch,fbcsp,svm,27,within,1,42,-0.19999999999999996,0.4,160,40,3,
Cho2017-3ch,fbcsp,decision_tree,27,within,1,42,0.15000000000000002,0.575,160,40,3,
Cho2017-3ch,fbcsp,random_forest,27,within,1,42,0.0,0.5,160,40,3,
Cho2017-3ch,fbcsp,lda,27,within,2,42,-0.050000000000000044,0.475,160,40,3,
Cho2017-3ch,fbcsp,svm,27,within,2,42,-0.1499999999999999,0.425,160,40,3,
Cho2017-3ch,fbcsp,decision_tree,27,within,2,42,0.050000000000000044,0.525,160,40,3,
Cho2017-3ch,fbcsp,random_forest,27,within,2,42,-0.050000000000000044,0.475,160,40,3,
Cho2017-3ch,fbcsp,lda,27,within,3,42,-0.10000000000000009,0.45,160,40,3,
Cho2017-3ch,fbcsp,svm,27,within,3,42,0.0,0.5,160,40,3,
Cho2017-3ch,fbcsp,decision_tree,27,within,3,42,-0.050000000000000044,0.475,160,40,3,
Cho2017-3ch,fbcsp,random_forest,27,within,3,42,0.15000000000000002,0.575,160,40,3,
Cho2017-3ch,fbcsp,lda,27,within,4,42,-0.10000000000000009,0.45,160,40,3,
Cho2017-3ch,fbcsp,svm,27,within,4,42,-0.10000000000000009,0.45,160,40,3,
Cho2017-3ch,fbcsp,decision_tree,27,within,4,42,0.050000000000000044,0.525,160,40,3,
Cho2017-3ch,fbcsp,random_forest,27,within,4,42,0.0,0.5,160,40,3,
Cho2017-3ch,fbcsp,lda,28,within,0,42,0.15000000000000002,0.575,160,40,3,
Cho2017-3ch,fbcsp,svm,28,within,0,42,0.09999999999999998,0.55,160,40,3,
Cho2017-3ch,fbcsp,decision_tree,28,within,0,42,-0.1499999999999999,0.425,160,40,3,
Cho2017-3ch,fbcsp,random_forest,28,within,0,42,0.0,0.5,160,40,3,
Cho2017-3ch,fbcsp,lda,28,within,1,42,0.15000000000000002,0.575,160,40,3,
Cho2017-3ch,fbcsp,svm,28,within,1,42,0.19999999999999996,0.6,160,40,3,
Cho2017-3ch,fbcsp,decision_tree,28,within,1,42,0.19999999999999996,0.6,160,40,3,
Cho2017-3ch,fbcsp,random_forest,28,within,1,42,0.15000000000000002,0.575,160,40,3,
Cho2017-3ch,fbcsp,lda,28,within,2,42,-0.1499999999999999,0.425,160,40,3,
Cho2017-3ch,fbcsp,svm,28,within,2,42,0.050000000000000044,0.525,160,40,3,
Cho2017-3ch,fbcsp,decision_tree,28,within,2,42,-0.1499999999999999,0.425,160,40,3,
Cho2017-3ch,fbcsp,random_forest,28,within,2,42,0.050000000000000044,0.525,160,40,3,
Cho2017-3ch,fbcsp,lda,28,within,3,42,0.050000000000000044,0.525,160,40,3,
Cho2017-3ch,fbcsp,svm,28,within,3,42,0.0,0.5,160,40,3,
Cho2017-3ch,fbcsp,decision_tree,28,within,3,42,-0.3999999999999999,0.3,160,40,3,
Cho2017-3ch,fbcsp,random_forest,28,within,3,42,-0.1499999999999999,0.425,160,40,3,
Cho2017-3ch,fbcsp,lda,28,within,4,42,0.25,0.625,160,40,3,
Cho2017-3ch,fbcsp,svm,28,within,4,42,0.35,0.675,160,40,3,
Cho2017-3ch,fbcsp,decision_tree,28,within,4,42,0.35,0.675,160,40,3,
Cho2017-3ch,fbcsp,random_forest,28,within,4,42,0.30000000000000004,0.65,160,40,3,
Cho2017-3ch,fbcsp,lda,30,within,0,42,0.25,0.625,160,40,3,
Cho2017-3ch,fbcsp,svm,30,within,0,42,0.15000000000000002,0.575,160,40,3,
Cho2017-3ch,fbcsp,decision_tree,30,within,0,42,0.44999999999999996,0.725,160,40,3,
Cho2017-3ch,fbcsp,random_forest,30,within,0,42,0.30000000000000004,0.65,160,40,3,
Cho2017-3ch,fbcsp,lda,30,within,1,42,0.050000000000000044,0.525,160,40,3,
Cho2017-3ch,fbcsp,svm,30,within,1,42,0.09999999999999998,0.55,160,40,3,
Cho2017-3ch,fbcsp,decision_tree,30,within,1,42,0.30000000000000004,0.65,160,40,3,
Cho2017-3ch,fbcsp,random_forest,30,within,1,42,0.30000000000000004,0.65,160,40,3,
Cho2017-3ch,fbcsp,lda,30,within,2,42,0.15000000000000002,0.575,160,40,3,
Cho2017-3ch,fbcsp,svm,30,within,2,42,0.15000000000000002,0.575,160,40,3,
Cho2017-3ch,fbcsp,decision_tree,30,within,2,42,0.09999999999999998,0.55,160,40,3,
Cho2017-3ch,fbcsp,random_forest,30,within,2,42,0.09999999999999998,0.55,160,40,3,
Cho2017-3ch,fbcsp,lda,30,within,3,42,0.09999999999999998,0.55,160,40,3,
Cho2017-3ch,fbcsp,svm,30,within,3,42,-0.19999999999999996,0.4,160,40,3,
Cho2017-3ch,fbcsp,decision_tree,30,within,3,42,-0.10000000000000009,0.45,160,40,3,
Cho2017-3ch,fbcsp,random_forest,30,within,3,42,0.050000000000000044,0.525,160,40,3,
Cho2017-3ch,fbcsp,lda,30,within,4,42,0.15000000000000002,0.575,160,40,3,
Cho2017-3ch,fbcsp,svm,30,within,4,42,0.09999999999999998,0.55,160,40,3,
Cho2017-3ch,fbcsp,decision_tree,30,within,4,42,0.15000000000000002,0.575,160,40,3,
Cho2017-3ch,fbcsp,random_forest,30,within,4,42,0.35,0.675,160,40,3,
Cho2017-3ch,fbcsp,lda,31,within,0,42,0.09999999999999998,0.55,160,40,3,
Cho2017-3ch,fbcsp,svm,31,within,0,42,0.15000000000000002,0.575,160,40,3,
Cho2017-3ch,fbcsp,decision_tree,31,within,0,42,0.0,0.5,160,40,3,
Cho2017-3ch,fbcsp,random_forest,31,within,0,42,-0.050000000000000044,0.475,160,40,3,
Cho2017-3ch,fbcsp,lda,31,within,1,42,0.44999999999999996,0.725,160,40,3,
Cho2017-3ch,fbcsp,svm,31,within,1,42,0.30000000000000004,0.65,160,40,3,
Cho2017-3ch,fbcsp,decision_tree,31,within,1,42,0.19999999999999996,0.6,160,40,3,
Cho2017-3ch,fbcsp,random_forest,31,within,1,42,0.15000000000000002,0.575,160,40,3,
Cho2017-3ch,fbcsp,lda,31,within,2,42,0.09999999999999998,0.55,160,40,3,
Cho2017-3ch,fbcsp,svm,31,within,2,42,-0.050000000000000044,0.475,160,40,3,
Cho2017-3ch,fbcsp,decision_tree,31,within,2,42,0.44999999999999996,0.725,160,40,3,
Cho2017-3ch,fbcsp,random_forest,31,within,2,42,0.25,0.625,160,40,3,
Cho2017-3ch,fbcsp,lda,31,within,3,42,0.19999999999999996,0.6,160,40,3,
Cho2017-3ch,fbcsp,svm,31,within,3,42,0.09999999999999998,0.55,160,40,3,
Cho2017-3ch,fbcsp,decision_tree,31,within,3,42,0.15000000000000002,0.575,160,40,3,
Cho2017-3ch,fbcsp,random_forest,31,within,3,42,0.15000000000000002,0.575,160,40,3,
Cho2017-3ch,fbcsp,lda,31,within,4,42,0.19999999999999996,0.6,160,40,3,
Cho2017-3ch,fbcsp,svm,31,within,4,42,0.15000000000000002,0.575,160,40,3,
Cho2017-3ch,fbcsp,decision_tree,31,within,4,42,-0.10000000000000009,0.45,160,40,3,
Cho2017-3ch,fbcsp,random_forest,31,within,4,42,0.15000000000000002,0.575,160,40,3,
Cho2017-3ch,fbcsp,lda,32,within,0,42,-0.25,0.375,160,40,3,
Cho2017-3ch,fbcsp,svm,32,within,0,42,-0.19999999999999996,0.4,160,40,3,
Cho2017-3ch,fbcsp,decision_tree,32,within,0,42,0.0,0.5,160,40,3,
Cho2017-3ch,fbcsp,random_forest,32,within,0,42,-0.1499999999999999,0.425,160,40,3,
Cho2017-3ch,fbcsp,lda,32,within,1,42,0.09999999999999998,0.55,160,40,3,
Cho2017-3ch,fbcsp,svm,32,within,1,42,0.09999999999999998,0.55,160,40,3,
Cho2017-3ch,fbcsp,decision_tree,32,within,1,42,-0.1499999999999999,0.425,160,40,3,
Cho2017-3ch,fbcsp,random_forest,32,within,1,42,-0.10000000000000009,0.45,160,40,3,
Cho2017-3ch,fbcsp,lda,32,within,2,42,0.0,0.5,160,40,3,
Cho2017-3ch,fbcsp,svm,32,within,2,42,0.0,0.5,160,40,3,
Cho2017-3ch,fbcsp,decision_tree,32,within,2,42,0.15000000000000002,0.575,160,40,3,
Cho2017-3ch,fbcsp,random_forest,32,within,2,42,0.15000000000000002,0.575,160,40,3,
Cho2017-3ch,fbcsp,lda,32,within,3,42,-0.3999999999999999,0.3,160,40,3,
Cho2017-3ch,fbcsp,svm,32,within,3,42,-0.10000000000000009,0.45,160,40,3,
Cho2017-3ch,fbcsp,decision_tree,32,within,3,42,-0.3999999999999999,0.3,160,40,3,
Cho2017-3ch,fbcsp,random_forest,32,within,3,42,-0.050000000000000044,0.475,160,40,3,
Cho2017-3ch,fbcsp,lda,32,within,4,42,-0.10000000000000009,0.45,160,40,3,
Cho2017-3ch,fbcsp,svm,32,within,4,42,-0.10000000000000009,0.45,160,40,3,
Cho2017-3ch,fbcsp,decision_tree,32,within,4,42,-0.050000000000000044,0.475,160,40,3,
Cho2017-3ch,fbcsp,random_forest,32,within,4,42,-0.25,0.375,160,40,3,
Cho2017-3ch,fbcsp,lda,34,within,0,42,0.30000000000000004,0.65,160,40,3,
Cho2017-3ch,fbcsp,svm,34,within,0,42,0.15000000000000002,0.575,160,40,3,
Cho2017-3ch,fbcsp,decision_tree,34,within,0,42,0.050000000000000044,0.525,160,40,3,
Cho2017-3ch,fbcsp,random_forest,34,within,0,42,0.15000000000000002,0.575,160,40,3,
Cho2017-3ch,fbcsp,lda,34,within,1,42,-0.050000000000000044,0.475,160,40,3,
Cho2017-3ch,fbcsp,svm,34,within,1,42,0.0,0.5,160,40,3,
Cho2017-3ch,fbcsp,decision_tree,34,within,1,42,0.30000000000000004,0.65,160,40,3,
Cho2017-3ch,fbcsp,random_forest,34,within,1,42,0.09999999999999998,0.55,160,40,3,
Cho2017-3ch,fbcsp,lda,34,within,2,42,0.09999999999999998,0.55,160,40,3,
Cho2017-3ch,fbcsp,svm,34,within,2,42,0.0,0.5,160,40,3,
Cho2017-3ch,fbcsp,decision_tree,34,within,2,42,-0.19999999999999996,0.4,160,40,3,
Cho2017-3ch,fbcsp,random_forest,34,within,2,42,0.15000000000000002,0.575,160,40,3,
Cho2017-3ch,fbcsp,lda,34,within,3,42,-0.050000000000000044,0.475,160,40,3,
Cho2017-3ch,fbcsp,svm,34,within,3,42,-0.050000000000000044,0.475,160,40,3,
Cho2017-3ch,fbcsp,decision_tree,34,within,3,42,0.19999999999999996,0.6,160,40,3,
Cho2017-3ch,fbcsp,random_forest,34,within,3,42,-0.1499999999999999,0.425,160,40,3,
Cho2017-3ch,fbcsp,lda,34,within,4,42,-0.19999999999999996,0.4,160,40,3,
Cho2017-3ch,fbcsp,svm,34,within,4,42,-0.19999999999999996,0.4,160,40,3,
Cho2017-3ch,fbcsp,decision_tree,34,within,4,42,0.09999999999999998,0.55,160,40,3,
Cho2017-3ch,fbcsp,random_forest,34,within,4,42,-0.1499999999999999,0.425,160,40,3,
Cho2017-3ch,fbcsp,lda,35,within,0,42,0.8,0.9,160,40,3,
Cho2017-3ch,fbcsp,svm,35,within,0,42,0.75,0.875,160,40,3,
Cho2017-3ch,fbcsp,decision_tree,35,within,0,42,0.35,0.675,160,40,3,
Cho2017-3ch,fbcsp,random_forest,35,within,0,42,0.7,0.85,160,40,3,
Cho2017-3ch,fbcsp,lda,35,within,1,42,0.65,0.825,160,40,3,
Cho2017-3ch,fbcsp,svm,35,within,1,42,0.5,0.75,160,40,3,
Cho2017-3ch,fbcsp,decision_tree,35,within,1,42,0.35,0.675,160,40,3,
Cho2017-3ch,fbcsp,random_forest,35,within,1,42,0.55,0.775,160,40,3,
Cho2017-3ch,fbcsp,lda,35,within,2,42,0.4,0.7,160,40,3,
Cho2017-3ch,fbcsp,svm,35,within,2,42,0.44999999999999996,0.725,160,40,3,
Cho2017-3ch,fbcsp,decision_tree,35,within,2,42,0.4,0.7,160,40,3,
Cho2017-3ch,fbcsp,random_forest,35,within,2,42,0.5,0.75,160,40,3,
Cho2017-3ch,fbcsp,lda,35,within,3,42,0.6,0.8,160,40,3,
Cho2017-3ch,fbcsp,svm,35,within,3,42,0.55,0.775,160,40,3,
Cho2017-3ch,fbcsp,decision_tree,35,within,3,42,0.25,0.625,160,40,3,
Cho2017-3ch,fbcsp,random_forest,35,within,3,42,0.6,0.8,160,40,3,
Cho2017-3ch,fbcsp,lda,35,within,4,42,0.75,0.875,160,40,3,
Cho2017-3ch,fbcsp,svm,35,within,4,42,0.65,0.825,160,40,3,
Cho2017-3ch,fbcsp,decision_tree,35,within,4,42,0.35,0.675,160,40,3,
Cho2017-3ch,fbcsp,random_forest,35,within,4,42,0.75,0.875,160,40,3,
Cho2017-3ch,fbcsp,lda,36,within,0,42,0.15000000000000002,0.575,160,40,3,
Cho2017-3ch,fbcsp,svm,36,within,0,42,0.050000000000000044,0.525,160,40,3,
Cho2017-3ch,fbcsp,decision_tree,36,within,0,42,0.0,0.5,160,40,3,
Cho2017-3ch,fbcsp,random_forest,36,within,0,42,0.050000000000000044,0.525,160,40,3,
Cho2017-3ch,fbcsp,lda,36,within,1,42,0.19999999999999996,0.6,160,40,3,
Cho2017-3ch,fbcsp,svm,36,within,1,42,0.25,0.625,160,40,3,
Cho2017-3ch,fbcsp,decision_tree,36,within,1,42,0.0,0.5,160,40,3,
Cho2017-3ch,fbcsp,random_forest,36,within,1,42,0.19999999999999996,0.6,160,40,3,
Cho2017-3ch,fbcsp,lda,36,within,2,42,0.09999999999999998,0.55,160,40,3,
Cho2017-3ch,fbcsp,svm,36,within,2,42,0.050000000000000044,0.525,160,40,3,
Cho2017-3ch,fbcsp,decision_tree,36,within,2,42,0.050000000000000044,0.525,160,40,3,
Cho2017-3ch,fbcsp,random_forest,36,within,2,42,0.0,0.5,160,40,3,
Cho2017-3ch,fbcsp,lda,36,within,3,42,0.35,0.675,160,40,3,
Cho2017-3ch,fbcsp,svm,36,within,3,42,0.4,0.7,160,40,3,
Cho2017-3ch,fbcsp,decision_tree,36,within,3,42,0.0,0.5,160,40,3,
Cho2017-3ch,fbcsp,random_forest,36,within,3,42,0.15000000000000002,0.575,160,40,3,
Cho2017-3ch,fbcsp,lda,36,within,4,42,0.25,0.625,160,40,3,
Cho2017-3ch,fbcsp,svm,36,within,4,42,0.09999999999999998,0.55,160,40,3,
Cho2017-3ch,fbcsp,decision_tree,36,within,4,42,0.09999999999999998,0.55,160,40,3,
Cho2017-3ch,fbcsp,random_forest,36,within,4,42,-0.050000000000000044,0.475,160,40,3,
Cho2017-3ch,fbcsp,lda,37,within,0,42,0.5,0.75,160,40,3,
Cho2017-3ch,fbcsp,svm,37,within,0,42,0.25,0.625,160,40,3,
Cho2017-3ch,fbcsp,decision_tree,37,within,0,42,0.4,0.7,160,40,3,
Cho2017-3ch,fbcsp,random_forest,37,within,0,42,0.5,0.75,160,40,3,
Cho2017-3ch,fbcsp,lda,37,within,1,42,0.44999999999999996,0.725,160,40,3,
Cho2017-3ch,fbcsp,svm,37,within,1,42,0.6,0.8,160,40,3,
Cho2017-3ch,fbcsp,decision_tree,37,within,1,42,0.19999999999999996,0.6,160,40,3,
Cho2017-3ch,fbcsp,random_forest,37,within,1,42,0.44999999999999996,0.725,160,40,3,
Cho2017-3ch,fbcsp,lda,37,within,2,42,0.050000000000000044,0.525,160,40,3,
Cho2017-3ch,fbcsp,svm,37,within,2,42,0.0,0.5,160,40,3,
Cho2017-3ch,fbcsp,decision_tree,37,within,2,42,0.30000000000000004,0.65,160,40,3,
Cho2017-3ch,fbcsp,random_forest,37,within,2,42,0.19999999999999996,0.6,160,40,3,
Cho2017-3ch,fbcsp,lda,37,within,3,42,0.25,0.625,160,40,3,
Cho2017-3ch,fbcsp,svm,37,within,3,42,0.19999999999999996,0.6,160,40,3,
Cho2017-3ch,fbcsp,decision_tree,37,within,3,42,0.19999999999999996,0.6,160,40,3,
Cho2017-3ch,fbcsp,random_forest,37,within,3,42,0.4,0.7,160,40,3,
Cho2017-3ch,fbcsp,lda,37,within,4,42,0.09999999999999998,0.55,160,40,3,
Cho2017-3ch,fbcsp,svm,37,within,4,42,0.25,0.625,160,40,3,
Cho2017-3ch,fbcsp,decision_tree,37,within,4,42,0.35,0.675,160,40,3,
Cho2017-3ch,fbcsp,random_forest,37,within,4,42,0.44999999999999996,0.725,160,40,3,
Cho2017-3ch,fbcsp,lda,38,within,0,42,0.09999999999999998,0.55,160,40,3,
Cho2017-3ch,fbcsp,svm,38,within,0,42,0.09999999999999998,0.55,160,40,3,
Cho2017-3ch,fbcsp,decision_tree,38,within,0,42,0.09999999999999998,0.55,160,40,3,
Cho2017-3ch,fbcsp,random_forest,38,within,0,42,0.15000000000000002,0.575,160,40,3,
Cho2017-3ch,fbcsp,lda,38,within,1,42,0.19999999999999996,0.6,160,40,3,
Cho2017-3ch,fbcsp,svm,38,within,1,42,0.050000000000000044,0.525,160,40,3,
Cho2017-3ch,fbcsp,decision_tree,38,within,1,42,0.0,0.5,160,40,3,
Cho2017-3ch,fbcsp,random_forest,38,within,1,42,0.15000000000000002,0.575,160,40,3,
Cho2017-3ch,fbcsp,lda,38,within,2,42,0.09999999999999998,0.55,160,40,3,
Cho2017-3ch,fbcsp,svm,38,within,2,42,0.0,0.5,160,40,3,
Cho2017-3ch,fbcsp,decision_tree,38,within,2,42,-0.19999999999999996,0.4,160,40,3,
Cho2017-3ch,fbcsp,random_forest,38,within,2,42,0.0,0.5,160,40,3,
Cho2017-3ch,fbcsp,lda,38,within,3,42,0.0,0.5,160,40,3,
Cho2017-3ch,fbcsp,svm,38,within,3,42,0.0,0.5,160,40,3,
Cho2017-3ch,fbcsp,decision_tree,38,within,3,42,-0.19999999999999996,0.4,160,40,3,
Cho2017-3ch,fbcsp,random_forest,38,within,3,42,0.19999999999999996,0.6,160,40,3,
Cho2017-3ch,fbcsp,lda,38,within,4,42,-0.050000000000000044,0.475,160,40,3,
Cho2017-3ch,fbcsp,svm,38,within,4,42,0.0,0.5,160,40,3,
Cho2017-3ch,fbcsp,decision_tree,38,within,4,42,-0.1499999999999999,0.425,160,40,3,
Cho2017-3ch,fbcsp,random_forest,38,within,4,42,-0.050000000000000044,0.475,160,40,3,
Cho2017-3ch,fbcsp,lda,39,within,0,42,0.15000000000000002,0.575,160,40,3,
Cho2017-3ch,fbcsp,svm,39,within,0,42,0.19999999999999996,0.6,160,40,3,
Cho2017-3ch,fbcsp,decision_tree,39,within,0,42,-0.050000000000000044,0.475,160,40,3,
Cho2017-3ch,fbcsp,random_forest,39,within,0,42,0.15000000000000002,0.575,160,40,3,
Cho2017-3ch,fbcsp,lda,39,within,1,42,0.30000000000000004,0.65,160,40,3,
Cho2017-3ch,fbcsp,svm,39,within,1,42,0.4,0.7,160,40,3,
Cho2017-3ch,fbcsp,decision_tree,39,within,1,42,0.35,0.675,160,40,3,
Cho2017-3ch,fbcsp,random_forest,39,within,1,42,0.15000000000000002,0.575,160,40,3,
Cho2017-3ch,fbcsp,lda,39,within,2,42,0.15000000000000002,0.575,160,40,3,
Cho2017-3ch,fbcsp,svm,39,within,2,42,0.050000000000000044,0.525,160,40,3,
Cho2017-3ch,fbcsp,decision_tree,39,within,2,42,-0.19999999999999996,0.4,160,40,3,
Cho2017-3ch,fbcsp,random_forest,39,within,2,42,0.0,0.5,160,40,3,
Cho2017-3ch,fbcsp,lda,39,within,3,42,0.09999999999999998,0.55,160,40,3,
Cho2017-3ch,fbcsp,svm,39,within,3,42,0.15000000000000002,0.575,160,40,3,
Cho2017-3ch,fbcsp,decision_tree,39,within,3,42,0.050000000000000044,0.525,160,40,3,
Cho2017-3ch,fbcsp,random_forest,39,within,3,42,0.25,0.625,160,40,3,
Cho2017-3ch,fbcsp,lda,39,within,4,42,0.15000000000000002,0.575,160,40,3,
Cho2017-3ch,fbcsp,svm,39,within,4,42,0.19999999999999996,0.6,160,40,3,
Cho2017-3ch,fbcsp,decision_tree,39,within,4,42,0.09999999999999998,0.55,160,40,3,
Cho2017-3ch,fbcsp,random_forest,39,within,4,42,0.19999999999999996,0.6,160,40,3,
Cho2017-3ch,fbcsp,lda,40,within,0,42,0.0,0.5,160,40,3,
Cho2017-3ch,fbcsp,svm,40,within,0,42,-0.050000000000000044,0.475,160,40,3,
Cho2017-3ch,fbcsp,decision_tree,40,within,0,42,0.0,0.5,160,40,3,
Cho2017-3ch,fbcsp,random_forest,40,within,0,42,-0.1499999999999999,0.425,160,40,3,
Cho2017-3ch,fbcsp,lda,40,within,1,42,0.35,0.675,160,40,3,
Cho2017-3ch,fbcsp,svm,40,within,1,42,0.4,0.7,160,40,3,
Cho2017-3ch,fbcsp,decision_tree,40,within,1,42,0.15000000000000002,0.575,160,40,3,
Cho2017-3ch,fbcsp,random_forest,40,within,1,42,0.15000000000000002,0.575,160,40,3,
Cho2017-3ch,fbcsp,lda,40,within,2,42,0.09999999999999998,0.55,160,40,3,
Cho2017-3ch,fbcsp,svm,40,within,2,42,0.19999999999999996,0.6,160,40,3,
Cho2017-3ch,fbcsp,decision_tree,40,within,2,42,-0.19999999999999996,0.4,160,40,3,
Cho2017-3ch,fbcsp,random_forest,40,within,2,42,0.050000000000000044,0.525,160,40,3,
Cho2017-3ch,fbcsp,lda,40,within,3,42,0.35,0.675,160,40,3,
Cho2017-3ch,fbcsp,svm,40,within,3,42,0.4,0.7,160,40,3,
Cho2017-3ch,fbcsp,decision_tree,40,within,3,42,0.15000000000000002,0.575,160,40,3,
Cho2017-3ch,fbcsp,random_forest,40,within,3,42,0.15000000000000002,0.575,160,40,3,
Cho2017-3ch,fbcsp,lda,40,within,4,42,0.25,0.625,160,40,3,
Cho2017-3ch,fbcsp,svm,40,within,4,42,0.15000000000000002,0.575,160,40,3,
Cho2017-3ch,fbcsp,decision_tree,40,within,4,42,-0.19999999999999996,0.4,160,40,3,
Cho2017-3ch,fbcsp,random_forest,40,within,4,42,-0.050000000000000044,0.475,160,40,3,
Cho2017-3ch,fbcsp,lda,41,within,0,42,0.25,0.625,160,40,3,
Cho2017-3ch,fbcsp,svm,41,within,0,42,0.25,0.625,160,40,3,
Cho2017-3ch,fbcsp,decision_tree,41,within,0,42,-0.050000000000000044,0.475,160,40,3,
Cho2017-3ch,fbcsp,random_forest,41,within,0,42,0.19999999999999996,0.6,160,40,3,
Cho2017-3ch,fbcsp,lda,41,within,1,42,0.15000000000000002,0.575,160,40,3,
Cho2017-3ch,fbcsp,svm,41,within,1,42,0.19999999999999996,0.6,160,40,3,
Cho2017-3ch,fbcsp,decision_tree,41,within,1,42,-0.1499999999999999,0.425,160,40,3,
Cho2017-3ch,fbcsp,random_forest,41,within,1,42,0.0,0.5,160,40,3,
Cho2017-3ch,fbcsp,lda,41,within,2,42,-0.1499999999999999,0.425,160,40,3,
Cho2017-3ch,fbcsp,svm,41,within,2,42,0.050000000000000044,0.525,160,40,3,
Cho2017-3ch,fbcsp,decision_tree,41,within,2,42,-0.19999999999999996,0.4,160,40,3,
Cho2017-3ch,fbcsp,random_forest,41,within,2,42,-0.050000000000000044,0.475,160,40,3,
Cho2017-3ch,fbcsp,lda,41,within,3,42,0.4,0.7,160,40,3,
Cho2017-3ch,fbcsp,svm,41,within,3,42,0.30000000000000004,0.65,160,40,3,
Cho2017-3ch,fbcsp,decision_tree,41,within,3,42,0.25,0.625,160,40,3,
Cho2017-3ch,fbcsp,random_forest,41,within,3,42,0.0,0.5,160,40,3,
Cho2017-3ch,fbcsp,lda,41,within,4,42,0.25,0.625,160,40,3,
Cho2017-3ch,fbcsp,svm,41,within,4,42,0.19999999999999996,0.6,160,40,3,
Cho2017-3ch,fbcsp,decision_tree,41,within,4,42,0.050000000000000044,0.525,160,40,3,
Cho2017-3ch,fbcsp,random_forest,41,within,4,42,0.15000000000000002,0.575,160,40,3,
Cho2017-3ch,fbcsp,lda,42,within,0,42,0.0,0.5,160,40,3,
Cho2017-3ch,fbcsp,svm,42,within,0,42,0.0,0.5,160,40,3,
Cho2017-3ch,fbcsp,decision_tree,42,within,0,42,-0.050000000000000044,0.475,160,40,3,
Cho2017-3ch,fbcsp,random_forest,42,within,0,42,0.15000000000000002,0.575,160,40,3,
Cho2017-3ch,fbcsp,lda,42,within,1,42,0.19999999999999996,0.6,160,40,3,
Cho2017-3ch,fbcsp,svm,42,within,1,42,0.15000000000000002,0.575,160,40,3,
Cho2017-3ch,fbcsp,decision_tree,42,within,1,42,0.19999999999999996,0.6,160,40,3,
Cho2017-3ch,fbcsp,random_forest,42,within,1,42,0.19999999999999996,0.6,160,40,3,
Cho2017-3ch,fbcsp,lda,42,within,2,42,0.19999999999999996,0.6,160,40,3,
Cho2017-3ch,fbcsp,svm,42,within,2,42,0.35,0.675,160,40,3,
Cho2017-3ch,fbcsp,decision_tree,42,within,2,42,0.19999999999999996,0.6,160,40,3,
Cho2017-3ch,fbcsp,random_forest,42,within,2,42,0.35,0.675,160,40,3,
Cho2017-3ch,fbcsp,lda,42,within,3,42,0.09999999999999998,0.55,160,40,3,
Cho2017-3ch,fbcsp,svm,42,within,3,42,-0.10000000000000009,0.45,160,40,3,
Cho2017-3ch,fbcsp,decision_tree,42,within,3,42,0.09999999999999998,0.55,160,40,3,
Cho2017-3ch,fbcsp,random_forest,42,within,3,42,0.25,0.625,160,40,3,
Cho2017-3ch,fbcsp,lda,42,within,4,42,0.09999999999999998,0.55,160,40,3,
Cho2017-3ch,fbcsp,svm,42,within,4,42,-0.10000000000000009,0.45,160,40,3,
Cho2017-3ch,fbcsp,decision_tree,42,within,4,42,0.15000000000000002,0.575,160,40,3,
Cho2017-3ch,fbcsp,random_forest,42,within,4,42,0.050000000000000044,0.525,160,40,3,
Cho2017-3ch,fbcsp,lda,43,within,0,42,0.75,0.875,160,40,3,
Cho2017-3ch,fbcsp,svm,43,within,0,42,0.8,0.9,160,40,3,
Cho2017-3ch,fbcsp,decision_tree,43,within,0,42,0.25,0.625,160,40,3,
Cho2017-3ch,fbcsp,random_forest,43,within,0,42,0.65,0.825,160,40,3,
Cho2017-3ch,fbcsp,lda,43,within,1,42,0.6,0.8,160,40,3,
Cho2017-3ch,fbcsp,svm,43,within,1,42,0.55,0.775,160,40,3,
Cho2017-3ch,fbcsp,decision_tree,43,within,1,42,0.55,0.775,160,40,3,
Cho2017-3ch,fbcsp,random_forest,43,within,1,42,0.6,0.8,160,40,3,
Cho2017-3ch,fbcsp,lda,43,within,2,42,0.8,0.9,160,40,3,
Cho2017-3ch,fbcsp,svm,43,within,2,42,0.75,0.875,160,40,3,
Cho2017-3ch,fbcsp,decision_tree,43,within,2,42,0.15000000000000002,0.575,160,40,3,
Cho2017-3ch,fbcsp,random_forest,43,within,2,42,0.55,0.775,160,40,3,
Cho2017-3ch,fbcsp,lda,43,within,3,42,0.7,0.85,160,40,3,
Cho2017-3ch,fbcsp,svm,43,within,3,42,0.6,0.8,160,40,3,
Cho2017-3ch,fbcsp,decision_tree,43,within,3,42,0.15000000000000002,0.575,160,40,3,
Cho2017-3ch,fbcsp,random_forest,43,within,3,42,0.65,0.825,160,40,3,
Cho2017-3ch,fbcsp,lda,43,within,4,42,0.6,0.8,160,40,3,
Cho2017-3ch,fbcsp,svm,43,within,4,42,0.6,0.8,160,40,3,
Cho2017-3ch,fbcsp,decision_tree,43,within,4,42,0.44999999999999996,0.725,160,40,3,
Cho2017-3ch,fbcsp,random_forest,43,within,4,42,0.7,0.85,160,40,3,
Cho2017-3ch,fbcsp,lda,44,within,0,42,0.19999999999999996,0.6,160,40,3,
Cho2017-3ch,fbcsp,svm,44,within,0,42,0.050000000000000044,0.525,160,40,3,
Cho2017-3ch,fbcsp,decision_tree,44,within,0,42,-0.10000000000000009,0.45,160,40,3,
Cho2017-3ch,fbcsp,random_forest,44,within,0,42,0.19999999999999996,0.6,160,40,3,
Cho2017-3ch,fbcsp,lda,44,within,1,42,0.25,0.625,160,40,3,
Cho2017-3ch,fbcsp,svm,44,within,1,42,0.35,0.675,160,40,3,
Cho2017-3ch,fbcsp,decision_tree,44,within,1,42,0.0,0.5,160,40,3,
Cho2017-3ch,fbcsp,random_forest,44,within,1,42,0.35,0.675,160,40,3,
Cho2017-3ch,fbcsp,lda,44,within,2,42,0.050000000000000044,0.525,160,40,3,
Cho2017-3ch,fbcsp,svm,44,within,2,42,0.0,0.5,160,40,3,
Cho2017-3ch,fbcsp,decision_tree,44,within,2,42,-0.1499999999999999,0.425,160,40,3,
Cho2017-3ch,fbcsp,random_forest,44,within,2,42,0.09999999999999998,0.55,160,40,3,
Cho2017-3ch,fbcsp,lda,44,within,3,42,0.19999999999999996,0.6,160,40,3,
Cho2017-3ch,fbcsp,svm,44,within,3,42,0.15000000000000002,0.575,160,40,3,
Cho2017-3ch,fbcsp,decision_tree,44,within,3,42,0.09999999999999998,0.55,160,40,3,
Cho2017-3ch,fbcsp,random_forest,44,within,3,42,0.15000000000000002,0.575,160,40,3,
Cho2017-3ch,fbcsp,lda,44,within,4,42,0.19999999999999996,0.6,160,40,3,
Cho2017-3ch,fbcsp,svm,44,within,4,42,0.19999999999999996,0.6,160,40,3,
Cho2017-3ch,fbcsp,decision_tree,44,within,4,42,-0.10000000000000009,0.45,160,40,3,
Cho2017-3ch,fbcsp,random_forest,44,within,4,42,0.050000000000000044,0.525,160,40,3,
Cho2017-3ch,fbcsp,lda,45,within,0,42,0.25,0.625,160,40,3,
Cho2017-3ch,fbcsp,svm,45,within,0,42,0.15000000000000002,0.575,160,40,3,
Cho2017-3ch,fbcsp,decision_tree,45,within,0,42,0.050000000000000044,0.525,160,40,3,
Cho2017-3ch,fbcsp,random_forest,45,within,0,42,0.25,0.625,160,40,3,
Cho2017-3ch,fbcsp,lda,45,within,1,42,0.09999999999999998,0.55,160,40,3,
Cho2017-3ch,fbcsp,svm,45,within,1,42,-0.050000000000000044,0.475,160,40,3,
Cho2017-3ch,fbcsp,decision_tree,45,within,1,42,-0.1499999999999999,0.425,160,40,3,
Cho2017-3ch,fbcsp,random_forest,45,within,1,42,-0.1499999999999999,0.425,160,40,3,
Cho2017-3ch,fbcsp,lda,45,within,2,42,-0.1499999999999999,0.425,160,40,3,
Cho2017-3ch,fbcsp,svm,45,within,2,42,-0.10000000000000009,0.45,160,40,3,
Cho2017-3ch,fbcsp,decision_tree,45,within,2,42,-0.050000000000000044,0.475,160,40,3,
Cho2017-3ch,fbcsp,random_forest,45,within,2,42,-0.10000000000000009,0.45,160,40,3,
Cho2017-3ch,fbcsp,lda,45,within,3,42,-0.1499999999999999,0.425,160,40,3,
Cho2017-3ch,fbcsp,svm,45,within,3,42,-0.30000000000000004,0.35,160,40,3,
Cho2017-3ch,fbcsp,decision_tree,45,within,3,42,-0.19999999999999996,0.4,160,40,3,
Cho2017-3ch,fbcsp,random_forest,45,within,3,42,-0.10000000000000009,0.45,160,40,3,
Cho2017-3ch,fbcsp,lda,45,within,4,42,0.050000000000000044,0.525,160,40,3,
Cho2017-3ch,fbcsp,svm,45,within,4,42,0.050000000000000044,0.525,160,40,3,
Cho2017-3ch,fbcsp,decision_tree,45,within,4,42,-0.1499999999999999,0.425,160,40,3,
Cho2017-3ch,fbcsp,random_forest,45,within,4,42,0.19999999999999996,0.6,160,40,3,
Cho2017-3ch,fbcsp,lda,46,within,0,42,0.20833333333333337,0.6041666666666666,192,48,3,
Cho2017-3ch,fbcsp,svm,46,within,0,42,0.125,0.5625,192,48,3,
Cho2017-3ch,fbcsp,decision_tree,46,within,0,42,0.20833333333333337,0.6041666666666666,192,48,3,
Cho2017-3ch,fbcsp,random_forest,46,within,0,42,0.25,0.625,192,48,3,
Cho2017-3ch,fbcsp,lda,46,within,1,42,0.08333333333333337,0.5416666666666666,192,48,3,
Cho2017-3ch,fbcsp,svm,46,within,1,42,0.04166666666666663,0.5208333333333334,192,48,3,
Cho2017-3ch,fbcsp,decision_tree,46,within,1,42,-0.04166666666666674,0.4791666666666667,192,48,3,
Cho2017-3ch,fbcsp,random_forest,46,within,1,42,0.0,0.5,192,48,3,
Cho2017-3ch,fbcsp,lda,46,within,2,42,-0.16666666666666674,0.4166666666666667,192,48,3,
Cho2017-3ch,fbcsp,svm,46,within,2,42,-0.20833333333333326,0.3958333333333333,192,48,3,
Cho2017-3ch,fbcsp,decision_tree,46,within,2,42,0.125,0.5625,192,48,3,
Cho2017-3ch,fbcsp,random_forest,46,within,2,42,-0.29166666666666674,0.3541666666666667,192,48,3,
Cho2017-3ch,fbcsp,lda,46,within,3,42,0.125,0.5625,192,48,3,
Cho2017-3ch,fbcsp,svm,46,within,3,42,0.20833333333333337,0.6041666666666666,192,48,3,
Cho2017-3ch,fbcsp,decision_tree,46,within,3,42,0.08333333333333337,0.5416666666666666,192,48,3,
Cho2017-3ch,fbcsp,random_forest,46,within,3,42,0.33333333333333337,0.6666666666666666,192,48,3,
Cho2017-3ch,fbcsp,lda,46,within,4,42,-0.125,0.4375,192,48,3,
Cho2017-3ch,fbcsp,svm,46,within,4,42,0.04166666666666663,0.5208333333333334,192,48,3,
Cho2017-3ch,fbcsp,decision_tree,46,within,4,42,0.08333333333333337,0.5416666666666666,192,48,3,
Cho2017-3ch,fbcsp,random_forest,46,within,4,42,0.08333333333333337,0.5416666666666666,192,48,3,
Cho2017-3ch,fbcsp,lda,47,within,0,42,0.25,0.625,160,40,3,
Cho2017-3ch,fbcsp,svm,47,within,0,42,0.25,0.625,160,40,3,
Cho2017-3ch,fbcsp,decision_tree,47,within,0,42,-0.050000000000000044,0.475,160,40,3,
Cho2017-3ch,fbcsp,random_forest,47,within,0,42,0.09999999999999998,0.55,160,40,3,
Cho2017-3ch,fbcsp,lda,47,within,1,42,0.0,0.5,160,40,3,
Cho2017-3ch,fbcsp,svm,47,within,1,42,0.050000000000000044,0.525,160,40,3,
Cho2017-3ch,fbcsp,decision_tree,47,within,1,42,-0.050000000000000044,0.475,160,40,3,
Cho2017-3ch,fbcsp,random_forest,47,within,1,42,0.050000000000000044,0.525,160,40,3,
Cho2017-3ch,fbcsp,lda,47,within,2,42,0.050000000000000044,0.525,160,40,3,
Cho2017-3ch,fbcsp,svm,47,within,2,42,0.15000000000000002,0.575,160,40,3,
Cho2017-3ch,fbcsp,decision_tree,47,within,2,42,0.0,0.5,160,40,3,
Cho2017-3ch,fbcsp,random_forest,47,within,2,42,0.15000000000000002,0.575,160,40,3,
Cho2017-3ch,fbcsp,lda,47,within,3,42,0.19999999999999996,0.6,160,40,3,
Cho2017-3ch,fbcsp,svm,47,within,3,42,0.30000000000000004,0.65,160,40,3,
Cho2017-3ch,fbcsp,decision_tree,47,within,3,42,0.050000000000000044,0.525,160,40,3,
Cho2017-3ch,fbcsp,random_forest,47,within,3,42,0.09999999999999998,0.55,160,40,3,
Cho2017-3ch,fbcsp,lda,47,within,4,42,0.44999999999999996,0.725,160,40,3,
Cho2017-3ch,fbcsp,svm,47,within,4,42,0.35,0.675,160,40,3,
Cho2017-3ch,fbcsp,decision_tree,47,within,4,42,0.25,0.625,160,40,3,
Cho2017-3ch,fbcsp,random_forest,47,within,4,42,0.4,0.7,160,40,3,
Cho2017-3ch,fbcsp,lda,48,within,0,42,0.25,0.625,160,40,3,
Cho2017-3ch,fbcsp,svm,48,within,0,42,0.050000000000000044,0.525,160,40,3,
Cho2017-3ch,fbcsp,decision_tree,48,within,0,42,-0.10000000000000009,0.45,160,40,3,
Cho2017-3ch,fbcsp,random_forest,48,within,0,42,0.19999999999999996,0.6,160,40,3,
Cho2017-3ch,fbcsp,lda,48,within,1,42,0.55,0.775,160,40,3,
Cho2017-3ch,fbcsp,svm,48,within,1,42,0.25,0.625,160,40,3,
Cho2017-3ch,fbcsp,decision_tree,48,within,1,42,0.4,0.7,160,40,3,
Cho2017-3ch,fbcsp,random_forest,48,within,1,42,0.19999999999999996,0.6,160,40,3,
Cho2017-3ch,fbcsp,lda,48,within,2,42,0.09999999999999998,0.55,160,40,3,
Cho2017-3ch,fbcsp,svm,48,within,2,42,0.25,0.625,160,40,3,
Cho2017-3ch,fbcsp,decision_tree,48,within,2,42,0.0,0.5,160,40,3,
Cho2017-3ch,fbcsp,random_forest,48,within,2,42,0.0,0.5,160,40,3,
Cho2017-3ch,fbcsp,lda,48,within,3,42,0.09999999999999998,0.55,160,40,3,
Cho2017-3ch,fbcsp,svm,48,within,3,42,0.09999999999999998,0.55,160,40,3,
Cho2017-3ch,fbcsp,decision_tree,48,within,3,42,0.0,0.5,160,40,3,
Cho2017-3ch,fbcsp,random_forest,48,within,3,42,-0.10000000000000009,0.45,160,40,3,
Cho2017-3ch,fbcsp,lda,48,within,4,42,0.30000000000000004,0.65,160,40,3,
Cho2017-3ch,fbcsp,svm,48,within,4,42,0.30000000000000004,0.65,160,40,3,
Cho2017-3ch,fbcsp,decision_tree,48,within,4,42,0.050000000000000044,0.525,160,40,3,
Cho2017-3ch,fbcsp,random_forest,48,within,4,42,0.25,0.625,160,40,3,
Cho2017-3ch,fbcsp,lda,49,within,0,42,0.15000000000000002,0.575,160,40,3,
Cho2017-3ch,fbcsp,svm,49,within,0,42,0.09999999999999998,0.55,160,40,3,
Cho2017-3ch,fbcsp,decision_tree,49,within,0,42,0.15000000000000002,0.575,160,40,3,
Cho2017-3ch,fbcsp,random_forest,49,within,0,42,0.15000000000000002,0.575,160,40,3,
Cho2017-3ch,fbcsp,lda,49,within,1,42,0.25,0.625,160,40,3,
Cho2017-3ch,fbcsp,svm,49,within,1,42,0.09999999999999998,0.55,160,40,3,
Cho2017-3ch,fbcsp,decision_tree,49,within,1,42,0.050000000000000044,0.525,160,40,3,
Cho2017-3ch,fbcsp,random_forest,49,within,1,42,0.30000000000000004,0.65,160,40,3,
Cho2017-3ch,fbcsp,lda,49,within,2,42,0.0,0.5,160,40,3,
Cho2017-3ch,fbcsp,svm,49,within,2,42,0.30000000000000004,0.65,160,40,3,
Cho2017-3ch,fbcsp,decision_tree,49,within,2,42,0.0,0.5,160,40,3,
Cho2017-3ch,fbcsp,random_forest,49,within,2,42,0.09999999999999998,0.55,160,40,3,
Cho2017-3ch,fbcsp,lda,49,within,3,42,0.19999999999999996,0.6,160,40,3,
Cho2017-3ch,fbcsp,svm,49,within,3,42,0.35,0.675,160,40,3,
Cho2017-3ch,fbcsp,decision_tree,49,within,3,42,0.15000000000000002,0.575,160,40,3,
Cho2017-3ch,fbcsp,random_forest,49,within,3,42,0.35,0.675,160,40,3,
Cho2017-3ch,fbcsp,lda,49,within,4,42,0.4,0.7,160,40,3,
Cho2017-3ch,fbcsp,svm,49,within,4,42,0.35,0.675,160,40,3,
Cho2017-3ch,fbcsp,decision_tree,49,within,4,42,0.19999999999999996,0.6,160,40,3,
Cho2017-3ch,fbcsp,random_forest,49,within,4,42,0.30000000000000004,0.65,160,40,3,
Cho2017-3ch,fbcsp,lda,50,within,0,42,0.0,0.5,160,40,3,
Cho2017-3ch,fbcsp,svm,50,within,0,42,-0.10000000000000009,0.45,160,40,3,
Cho2017-3ch,fbcsp,decision_tree,50,within,0,42,0.25,0.625,160,40,3,
Cho2017-3ch,fbcsp,random_forest,50,within,0,42,-0.050000000000000044,0.475,160,40,3,
Cho2017-3ch,fbcsp,lda,50,within,1,42,0.15000000000000002,0.575,160,40,3,
Cho2017-3ch,fbcsp,svm,50,within,1,42,0.15000000000000002,0.575,160,40,3,
Cho2017-3ch,fbcsp,decision_tree,50,within,1,42,-0.050000000000000044,0.475,160,40,3,
Cho2017-3ch,fbcsp,random_forest,50,within,1,42,0.19999999999999996,0.6,160,40,3,
Cho2017-3ch,fbcsp,lda,50,within,2,42,-0.050000000000000044,0.475,160,40,3,
Cho2017-3ch,fbcsp,svm,50,within,2,42,0.0,0.5,160,40,3,
Cho2017-3ch,fbcsp,decision_tree,50,within,2,42,0.0,0.5,160,40,3,
Cho2017-3ch,fbcsp,random_forest,50,within,2,42,0.09999999999999998,0.55,160,40,3,
Cho2017-3ch,fbcsp,lda,50,within,3,42,0.25,0.625,160,40,3,
Cho2017-3ch,fbcsp,svm,50,within,3,42,0.35,0.675,160,40,3,
Cho2017-3ch,fbcsp,decision_tree,50,within,3,42,0.09999999999999998,0.55,160,40,3,
Cho2017-3ch,fbcsp,random_forest,50,within,3,42,0.5,0.75,160,40,3,
Cho2017-3ch,fbcsp,lda,50,within,4,42,0.25,0.625,160,40,3,
Cho2017-3ch,fbcsp,svm,50,within,4,42,0.15000000000000002,0.575,160,40,3,
Cho2017-3ch,fbcsp,decision_tree,50,within,4,42,0.19999999999999996,0.6,160,40,3,
Cho2017-3ch,fbcsp,random_forest,50,within,4,42,0.09999999999999998,0.55,160,40,3,
Cho2017-3ch,fbcsp,lda,51,within,0,42,0.30000000000000004,0.65,160,40,3,
Cho2017-3ch,fbcsp,svm,51,within,0,42,0.050000000000000044,0.525,160,40,3,
Cho2017-3ch,fbcsp,decision_tree,51,within,0,42,0.0,0.5,160,40,3,
Cho2017-3ch,fbcsp,random_forest,51,within,0,42,0.35,0.675,160,40,3,
Cho2017-3ch,fbcsp,lda,51,within,1,42,-0.050000000000000044,0.475,160,40,3,
Cho2017-3ch,fbcsp,svm,51,within,1,42,0.44999999999999996,0.725,160,40,3,
Cho2017-3ch,fbcsp,decision_tree,51,within,1,42,0.050000000000000044,0.525,160,40,3,
Cho2017-3ch,fbcsp,random_forest,51,within,1,42,0.25,0.625,160,40,3,
Cho2017-3ch,fbcsp,lda,51,within,2,42,0.25,0.625,160,40,3,
Cho2017-3ch,fbcsp,svm,51,within,2,42,0.15000000000000002,0.575,160,40,3,
Cho2017-3ch,fbcsp,decision_tree,51,within,2,42,0.15000000000000002,0.575,160,40,3,
Cho2017-3ch,fbcsp,random_forest,51,within,2,42,0.0,0.5,160,40,3,
Cho2017-3ch,fbcsp,lda,51,within,3,42,0.050000000000000044,0.525,160,40,3,
Cho2017-3ch,fbcsp,svm,51,within,3,42,0.15000000000000002,0.575,160,40,3,
Cho2017-3ch,fbcsp,decision_tree,51,within,3,42,-0.19999999999999996,0.4,160,40,3,
Cho2017-3ch,fbcsp,random_forest,51,within,3,42,0.0,0.5,160,40,3,
Cho2017-3ch,fbcsp,lda,51,within,4,42,0.09999999999999998,0.55,160,40,3,
Cho2017-3ch,fbcsp,svm,51,within,4,42,0.09999999999999998,0.55,160,40,3,
Cho2017-3ch,fbcsp,decision_tree,51,within,4,42,0.0,0.5,160,40,3,
Cho2017-3ch,fbcsp,random_forest,51,within,4,42,-0.050000000000000044,0.475,160,40,3,
Cho2017-3ch,fbcsp,lda,52,within,0,42,0.35,0.675,160,40,3,
Cho2017-3ch,fbcsp,svm,52,within,0,42,0.4,0.7,160,40,3,
Cho2017-3ch,fbcsp,decision_tree,52,within,0,42,0.0,0.5,160,40,3,
Cho2017-3ch,fbcsp,random_forest,52,within,0,42,0.0,0.5,160,40,3,
Cho2017-3ch,fbcsp,lda,52,within,1,42,0.19999999999999996,0.6,160,40,3,
Cho2017-3ch,fbcsp,svm,52,within,1,42,0.35,0.675,160,40,3,
Cho2017-3ch,fbcsp,decision_tree,52,within,1,42,0.25,0.625,160,40,3,
Cho2017-3ch,fbcsp,random_forest,52,within,1,42,0.25,0.625,160,40,3,
Cho2017-3ch,fbcsp,lda,52,within,2,42,0.09999999999999998,0.55,160,40,3,
Cho2017-3ch,fbcsp,svm,52,within,2,42,0.15000000000000002,0.575,160,40,3,
Cho2017-3ch,fbcsp,decision_tree,52,within,2,42,0.050000000000000044,0.525,160,40,3,
Cho2017-3ch,fbcsp,random_forest,52,within,2,42,-0.050000000000000044,0.475,160,40,3,
Cho2017-3ch,fbcsp,lda,52,within,3,42,0.09999999999999998,0.55,160,40,3,
Cho2017-3ch,fbcsp,svm,52,within,3,42,0.25,0.625,160,40,3,
Cho2017-3ch,fbcsp,decision_tree,52,within,3,42,0.25,0.625,160,40,3,
Cho2017-3ch,fbcsp,random_forest,52,within,3,42,0.19999999999999996,0.6,160,40,3,
Cho2017-3ch,fbcsp,lda,52,within,4,42,0.25,0.625,160,40,3,
Cho2017-3ch,fbcsp,svm,52,within,4,42,0.15000000000000002,0.575,160,40,3,
Cho2017-3ch,fbcsp,decision_tree,52,within,4,42,0.0,0.5,160,40,3,
Cho2017-3ch,fbcsp,random_forest,52,within,4,42,0.15000000000000002,0.575,160,40,3,
