dataset,method,montage,protocol,subject,seed,kappa,accuracy,n_train,n_test,n_channels,y_true_seq,y_pred_seq,error
STEW,eegnet,full,within,1,7,1.0,1.0,59,15,14,,,
STEW,eegnet,full,within,1,7,0.8648648648648649,0.9333333333333333,59,15,14,,,
STEW,eegnet,full,within,1,7,0.8672566371681416,0.9333333333333333,59,15,14,,,
STEW,eegnet,full,within,1,7,1.0,1.0,59,15,14,,,
STEW,eegnet,full,within,1,7,0.8571428571428572,0.9285714285714286,60,14,14,,,
STEW,eegnet,full,within,1,42,1.0,1.0,59,15,14,,,
STEW,eegnet,full,within,1,42,0.8648648648648649,0.9333333333333333,59,15,14,,,
STEW,eegnet,full,within,1,42,0.736842105263158,0.8666666666666667,59,15,14,,,
STEW,eegnet,full,within,1,42,1.0,1.0,59,15,14,,,
STEW,eegnet,full,within,1,42,1.0,1.0,60,14,14,,,
STEW,eegnet,full,within,2,7,1.0,1.0,59,15,14,,,
STEW,eegnet,full,within,2,7,0.8648648648648649,0.9333333333333333,59,15,14,,,
STEW,eegnet,full,within,2,7,1.0,1.0,59,15,14,,,
STEW,eegnet,full,within,2,7,0.8672566371681416,0.9333333333333333,59,15,14,,,
STEW,eegnet,full,within,2,7,0.8571428571428572,0.9285714285714286,60,14,14,,,
STEW,eegnet,full,within,2,42,0.7272727272727273,0.8666666666666667,59,15,14,,,
STEW,eegnet,full,within,2,42,0.8648648648648649,0.9333333333333333,59,15,14,,,
STEW,eegnet,full,within,2,42,1.0,1.0,59,15,14,,,
STEW,eegnet,full,within,2,42,0.8672566371681416,0.9333333333333333,59,15,14,,,
STEW,eegnet,full,within,2,42,0.8571428571428572,0.9285714285714286,60,14,14,,,
STEW,eegnet,full,within,3,7,0.8648648648648649,0.9333333333333333,59,15,14,,,
STEW,eegnet,full,within,3,7,0.8672566371681416,0.9333333333333333,59,15,14,,,
STEW,eegnet,full,within,3,7,0.4444444444444444,0.7333333333333333,59,15,14,,,
STEW,eegnet,full,within,3,7,0.8672566371681416,0.9333333333333333,59,15,14,,,
STEW,eegnet,full,within,3,7,1.0,1.0,60,14,14,,,
STEW,eegnet,full,within,3,42,1.0,1.0,59,15,14,,,
STEW,eegnet,full,within,3,42,1.0,1.0,59,15,14,,,
STEW,eegnet,full,within,3,42,0.5945945945945946,0.8,59,15,14,,,
STEW,eegnet,full,within,3,42,1.0,1.0,59,15,14,,,
STEW,eegnet,full,within,3,42,1.0,1.0,60,14,14,,,
STEW,eegnet,full,within,4,7,0.7272727272727273,0.8666666666666667,59,15,14,,,
STEW,eegnet,full,within,4,7,0.6017699115044248,0.8,59,15,14,,,
STEW,eegnet,full,within,4,7,0.8648648648648649,0.9333333333333333,59,15,14,,,
STEW,eegnet,full,within,4,7,0.4545454545454546,0.7333333333333333,59,15,14,,,
STEW,eegnet,full,within,4,7,0.7142857142857143,0.8571428571428571,60,14,14,,,
STEW,eegnet,full,within,4,42,1.0,1.0,59,15,14,,,
STEW,eegnet,full,within,4,42,0.7321428571428572,0.8666666666666667,59,15,14,,,
STEW,eegnet,full,within,4,42,0.8648648648648649,0.9333333333333333,59,15,14,,,
STEW,eegnet,full,within,4,42,0.7272727272727273,0.8666666666666667,59,15,14,,,
STEW,eegnet,full,within,4,42,0.8571428571428572,0.9285714285714286,60,14,14,,,
STEW,eegnet,full,within,6,7,1.0,1.0,59,15,14,,,
STEW,eegnet,full,within,6,7,1.0,1.0,59,15,14,,,
STEW,eegnet,full,within,6,7,0.8648648648648649,0.9333333333333333,59,15,14,,,
STEW,eegnet,full,within,6,7,0.4642857142857143,0.7333333333333333,59,15,14,,,
STEW,eegnet,full,within,6,7,0.8571428571428572,0.9285714285714286,60,14,14,,,
STEW,eegnet,full,within,6,42,1.0,1.0,59,15,14,,,
STEW,eegnet,full,within,6,42,0.736842105263158,0.8666666666666667,59,15,14,,,
STEW,eegnet,full,within,6,42,1.0,1.0,59,15,14,,,
STEW,eegnet,full,within,6,42,1.0,1.0,59,15,14,,,
STEW,eegnet,full,within,6,42,0.8571428571428572,0.9285714285714286,60,14,14,,,
STEW,eegnet,full,within,7,7,0.8648648648648649,0.9333333333333333,59,15,14,,,
STEW,eegnet,full,within,7,7,1.0,1.0,59,15,14,,,
STEW,eegnet,full,within,7,7,0.5945945945945946,0.8,59,15,14,,,
STEW,eegnet,full,within,7,7,1.0,1.0,59,15,14,,,
STEW,eegnet,full,within,7,7,0.8571428571428572,0.9285714285714286,60,14,14,,,
STEW,eegnet,full,within,7,42,1.0,1.0,59,15,14,,,
STEW,eegnet,full,within,7,42,0.8648648648648649,0.9333333333333333,59,15,14,,,
STEW,eegnet,full,within,7,42,0.7321428571428572,0.8666666666666667,59,15,14,,,
STEW,eegnet,full,within,7,42,1.0,1.0,59,15,14,,,
STEW,eegnet,full,within,7,42,1.0,1.0,60,14,14,,,
STEW,eegnet,full,within,8,7,0.8648648648648649,0.9333333333333333,59,15,14,,,
STEW,eegnet,full,within,8,7,1.0,1.0,59,15,14,,,
STEW,eegnet,full,within,8,7,1.0,1.0,59,15,14,,,
STEW,eegnet,full,within,8,7,1.0,1.0,59,15,14,,,
STEW,eegnet,full,within,8,7,1.0,1.0,60,14,14,,,
STEW,eegnet,full,within,8,42,1.0,1.0,59,15,14,,,
STEW,eegnet,full,within,8,42,1.0,1.0,59,15,14,,,
STEW,eegnet,full,within,8,42,1.0,1.0,59,15,14,,,
STEW,eegnet,full,within,8,42,1.0,1.0,59,15,14,,,
STEW,eegnet,full,within,8,42,1.0,1.0,60,14,14,,,
STEW,eegnet,full,within,9,7,0.7321428571428572,0.8666666666666667,59,15,14,,,
STEW,eegnet,full,within,9,7,0.8672566371681416,0.9333333333333333,59,15,14,,,
STEW,eegnet,full,within,9,7,0.8672566371681416,0.9333333333333333,59,15,14,,,
STEW,eegnet,full,within,9,7,0.8648648648648649,0.9333333333333333,59,15,14,,,
STEW,eegnet,full,within,9,7,0.8571428571428572,0.9285714285714286,60,14,14,,,
STEW,eegnet,full,within,9,42,0.8672566371681416,0.9333333333333333,59,15,14,,,
STEW,eegnet,full,within,9,42,0.8672566371681416,0.9333333333333333,59,15,14,,,
STEW,eegnet,full,within,9,42,0.8672566371681416,0.9333333333333333,59,15,14,,,
STEW,eegnet,full,within,9,42,1.0,1.0,59,15,14,,,
STEW,eegnet,full,within,9,42,1.0,1.0,60,14,14,,,
STEW,eegnet,full,within,10,7,1.0,1.0,59,15,14,,,
STEW,eegnet,full,within,10,7,1.0,1.0,59,15,14,,,
STEW,eegnet,full,within,10,7,1.0,1.0,59,15,14,,,
STEW,eegnet,full,within,10,7,0.8648648648648649,0.9333333333333333,59,15,14,,,
STEW,eegnet,full,within,10,7,1.0,1.0,60,14,14,,,
STEW,eegnet,full,within,10,42,1.0,1.0,59,15,14,,,
STEW,eegnet,full,within,10,42,1.0,1.0,59,15,14,,,
STEW,eegnet,full,within,10,42,1.0,1.0,59,15,14,,,
STEW,eegnet,full,within,10,42,0.7321428571428572,0.8666666666666667,59,15,14,,,
STEW,eegnet,full,within,10,42,0.8571428571428572,0.9285714285714286,60,14,14,,,
STEW,eegnet,full,within,11,7,0.7321428571428572,0.8666666666666667,59,15,14,,,
STEW,eegnet,full,within,11,7,0.8648648648648649,0.9333333333333333,59,15,14,,,
STEW,eegnet,full,within,11,7,1.0,1.0,59,15,14,,,
STEW,eegnet,full,within,11,7,1.0,1.0,59,15,14,,,
STEW,eegnet,full,within,11,7,1.0,1.0,60,14,14,,,
STEW,eegnet,full,within,11,42,0.7321428571428572,0.8666666666666667,59,15,14,,,
STEW,eegnet,full,within,11,42,0.8648648648648649,0.9333333333333333,59,15,14,,,
STEW,eegnet,full,within,11,42,1.0,1.0,59,15,14,,,
STEW,eegnet,full,within,11,42,1.0,1.0,59,15,14,,,
STEW,eegnet,full,within,11,42,1.0,1.0,60,14,14,,,
STEW,eegnet,full,within,12,7,0.8672566371681416,0.9333333333333333,59,15,14,,,
STEW,eegnet,full,within,12,7,0.8648648648648649,0.9333333333333333,59,15,14,,,
STEW,eegnet,full,within,12,7,1.0,1.0,59,15,14,,,
STEW,eegnet,full,within,12,7,1.0,1.0,59,15,14,,,
STEW,eegnet,full,within,12,7,1.0,1.0,60,14,14,,,
STEW,eegnet,full,within,12,42,0.8672566371681416,0.9333333333333333,59,15,14,,,
STEW,eegnet,full,within,12,42,1.0,1.0,59,15,14,,,
STEW,eegnet,full,within,12,42,0.8672566371681416,0.9333333333333333,59,15,14,,,
STEW,eegnet,full,within,12,42,1.0,1.0,59,15,14,,,
STEW,eegnet,full,within,12,42,0.7142857142857143,0.8571428571428571,60,14,14,,,
STEW,eegnet,full,within,13,7,1.0,1.0,59,15,14,,,
STEW,eegnet,full,within,13,7,1.0,1.0,59,15,14,,,
STEW,eegnet,full,within,13,7,0.8672566371681416,0.9333333333333333,59,15,14,,,
STEW,eegnet,full,within,13,7,0.8672566371681416,0.9333333333333333,59,15,14,,,
STEW,eegnet,full,within,13,7,1.0,1.0,60,14,14,,,
STEW,eegnet,full,within,13,42,0.8672566371681416,0.9333333333333333,59,15,14,,,
STEW,eegnet,full,within,13,42,1.0,1.0,59,15,14,,,
STEW,eegnet,full,within,13,42,1.0,1.0,59,15,14,,,
STEW,eegnet,full,within,13,42,1.0,1.0,59,15,14,,,
STEW,eegnet,full,within,13,42,1.0,1.0,60,14,14,,,
STEW,eegnet,full,within,14,7,1.0,1.0,59,15,14,,,
STEW,eegnet,full,within,14,7,0.4545454545454546,0.7333333333333333,59,15,14,,,
STEW,eegnet,full,within,14,7,0.8672566371681416,0.9333333333333333,59,15,14,,,
STEW,eegnet,full,within,14,7,1.0,1.0,59,15,14,,,
STEW,eegnet,full,within,14,7,1.0,1.0,60,14,14,,,
STEW,eegnet,full,within,14,42,0.8648648648648649,0.9333333333333333,59,15,14,,,
STEW,eegnet,full,within,14,42,0.4545454545454546,0.7333333333333333,59,15,14,,,
STEW,eegnet,full,within,14,42,1.0,1.0,59,15,14,,,
STEW,eegnet,full,within,14,42,1.0,1.0,59,15,14,,,
STEW,eegnet,full,within,14,42,1.0,1.0,60,14,14,,,
STEW,eegnet,full,within,15,7,1.0,1.0,59,15,14,,,
STEW,eegnet,full,within,15,7,1.0,1.0,59,15,14,,,
STEW,eegnet,full,within,15,7,0.5871559633027523,0.8,59,15,14,,,
STEW,eegnet,full,within,15,7,1.0,1.0,59,15,14,,,
STEW,eegnet,full,within,15,7,1.0,1.0,60,14,14,,,
STEW,eegnet,full,within,15,42,1.0,1.0,59,15,14,,,
STEW,eegnet,full,within,15,42,1.0,1.0,59,15,14,,,
STEW,eegnet,full,within,15,42,0.5871559633027523,0.8,59,15,14,,,
STEW,eegnet,full,within,15,42,1.0,1.0,59,15,14,,,
STEW,eegnet,full,within,15,42,1.0,1.0,60,14,14,,,
STEW,eegnet,full,within,16,7,1.0,1.0,59,15,14,,,
STEW,eegnet,full,within,16,7,0.736842105263158,0.8666666666666667,59,15,14,,,
STEW,eegnet,full,within,16,7,0.736842105263158,0.8666666666666667,59,15,14,,,
STEW,eegnet,full,within,16,7,1.0,1.0,59,15,14,,,
STEW,eegnet,full,within,16,7,1.0,1.0,60,14,14,,,
STEW,eegnet,full,within,16,42,0.736842105263158,0.8666666666666667,59,15,14,,,
STEW,eegnet,full,within,16,42,0.736842105263158,0.8666666666666667,59,15,14,,,
STEW,eegnet,full,within,16,42,0.7321428571428572,0.8666666666666667,59,15,14,,,
STEW,eegnet,full,within,16,42,0.6017699115044248,0.8,59,15,14,,,
STEW,eegnet,full,within,16,42,1.0,1.0,60,14,14,,,
STEW,eegnet,full,within,17,7,1.0,1.0,59,15,14,,,
STEW,eegnet,full,within,17,7,1.0,1.0,59,15,14,,,
STEW,eegnet,full,within,17,7,0.736842105263158,0.8666666666666667,59,15,14,,,
STEW,eegnet,full,within,17,7,0.8672566371681416,0.9333333333333333,59,15,14,,,
STEW,eegnet,full,within,17,7,1.0,1.0,60,14,14,,,
STEW,eegnet,full,within,17,42,0.8648648648648649,0.9333333333333333,59,15,14,,,
STEW,eegnet,full,within,17,42,0.736842105263158,0.8666666666666667,59,15,14,,,
STEW,eegnet,full,within,17,42,0.736842105263158,0.8666666666666667,59,15,14,,,
STEW,eegnet,full,within,17,42,0.8672566371681416,0.9333333333333333,59,15,14,,,
STEW,eegnet,full,within,17,42,1.0,1.0,60,14,14,,,
STEW,eegnet,full,within,18,7,1.0,1.0,59,15,14,,,
STEW,eegnet,full,within,18,7,0.8672566371681416,0.9333333333333333,59,15,14,,,
STEW,eegnet,full,within,18,7,1.0,1.0,59,15,14,,,
STEW,eegnet,full,within,18,7,1.0,1.0,59,15,14,,,
STEW,eegnet,full,within,18,7,1.0,1.0,60,14,14,,,
STEW,eegnet,full,within,18,42,1.0,1.0,59,15,14,,,
STEW,eegnet,full,within,18,42,1.0,1.0,59,15,14,,,
STEW,eegnet,full,within,18,42,1.0,1.0,59,15,14,,,
STEW,eegnet,full,within,18,42,1.0,1.0,59,15,14,,,
STEW,eegnet,full,within,18,42,1.0,1.0,60,14,14,,,
STEW,eegnet,full,within,19,7,1.0,1.0,59,15,14,,,
STEW,eegnet,full,within,19,7,1.0,1.0,59,15,14,,,
STEW,eegnet,full,within,19,7,1.0,1.0,59,15,14,,,
STEW,eegnet,full,within,19,7,1.0,1.0,59,15,14,,,
STEW,eegnet,full,within,19,7,1.0,1.0,60,14,14,,,
STEW,eegnet,full,within,19,42,1.0,1.0,59,15,14,,,
STEW,eegnet,full,within,19,42,1.0,1.0,59,15,14,,,
STEW,eegnet,full,within,19,42,1.0,1.0,59,15,14,,,
STEW,eegnet,full,within,19,42,1.0,1.0,59,15,14,,,
STEW,eegnet,full,within,19,42,1.0,1.0,60,14,14,,,
STEW,eegnet,full,within,20,7,1.0,1.0,59,15,14,,,
STEW,eegnet,full,within,20,7,1.0,1.0,59,15,14,,,
STEW,eegnet,full,within,20,7,1.0,1.0,59,15,14,,,
STEW,eegnet,full,within,20,7,1.0,1.0,59,15,14,,,
STEW,eegnet,full,within,20,7,1.0,1.0,60,14,14,,,
STEW,eegnet,full,within,20,42,1.0,1.0,59,15,14,,,
STEW,eegnet,full,within,20,42,1.0,1.0,59,15,14,,,
STEW,eegnet,full,within,20,42,1.0,1.0,59,15,14,,,
STEW,eegnet,full,within,20,42,1.0,1.0,59,15,14,,,
STEW,eegnet,full,within,20,42,1.0,1.0,60,14,14,,,
STEW,eegnet,full,within,21,7,0.736842105263158,0.8666666666666667,59,15,14,,,
STEW,eegnet,full,within,21,7,0.736842105263158,0.8666666666666667,59,15,14,,,
STEW,eegnet,full,within,21,7,0.4444444444444444,0.7333333333333333,59,15,14,,,
STEW,eegnet,full,within,21,7,1.0,1.0,59,15,14,,,
STEW,eegnet,full,within,21,7,0.7142857142857143,0.8571428571428571,60,14,14,,,
STEW,eegnet,full,within,21,42,0.8672566371681416,0.9333333333333333,59,15,14,,,
STEW,eegnet,full,within,21,42,0.8672566371681416,0.9333333333333333,59,15,14,,,
STEW,eegnet,full,within,21,42,0.8648648648648649,0.9333333333333333,59,15,14,,,
STEW,eegnet,full,within,21,42,0.8672566371681416,0.9333333333333333,59,15,14,,,
STEW,eegnet,full,within,21,42,1.0,1.0,60,14,14,,,
STEW,eegnet,full,within,22,7,0.7272727272727273,0.8666666666666667,59,15,14,,,
STEW,eegnet,full,within,22,7,0.8648648648648649,0.9333333333333333,59,15,14,,,
STEW,eegnet,full,within,22,7,1.0,1.0,59,15,14,,,
STEW,eegnet,full,within,22,7,1.0,1.0,59,15,14,,,
STEW,eegnet,full,within,22,7,1.0,1.0,60,14,14,,,
STEW,eegnet,full,within,22,42,0.7272727272727273,0.8666666666666667,59,15,14,,,
STEW,eegnet,full,within,22,42,0.8672566371681416,0.9333333333333333,59,15,14,,,
STEW,eegnet,full,within,22,42,1.0,1.0,59,15,14,,,
STEW,eegnet,full,within,22,42,1.0,1.0,59,15,14,,,
STEW,eegnet,full,within,22,42,1.0,1.0,60,14,14,,,
STEW,eegnet,full,within,23,7,1.0,1.0,59,15,14,,,
STEW,eegnet,full,within,23,7,1.0,1.0,59,15,14,,,
STEW,eegnet,full,within,23,7,1.0,1.0,59,15,14,,,
STEW,eegnet,full,within,23,7,1.0,1.0,59,15,14,,,
STEW,eegnet,full,within,23,7,1.0,1.0,60,14,14,,,
STEW,eegnet,full,within,23,42,1.0,1.0,59,15,14,,,
STEW,eegnet,full,within,23,42,1.0,1.0,59,15,14,,,
STEW,eegnet,full,within,23,42,1.0,1.0,59,15,14,,,
STEW,eegnet,full,within,23,42,1.0,1.0,59,15,14,,,
STEW,eegnet,full,within,23,42,1.0,1.0,60,14,14,,,
STEW,eegnet,full,within,25,7,1.0,1.0,59,15,14,,,
STEW,eegnet,full,within,25,7,0.8672566371681416,0.9333333333333333,59,15,14,,,
STEW,eegnet,full,within,25,7,1.0,1.0,59,15,14,,,
STEW,eegnet,full,within,25,7,1.0,1.0,59,15,14,,,
STEW,eegnet,full,within,25,7,1.0,1.0,60,14,14,,,
STEW,eegnet,full,within,25,42,1.0,1.0,59,15,14,,,
STEW,eegnet,full,within,25,42,0.8648648648648649,0.9333333333333333,59,15,14,,,
STEW,eegnet,full,within,25,42,1.0,1.0,59,15,14,,,
STEW,eegnet,full,within,25,42,1.0,1.0,59,15,14,,,
STEW,eegnet,full,within,25,42,1.0,1.0,60,14,14,,,
STEW,eegnet,full,within,26,7,0.8648648648648649,0.9333333333333333,59,15,14,,,
STEW,eegnet,full,within,26,7,0.7272727272727273,0.8666666666666667,59,15,14,,,
STEW,eegnet,full,within,26,7,0.4444444444444444,0.7333333333333333,59,15,14,,,
STEW,eegnet,full,within,26,7,1.0,1.0,59,15,14,,,
STEW,eegnet,full,within,26,7,0.5714285714285714,0.7857142857142857,60,14,14,,,
STEW,eegnet,full,within,26,42,1.0,1.0,59,15,14,,,
STEW,eegnet,full,within,26,42,1.0,1.0,59,15,14,,,
STEW,eegnet,full,within,26,42,0.5945945945945946,0.8,59,15,14,,,
STEW,eegnet,full,within,26,42,0.7321428571428572,0.8666666666666667,59,15,14,,,
STEW,eegnet,full,within,26,42,0.4285714285714286,0.7142857142857143,60,14,14,,,
STEW,eegnet,full,within,27,7,1.0,1.0,59,15,14,,,
STEW,eegnet,full,within,27,7,0.8672566371681416,0.9333333333333333,59,15,14,,,
STEW,eegnet,full,within,27,7,0.7272727272727273,0.8666666666666667,59,15,14,,,
STEW,eegnet,full,within,27,7,0.5945945945945946,0.8,59,15,14,,,
STEW,eegnet,full,within,27,7,0.7142857142857143,0.8571428571428571,60,14,14,,,
STEW,eegnet,full,within,27,42,0.7272727272727273,0.8666666666666667,59,15,14,,,
STEW,eegnet,full,within,27,42,1.0,1.0,59,15,14,,,
STEW,eegnet,full,within,27,42,1.0,1.0,59,15,14,,,
STEW,eegnet,full,within,27,42,0.7321428571428572,0.8666666666666667,59,15,14,,,
STEW,eegnet,full,within,27,42,0.5714285714285714,0.7857142857142857,60,14,14,,,
STEW,eegnet,full,within,28,7,1.0,1.0,59,15,14,,,
STEW,eegnet,full,within,28,7,1.0,1.0,59,15,14,,,
STEW,eegnet,full,within,28,7,1.0,1.0,59,15,14,,,
STEW,eegnet,full,within,28,7,0.8672566371681416,0.9333333333333333,59,15,14,,,
STEW,eegnet,full,within,28,7,0.8571428571428572,0.9285714285714286,60,14,14,,,
STEW,eegnet,full,within,28,42,1.0,1.0,59,15,14,,,
STEW,eegnet,full,within,28,42,1.0,1.0,59,15,14,,,
STEW,eegnet,full,within,28,42,1.0,1.0,59,15,14,,,
STEW,eegnet,full,within,28,42,1.0,1.0,59,15,14,,,
STEW,eegnet,full,within,28,42,0.8571428571428572,0.9285714285714286,60,14,14,,,
STEW,eegnet,full,within,29,7,1.0,1.0,59,15,14,,,
STEW,eegnet,full,within,29,7,0.8672566371681416,0.9333333333333333,59,15,14,,,
STEW,eegnet,full,within,29,7,1.0,1.0,59,15,14,,,
STEW,eegnet,full,within,29,7,1.0,1.0,59,15,14,,,
STEW,eegnet,full,within,29,7,1.0,1.0,60,14,14,,,
STEW,eegnet,full,within,29,42,1.0,1.0,59,15,14,,,
STEW,eegnet,full,within,29,42,1.0,1.0,59,15,14,,,
STEW,eegnet,full,within,29,42,1.0,1.0,59,15,14,,,
STEW,eegnet,full,within,29,42,1.0,1.0,59,15,14,,,
STEW,eegnet,full,within,29,42,1.0,1.0,60,14,14,,,
STEW,eegnet,full,within,30,7,1.0,1.0,59,15,14,,,
STEW,eegnet,full,within,30,7,0.6017699115044248,0.8,59,15,14,,,
STEW,eegnet,full,within,30,7,0.4545454545454546,0.7333333333333333,59,15,14,,,
STEW,eegnet,full,within,30,7,1.0,1.0,59,15,14,,,
STEW,eegnet,full,within,30,7,1.0,1.0,60,14,14,,,
STEW,eegnet,full,within,30,42,0.8648648648648649,0.9333333333333333,59,15,14,,,
STEW,eegnet,full,within,30,42,0.6086956521739131,0.8,59,15,14,,,
STEW,eegnet,full,within,30,42,0.4545454545454546,0.7333333333333333,59,15,14,,,
STEW,eegnet,full,within,30,42,1.0,1.0,59,15,14,,,
STEW,eegnet,full,within,30,42,1.0,1.0,60,14,14,,,
STEW,eegnet,full,within,31,7,1.0,1.0,59,15,14,,,
STEW,eegnet,full,within,31,7,0.8672566371681416,0.9333333333333333,59,15,14,,,
STEW,eegnet,full,within,31,7,0.7321428571428572,0.8666666666666667,59,15,14,,,
STEW,eegnet,full,within,31,7,1.0,1.0,59,15,14,,,
STEW,eegnet,full,within,31,7,0.8571428571428572,0.9285714285714286,60,14,14,,,
STEW,eegnet,full,within,31,42,1.0,1.0,59,15,14,,,
STEW,eegnet,full,within,31,42,1.0,1.0,59,15,14,,,
STEW,eegnet,full,within,31,42,0.7321428571428572,0.8666666666666667,59,15,14,,,
STEW,eegnet,full,within,31,42,1.0,1.0,59,15,14,,,
STEW,eegnet,full,within,31,42,1.0,1.0,60,14,14,,,
STEW,eegnet,full,within,32,7,1.0,1.0,59,15,14,,,
STEW,eegnet,full,within,32,7,1.0,1.0,59,15,14,,,
STEW,eegnet,full,within,32,7,1.0,1.0,59,15,14,,,
STEW,eegnet,full,within,32,7,1.0,1.0,59,15,14,,,
STEW,eegnet,full,within,32,7,1.0,1.0,60,14,14,,,
STEW,eegnet,full,within,32,42,1.0,1.0,59,15,14,,,
STEW,eegnet,full,within,32,42,1.0,1.0,59,15,14,,,
STEW,eegnet,full,within,32,42,1.0,1.0,59,15,14,,,
STEW,eegnet,full,within,32,42,1.0,1.0,59,15,14,,,
STEW,eegnet,full,within,32,42,1.0,1.0,60,14,14,,,
STEW,eegnet,full,within,33,7,0.5945945945945946,0.8,59,15,14,,,
STEW,eegnet,full,within,33,7,0.03669724770642213,0.5333333333333333,59,15,14,,,
STEW,eegnet,full,within,33,7,0.4736842105263158,0.7333333333333333,59,15,14,,,
STEW,eegnet,full,within,33,7,-0.15384615384615374,0.4,59,15,14,,,
STEW,eegnet,full,within,33,7,0.2857142857142857,0.6428571428571429,60,14,14,,,
STEW,eegnet,full,within,33,42,0.8648648648648649,0.9333333333333333,59,15,14,,,
STEW,eegnet,full,within,33,42,0.4545454545454546,0.7333333333333333,59,15,14,,,
STEW,eegnet,full,within,33,42,0.4736842105263158,0.7333333333333333,59,15,14,,,
STEW,eegnet,full,within,33,42,-0.15384615384615374,0.4,59,15,14,,,
STEW,eegnet,full,within,33,42,0.4285714285714286,0.7142857142857143,60,14,14,,,
STEW,eegnet,full,within,34,7,0.8672566371681416,0.9333333333333333,59,15,14,,,
STEW,eegnet,full,within,34,7,1.0,1.0,59,15,14,,,
STEW,eegnet,full,within,34,7,1.0,1.0,59,15,14,,,
STEW,eegnet,full,within,34,7,1.0,1.0,59,15,14,,,
STEW,eegnet,full,within,34,7,1.0,1.0,60,14,14,,,
STEW,eegnet,full,within,34,42,1.0,1.0,59,15,14,,,
STEW,eegnet,full,within,34,42,0.8672566371681416,0.9333333333333333,59,15,14,,,
STEW,eegnet,full,within,34,42,1.0,1.0,59,15,14,,,
STEW,eegnet,full,within,34,42,1.0,1.0,59,15,14,,,
STEW,eegnet,full,within,34,42,1.0,1.0,60,14,14,,,
STEW,eegnet,full,within,35,7,1.0,1.0,59,15,14,,,
STEW,eegnet,full,within,35,7,1.0,1.0,59,15,14,,,
STEW,eegnet,full,within,35,7,1.0,1.0,59,15,14,,,
STEW,eegnet,full,within,35,7,1.0,1.0,59,15,14,,,
STEW,eegnet,full,within,35,7,1.0,1.0,60,14,14,,,
STEW,eegnet,full,within,35,42,1.0,1.0,59,15,14,,,
STEW,eegnet,full,within,35,42,1.0,1.0,59,15,14,,,
STEW,eegnet,full,within,35,42,1.0,1.0,59,15,14,,,
STEW,eegnet,full,within,35,42,1.0,1.0,59,15,14,,,
STEW,eegnet,full,within,35,42,1.0,1.0,60,14,14,,,
STEW,eegnet,full,within,36,7,1.0,1.0,59,15,14,,,
STEW,eegnet,full,within,36,7,1.0,1.0,59,15,14,,,
STEW,eegnet,full,within,36,7,1.0,1.0,59,15,14,,,
STEW,eegnet,full,within,36,7,1.0,1.0,59,15,14,,,
STEW,eegnet,full,within,36,7,1.0,1.0,60,14,14,,,
STEW,eegnet,full,within,36,42,0.8648648648648649,0.9333333333333333,59,15,14,,,
STEW,eegnet,full,within,36,42,1.0,1.0,59,15,14,,,
STEW,eegnet,full,within,36,42,1.0,1.0,59,15,14,,,
STEW,eegnet,full,within,36,42,1.0,1.0,59,15,14,,,
STEW,eegnet,full,within,36,42,1.0,1.0,60,14,14,,,
STEW,eegnet,full,within,37,7,1.0,1.0,59,15,14,,,
STEW,eegnet,full,within,37,7,0.8648648648648649,0.9333333333333333,59,15,14,,,
STEW,eegnet,full,within,37,7,1.0,1.0,59,15,14,,,
STEW,eegnet,full,within,37,7,1.0,1.0,59,15,14,,,
STEW,eegnet,full,within,37,7,1.0,1.0,60,14,14,,,
STEW,eegnet,full,within,37,42,1.0,1.0,59,15,14,,,
STEW,eegnet,full,within,37,42,0.8648648648648649,0.9333333333333333,59,15,14,,,
STEW,eegnet,full,within,37,42,1.0,1.0,59,15,14,,,
STEW,eegnet,full,within,37,42,1.0,1.0,59,15,14,,,
STEW,eegnet,full,within,37,42,1.0,1.0,60,14,14,,,
STEW,eegnet,full,within,38,7,0.7321428571428572,0.8666666666666667,59,15,14,,,
STEW,eegnet,full,within,38,7,1.0,1.0,59,15,14,,,
STEW,eegnet,full,within,38,7,1.0,1.0,59,15,14,,,
STEW,eegnet,full,within,38,7,1.0,1.0,59,15,14,,,
STEW,eegnet,full,within,38,7,0.8571428571428572,0.9285714285714286,60,14,14,,,
STEW,eegnet,full,within,38,42,0.8672566371681416,0.9333333333333333,59,15,14,,,
STEW,eegnet,full,within,38,42,1.0,1.0,59,15,14,,,
STEW,eegnet,full,within,38,42,1.0,1.0,59,15,14,,,
STEW,eegnet,full,within,38,42,1.0,1.0,59,15,14,,,
STEW,eegnet,full,within,38,42,1.0,1.0,60,14,14,,,
STEW,eegnet,full,within,39,7,0.8672566371681416,0.9333333333333333,59,15,14,,,
STEW,eegnet,full,within,39,7,1.0,1.0,59,15,14,,,
STEW,eegnet,full,within,39,7,0.8672566371681416,0.9333333333333333,59,15,14,,,
STEW,eegnet,full,within,39,7,0.8672566371681416,0.9333333333333333,59,15,14,,,
STEW,eegnet,full,within,39,7,0.8571428571428572,0.9285714285714286,60,14,14,,,
STEW,eegnet,full,within,39,42,1.0,1.0,59,15,14,,,
STEW,eegnet,full,within,39,42,1.0,1.0,59,15,14,,,
STEW,eegnet,full,within,39,42,1.0,1.0,59,15,14,,,
STEW,eegnet,full,within,39,42,0.8672566371681416,0.9333333333333333,59,15,14,,,
STEW,eegnet,full,within,39,42,0.8571428571428572,0.9285714285714286,60,14,14,,,
STEW,eegnet,full,within,40,7,1.0,1.0,59,15,14,,,
STEW,eegnet,full,within,40,7,1.0,1.0,59,15,14,,,
STEW,eegnet,full,within,40,7,1.0,1.0,59,15,14,,,
STEW,eegnet,full,within,40,7,1.0,1.0,59,15,14,,,
STEW,eegnet,full,within,40,7,1.0,1.0,60,14,14,,,
STEW,eegnet,full,within,40,42,1.0,1.0,59,15,14,,,
STEW,eegnet,full,within,40,42,1.0,1.0,59,15,14,,,
STEW,eegnet,full,within,40,42,1.0,1.0,59,15,14,,,
STEW,eegnet,full,within,40,42,1.0,1.0,59,15,14,,,
STEW,eegnet,full,within,40,42,1.0,1.0,60,14,14,,,
STEW,eegnet,full,within,41,7,0.8648648648648649,0.9333333333333333,59,15,14,,,
STEW,eegnet,full,within,41,7,1.0,1.0,59,15,14,,,
STEW,eegnet,full,within,41,7,1.0,1.0,59,15,14,,,
STEW,eegnet,full,within,41,7,0.8672566371681416,0.9333333333333333,59,15,14,,,
STEW,eegnet,full,within,41,7,1.0,1.0,60,14,14,,,
STEW,eegnet,full,within,41,42,0.8648648648648649,0.9333333333333333,59,15,14,,,
STEW,eegnet,full,within,41,42,0.8648648648648649,0.9333333333333333,59,15,14,,,
STEW,eegnet,full,within,41,42,1.0,1.0,59,15,14,,,
STEW,eegnet,full,within,41,42,0.8672566371681416,0.9333333333333333,59,15,14,,,
STEW,eegnet,full,within,41,42,1.0,1.0,60,14,14,,,
STEW,eegnet,full,within,43,7,0.7321428571428572,0.8666666666666667,59,15,14,,,
STEW,eegnet,full,within,43,7,1.0,1.0,59,15,14,,,
STEW,eegnet,full,within,43,7,1.0,1.0,59,15,14,,,
STEW,eegnet,full,within,43,7,0.8672566371681416,0.9333333333333333,59,15,14,,,
STEW,eegnet,full,within,43,7,0.4285714285714286,0.7142857142857143,60,14,14,,,
STEW,eegnet,full,within,43,42,0.8672566371681416,0.9333333333333333,59,15,14,,,
STEW,eegnet,full,within,43,42,1.0,1.0,59,15,14,,,
STEW,eegnet,full,within,43,42,1.0,1.0,59,15,14,,,
STEW,eegnet,full,within,43,42,0.8648648648648649,0.9333333333333333,59,15,14,,,
STEW,eegnet,full,within,43,42,0.8571428571428572,0.9285714285714286,60,14,14,,,
STEW,eegnet,full,within,44,7,0.8672566371681416,0.9333333333333333,59,15,14,,,
STEW,eegnet,full,within,44,7,0.8648648648648649,0.9333333333333333,59,15,14,,,
STEW,eegnet,full,within,44,7,1.0,1.0,59,15,14,,,
STEW,eegnet,full,within,44,7,0.6017699115044248,0.8,59,15,14,,,
STEW,eegnet,full,within,44,7,1.0,1.0,60,14,14,,,
STEW,eegnet,full,within,44,42,0.7321428571428572,0.8666666666666667,59,15,14,,,
STEW,eegnet,full,within,44,42,0.736842105263158,0.8666666666666667,59,15,14,,,
STEW,eegnet,full,within,44,42,1.0,1.0,59,15,14,,,
STEW,eegnet,full,within,44,42,0.7321428571428572,0.8666666666666667,59,15,14,,,
STEW,eegnet,full,within,44,42,1.0,1.0,60,14,14,,,
STEW,eegnet,full,within,45,7,1.0,1.0,59,15,14,,,
STEW,eegnet,full,within,45,7,1.0,1.0,59,15,14,,,
STEW,eegnet,full,within,45,7,0.8672566371681416,0.9333333333333333,59,15,14,,,
STEW,eegnet,full,within,45,7,0.8672566371681416,0.9333333333333333,59,15,14,,,
STEW,eegnet,full,within,45,7,1.0,1.0,60,14,14,,,
STEW,eegnet,full,within,45,42,0.8648648648648649,0.9333333333333333,59,15,14,,,
STEW,eegnet,full,within,45,42,1.0,1.0,59,15,14,,,
STEW,eegnet,full,within,45,42,0.8672566371681416,0.9333333333333333,59,15,14,,,
STEW,eegnet,full,within,45,42,0.8672566371681416,0.9333333333333333,59,15,14,,,
STEW,eegnet,full,within,45,42,1.0,1.0,60,14,14,,,
STEW,eegnet,full,within,46,7,0.736842105263158,0.8666666666666667,59,15,14,,,
STEW,eegnet,full,within,46,7,1.0,1.0,59,15,14,,,
STEW,eegnet,full,within,46,7,1.0,1.0,59,15,14,,,
STEW,eegnet,full,within,46,7,0.6017699115044248,0.8,59,15,14,,,
STEW,eegnet,full,within,46,7,1.0,1.0,60,14,14,,,
STEW,eegnet,full,within,46,42,0.8672566371681416,0.9333333333333333,59,15,14,,,
STEW,eegnet,full,within,46,42,1.0,1.0,59,15,14,,,
STEW,eegnet,full,within,46,42,1.0,1.0,59,15,14,,,
STEW,eegnet,full,within,46,42,0.736842105263158,0.8666666666666667,59,15,14,,,
STEW,eegnet,full,within,46,42,1.0,1.0,60,14,14,,,
STEW,eegnet,full,within,47,7,1.0,1.0,59,15,14,,,
STEW,eegnet,full,within,47,7,0.8648648648648649,0.9333333333333333,59,15,14,,,
STEW,eegnet,full,within,47,7,1.0,1.0,59,15,14,,,
STEW,eegnet,full,within,47,7,1.0,1.0,59,15,14,,,
STEW,eegnet,full,within,47,7,1.0,1.0,60,14,14,,,
STEW,eegnet,full,within,47,42,0.8648648648648649,0.9333333333333333,59,15,14,,,
STEW,eegnet,full,within,47,42,0.8672566371681416,0.9333333333333333,59,15,14,,,
STEW,eegnet,full,within,47,42,1.0,1.0,59,15,14,,,
STEW,eegnet,full,within,47,42,0.8648648648648649,0.9333333333333333,59,15,14,,,
STEW,eegnet,full,within,47,42,0.8571428571428572,0.9285714285714286,60,14,14,,,
STEW,eegnet,full,within,48,7,0.6086956521739131,0.8,59,15,14,,,
STEW,eegnet,full,within,48,7,0.8672566371681416,0.9333333333333333,59,15,14,,,
STEW,eegnet,full,within,48,7,0.8648648648648649,0.9333333333333333,59,15,14,,,
STEW,eegnet,full,within,48,7,0.7321428571428572,0.8666666666666667,59,15,14,,,
STEW,eegnet,full,within,48,7,0.7142857142857143,0.8571428571428571,60,14,14,,,
STEW,eegnet,full,within,48,42,0.6017699115044248,0.8,59,15,14,,,
STEW,eegnet,full,within,48,42,0.8648648648648649,0.9333333333333333,59,15,14,,,
STEW,eegnet,full,within,48,42,0.8672566371681416,0.9333333333333333,59,15,14,,,
STEW,eegnet,full,within,48,42,0.8648648648648649,0.9333333333333333,59,15,14,,,
STEW,eegnet,full,within,48,42,0.8571428571428572,0.9285714285714286,60,14,14,,,
STEW,eegnet,full,loso,1,7,-0.3647058823529412,0.21621621621621623,3256,74,14,low|low|low|low|low|low|low|low|low|low|low|low|low|low|low|low|low|low|low|low|low|low|low|low|low|low|low|low|low|low|low|low|low|low|low|low|low|high|high|high|high|high|high|high|high|high|high|high|high|high|high|high|high|high|high|high|high|high|high|high|high|high|high|high|high|high|high|high|high|high|high|high|high|high,high|high|high|high|high|high|high|high|high|high|high|high|high|high|high|high|high|high|high|high|high|high|high|high|high|high|high|high|high|high|high|high|high|high|high|high|high|high|medium|high|medium|high|medium|medium|low|medium|low|high|medium|low|high|high|high|high|low|high|low|medium|medium|low|high|medium|low|high|high|high|low|low|high|medium|medium|low|high|high,
STEW,eegnet,full,loso,2,7,0.022556390977443663,0.12162162162162163,3256,74,14,low|low|low|low|low|low|low|low|low|low|low|low|low|low|low|low|low|low|low|low|low|low|low|low|low|low|low|low|low|low|low|low|low|low|low|low|low|medium|medium|medium|medium|medium|medium|medium|medium|medium|medium|medium|medium|medium|medium|medium|medium|medium|medium|medium|medium|medium|medium|medium|medium|medium|medium|medium|medium|medium|medium|medium|medium|medium|medium|medium|medium|medium,high|high|high|high|high|high|high|high|medium|high|high|high|medium|medium|low|high|high|high|high|high|medium|high|high|high|low|low|low|low|high|high|high|low|high|low|high|medium|high|high|high|high|high|high|high|high|high|high|high|high|high|high|high|high|high|high|low|high|high|high|high|high|medium|high|high|medium|high|high|high|high|high|high|high|high|high|high,
STEW,eegnet,full,loso,3,7,0.5662650602409638,0.7567567567567568,3256,74,14,low|low|low|low|low|low|low|low|low|low|low|low|low|low|low|low|low|low|low|low|low|low|low|low|low|low|low|low|low|low|low|low|low|low|low|low|low|medium|medium|medium|medium|medium|medium|medium|medium|medium|medium|medium|medium|medium|medium|medium|medium|medium|medium|medium|medium|medium|medium|medium|medium|medium|medium|medium|medium|medium|medium|medium|medium|medium|medium|medium|medium|medium,low|low|low|low|low|low|low|low|low|low|medium|high|medium|high|high|high|low|medium|high|medium|high|low|low|low|low|low|low|low|low|low|low|medium|medium|low|low|low|low|medium|medium|medium|high|medium|medium|medium|medium|medium|low|medium|medium|medium|medium|low|medium|medium|medium|high|medium|low|medium|medium|medium|medium|medium|medium|medium|medium|medium|medium|medium|medium|medium|high|medium|medium,
STEW,eegnet,full,loso,4,7,0.05982905982905984,0.25675675675675674,3256,74,14,low|low|low|low|low|low|low|low|low|low|low|low|low|low|low|low|low|low|low|low|low|low|low|low|low|low|low|low|low|low|low|low|low|low|low|low|low|medium|medium|medium|medium|medium|medium|medium|medium|medium|medium|medium|medium|medium|medium|medium|medium|medium|medium|medium|medium|medium|medium|medium|medium|medium|medium|medium|medium|medium|medium|medium|medium|medium|medium|medium|medium|medium,low|low|high|high|high|high|low|low|high|low|high|low|low|low|high|low|high|high|medium|high|low|low|high|low|medium|low|low|low|high|high|low|high|low|high|low|low|high|high|low|high|low|low|high|high|high|low|high|high|low|low|high|high|high|high|low|low|high|high|high|high|high|high|high|low|high|high|low|high|high|high|high|high|high|high,
STEW,eegnet,full,loso,6,7,-0.14666666666666672,0.4189189189189189,3256,74,14,medium|medium|medium|medium|medium|medium|medium|medium|medium|medium|medium|medium|medium|medium|medium|medium|medium|medium|medium|medium|medium|medium|medium|medium|medium|medium|medium|medium|medium|medium|medium|medium|medium|medium|medium|medium|medium|high|high|high|high|high|high|high|high|high|high|high|high|high|high|high|high|high|high|high|high|high|high|high|high|high|high|high|high|high|high|high|high|high|high|high|high|high,low|medium|medium|high|high|medium|high|high|medium|high|medium|medium|high|medium|high|high|medium|high|high|high|medium|high|high|high|high|medium|high|high|high|high|high|high|high|medium|high|medium|high|high|medium|high|high|medium|medium|medium|medium|medium|medium|medium|high|medium|high|high|medium|medium|high|high|high|high|medium|high|medium|medium|high|high|high|high|high|medium|medium|medium|high|high|high|medium,
STEW,eegnet,full,loso,7,7,0.3012048192771084,0.6081081081081081,3256,74,14,low|low|low|low|low|low|low|low|low|low|low|low|low|low|low|low|low|low|low|low|low|low|low|low|low|low|low|low|low|low|low|low|low|low|low|low|low|medium|medium|medium|medium|medium|medium|medium|medium|medium|medium|medium|medium|medium|medium|medium|medium|medium|medium|medium|medium|medium|medium|medium|medium|medium|medium|medium|medium|medium|medium|medium|medium|medium|medium|medium|medium|medium,low|low|low|low|low|medium|low|low|low|low|low|low|low|low|low|low|high|medium|high|high|medium|low|low|low|medium|low|low|high|high|high|high|medium|medium|medium|high|low|low|low|low|medium|medium|low|high|medium|low|low|low|medium|medium|medium|medium|low|medium|medium|medium|medium|medium|medium|low|medium|low|low|medium|medium|medium|medium|medium|medium|low|medium|medium|low|medium|low,
STEW,eegnet,full,loso,8,7,0.11111111111111116,0.4594594594594595,3256,74,14,low|low|low|low|low|low|low|low|low|low|low|low|low|low|low|low|low|low|low|low|low|low|low|low|low|low|low|low|low|low|low|low|low|low|low|low|low|high|high|high|high|high|high|high|high|high|high|high|high|high|high|high|high|high|high|high|high|high|high|high|high|high|high|high|high|high|high|high|high|high|high|high|high|high,medium|high|high|medium|high|high|high|medium|medium|high|high|medium|high|high|high|high|high|medium|high|high|high|high|high|medium|high|high|high|medium|medium|medium|high|high|medium|medium|medium|high|high|high|high|medium|high|medium|medium|high|high|high|high|high|high|high|high|high|high|high|high|high|high|high|high|high|high|high|high|high|high|high|high|high|high|high|high|high|high|high,
STEW,eegnet,full,loso,9,7,-0.05454545454545445,0.21621621621621623,3256,74,14,low|low|low|low|low|low|low|low|low|low|low|low|low|low|low|low|low|low|low|low|low|low|low|low|low|low|low|low|low|low|low|low|low|low|low|low|low|high|high|high|high|high|high|high|high|high|high|high|high|high|high|high|high|high|high|high|high|high|high|high|high|high|high|high|high|high|high|high|high|high|high|high|high|high,medium|high|high|high|low|high|high|low|high|medium|medium|medium|medium|high|high|high|low|medium|high|high|medium|medium|medium|high|high|high|high|high|high|low|high|low|low|medium|high|high|low|medium|medium|medium|low|medium|medium|medium|medium|high|medium|low|high|high|medium|high|medium|medium|medium|high|medium|high|high|high|medium|medium|high|medium|medium|medium|medium|medium|medium|medium|medium|medium|medium|medium,
STEW,eegnet,full,loso,10,7,0.2692307692307693,0.4864864864864865,3256,74,14,low|low|low|low|low|low|low|low|low|low|low|low|low|low|low|low|low|low|low|low|low|low|low|low|low|low|low|low|low|low|low|low|low|low|low|low|low|medium|medium|medium|medium|medium|medium|medium|medium|medium|medium|medium|medium|medium|medium|medium|medium|medium|medium|medium|medium|medium|medium|medium|medium|medium|medium|medium|medium|medium|medium|medium|medium|medium|medium|medium|medium|medium,low|low|low|low|low|low|low|low|low|low|low|low|low|low|low|low|low|low|low|low|low|low|low|low|low|low|low|low|low|low|low|low|low|low|high|low|low|low|high|high|low|high|high|low|low|high|high|high|high|high|high|high|high|high|high|high|high|high|high|high|low|low|high|low|high|high|high|high|high|high|high|low|high|high,
STEW,eegnet,full,loso,11,7,0.2100840336134454,0.36486486486486486,3256,74,14,low|low|low|low|low|low|low|low|low|low|low|low|low|low|low|low|low|low|low|low|low|low|low|low|low|low|low|low|low|low|low|low|low|low|low|low|low|medium|medium|medium|medium|medium|medium|medium|medium|medium|medium|medium|medium|medium|medium|medium|medium|medium|medium|medium|medium|medium|medium|medium|medium|medium|medium|medium|medium|medium|medium|medium|medium|medium|medium|medium|medium|medium,low|low|high|low|low|low|low|high|medium|low|low|low|high|low|low|low|low|low|high|low|low|low|high|low|low|low|low|low|low|low|high|high|high|low|high|high|low|high|high|high|medium|high|high|high|high|high|high|high|high|high|high|high|high|high|high|high|high|high|high|high|high|high|high|high|high|high|high|high|high|high|high|high|high|low,
STEW,eegnet,full,loso,12,7,0.46808510638297873,0.6621621621621622,3256,74,14,low|low|low|low|low|low|low|low|low|low|low|low|low|low|low|low|low|low|low|low|low|low|low|low|low|low|low|low|low|low|low|low|low|low|low|low|low|medium|medium|medium|medium|medium|medium|medium|medium|medium|medium|medium|medium|medium|medium|medium|medium|medium|medium|medium|medium|medium|medium|medium|medium|medium|medium|medium|medium|medium|medium|medium|medium|medium|medium|medium|medium|medium,low|low|low|low|low|low|low|low|low|low|low|low|low|low|low|low|low|low|low|low|low|low|medium|low|low|low|low|low|low|low|low|low|low|low|low|low|low|high|high|high|high|medium|medium|high|medium|high|low|low|high|high|medium|medium|high|high|high|high|high|medium|medium|low|high|low|medium|medium|medium|medium|high|high|high|medium|high|high|high|medium,
STEW,eegnet,full,loso,13,7,0.276595744680851,0.5405405405405406,3256,74,14,low|low|low|low|low|low|low|low|low|low|low|low|low|low|low|low|low|low|low|low|low|low|low|low|low|low|low|low|low|low|low|low|low|low|low|low|low|high|high|high|high|high|high|high|high|high|high|high|high|high|high|high|high|high|high|high|high|high|high|high|high|high|high|high|high|high|high|high|high|high|high|high|high|high,low|low|low|medium|low|high|low|low|low|low|low|low|low|low|low|low|low|high|low|medium|low|low|low|low|medium|low|low|low|low|low|low|low|low|medium|medium|medium|medium|high|low|low|low|low|medium|medium|high|medium|high|low|high|medium|low|medium|high|medium|low|low|high|low|low|medium|high|medium|medium|medium|medium|high|low|low|medium|high|high|high|high|medium,
STEW,eegnet,full,loso,14,7,0.4457831325301205,0.6891891891891891,3256,74,14,low|low|low|low|low|low|low|low|low|low|low|low|low|low|low|low|low|low|low|low|low|low|low|low|low|low|low|low|low|low|low|low|low|low|low|low|low|high|high|high|high|high|high|high|high|high|high|high|high|high|high|high|high|high|high|high|high|high|high|high|high|high|high|high|high|high|high|high|high|high|high|high|high|high,low|low|low|low|low|low|low|low|low|low|low|low|low|low|medium|low|low|low|high|high|high|high|low|low|low|high|low|low|low|high|high|high|high|low|low|medium|high|high|low|high|high|high|high|medium|high|high|high|medium|high|medium|high|high|high|medium|high|high|high|high|low|high|high|high|high|high|high|medium|high|high|medium|medium|high|low|low|high,
STEW,eegnet,full,loso,15,7,0.09909909909909909,0.32432432432432434,3256,74,14,low|low|low|low|low|low|low|low|low|low|low|low|low|low|low|low|low|low|low|low|low|low|low|low|low|low|low|low|low|low|low|low|low|low|low|low|low|medium|medium|medium|medium|medium|medium|medium|medium|medium|medium|medium|medium|medium|medium|medium|medium|medium|medium|medium|medium|medium|medium|medium|medium|medium|medium|medium|medium|medium|medium|medium|medium|medium|medium|medium|medium|medium,low|low|low|low|low|low|low|low|low|low|low|low|low|low|low|medium|low|low|medium|medium|low|medium|low|low|low|medium|medium|low|high|high|low|medium|medium|medium|medium|medium|medium|high|high|high|low|high|high|high|high|high|high|high|high|high|high|high|high|high|high|high|high|high|high|high|high|high|high|high|high|high|medium|high|high|high|high|high|high|high,
STEW,eegnet,full,loso,16,7,0.6190476190476191,0.7837837837837838,3256,74,14,low|low|low|low|low|low|low|low|low|low|low|low|low|low|low|low|low|low|low|low|low|low|low|low|low|low|low|low|low|low|low|low|low|low|low|low|low|high|high|high|high|high|high|high|high|high|high|high|high|high|high|high|high|high|high|high|high|high|high|high|high|high|high|high|high|high|high|high|high|high|high|high|high|high,low|low|low|low|low|low|low|high|low|low|high|low|low|low|low|low|low|low|low|low|low|low|low|high|high|low|low|medium|high|high|medium|medium|medium|medium|low|medium|low|high|high|high|high|high|high|high|high|high|high|high|high|high|high|high|high|high|high|high|high|medium|high|medium|high|high|high|medium|high|high|high|medium|high|high|high|high|high|high,
STEW,eegnet,full,loso,17,7,0.11904761904761907,0.5,3256,74,14,low|low|low|low|low|low|low|low|low|low|low|low|low|low|low|low|low|low|low|low|low|low|low|low|low|low|low|low|low|low|low|low|low|low|low|low|low|high|high|high|high|high|high|high|high|high|high|high|high|high|high|high|high|high|high|high|high|high|high|high|high|high|high|high|high|high|high|high|high|high|high|high|high|high,high|high|high|high|high|medium|high|high|medium|high|high|high|high|high|high|high|high|high|high|high|high|medium|high|medium|high|high|medium|high|medium|medium|medium|low|low|low|high|high|low|high|high|high|high|high|high|high|medium|high|high|high|high|high|high|high|high|high|high|high|high|high|high|low|high|high|high|high|high|high|high|high|high|medium|high|high|low|high,
STEW,eegnet,full,loso,18,7,0.3176470588235294,0.6081081081081081,3256,74,14,medium|medium|medium|medium|medium|medium|medium|medium|medium|medium|medium|medium|medium|medium|medium|medium|medium|medium|medium|medium|medium|medium|medium|medium|medium|medium|medium|medium|medium|medium|medium|medium|medium|medium|medium|medium|medium|high|high|high|high|high|high|high|high|high|high|high|high|high|high|high|high|high|high|high|high|high|high|high|high|high|high|high|high|high|high|high|high|high|high|high|high|high,medium|medium|medium|medium|low|medium|medium|low|medium|medium|low|low|medium|medium|low|medium|medium|medium|medium|medium|medium|medium|medium|medium|low|low|medium|low|medium|medium|low|low|medium|medium|medium|low|medium|high|high|high|medium|medium|medium|high|high|high|high|medium|medium|medium|high|high|high|medium|medium|medium|high|high|high|medium|high|medium|medium|high|medium|medium|high|medium|high|medium|medium|medium|high|high,
STEW,eegnet,full,loso,19,7,0.717948717948718,0.8513513513513513,3256,74,14,low|low|low|low|low|low|low|low|low|low|low|low|low|low|low|low|low|low|low|low|low|low|low|low|low|low|low|low|low|low|low|low|low|low|low|low|low|medium|medium|medium|medium|medium|medium|medium|medium|medium|medium|medium|medium|medium|medium|medium|medium|medium|medium|medium|medium|medium|medium|medium|medium|medium|medium|medium|medium|medium|medium|medium|medium|medium|medium|medium|medium|medium,low|low|low|low|low|low|low|low|medium|low|low|low|low|low|low|low|low|low|low|low|high|low|low|low|low|low|low|low|low|medium|low|medium|high|medium|medium|high|low|medium|medium|high|medium|medium|medium|medium|medium|medium|medium|medium|medium|medium|medium|medium|medium|medium|medium|medium|medium|low|medium|medium|medium|medium|medium|medium|medium|medium|medium|medium|medium|medium|medium|medium|medium|low,
STEW,eegnet,full,loso,20,7,0.8441558441558441,0.918918918918919,3256,74,14,low|low|low|low|low|low|low|low|low|low|low|low|low|low|low|low|low|low|low|low|low|low|low|low|low|low|low|low|low|low|low|low|low|low|low|low|low|high|high|high|high|high|high|high|high|high|high|high|high|high|high|high|high|high|high|high|high|high|high|high|high|high|high|high|high|high|high|high|high|high|high|high|high|high,low|low|low|low|low|low|low|low|low|low|low|low|low|low|low|low|low|low|low|low|low|low|low|low|low|low|low|low|low|low|low|low|low|low|low|low|low|high|high|high|low|high|low|high|high|high|medium|high|high|high|low|high|high|high|high|high|high|high|high|high|high|medium|high|high|high|high|medium|high|high|high|high|high|high|high,
STEW,eegnet,full,loso,21,7,0.15094339622641506,0.3918918918918919,3256,74,14,low|low|low|low|low|low|low|low|low|low|low|low|low|low|low|low|low|low|low|low|low|low|low|low|low|low|low|low|low|low|low|low|low|low|low|low|low|medium|medium|medium|medium|medium|medium|medium|medium|medium|medium|medium|medium|medium|medium|medium|medium|medium|medium|medium|medium|medium|medium|medium|medium|medium|medium|medium|medium|medium|medium|medium|medium|medium|medium|medium|medium|medium,low|low|low|low|low|low|high|high|low|low|low|low|high|high|low|high|low|low|low|high|high|low|low|high|high|low|low|low|low|low|low|low|low|low|low|low|low|low|low|low|low|high|low|low|high|high|high|high|high|low|high|high|high|high|high|high|high|high|high|high|high|high|high|low|low|high|low|low|medium|high|low|high|low|high,
STEW,eegnet,full,loso,22,7,0.21649484536082475,0.4864864864864865,3256,74,14,medium|medium|medium|medium|medium|medium|medium|medium|medium|medium|medium|medium|medium|medium|medium|medium|medium|medium|medium|medium|medium|medium|medium|medium|medium|medium|medium|medium|medium|medium|medium|medium|medium|medium|medium|medium|medium|high|high|high|high|high|high|high|high|high|high|high|high|high|high|high|high|high|high|high|high|high|high|high|high|high|high|high|high|high|high|high|high|high|high|high|high|high,low|low|low|high|medium|low|low|high|low|high|low|low|low|high|low|low|medium|low|low|low|low|high|low|low|high|low|high|low|high|medium|low|high|low|high|low|high|high|high|high|high|high|medium|high|high|medium|high|high|high|low|high|high|high|high|high|high|medium|high|high|high|high|high|high|high|high|high|high|high|high|high|high|high|high|high|high,
STEW,eegnet,full,loso,23,7,0.45945945945945943,0.7297297297297297,3256,74,14,low|low|low|low|low|low|low|low|low|low|low|low|low|low|low|low|low|low|low|low|low|low|low|low|low|low|low|low|low|low|low|low|low|low|low|low|low|medium|medium|medium|medium|medium|medium|medium|medium|medium|medium|medium|medium|medium|medium|medium|medium|medium|medium|medium|medium|medium|medium|medium|medium|medium|medium|medium|medium|medium|medium|medium|medium|medium|medium|medium|medium|medium,low|low|low|low|low|low|low|low|low|low|low|low|low|low|low|low|low|low|low|low|low|low|low|low|low|low|low|low|low|low|low|low|low|low|low|low|low|low|low|low|medium|medium|medium|low|medium|low|medium|low|medium|low|low|low|low|medium|medium|low|medium|low|medium|low|low|medium|low|low|medium|medium|low|medium|medium|low|medium|low|medium|low,
STEW,eegnet,full,loso,25,7,0.03597122302158273,0.0945945945945946,3256,74,14,low|low|low|low|low|low|low|low|low|low|low|low|low|low|low|low|low|low|low|low|low|low|low|low|low|low|low|low|low|low|low|low|low|low|low|low|low|medium|medium|medium|medium|medium|medium|medium|medium|medium|medium|medium|medium|medium|medium|medium|medium|medium|medium|medium|medium|medium|medium|medium|medium|medium|medium|medium|medium|medium|medium|medium|medium|medium|medium|medium|medium|medium,low|low|low|low|high|high|high|high|high|high|high|high|high|high|high|high|high|high|high|high|high|high|low|high|high|high|high|low|high|high|high|high|high|high|high|high|high|high|high|high|high|high|high|high|low|high|high|high|high|high|high|high|high|high|low|high|high|high|high|medium|high|high|high|high|high|high|high|high|high|high|high|high|high|high,
STEW,eegnet,full,loso,26,7,0.5476190476190477,0.7432432432432432,3256,74,14,low|low|low|low|low|low|low|low|low|low|low|low|low|low|low|low|low|low|low|low|low|low|low|low|low|low|low|low|low|low|low|low|low|low|low|low|low|high|high|high|high|high|high|high|high|high|high|high|high|high|high|high|high|high|high|high|high|high|high|high|high|high|high|high|high|high|high|high|high|high|high|high|high|high,low|low|low|low|low|low|low|low|low|low|low|low|low|low|low|low|low|low|low|low|low|medium|high|low|low|medium|high|low|low|medium|medium|medium|medium|medium|high|medium|medium|high|high|low|low|high|high|high|high|high|high|low|low|high|high|high|high|high|high|high|high|high|low|high|high|low|high|high|high|high|high|high|high|high|medium|high|high|high,
STEW,eegnet,full,loso,27,7,0.5813953488372092,0.7567567567567568,3256,74,14,low|low|low|low|low|low|low|low|low|low|low|low|low|low|low|low|low|low|low|low|low|low|low|low|low|low|low|low|low|low|low|low|low|low|low|low|low|medium|medium|medium|medium|medium|medium|medium|medium|medium|medium|medium|medium|medium|medium|medium|medium|medium|medium|medium|medium|medium|medium|medium|medium|medium|medium|medium|medium|medium|medium|medium|medium|medium|medium|medium|medium|medium,low|low|low|medium|medium|low|high|low|low|low|low|low|low|high|low|low|low|low|low|low|low|low|low|low|low|low|low|low|low|low|low|low|low|low|low|low|low|medium|high|high|medium|medium|high|medium|medium|high|medium|high|medium|medium|low|medium|medium|medium|low|low|high|medium|medium|medium|medium|medium|low|high|high|medium|medium|medium|medium|medium|high|medium|medium|high,
STEW,eegnet,full,loso,28,7,0.8717948717948718,0.9324324324324325,3256,74,14,low|low|low|low|low|low|low|low|low|low|low|low|low|low|low|low|low|low|low|low|low|low|low|low|low|low|low|low|low|low|low|low|low|low|low|low|low|high|high|high|high|high|high|high|high|high|high|high|high|high|high|high|high|high|high|high|high|high|high|high|high|high|high|high|high|high|high|high|high|high|high|high|high|high,low|low|low|low|low|low|low|low|low|low|low|low|low|low|low|low|low|low|low|low|low|low|low|low|low|low|low|low|low|low|low|low|low|low|low|low|low|high|high|high|high|high|high|high|high|high|low|high|high|high|high|medium|medium|high|high|high|high|high|high|high|high|high|high|high|medium|high|high|high|high|high|high|high|medium|high,
STEW,eegnet,full,loso,29,7,0.17460317460317465,0.2972972972972973,3256,74,14,low|low|low|low|low|low|low|low|low|low|low|low|low|low|low|low|low|low|low|low|low|low|low|low|low|low|low|low|low|low|low|low|low|low|low|low|low|medium|medium|medium|medium|medium|medium|medium|medium|medium|medium|medium|medium|medium|medium|medium|medium|medium|medium|medium|medium|medium|medium|medium|medium|medium|medium|medium|medium|medium|medium|medium|medium|medium|medium|medium|medium|medium,low|high|low|low|low|low|low|high|high|high|high|low|low|low|high|high|low|low|low|low|low|high|high|high|high|high|high|low|low|low|low|low|low|high|low|high|high|high|high|high|high|high|high|high|medium|high|high|high|high|high|high|high|high|high|high|high|high|high|high|high|high|high|high|high|high|high|high|high|high|high|high|high|high|high,
STEW,eegnet,full,loso,30,7,0.37209302325581395,0.6351351351351351,3256,74,14,low|low|low|low|low|low|low|low|low|low|low|low|low|low|low|low|low|low|low|low|low|low|low|low|low|low|low|low|low|low|low|low|low|low|low|low|low|high|high|high|high|high|high|high|high|high|high|high|high|high|high|high|high|high|high|high|high|high|high|high|high|high|high|high|high|high|high|high|high|high|high|high|high|high,low|low|medium|low|high|low|low|high|high|low|low|high|low|medium|low|low|medium|low|high|medium|medium|low|medium|low|low|low|medium|high|high|high|high|high|high|low|high|high|high|high|high|high|medium|high|high|high|high|high|high|high|high|high|high|high|high|medium|high|high|high|medium|low|high|medium|high|medium|high|high|high|high|high|high|high|high|high|high|high,
STEW,eegnet,full,loso,31,7,0.4871794871794872,0.7297297297297297,3256,74,14,low|low|low|low|low|low|low|low|low|low|low|low|low|low|low|low|low|low|low|low|low|low|low|low|low|low|low|low|low|low|low|low|low|low|low|low|low|medium|medium|medium|medium|medium|medium|medium|medium|medium|medium|medium|medium|medium|medium|medium|medium|medium|medium|medium|medium|medium|medium|medium|medium|medium|medium|medium|medium|medium|medium|medium|medium|medium|medium|medium|medium|medium,low|low|low|low|low|low|low|low|low|low|low|low|low|low|low|low|low|low|low|low|low|low|low|low|low|low|low|low|low|low|low|low|low|low|low|low|low|medium|medium|low|medium|medium|low|low|medium|medium|medium|medium|medium|medium|low|low|low|low|medium|low|low|low|medium|high|low|medium|high|high|low|low|low|medium|medium|high|low|medium|low|medium,
STEW,eegnet,full,loso,32,7,0.0,0.33783783783783783,3256,74,14,low|low|low|low|low|low|low|low|low|low|low|low|low|low|low|low|low|low|low|low|low|low|low|low|low|low|low|low|low|low|low|low|low|low|low|low|low|high|high|high|high|high|high|high|high|high|high|high|high|high|high|high|high|high|high|high|high|high|high|high|high|high|high|high|high|high|high|high|high|high|high|high|high|high,medium|low|low|high|high|high|medium|low|low|medium|high|high|low|high|low|low|low|low|low|low|low|low|low|low|high|low|low|low|low|low|low|low|low|low|low|medium|medium|medium|medium|low|medium|low|medium|medium|low|medium|low|low|medium|low|low|medium|low|low|medium|medium|medium|medium|low|low|medium|low|low|medium|medium|low|medium|medium|medium|low|medium|low|low|low,
STEW,eegnet,full,loso,33,7,0.007633587786259555,0.12162162162162163,3256,74,14,low|low|low|low|low|low|low|low|low|low|low|low|low|low|low|low|low|low|low|low|low|low|low|low|low|low|low|low|low|low|low|low|low|low|low|low|low|medium|medium|medium|medium|medium|medium|medium|medium|medium|medium|medium|medium|medium|medium|medium|medium|medium|medium|medium|medium|medium|medium|medium|medium|medium|medium|medium|medium|medium|medium|medium|medium|medium|medium|medium|medium|medium,high|medium|high|high|high|high|high|low|low|high|high|high|high|high|high|high|high|high|high|high|high|high|low|high|high|high|high|medium|high|high|high|high|medium|low|high|medium|high|high|medium|high|high|high|high|low|low|high|high|high|high|high|high|high|high|low|high|medium|high|high|high|high|high|high|high|high|medium|medium|medium|high|high|high|high|low|high|high,
STEW,eegnet,full,loso,34,7,0.11538461538461542,0.3783783783783784,3256,74,14,low|low|low|low|low|low|low|low|low|low|low|low|low|low|low|low|low|low|low|low|low|low|low|low|low|low|low|low|low|low|low|low|low|low|low|low|low|high|high|high|high|high|high|high|high|high|high|high|high|high|high|high|high|high|high|high|high|high|high|high|high|high|high|high|high|high|high|high|high|high|high|high|high|high,low|low|low|low|low|low|low|high|low|medium|low|high|high|medium|high|low|high|medium|medium|low|medium|medium|medium|high|high|medium|medium|low|high|medium|low|low|high|high|high|high|medium|low|medium|medium|medium|medium|high|high|high|medium|high|medium|medium|medium|high|medium|medium|low|high|high|medium|high|medium|medium|low|low|high|medium|medium|medium|high|high|medium|high|high|medium|medium|high,
STEW,eegnet,full,loso,35,7,-0.0990990990990992,0.17567567567567569,3256,74,14,low|low|low|low|low|low|low|low|low|low|low|low|low|low|low|low|low|low|low|low|low|low|low|low|low|low|low|low|low|low|low|low|low|low|low|low|low|medium|medium|medium|medium|medium|medium|medium|medium|medium|medium|medium|medium|medium|medium|medium|medium|medium|medium|medium|medium|medium|medium|medium|medium|medium|medium|medium|medium|medium|medium|medium|medium|medium|medium|medium|medium|medium,medium|medium|low|low|medium|medium|medium|low|low|medium|medium|medium|medium|medium|low|medium|medium|medium|medium|low|low|medium|medium|medium|high|high|high|medium|medium|high|high|medium|medium|medium|medium|medium|low|high|high|high|high|medium|medium|medium|high|medium|medium|high|high|high|high|high|high|high|high|high|high|high|high|high|high|high|high|high|high|high|high|high|high|high|high|high|high|high,
STEW,eegnet,full,loso,36,7,0.6756756756756757,0.8378378378378378,3256,74,14,low|low|low|low|low|low|low|low|low|low|low|low|low|low|low|low|low|low|low|low|low|low|low|low|low|low|low|low|low|low|low|low|low|low|low|low|low|high|high|high|high|high|high|high|high|high|high|high|high|high|high|high|high|high|high|high|high|high|high|high|high|high|high|high|high|high|high|high|high|high|high|high|high|high,low|low|low|high|low|low|low|low|low|low|low|low|low|low|low|high|low|high|low|low|high|low|high|low|low|high|low|high|high|high|high|low|high|high|low|low|low|high|high|high|high|high|high|high|high|high|high|high|high|high|high|high|high|high|high|high|high|high|high|high|high|high|high|high|high|high|high|high|high|high|high|high|high|high,
STEW,eegnet,full,loso,37,7,0.47619047619047616,0.7027027027027027,3256,74,14,low|low|low|low|low|low|low|low|low|low|low|low|low|low|low|low|low|low|low|low|low|low|low|low|low|low|low|low|low|low|low|low|low|low|low|low|low|high|high|high|high|high|high|high|high|high|high|high|high|high|high|high|high|high|high|high|high|high|high|high|high|high|high|high|high|high|high|high|high|high|high|high|high|high,low|low|medium|medium|low|medium|low|low|low|high|high|high|low|medium|high|low|low|medium|high|low|medium|low|high|medium|high|low|high|high|high|low|low|medium|medium|high|medium|low|low|high|high|high|high|high|high|low|high|high|high|high|high|high|high|high|high|high|high|high|high|high|high|high|high|high|high|high|high|high|high|high|high|high|high|high|high|high,
STEW,eegnet,full,loso,38,7,0.5675675675675675,0.7837837837837838,3256,74,14,low|low|low|low|low|low|low|low|low|low|low|low|low|low|low|low|low|low|low|low|low|low|low|low|low|low|low|low|low|low|low|low|low|low|low|low|low|medium|medium|medium|medium|medium|medium|medium|medium|medium|medium|medium|medium|medium|medium|medium|medium|medium|medium|medium|medium|medium|medium|medium|medium|medium|medium|medium|medium|medium|medium|medium|medium|medium|medium|medium|medium|medium,low|low|low|low|low|low|low|low|low|low|low|low|low|low|low|low|low|low|low|low|low|low|low|low|low|low|medium|low|low|low|low|low|medium|low|low|low|low|medium|low|medium|medium|medium|low|medium|medium|medium|low|medium|medium|medium|low|medium|medium|medium|low|medium|low|medium|low|low|medium|low|low|medium|medium|medium|medium|low|low|medium|low|medium|medium|low,
STEW,eegnet,full,loso,39,7,-0.21568627450980382,0.16216216216216217,3256,74,14,low|low|low|low|low|low|low|low|low|low|low|low|low|low|low|low|low|low|low|low|low|low|low|low|low|low|low|low|low|low|low|low|low|low|low|low|low|high|high|high|high|high|high|high|high|high|high|high|high|high|high|high|high|high|high|high|high|high|high|high|high|high|high|high|high|high|high|high|high|high|high|high|high|high,low|medium|medium|low|low|medium|medium|medium|low|medium|medium|medium|low|medium|medium|low|medium|low|medium|low|medium|medium|low|medium|low|medium|medium|medium|medium|medium|medium|medium|medium|medium|low|medium|low|medium|low|low|low|low|low|low|low|low|low|low|low|low|low|low|low|low|low|medium|low|low|low|low|low|low|low|low|low|low|low|low|low|low|low|low|medium|low,
STEW,eegnet,full,loso,40,7,-0.1428571428571428,0.2972972972972973,3256,74,14,low|low|low|low|low|low|low|low|low|low|low|low|low|low|low|low|low|low|low|low|low|low|low|low|low|low|low|low|low|low|low|low|low|low|low|low|low|medium|medium|medium|medium|medium|medium|medium|medium|medium|medium|medium|medium|medium|medium|medium|medium|medium|medium|medium|medium|medium|medium|medium|medium|medium|medium|medium|medium|medium|medium|medium|medium|medium|medium|medium|medium|medium,medium|medium|medium|medium|medium|medium|high|medium|medium|medium|medium|medium|medium|medium|medium|medium|medium|medium|medium|medium|medium|high|medium|medium|medium|medium|high|medium|medium|medium|medium|medium|medium|medium|medium|medium|medium|low|medium|high|medium|high|medium|medium|medium|medium|medium|medium|high|medium|medium|medium|medium|high|medium|high|high|high|high|medium|high|medium|high|medium|medium|high|medium|medium|medium|high|medium|medium|high|high,
STEW,eegnet,full,loso,41,7,0.1842105263157895,0.581081081081081,3256,74,14,low|low|low|low|low|low|low|low|low|low|low|low|low|low|low|low|low|low|low|low|low|low|low|low|low|low|low|low|low|low|low|low|low|low|low|low|low|medium|medium|medium|medium|medium|medium|medium|medium|medium|medium|medium|medium|medium|medium|medium|medium|medium|medium|medium|medium|medium|medium|medium|medium|medium|medium|medium|medium|medium|medium|medium|medium|medium|medium|medium|medium|medium,low|low|high|low|medium|medium|medium|medium|medium|medium|low|medium|low|medium|medium|medium|medium|medium|medium|medium|medium|medium|medium|medium|medium|medium|medium|medium|low|medium|low|medium|medium|medium|medium|medium|medium|medium|medium|medium|high|medium|medium|medium|medium|medium|medium|medium|medium|medium|medium|medium|medium|medium|medium|medium|medium|medium|medium|medium|medium|medium|medium|medium|medium|medium|medium|medium|medium|medium|medium|medium|medium|medium,
STEW,eegnet,full,loso,43,7,0.23478260869565215,0.40540540540540543,3256,74,14,low|low|low|low|low|low|low|low|low|low|low|low|low|low|low|low|low|low|low|low|low|low|low|low|low|low|low|low|low|low|low|low|low|low|low|low|low|high|high|high|high|high|high|high|high|high|high|high|high|high|high|high|high|high|high|high|high|high|high|high|high|high|high|high|high|high|high|high|high|high|high|high|high|high,low|medium|medium|low|high|high|low|low|medium|medium|low|low|low|medium|low|low|low|low|low|low|low|low|low|low|medium|medium|high|low|low|medium|low|low|low|medium|low|medium|medium|medium|medium|medium|medium|high|high|medium|medium|medium|medium|medium|medium|medium|medium|medium|medium|medium|high|high|high|medium|medium|medium|medium|medium|medium|medium|medium|medium|medium|high|medium|medium|medium|high|medium|medium,
STEW,eegnet,full,loso,44,7,0.09565217391304348,0.2972972972972973,3256,74,14,low|low|low|low|low|low|low|low|low|low|low|low|low|low|low|low|low|low|low|low|low|low|low|low|low|low|low|low|low|low|low|low|low|low|low|low|low|high|high|high|high|high|high|high|high|high|high|high|high|high|high|high|high|high|high|high|high|high|high|high|high|high|high|high|high|high|high|high|high|high|high|high|high|high,medium|medium|high|medium|low|medium|medium|medium|medium|medium|medium|medium|low|low|low|low|low|low|medium|low|medium|medium|medium|medium|medium|medium|medium|medium|medium|medium|medium|medium|medium|medium|medium|medium|medium|low|medium|medium|medium|high|high|high|high|high|high|low|low|low|medium|high|medium|medium|medium|medium|medium|low|low|high|high|high|high|high|high|medium|low|low|low|medium|medium|medium|low|high,
STEW,eegnet,full,loso,45,7,0.6190476190476191,0.7837837837837838,3256,74,14,low|low|low|low|low|low|low|low|low|low|low|low|low|low|low|low|low|low|low|low|low|low|low|low|low|low|low|low|low|low|low|low|low|low|low|low|low|high|high|high|high|high|high|high|high|high|high|high|high|high|high|high|high|high|high|high|high|high|high|high|high|high|high|high|high|high|high|high|high|high|high|high|high|high,low|low|low|low|low|low|low|high|low|low|low|low|low|low|low|low|low|low|low|low|low|low|low|low|low|low|low|low|low|low|low|low|low|low|low|low|low|medium|medium|high|low|medium|high|medium|high|high|medium|high|low|medium|medium|low|low|high|high|high|high|high|high|high|high|high|high|high|high|high|high|high|medium|high|high|medium|medium|low,
STEW,eegnet,full,loso,46,7,0.039215686274509776,0.33783783783783783,3256,74,14,low|low|low|low|low|low|low|low|low|low|low|low|low|low|low|low|low|low|low|low|low|low|low|low|low|low|low|low|low|low|low|low|low|low|low|low|low|high|high|high|high|high|high|high|high|high|high|high|high|high|high|high|high|high|high|high|high|high|high|high|high|high|high|high|high|high|high|high|high|high|high|high|high|high,low|low|low|low|low|low|low|medium|medium|low|low|low|low|low|low|low|low|low|low|low|low|low|medium|medium|high|medium|low|medium|low|low|medium|medium|medium|medium|medium|low|low|low|low|low|low|low|low|low|low|low|low|medium|low|low|medium|medium|low|medium|medium|low|medium|low|medium|medium|medium|low|low|medium|medium|low|medium|medium|medium|medium|low|low|medium|medium,
STEW,eegnet,full,loso,47,7,0.5263157894736843,0.7567567567567568,3256,74,14,low|low|low|low|low|low|low|low|low|low|low|low|low|low|low|low|low|low|low|low|low|low|low|low|low|low|low|low|low|low|low|low|low|low|low|low|low|high|high|high|high|high|high|high|high|high|high|high|high|high|high|high|high|high|high|high|high|high|high|high|high|high|high|high|high|high|high|high|high|high|high|high|high|high,low|high|low|low|low|low|low|low|low|low|low|low|low|low|low|low|low|low|medium|low|low|low|low|low|low|high|low|low|low|low|low|low|low|low|high|high|low|low|high|high|low|high|high|high|low|low|high|low|high|high|high|high|high|low|high|medium|high|low|high|high|high|low|low|low|low|high|high|high|high|high|high|high|high|low,
STEW,eegnet,full,loso,48,7,0.675,0.8243243243243243,3256,74,14,low|low|low|low|low|low|low|low|low|low|low|low|low|low|low|low|low|low|low|low|low|low|low|low|low|low|low|low|low|low|low|low|low|low|low|low|low|high|high|high|high|high|high|high|high|high|high|high|high|high|high|high|high|high|high|high|high|high|high|high|high|high|high|high|high|high|high|high|high|high|high|high|high|high,low|low|low|low|low|high|low|high|high|high|low|medium|high|low|low|low|low|low|high|medium|low|low|low|low|low|low|low|medium|low|low|low|medium|low|low|low|low|low|high|high|high|high|high|high|high|medium|high|low|high|high|high|high|high|high|high|high|high|medium|high|high|high|high|high|high|high|high|high|high|high|high|high|high|high|high|high,
STEW,eegnet,full,loso,1,42,-0.5227272727272727,0.0945945945945946,3256,74,14,low|low|low|low|low|low|low|low|low|low|low|low|low|low|low|low|low|low|low|low|low|low|low|low|low|low|low|low|low|low|low|low|low|low|low|low|low|high|high|high|high|high|high|high|high|high|high|high|high|high|high|high|high|high|high|high|high|high|high|high|high|high|high|high|high|high|high|high|high|high|high|high|high|high,high|high|high|high|high|high|high|high|high|high|high|high|high|high|high|high|high|high|high|medium|high|high|medium|high|high|high|high|high|high|high|high|high|high|high|high|high|high|high|medium|high|low|medium|medium|low|low|low|low|medium|low|low|low|high|low|high|low|high|medium|medium|low|low|medium|medium|low|low|high|medium|low|medium|high|medium|medium|low|low|low,
STEW,eegnet,full,loso,2,42,-0.007299270072992803,0.06756756756756757,3256,74,14,low|low|low|low|low|low|low|low|low|low|low|low|low|low|low|low|low|low|low|low|low|low|low|low|low|low|low|low|low|low|low|low|low|low|low|low|low|medium|medium|medium|medium|medium|medium|medium|medium|medium|medium|medium|medium|medium|medium|medium|medium|medium|medium|medium|medium|medium|medium|medium|medium|medium|medium|medium|medium|medium|medium|medium|medium|medium|medium|medium|medium|medium,high|high|high|high|medium|high|high|high|high|high|high|high|high|high|high|high|high|high|high|high|medium|high|high|high|high|low|high|high|high|high|high|low|high|low|high|low|high|high|high|high|high|high|low|high|high|high|high|high|high|medium|high|high|high|high|low|high|high|high|high|high|high|low|high|high|high|high|low|high|high|high|high|high|high|high,
STEW,eegnet,full,loso,3,42,0.5064935064935066,0.7432432432432432,3256,74,14,low|low|low|low|low|low|low|low|low|low|low|low|low|low|low|low|low|low|low|low|low|low|low|low|low|low|low|low|low|low|low|low|low|low|low|low|low|medium|medium|medium|medium|medium|medium|medium|medium|medium|medium|medium|medium|medium|medium|medium|medium|medium|medium|medium|medium|medium|medium|medium|medium|medium|medium|medium|medium|medium|medium|medium|medium|medium|medium|medium|medium|medium,low|low|high|low|low|low|low|low|low|low|medium|low|medium|low|low|low|low|low|low|low|low|low|low|low|low|low|low|low|low|low|low|low|low|low|low|low|low|medium|low|medium|low|low|medium|medium|low|medium|medium|low|low|medium|medium|low|medium|low|medium|high|low|medium|low|medium|medium|low|low|medium|medium|medium|medium|medium|medium|low|high|medium|medium|low,
STEW,eegnet,full,loso,4,42,0.09090909090909094,0.32432432432432434,3256,74,14,low|low|low|low|low|low|low|low|low|low|low|low|low|low|low|low|low|low|low|low|low|low|low|low|low|low|low|low|low|low|low|low|low|low|low|low|low|medium|medium|medium|medium|medium|medium|medium|medium|medium|medium|medium|medium|medium|medium|medium|medium|medium|medium|medium|medium|medium|medium|medium|medium|medium|medium|medium|medium|medium|medium|medium|medium|medium|medium|medium|medium|medium,low|medium|high|high|high|high|low|low|low|low|high|low|low|low|high|low|high|low|medium|medium|high|high|high|low|low|low|low|low|high|high|low|low|low|high|low|low|high|high|low|high|low|low|high|high|high|high|low|high|low|low|high|low|high|high|high|low|medium|high|high|low|high|high|high|low|medium|high|low|medium|high|high|high|high|high|medium,
STEW,eegnet,full,loso,6,42,-0.44736842105263164,0.25675675675675674,3256,74,14,medium|medium|medium|medium|medium|medium|medium|medium|medium|medium|medium|medium|medium|medium|medium|medium|medium|medium|medium|medium|medium|medium|medium|medium|medium|medium|medium|medium|medium|medium|medium|medium|medium|medium|medium|medium|medium|high|high|high|high|high|high|high|high|high|high|high|high|high|high|high|high|high|high|high|high|high|high|high|high|high|high|high|high|high|high|high|high|high|high|high|high|high,medium|high|medium|medium|high|low|high|medium|high|medium|medium|high|high|medium|low|high|high|high|high|medium|medium|medium|high|medium|medium|medium|high|high|high|medium|high|high|high|high|high|high|medium|medium|medium|medium|medium|medium|medium|medium|medium|high|medium|medium|medium|medium|high|high|medium|medium|medium|medium|medium|medium|medium|medium|medium|medium|medium|medium|medium|medium|high|medium|medium|medium|medium|medium|medium|medium,
STEW,eegnet,full,loso,7,42,-0.30666666666666664,0.33783783783783783,3256,74,14,low|low|low|low|low|low|low|low|low|low|low|low|low|low|low|low|low|low|low|low|low|low|low|low|low|low|low|low|low|low|low|low|low|low|low|low|low|medium|medium|medium|medium|medium|medium|medium|medium|medium|medium|medium|medium|medium|medium|medium|medium|medium|medium|medium|medium|medium|medium|medium|medium|medium|medium|medium|medium|medium|medium|medium|medium|medium|medium|medium|medium|medium,low|medium|low|medium|medium|medium|medium|medium|low|high|medium|medium|low|low|medium|low|medium|medium|medium|medium|medium|medium|medium|low|medium|low|medium|medium|medium|medium|medium|medium|medium|medium|low|low|low|low|low|medium|low|low|low|low|low|low|low|medium|medium|low|low|low|medium|medium|medium|medium|medium|low|low|low|low|low|medium|medium|medium|low|low|medium|low|low|medium|low|medium|low,
STEW,eegnet,full,loso,8,42,0.189873417721519,0.5675675675675675,3256,74,14,low|low|low|low|low|low|low|low|low|low|low|low|low|low|low|low|low|low|low|low|low|low|low|low|low|low|low|low|low|low|low|low|low|low|low|low|low|high|high|high|high|high|high|high|high|high|high|high|high|high|high|high|high|high|high|high|high|high|high|high|high|high|high|high|high|high|high|high|high|high|high|high|high|high,medium|high|high|low|high|high|high|low|low|high|high|low|low|high|high|high|high|medium|low|high|high|high|high|high|high|high|medium|high|high|low|low|high|high|high|high|high|high|high|high|high|high|medium|low|high|high|high|high|high|high|high|high|high|high|high|high|high|high|high|high|high|medium|high|high|high|high|high|high|high|high|high|high|high|high|high,
STEW,eegnet,full,loso,9,42,0.24489795918367352,0.5,3256,74,14,low|low|low|low|low|low|low|low|low|low|low|low|low|low|low|low|low|low|low|low|low|low|low|low|low|low|low|low|low|low|low|low|low|low|low|low|low|high|high|high|high|high|high|high|high|high|high|high|high|high|high|high|high|high|high|high|high|high|high|high|high|high|high|high|high|high|high|high|high|high|high|high|high|high,medium|low|low|low|low|low|low|low|low|medium|medium|medium|medium|low|low|medium|low|low|medium|low|high|low|low|low|low|medium|medium|low|low|low|low|low|medium|low|low|low|medium|medium|high|low|low|low|medium|medium|high|high|low|low|high|high|low|low|medium|medium|low|high|medium|high|high|medium|low|low|high|low|medium|high|high|medium|medium|medium|medium|high|low|medium,
STEW,eegnet,full,loso,10,42,0.2727272727272727,0.5135135135135135,3256,74,14,low|low|low|low|low|low|low|low|low|low|low|low|low|low|low|low|low|low|low|low|low|low|low|low|low|low|low|low|low|low|low|low|low|low|low|low|low|medium|medium|medium|medium|medium|medium|medium|medium|medium|medium|medium|medium|medium|medium|medium|medium|medium|medium|medium|medium|medium|medium|medium|medium|medium|medium|medium|medium|medium|medium|medium|medium|medium|medium|medium|medium|medium,low|low|low|low|low|low|low|low|low|low|low|low|low|low|low|low|low|low|low|low|low|low|low|low|low|low|low|low|low|low|low|low|low|low|low|low|low|low|high|high|high|low|high|high|low|low|high|high|high|high|low|high|high|high|high|high|high|high|high|high|low|low|high|medium|low|low|high|high|low|low|high|high|high|high,
STEW,eegnet,full,loso,11,42,0.16504854368932043,0.4189189189189189,3256,74,14,low|low|low|low|low|low|low|low|low|low|low|low|low|low|low|low|low|low|low|low|low|low|low|low|low|low|low|low|low|low|low|low|low|low|low|low|low|medium|medium|medium|medium|medium|medium|medium|medium|medium|medium|medium|medium|medium|medium|medium|medium|medium|medium|medium|medium|medium|medium|medium|medium|medium|medium|medium|medium|medium|medium|medium|medium|medium|medium|medium|medium|medium,low|low|low|high|low|low|low|low|low|low|low|low|low|low|low|low|medium|medium|low|medium|low|low|low|low|low|low|high|low|low|low|high|low|low|low|low|low|low|low|high|low|low|low|high|low|high|high|high|high|high|high|high|low|high|low|low|high|high|high|high|high|high|high|low|high|high|low|high|high|high|high|high|low|high|high,
STEW,eegnet,full,loso,12,42,0.1685393258426966,0.5,3256,74,14,low|low|low|low|low|low|low|low|low|low|low|low|low|low|low|low|low|low|low|low|low|low|low|low|low|low|low|low|low|low|low|low|low|low|low|low|low|medium|medium|medium|medium|medium|medium|medium|medium|medium|medium|medium|medium|medium|medium|medium|medium|medium|medium|medium|medium|medium|medium|medium|medium|medium|medium|medium|medium|medium|medium|medium|medium|medium|medium|medium|medium|medium,low|low|low|medium|medium|low|low|low|medium|medium|medium|low|low|medium|low|medium|high|medium|medium|medium|low|medium|high|medium|medium|low|medium|low|medium|medium|high|medium|medium|medium|low|low|low|high|medium|high|medium|medium|medium|medium|high|medium|medium|high|high|high|medium|medium|medium|medium|medium|medium|medium|medium|medium|high|medium|low|high|low|medium|medium|high|medium|high|low|medium|high|medium|high,
STEW,eegnet,full,loso,13,42,0.19266055045871555,0.40540540540540543,3256,74,14,low|low|low|low|low|low|low|low|low|low|low|low|low|low|low|low|low|low|low|low|low|low|low|low|low|low|low|low|low|low|low|low|low|low|low|low|low|high|high|high|high|high|high|high|high|high|high|high|high|high|high|high|high|high|high|high|high|high|high|high|high|high|high|high|high|high|high|high|high|high|high|high|high|high,medium|low|low|low|low|low|low|low|low|low|low|low|low|low|medium|low|medium|low|low|low|low|low|low|medium|low|low|low|low|low|low|medium|low|medium|low|medium|medium|medium|medium|low|low|low|low|medium|medium|medium|medium|medium|medium|medium|medium|medium|medium|medium|low|low|low|medium|low|medium|low|medium|medium|medium|medium|medium|medium|medium|medium|medium|medium|medium|medium|high|high,
STEW,eegnet,full,loso,14,42,0.4871794871794872,0.7297297297297297,3256,74,14,low|low|low|low|low|low|low|low|low|low|low|low|low|low|low|low|low|low|low|low|low|low|low|low|low|low|low|low|low|low|low|low|low|low|low|low|low|high|high|high|high|high|high|high|high|high|high|high|high|high|high|high|high|high|high|high|high|high|high|high|high|high|high|high|high|high|high|high|high|high|high|high|high|high,low|low|low|low|low|low|low|low|low|low|low|low|low|low|low|low|low|low|low|low|low|low|low|low|low|low|low|low|low|low|low|low|low|low|low|low|low|high|low|high|medium|high|low|low|low|low|low|low|high|low|medium|high|high|low|high|high|high|low|low|high|high|high|high|medium|low|low|high|high|high|medium|low|low|high|low,
STEW,eegnet,full,loso,15,42,0.22352941176470587,0.5540540540540541,3256,74,14,low|low|low|low|low|low|low|low|low|low|low|low|low|low|low|low|low|low|low|low|low|low|low|low|low|low|low|low|low|low|low|low|low|low|low|low|low|medium|medium|medium|medium|medium|medium|medium|medium|medium|medium|medium|medium|medium|medium|medium|medium|medium|medium|medium|medium|medium|medium|medium|medium|medium|medium|medium|medium|medium|medium|medium|medium|medium|medium|medium|medium|medium,medium|low|low|low|low|medium|low|low|medium|medium|low|low|low|low|low|low|low|medium|low|medium|low|low|low|medium|low|low|medium|medium|medium|medium|medium|medium|medium|medium|medium|medium|medium|high|medium|low|medium|medium|low|high|medium|medium|medium|medium|low|high|high|low|medium|medium|medium|medium|medium|high|high|high|medium|medium|medium|high|medium|medium|medium|high|medium|high|medium|high|medium|medium,
STEW,eegnet,full,loso,16,42,0.5764705882352941,0.7567567567567568,3256,74,14,low|low|low|low|low|low|low|low|low|low|low|low|low|low|low|low|low|low|low|low|low|low|low|low|low|low|low|low|low|low|low|low|low|low|low|low|low|high|high|high|high|high|high|high|high|high|high|high|high|high|high|high|high|high|high|high|high|high|high|high|high|high|high|high|high|high|high|high|high|high|high|high|high|high,low|low|low|low|low|low|low|low|low|low|low|low|low|low|low|low|low|low|low|low|low|low|low|low|low|low|low|medium|high|low|medium|medium|low|low|low|low|medium|high|high|high|high|medium|high|high|low|high|high|high|medium|high|high|high|high|high|low|high|high|medium|high|high|high|low|high|medium|low|low|high|medium|low|medium|high|high|medium|high,
STEW,eegnet,full,loso,17,42,0.3846153846153846,0.6756756756756757,3256,74,14,low|low|low|low|low|low|low|low|low|low|low|low|low|low|low|low|low|low|low|low|low|low|low|low|low|low|low|low|low|low|low|low|low|low|low|low|low|high|high|high|high|high|high|high|high|high|high|high|high|high|high|high|high|high|high|high|high|high|high|high|high|high|high|high|high|high|high|high|high|high|high|high|high|high,low|high|low|low|low|low|low|low|low|low|low|low|high|low|low|low|high|low|low|low|medium|low|high|high|high|low|low|high|low|low|medium|low|low|low|high|low|low|high|high|high|high|high|low|low|medium|high|high|high|high|high|high|high|high|high|low|low|high|high|medium|low|high|low|high|low|low|high|high|high|low|low|high|low|low|high,
STEW,eegnet,full,loso,18,42,-0.06666666666666665,0.35135135135135137,3256,74,14,medium|medium|medium|medium|medium|medium|medium|medium|medium|medium|medium|medium|medium|medium|medium|medium|medium|medium|medium|medium|medium|medium|medium|medium|medium|medium|medium|medium|medium|medium|medium|medium|medium|medium|medium|medium|medium|high|high|high|high|high|high|high|high|high|high|high|high|high|high|high|high|high|high|high|high|high|high|high|high|high|high|high|high|high|high|high|high|high|high|high|high|high,low|low|medium|medium|medium|medium|medium|low|medium|medium|low|medium|medium|medium|low|medium|medium|medium|medium|medium|medium|medium|medium|medium|low|low|low|low|medium|medium|low|low|low|medium|low|low|medium|high|high|medium|medium|medium|medium|medium|medium|medium|medium|low|medium|medium|medium|medium|medium|medium|low|medium|medium|medium|medium|medium|medium|medium|medium|medium|medium|medium|medium|medium|medium|medium|medium|medium|high|medium,
STEW,eegnet,full,loso,19,42,0.8461538461538461,0.918918918918919,3256,74,14,low|low|low|low|low|low|low|low|low|low|low|low|low|low|low|low|low|low|low|low|low|low|low|low|low|low|low|low|low|low|low|low|low|low|low|low|low|medium|medium|medium|medium|medium|medium|medium|medium|medium|medium|medium|medium|medium|medium|medium|medium|medium|medium|medium|medium|medium|medium|medium|medium|medium|medium|medium|medium|medium|medium|medium|medium|medium|medium|medium|medium|medium,low|low|low|low|low|low|low|low|high|low|low|low|low|low|medium|low|low|high|low|low|high|low|low|low|low|low|low|low|low|medium|low|low|low|low|low|low|low|medium|high|medium|medium|medium|medium|medium|medium|medium|medium|medium|medium|medium|medium|medium|medium|medium|medium|medium|medium|medium|medium|medium|medium|medium|medium|medium|medium|medium|medium|medium|medium|medium|medium|medium|medium|medium,
STEW,eegnet,full,loso,20,42,0.736842105263158,0.8648648648648649,3256,74,14,low|low|low|low|low|low|low|low|low|low|low|low|low|low|low|low|low|low|low|low|low|low|low|low|low|low|low|low|low|low|low|low|low|low|low|low|low|high|high|high|high|high|high|high|high|high|high|high|high|high|high|high|high|high|high|high|high|high|high|high|high|high|high|high|high|high|high|high|high|high|high|high|high|high,low|low|low|low|low|low|low|low|low|low|low|low|low|low|low|low|low|low|low|low|low|low|low|low|low|low|low|low|low|low|low|low|low|low|low|low|low|high|high|low|low|high|low|high|high|high|high|high|high|medium|low|low|high|high|high|high|high|high|high|high|low|high|high|high|high|high|medium|high|high|high|high|high|low|low,
STEW,eegnet,full,loso,21,42,0.02400000000000002,0.17567567567567569,3256,74,14,low|low|low|low|low|low|low|low|low|low|low|low|low|low|low|low|low|low|low|low|low|low|low|low|low|low|low|low|low|low|low|low|low|low|low|low|low|medium|medium|medium|medium|medium|medium|medium|medium|medium|medium|medium|medium|medium|medium|medium|medium|medium|medium|medium|medium|medium|medium|medium|medium|medium|medium|medium|medium|medium|medium|medium|medium|medium|medium|medium|medium|medium,high|high|low|high|high|high|high|high|high|low|high|low|high|high|low|high|low|medium|low|high|high|low|high|high|high|high|low|low|high|high|low|high|low|low|high|high|high|low|low|low|low|high|medium|low|high|high|high|high|high|low|high|high|high|high|high|high|high|high|high|high|high|high|high|low|high|high|high|high|low|high|high|high|low|high,
STEW,eegnet,full,loso,22,42,0.25,0.5540540540540541,3256,74,14,medium|medium|medium|medium|medium|medium|medium|medium|medium|medium|medium|medium|medium|medium|medium|medium|medium|medium|medium|medium|medium|medium|medium|medium|medium|medium|medium|medium|medium|medium|medium|medium|medium|medium|medium|medium|medium|high|high|high|high|high|high|high|high|high|high|high|high|high|high|high|high|high|high|high|high|high|high|high|high|high|high|high|high|high|high|high|high|high|high|high|high|high,low|low|low|high|low|low|low|high|low|high|low|high|high|high|medium|medium|high|medium|medium|low|medium|high|high|low|high|medium|high|low|high|high|high|medium|high|high|high|high|high|high|high|high|high|high|high|high|high|high|high|high|high|high|high|high|high|high|high|high|high|high|high|low|high|high|low|high|high|high|high|high|high|low|high|high|high|high,
STEW,eegnet,full,loso,23,42,0.7105263157894737,0.8513513513513513,3256,74,14,low|low|low|low|low|low|low|low|low|low|low|low|low|low|low|low|low|low|low|low|low|low|low|low|low|low|low|low|low|low|low|low|low|low|low|low|low|medium|medium|medium|medium|medium|medium|medium|medium|medium|medium|medium|medium|medium|medium|medium|medium|medium|medium|medium|medium|medium|medium|medium|medium|medium|medium|medium|medium|medium|medium|medium|medium|medium|medium|medium|medium|medium,low|low|low|low|low|low|low|high|low|low|low|low|low|low|low|low|low|low|low|low|low|medium|low|low|medium|low|medium|medium|low|low|medium|low|low|low|low|high|low|medium|medium|low|medium|medium|medium|medium|medium|medium|medium|medium|medium|medium|medium|medium|medium|medium|medium|medium|medium|medium|medium|medium|medium|medium|medium|medium|medium|medium|medium|medium|medium|medium|medium|low|low|low,
STEW,eegnet,full,loso,25,42,0.06569343065693434,0.13513513513513514,3256,74,14,low|low|low|low|low|low|low|low|low|low|low|low|low|low|low|low|low|low|low|low|low|low|low|low|low|low|low|low|low|low|low|low|low|low|low|low|low|medium|medium|medium|medium|medium|medium|medium|medium|medium|medium|medium|medium|medium|medium|medium|medium|medium|medium|medium|medium|medium|medium|medium|medium|medium|medium|medium|medium|medium|medium|medium|medium|medium|medium|medium|medium|medium,low|low|low|low|low|high|low|low|high|high|high|high|high|high|high|high|high|high|high|high|high|high|high|high|high|high|high|high|high|high|high|high|high|high|high|high|high|high|high|high|high|high|high|high|low|high|high|high|high|high|high|high|high|high|high|high|high|high|high|medium|high|high|high|high|high|high|medium|high|medium|high|high|high|high|high,
STEW,eegnet,full,loso,26,42,0.36633663366336633,0.5675675675675675,3256,74,14,low|low|low|low|low|low|low|low|low|low|low|low|low|low|low|low|low|low|low|low|low|low|low|low|low|low|low|low|low|low|low|low|low|low|low|low|low|high|high|high|high|high|high|high|high|high|high|high|high|high|high|high|high|high|high|high|high|high|high|high|high|high|high|high|high|high|high|high|high|high|high|high|high|high,medium|low|low|low|low|low|low|low|low|low|low|low|high|high|low|low|high|high|medium|low|medium|low|low|low|low|medium|medium|low|low|medium|medium|low|low|medium|medium|high|low|high|high|medium|high|high|medium|high|high|medium|high|medium|medium|medium|high|high|medium|medium|medium|medium|high|medium|medium|high|high|high|high|high|high|high|high|medium|high|medium|medium|medium|medium|medium,
STEW,eegnet,full,loso,27,42,0.35064935064935066,0.6621621621621622,3256,74,14,low|low|low|low|low|low|low|low|low|low|low|low|low|low|low|low|low|low|low|low|low|low|low|low|low|low|low|low|low|low|low|low|low|low|low|low|low|medium|medium|medium|medium|medium|medium|medium|medium|medium|medium|medium|medium|medium|medium|medium|medium|medium|medium|medium|medium|medium|medium|medium|medium|medium|medium|medium|medium|medium|medium|medium|medium|medium|medium|medium|medium|medium,low|low|low|low|low|low|low|low|low|low|low|low|low|low|low|low|low|medium|low|low|low|low|low|low|low|low|low|low|medium|low|medium|low|low|low|low|low|low|medium|low|low|medium|medium|medium|medium|low|medium|low|high|medium|low|low|medium|low|low|low|low|low|medium|medium|medium|medium|low|low|high|high|low|medium|low|low|medium|low|medium|low|low,
STEW,eegnet,full,loso,28,42,0.8933333333333333,0.9459459459459459,3256,74,14,low|low|low|low|low|low|low|low|low|low|low|low|low|low|low|low|low|low|low|low|low|low|low|low|low|low|low|low|low|low|low|low|low|low|low|low|low|high|high|high|high|high|high|high|high|high|high|high|high|high|high|high|high|high|high|high|high|high|high|high|high|high|high|high|high|high|high|high|high|high|high|high|high|high,low|low|low|low|low|low|low|low|low|low|low|low|low|low|low|low|low|low|low|low|low|low|low|low|low|low|low|low|low|low|low|low|low|low|low|low|low|high|high|low|high|high|high|high|high|high|high|high|high|high|high|high|high|high|high|high|high|high|high|high|high|high|high|low|high|medium|high|high|high|high|low|high|high|high,
STEW,eegnet,full,loso,29,42,0.2909090909090909,0.47297297297297297,3256,74,14,low|low|low|low|low|low|low|low|low|low|low|low|low|low|low|low|low|low|low|low|low|low|low|low|low|low|low|low|low|low|low|low|low|low|low|low|low|medium|medium|medium|medium|medium|medium|medium|medium|medium|medium|medium|medium|medium|medium|medium|medium|medium|medium|medium|medium|medium|medium|medium|medium|medium|medium|medium|medium|medium|medium|medium|medium|medium|medium|medium|medium|medium,low|low|low|low|low|low|low|high|low|low|low|low|low|low|low|low|low|low|low|low|low|low|low|high|low|low|low|low|low|low|low|low|low|low|low|low|low|high|high|high|high|high|high|high|low|low|low|high|high|high|high|high|high|high|high|high|high|high|high|high|high|high|high|high|high|high|high|high|high|high|high|high|high|high,
STEW,eegnet,full,loso,30,42,0.36585365853658536,0.6486486486486487,3256,74,14,low|low|low|low|low|low|low|low|low|low|low|low|low|low|low|low|low|low|low|low|low|low|low|low|low|low|low|low|low|low|low|low|low|low|low|low|low|high|high|high|high|high|high|high|high|high|high|high|high|high|high|high|high|high|high|high|high|high|high|high|high|high|high|high|high|high|high|high|high|high|high|high|high|high,low|low|low|low|low|low|low|low|low|low|low|low|low|high|high|low|high|low|medium|high|high|low|high|high|low|low|medium|high|high|high|high|high|low|high|high|high|medium|high|high|high|high|high|high|high|high|low|high|high|low|medium|high|medium|high|low|high|medium|medium|high|high|high|high|high|high|high|high|high|high|high|high|high|high|medium|high|high,
STEW,eegnet,full,loso,31,42,0.4651162790697675,0.6891891891891891,3256,74,14,low|low|low|low|low|low|low|low|low|low|low|low|low|low|low|low|low|low|low|low|low|low|low|low|low|low|low|low|low|low|low|low|low|low|low|low|low|medium|medium|medium|medium|medium|medium|medium|medium|medium|medium|medium|medium|medium|medium|medium|medium|medium|medium|medium|medium|medium|medium|medium|medium|medium|medium|medium|medium|medium|medium|medium|medium|medium|medium|medium|medium|medium,low|high|low|low|low|low|low|low|low|low|low|low|low|low|low|low|high|high|medium|low|low|low|low|low|low|low|low|low|low|low|low|low|low|low|low|low|low|medium|medium|low|medium|medium|low|low|low|medium|medium|medium|medium|low|high|medium|medium|high|medium|high|low|high|high|medium|low|medium|medium|high|medium|low|low|high|medium|low|high|medium|medium|high,
STEW,eegnet,full,loso,32,42,0.28846153846153844,0.5,3256,74,14,low|low|low|low|low|low|low|low|low|low|low|low|low|low|low|low|low|low|low|low|low|low|low|low|low|low|low|low|low|low|low|low|low|low|low|low|low|high|high|high|high|high|high|high|high|high|high|high|high|high|high|high|high|high|high|high|high|high|high|high|high|high|high|high|high|high|high|high|high|high|high|high|high|high,medium|low|low|low|low|low|low|low|low|low|low|low|low|low|low|low|low|low|low|low|low|low|low|low|low|low|low|low|low|low|low|low|low|low|low|low|low|medium|medium|medium|medium|medium|medium|high|medium|medium|low|medium|medium|medium|low|low|medium|low|medium|medium|medium|medium|medium|medium|medium|medium|medium|medium|medium|medium|medium|medium|medium|low|low|medium|low|medium,
STEW,eegnet,full,loso,33,42,0.07936507936507942,0.21621621621621623,3256,74,14,low|low|low|low|low|low|low|low|low|low|low|low|low|low|low|low|low|low|low|low|low|low|low|low|low|low|low|low|low|low|low|low|low|low|low|low|low|medium|medium|medium|medium|medium|medium|medium|medium|medium|medium|medium|medium|medium|medium|medium|medium|medium|medium|medium|medium|medium|medium|medium|medium|medium|medium|medium|medium|medium|medium|medium|medium|medium|medium|medium|medium|medium,high|low|low|low|high|high|low|low|low|medium|high|high|high|high|high|high|high|high|high|low|low|high|high|high|high|high|high|high|high|high|low|high|medium|low|high|medium|high|high|high|high|high|high|medium|low|low|high|high|high|high|high|high|medium|high|high|high|high|high|high|high|high|high|high|high|medium|medium|high|medium|high|high|high|medium|low|high|high,
STEW,eegnet,full,loso,34,42,-0.06000000000000005,0.28378378378378377,3256,74,14,low|low|low|low|low|low|low|low|low|low|low|low|low|low|low|low|low|low|low|low|low|low|low|low|low|low|low|low|low|low|low|low|low|low|low|low|low|high|high|high|high|high|high|high|high|high|high|high|high|high|high|high|high|high|high|high|high|high|high|high|high|high|high|high|high|high|high|high|high|high|high|high|high|high,low|low|low|low|low|low|low|high|medium|high|high|high|high|high|high|low|high|medium|medium|medium|high|high|high|high|high|high|medium|low|high|medium|low|low|high|high|high|high|high|low|medium|high|medium|high|low|medium|medium|high|medium|medium|high|high|medium|medium|high|medium|low|medium|low|medium|low|medium|low|low|high|medium|medium|medium|medium|medium|medium|high|high|medium|medium|high,
STEW,eegnet,full,loso,35,42,0.8461538461538461,0.918918918918919,3256,74,14,low|low|low|low|low|low|low|low|low|low|low|low|low|low|low|low|low|low|low|low|low|low|low|low|low|low|low|low|low|low|low|low|low|low|low|low|low|medium|medium|medium|medium|medium|medium|medium|medium|medium|medium|medium|medium|medium|medium|medium|medium|medium|medium|medium|medium|medium|medium|medium|medium|medium|medium|medium|medium|medium|medium|medium|medium|medium|medium|medium|medium|medium,low|low|low|low|low|low|low|low|low|low|low|low|low|low|low|low|low|low|low|low|low|low|low|low|low|low|medium|low|low|low|low|low|low|low|medium|low|low|medium|medium|medium|high|medium|medium|medium|medium|medium|medium|medium|medium|medium|medium|medium|medium|medium|medium|medium|medium|high|medium|medium|medium|medium|medium|medium|medium|medium|medium|high|medium|high|medium|medium|medium|medium,
STEW,eegnet,full,loso,36,42,0.717948717948718,0.8513513513513513,3256,74,14,low|low|low|low|low|low|low|low|low|low|low|low|low|low|low|low|low|low|low|low|low|low|low|low|low|low|low|low|low|low|low|low|low|low|low|low|low|high|high|high|high|high|high|high|high|high|high|high|high|high|high|high|high|high|high|high|high|high|high|high|high|high|high|high|high|high|high|high|high|high|high|high|high|high,low|low|low|low|low|low|low|low|low|low|low|low|low|low|low|low|low|high|low|low|high|low|high|low|low|low|low|high|high|high|high|low|low|low|low|low|low|high|high|high|high|high|high|high|high|high|high|high|high|medium|high|high|high|high|high|high|high|high|high|high|high|medium|medium|high|high|high|high|high|high|high|high|high|medium|high,
STEW,eegnet,full,loso,37,42,0.6,0.7972972972972973,3256,74,14,low|low|low|low|low|low|low|low|low|low|low|low|low|low|low|low|low|low|low|low|low|low|low|low|low|low|low|low|low|low|low|low|low|low|low|low|low|high|high|high|high|high|high|high|high|high|high|high|high|high|high|high|high|high|high|high|high|high|high|high|high|high|high|high|high|high|high|high|high|high|high|high|high|high,low|low|low|low|low|low|low|low|low|high|high|low|low|low|low|low|low|high|low|low|low|low|high|high|high|high|high|high|high|high|low|low|medium|high|high|low|low|high|high|high|high|high|high|low|high|high|high|high|high|high|high|high|high|high|high|high|high|high|high|high|high|high|high|high|high|high|high|high|high|high|high|high|high|high,
STEW,eegnet,full,loso,38,42,0.3783783783783784,0.6891891891891891,3256,74,14,low|low|low|low|low|low|low|low|low|low|low|low|low|low|low|low|low|low|low|low|low|low|low|low|low|low|low|low|low|low|low|low|low|low|low|low|low|medium|medium|medium|medium|medium|medium|medium|medium|medium|medium|medium|medium|medium|medium|medium|medium|medium|medium|medium|medium|medium|medium|medium|medium|medium|medium|medium|medium|medium|medium|medium|medium|medium|medium|medium|medium|medium,low|low|low|low|low|low|low|low|low|low|low|low|low|low|low|low|low|low|low|low|low|low|low|low|low|low|medium|low|low|low|low|low|low|low|low|low|low|low|low|low|low|medium|medium|medium|medium|low|low|low|low|medium|medium|medium|medium|low|low|medium|low|low|low|low|medium|low|low|medium|medium|low|medium|low|low|medium|low|medium|low|low,
STEW,eegnet,full,loso,39,42,-0.08771929824561409,0.16216216216216217,3256,74,14,low|low|low|low|low|low|low|low|low|low|low|low|low|low|low|low|low|low|low|low|low|low|low|low|low|low|low|low|low|low|low|low|low|low|low|low|low|high|high|high|high|high|high|high|high|high|high|high|high|high|high|high|high|high|high|high|high|high|high|high|high|high|high|high|high|high|high|high|high|high|high|high|high|high,low|medium|low|medium|medium|medium|medium|medium|medium|medium|medium|medium|low|low|medium|low|low|low|low|medium|medium|medium|low|medium|medium|medium|medium|medium|medium|medium|medium|medium|medium|medium|low|low|low|low|low|medium|medium|low|low|low|low|medium|medium|low|medium|low|low|medium|low|low|low|low|medium|medium|medium|low|medium|medium|low|medium|low|low|low|low|low|low|medium|medium|low|medium,
STEW,eegnet,full,loso,40,42,0.28395061728395066,0.6081081081081081,3256,74,14,low|low|low|low|low|low|low|low|low|low|low|low|low|low|low|low|low|low|low|low|low|low|low|low|low|low|low|low|low|low|low|low|low|low|low|low|low|medium|medium|medium|medium|medium|medium|medium|medium|medium|medium|medium|medium|medium|medium|medium|medium|medium|medium|medium|medium|medium|medium|medium|medium|medium|medium|medium|medium|medium|medium|medium|medium|medium|medium|medium|medium|medium,low|medium|medium|low|medium|medium|low|high|medium|medium|medium|medium|low|medium|medium|low|low|low|medium|low|medium|high|medium|low|medium|high|medium|low|low|low|low|medium|medium|low|medium|medium|medium|medium|medium|medium|medium|medium|medium|medium|medium|medium|medium|medium|medium|medium|medium|medium|medium|medium|medium|medium|high|high|medium|low|medium|medium|high|medium|low|medium|medium|medium|medium|medium|medium|medium|high|medium,
STEW,eegnet,full,loso,41,42,-0.3999999999999999,0.14864864864864866,3256,74,14,low|low|low|low|low|low|low|low|low|low|low|low|low|low|low|low|low|low|low|low|low|low|low|low|low|low|low|low|low|low|low|low|low|low|low|low|low|medium|medium|medium|medium|medium|medium|medium|medium|medium|medium|medium|medium|medium|medium|medium|medium|medium|medium|medium|medium|medium|medium|medium|medium|medium|medium|medium|medium|medium|medium|medium|medium|medium|medium|medium|medium|medium,low|medium|medium|medium|medium|medium|medium|medium|medium|medium|medium|medium|medium|medium|medium|medium|medium|medium|high|medium|medium|medium|medium|medium|medium|high|medium|medium|medium|medium|medium|medium|medium|medium|medium|medium|medium|low|low|medium|medium|high|high|high|high|medium|medium|low|low|medium|medium|low|high|medium|high|low|low|medium|medium|low|low|high|low|high|high|low|medium|high|low|high|high|high|high|low,
STEW,eegnet,full,loso,43,42,0.2222222222222222,0.43243243243243246,3256,74,14,low|low|low|low|low|low|low|low|low|low|low|low|low|low|low|low|low|low|low|low|low|low|low|low|low|low|low|low|low|low|low|low|low|low|low|low|low|high|high|high|high|high|high|high|high|high|high|high|high|high|high|high|high|high|high|high|high|high|high|high|high|high|high|high|high|high|high|high|high|high|high|high|high|high,high|high|medium|high|high|high|medium|low|low|low|low|low|low|low|low|low|low|low|low|low|low|low|low|low|medium|low|medium|low|low|medium|low|low|low|low|low|low|low|medium|medium|medium|medium|medium|high|medium|medium|medium|medium|medium|medium|low|medium|medium|low|medium|high|medium|medium|medium|medium|medium|medium|medium|medium|medium|medium|medium|medium|high|medium|high|medium|medium|high|low,
STEW,eegnet,full,loso,44,42,0.18584070796460173,0.3783783783783784,3256,74,14,low|low|low|low|low|low|low|low|low|low|low|low|low|low|low|low|low|low|low|low|low|low|low|low|low|low|low|low|low|low|low|low|low|low|low|low|low|high|high|high|high|high|high|high|high|high|high|high|high|high|high|high|high|high|high|high|high|high|high|high|high|high|high|high|high|high|high|high|high|high|high|high|high|high,medium|low|low|low|low|medium|medium|low|medium|medium|medium|medium|low|low|low|low|low|low|low|low|low|low|low|low|low|low|low|low|low|low|low|low|low|low|medium|medium|low|medium|low|medium|medium|medium|medium|medium|medium|medium|medium|low|medium|low|medium|medium|medium|medium|medium|medium|medium|low|low|medium|medium|medium|medium|medium|medium|medium|medium|medium|low|low|medium|medium|medium|medium,
STEW,eegnet,full,loso,45,42,0.8181818181818181,0.9054054054054054,3256,74,14,low|low|low|low|low|low|low|low|low|low|low|low|low|low|low|low|low|low|low|low|low|low|low|low|low|low|low|low|low|low|low|low|low|low|low|low|low|high|high|high|high|high|high|high|high|high|high|high|high|high|high|high|high|high|high|high|high|high|high|high|high|high|high|high|high|high|high|high|high|high|high|high|high|high,low|low|low|low|low|low|low|low|low|low|low|low|low|low|low|low|low|low|low|low|low|low|low|low|low|low|low|low|low|low|low|low|low|low|low|low|low|high|high|low|high|high|high|high|high|high|high|high|low|high|high|low|medium|high|high|high|high|high|medium|high|high|high|high|high|high|high|high|high|high|medium|high|high|low|high,
STEW,eegnet,full,loso,46,42,0.10679611650485432,0.3783783783783784,3256,74,14,low|low|low|low|low|low|low|low|low|low|low|low|low|low|low|low|low|low|low|low|low|low|low|low|low|low|low|low|low|low|low|low|low|low|low|low|low|high|high|high|high|high|high|high|high|high|high|high|high|high|high|high|high|high|high|high|high|high|high|high|high|high|high|high|high|high|high|high|high|high|high|high|high|high,low|low|low|low|low|low|low|low|low|low|low|low|low|low|medium|low|low|medium|low|low|medium|low|medium|low|low|low|low|medium|medium|low|medium|medium|medium|medium|low|low|low|low|medium|low|medium|low|low|low|medium|low|low|medium|medium|low|medium|medium|low|low|medium|high|medium|low|medium|medium|low|low|low|medium|medium|low|medium|medium|low|medium|medium|low|medium|medium,
STEW,eegnet,full,loso,47,42,0.5,0.7432432432432432,3256,74,14,low|low|low|low|low|low|low|low|low|low|low|low|low|low|low|low|low|low|low|low|low|low|low|low|low|low|low|low|low|low|low|low|low|low|low|low|low|high|high|high|high|high|high|high|high|high|high|high|high|high|high|high|high|high|high|high|high|high|high|high|high|high|high|high|high|high|high|high|high|high|high|high|high|high,low|low|low|low|low|low|low|low|low|low|low|low|low|low|low|low|low|low|medium|low|low|low|low|low|low|low|low|low|low|low|low|low|low|low|low|low|low|low|high|high|high|high|high|high|low|low|high|low|low|high|high|high|high|low|low|medium|high|low|high|high|low|low|low|high|low|high|high|high|high|low|low|low|low|low,
STEW,eegnet,full,loso,48,42,0.4320987654320988,0.6891891891891891,3256,74,14,low|low|low|low|low|low|low|low|low|low|low|low|low|low|low|low|low|low|low|low|low|low|low|low|low|low|low|low|low|low|low|low|low|low|low|low|low|high|high|high|high|high|high|high|high|high|high|high|high|high|high|high|high|high|high|high|high|high|high|high|high|high|high|high|high|high|high|high|high|high|high|high|high|high,low|low|medium|low|low|high|medium|high|high|high|high|high|high|medium|low|high|low|low|high|high|low|low|low|medium|low|low|low|medium|low|low|low|medium|low|low|low|low|low|high|high|high|high|low|low|high|low|medium|low|high|low|high|high|high|high|high|high|high|high|high|high|high|high|high|low|high|high|high|high|high|high|high|high|high|high|high,
