dataset,montage,feature_family,classifier,subject,fold,seed,kappa,accuracy,n_train,n_test,n_channels,error
UAB,full,fbcsp,lda,1,0,42,0.9921441204294,0.9947643979057592,760,191,14,
UAB,full,fbcsp,svm,1,0,42,0.9685700181010368,0.9790575916230366,760,191,14,
UAB,full,fbcsp,decision_tree,1,0,42,0.9214476660497636,0.9476439790575916,760,191,14,
UAB,full,fbcsp,random_forest,1,0,42,0.984287594603488,0.9895287958115184,760,191,14,
UAB,full,bandpower,lda,1,0,42,1.0,1.0,760,191,14,
UAB,full,bandpower,svm,1,0,42,1.0,1.0,760,191,14,
UAB,full,bandpower,decision_tree,1,0,42,0.9921441204294,0.9947643979057592,760,191,14,
UAB,full,bandpower,random_forest,1,0,42,1.0,1.0,760,191,14,
UAB,full,fbcsp,lda,1,1,42,0.9447307180851064,0.963157894736842,761,190,14,
UAB,full,fbcsp,svm,1,1,42,0.9763052876621218,0.9842105263157894,761,190,14,
UAB,full,fbcsp,decision_tree,1,1,42,0.928939494680851,0.9526315789473684,761,190,14,
UAB,full,fbcsp,random_forest,1,1,42,0.9684175531914894,0.9789473684210528,761,190,14,
UAB,full,bandpower,lda,1,1,42,0.9921030756442228,0.9947368421052633,761,190,14,
UAB,full,bandpower,svm,1,1,42,1.0,1.0,761,190,14,
UAB,full,bandpower,decision_tree,1,1,42,0.9763092269326684,0.9842105263157894,761,190,14,
UAB,full,bandpower,random_forest,1,1,42,1.0,1.0,761,190,14,
UAB,full,fbcsp,lda,1,2,42,0.9763052876621218,0.9842105263157894,761,190,14,
UAB,full,fbcsp,svm,1,2,42,0.9763052876621218,0.9842105263157894,761,190,14,
UAB,full,fbcsp,decision_tree,1,2,42,0.944712337878284,0.963157894736842,761,190,14,
UAB,full,fbcsp,random_forest,1,2,42,0.9763052876621218,0.9842105263157894,761,190,14,
UAB,full,bandpower,lda,1,2,42,1.0,1.0,761,190,14,
UAB,full,bandpower,svm,1,2,42,1.0,1.0,761,190,14,
UAB,full,bandpower,decision_tree,1,2,42,0.9684017961084316,0.9789473684210528,761,190,14,
UAB,full,bandpower,random_forest,1,2,42,0.9921017625540406,0.9947368421052633,761,190,14,
UAB,full,fbcsp,lda,1,3,42,0.9842087765957448,0.9894736842105264,761,190,14,
UAB,full,fbcsp,svm,1,3,42,0.9763121805261188,0.9842105263157894,761,190,14,
UAB,full,fbcsp,decision_tree,1,3,42,0.9605137370630532,0.9736842105263158,761,190,14,
UAB,full,fbcsp,random_forest,1,3,42,0.976314149179306,0.9842105263157894,761,190,14,
UAB,full,bandpower,lda,1,3,42,1.0,1.0,761,190,14,
UAB,full,bandpower,svm,1,3,42,1.0,1.0,761,190,14,
UAB,full,bandpower,decision_tree,1,3,42,0.9921034038485516,0.9947368421052633,761,190,14,
UAB,full,bandpower,random_forest,1,3,42,1.0,1.0,761,190,14,
UAB,full,fbcsp,lda,1,4,42,0.976314149179306,0.9842105263157894,761,190,14,
UAB,full,fbcsp,svm,1,4,42,0.976314149179306,0.9842105263157894,761,190,14,
UAB,full,fbcsp,decision_tree,1,4,42,0.8894338681519661,0.9263157894736842,761,190,14,
UAB,full,fbcsp,random_forest,1,4,42,0.9605203008768648,0.9736842105263158,761,190,14,
UAB,full,bandpower,lda,1,4,42,1.0,1.0,761,190,14,
UAB,full,bandpower,svm,1,4,42,1.0,1.0,761,190,14,
UAB,full,bandpower,decision_tree,1,4,42,0.9684123025768911,0.9789473684210528,761,190,14,
UAB,full,bandpower,random_forest,1,4,42,0.9921034038485516,0.9947368421052633,761,190,14,
UAB,full,fbcsp,lda,2,0,42,0.8085539714867617,0.8723404255319149,751,188,14,
UAB,full,fbcsp,svm,2,0,42,0.8643578643578643,0.9095744680851064,751,188,14,
UAB,full,fbcsp,decision_tree,2,0,42,0.7606721547992871,0.8404255319148937,751,188,14,
UAB,full,fbcsp,random_forest,2,0,42,0.8563850103976574,0.9042553191489362,751,188,14,
UAB,full,bandpower,lda,2,0,42,0.9601103331211542,0.973404255319149,751,188,14,
UAB,full,bandpower,svm,2,0,42,0.9601069473326826,0.973404255319149,751,188,14,
UAB,full,bandpower,decision_tree,2,0,42,0.9122427328665392,0.9414893617021276,751,188,14,
UAB,full,bandpower,random_forest,2,0,42,0.9680869122390088,0.9787234042553192,751,188,14,
UAB,full,fbcsp,lda,2,1,42,0.8803360773996436,0.9202127659574468,751,188,14,
UAB,full,fbcsp,svm,2,1,42,0.944140243643618,0.9627659574468084,751,188,14,
UAB,full,fbcsp,decision_tree,2,1,42,0.7686104744928275,0.8457446808510638,751,188,14,
UAB,full,fbcsp,random_forest,2,1,42,0.9122278341326768,0.9414893617021276,751,188,14,
UAB,full,bandpower,lda,2,1,42,0.9601069473326826,0.973404255319149,751,188,14,
UAB,full,bandpower,svm,2,1,42,0.9840421016891604,0.9893617021276596,751,188,14,
UAB,full,bandpower,decision_tree,2,1,42,0.864380887719596,0.9095744680851064,751,188,14,
UAB,full,bandpower,random_forest,2,1,42,0.9601069473326826,0.973404255319149,751,188,14,
UAB,full,fbcsp,lda,2,2,42,0.8564093860058557,0.9042553191489362,751,188,14,
UAB,full,fbcsp,svm,2,2,42,0.8723530659876936,0.9148936170212766,751,188,14,
UAB,full,fbcsp,decision_tree,2,2,42,0.7286581483210934,0.8191489361702128,751,188,14,
UAB,full,fbcsp,random_forest,2,2,42,0.8324349560714741,0.8882978723404256,751,188,14,
UAB,full,bandpower,lda,2,2,42,0.9281894576012224,0.952127659574468,751,188,14,
UAB,full,bandpower,svm,2,2,42,0.9281925051988288,0.952127659574468,751,188,14,
UAB,full,bandpower,decision_tree,2,2,42,0.888289970714316,0.925531914893617,751,188,14,
UAB,full,bandpower,random_forest,2,2,42,0.9601103331211542,0.973404255319149,751,188,14,
UAB,full,fbcsp,lda,2,3,42,0.8962516449463005,0.9308510638297872,751,188,14,
UAB,full,fbcsp,svm,2,3,42,0.9201834083382864,0.946808510638298,751,188,14,
UAB,full,fbcsp,decision_tree,2,3,42,0.784486052732136,0.8563829787234043,751,188,14,
UAB,full,fbcsp,random_forest,2,3,42,0.8962384308397724,0.9308510638297872,751,188,14,
UAB,full,bandpower,lda,2,3,42,0.9601069473326826,0.973404255319149,751,188,14,
UAB,full,bandpower,svm,2,3,42,0.9840414243877594,0.9893617021276596,751,188,14,
UAB,full,bandpower,decision_tree,2,3,42,0.8962516449463005,0.9308510638297872,751,188,14,
UAB,full,bandpower,random_forest,2,3,42,0.944135501124931,0.9627659574468084,751,188,14,
UAB,full,fbcsp,lda,2,4,42,0.8155897611799512,0.8770053475935828,752,187,14,
UAB,full,fbcsp,svm,2,4,42,0.8716650939349747,0.9144385026737968,752,187,14,
UAB,full,fbcsp,decision_tree,2,4,42,0.6711418032083727,0.7807486631016043,752,187,14,
UAB,full,fbcsp,random_forest,2,4,42,0.7994595058339052,0.8663101604278075,752,187,14,
UAB,full,bandpower,lda,2,4,42,0.9438534785965514,0.962566844919786,752,187,14,
UAB,full,bandpower,svm,2,4,42,0.9679162734837436,0.9786096256684492,752,187,14,
UAB,full,bandpower,decision_tree,2,4,42,0.8877310347785068,0.9251336898395722,752,187,14,
UAB,full,bandpower,random_forest,2,4,42,0.9438438438438438,0.962566844919786,752,187,14,
UAB,full,fbcsp,lda,3,0,42,0.9603041250105016,0.9735449735449736,753,189,14,
UAB,full,fbcsp,svm,3,0,42,0.9920624921254882,0.9947089947089948,753,189,14,
UAB,full,fbcsp,decision_tree,3,0,42,0.8571788413098237,0.9047619047619048,753,189,14,
UAB,full,fbcsp,random_forest,3,0,42,0.9444374448784176,0.9629629629629628,753,189,14,
UAB,full,bandpower,lda,3,0,42,0.9920621587568248,0.9947089947089948,753,189,14,
UAB,full,bandpower,svm,3,0,42,0.9761834754483976,0.984126984126984,753,189,14,
UAB,full,bandpower,decision_tree,3,0,42,0.8889168765743073,0.925925925925926,753,189,14,
UAB,full,bandpower,random_forest,3,0,42,0.944442111451728,0.9629629629629628,753,189,14,
UAB,full,fbcsp,lda,3,1,42,0.9841269841269842,0.9894179894179894,753,189,14,
UAB,full,fbcsp,svm,3,1,42,0.9841269841269842,0.9894179894179894,753,189,14,
UAB,full,fbcsp,decision_tree,3,1,42,0.9365079365079364,0.9576719576719576,753,189,14,
UAB,full,fbcsp,random_forest,3,1,42,0.9603174603174603,0.9735449735449736,753,189,14,
UAB,full,bandpower,lda,3,1,42,0.992063492063492,0.9947089947089948,753,189,14,
UAB,full,bandpower,svm,3,1,42,0.992063492063492,0.9947089947089948,753,189,14,
UAB,full,bandpower,decision_tree,3,1,42,0.9603174603174603,0.9735449735449736,753,189,14,
UAB,full,bandpower,random_forest,3,1,42,0.9841269841269842,0.9894179894179894,753,189,14,
UAB,full,fbcsp,lda,3,2,42,0.984042778933073,0.9893617021276596,754,188,14,
UAB,full,fbcsp,svm,3,2,42,0.9840434561195044,0.9893617021276596,754,188,14,
UAB,full,fbcsp,decision_tree,3,2,42,0.93616298811545,0.9574468085106383,754,188,14,
UAB,full,fbcsp,random_forest,3,2,42,0.9840434561195044,0.9893617021276596,754,188,14,
UAB,full,bandpower,lda,3,2,42,0.9920213894665364,0.9946808510638298,754,188,14,
UAB,full,bandpower,svm,3,2,42,0.9920210508445804,0.9946808510638298,754,188,14,
UAB,full,bandpower,decision_tree,3,2,42,0.9281955525377694,0.952127659574468,754,188,14,
UAB,full,bandpower,random_forest,3,2,42,0.9601069473326826,0.973404255319149,754,188,14,
UAB,full,fbcsp,lda,3,3,42,0.9920210508445804,0.9946808510638298,754,188,14,
UAB,full,fbcsp,svm,3,3,42,0.9920213894665364,0.9946808510638298,754,188,14,
UAB,full,fbcsp,decision_tree,3,3,42,0.9760621365816392,0.9840425531914894,754,188,14,
UAB,full,fbcsp,random_forest,3,3,42,0.9920210508445804,0.9946808510638298,754,188,14,
UAB,full,bandpower,lda,3,3,42,0.9920210508445804,0.9946808510638298,754,188,14,
UAB,full,bandpower,svm,3,3,42,1.0,1.0,754,188,14,
UAB,full,bandpower,decision_tree,3,3,42,0.9281864097449174,0.952127659574468,754,188,14,
UAB,full,bandpower,random_forest,3,3,42,0.9760641683996096,0.9840425531914894,754,188,14,
UAB,full,fbcsp,lda,3,4,42,0.9920213894665364,0.9946808510638298,754,188,14,
UAB,full,fbcsp,svm,3,4,42,0.9760651841792564,0.9840425531914894,754,188,14,
UAB,full,fbcsp,decision_tree,3,4,42,0.8962780630649747,0.9308510638297872,754,188,14,
UAB,full,fbcsp,random_forest,3,4,42,1.0,1.0,754,188,14,
UAB,full,bandpower,lda,3,4,42,0.9441378724849308,0.9627659574468084,754,188,14,
UAB,full,bandpower,svm,3,4,42,0.9680814940577248,0.9787234042553192,754,188,14,
UAB,full,bandpower,decision_tree,3,4,42,0.8962736609795433,0.9308510638297872,754,188,14,
UAB,full,bandpower,random_forest,3,4,42,0.9521263050674816,0.9680851063829788,754,188,14,
UAB,full,fbcsp,lda,4,0,42,0.984533205772144,0.9896907216494846,775,194,14,
UAB,full,fbcsp,svm,4,0,42,0.984533205772144,0.9896907216494846,775,194,14,
UAB,full,fbcsp,decision_tree,4,0,42,0.9458791646739996,0.963917525773196,775,194,14,
UAB,full,fbcsp,random_forest,4,0,42,0.9922672193877552,0.9948453608247424,775,194,14,
UAB,full,bandpower,lda,4,0,42,0.992267835791152,0.9948453608247424,775,194,14,
UAB,full,bandpower,svm,4,0,42,0.97680720490954,0.9845360824742267,775,194,14,
UAB,full,bandpower,decision_tree,4,0,42,0.914919065465274,0.9432989690721648,775,194,14,
UAB,full,bandpower,random_forest,4,0,42,0.9768016581632653,0.9845360824742267,775,194,14,
UAB,full,fbcsp,lda,4,1,42,1.0,1.0,775,194,14,
UAB,full,fbcsp,svm,4,1,42,0.992267835791152,0.9948453608247424,775,194,14,
UAB,full,fbcsp,decision_tree,4,1,42,0.9381476167702854,0.9587628865979382,775,194,14,
UAB,full,fbcsp,random_forest,4,1,42,1.0,1.0,775,194,14,
UAB,full,bandpower,lda,4,1,42,0.9845344387755102,0.9896907216494846,775,194,14,
UAB,full,bandpower,svm,4,1,42,0.976805356288857,0.9845360824742267,775,194,14,
UAB,full,bandpower,decision_tree,4,1,42,0.8839805438162825,0.922680412371134,775,194,14,
UAB,full,bandpower,random_forest,4,1,42,0.9613391789557592,0.9742268041237112,775,194,14,
UAB,full,fbcsp,lda,4,2,42,0.9845344387755102,0.9896907216494846,775,194,14,
UAB,full,fbcsp,svm,4,2,42,0.9845344387755102,0.9896907216494846,775,194,14,
UAB,full,fbcsp,decision_tree,4,2,42,0.907199234632863,0.9381443298969072,775,194,14,
UAB,full,fbcsp,random_forest,4,2,42,0.969063945144315,0.979381443298969,775,194,14,
UAB,full,bandpower,lda,4,2,42,0.9613268479387608,0.9742268041237112,775,194,14,
UAB,full,bandpower,svm,4,2,42,0.9535885167464117,0.9690721649484536,775,194,14,
UAB,full,bandpower,decision_tree,4,2,42,0.9071696307520536,0.9381443298969072,775,194,14,
UAB,full,bandpower,random_forest,4,2,42,0.938103214485124,0.9587628865979382,775,194,14,
UAB,full,fbcsp,lda,4,3,42,0.9845307391755044,0.9896907216494846,775,194,14,
UAB,full,fbcsp,svm,4,3,42,1.0,1.0,775,194,14,
UAB,full,fbcsp,decision_tree,4,3,42,0.9226475279106858,0.9484536082474226,775,194,14,
UAB,full,fbcsp,random_forest,4,3,42,0.9922656779492086,0.9948453608247424,775,194,14,
UAB,full,bandpower,lda,4,3,42,0.9767970338476258,0.9845360824742267,775,194,14,
UAB,full,bandpower,svm,4,3,42,0.9845288887116712,0.9896907216494846,775,194,14,
UAB,full,bandpower,decision_tree,4,3,42,0.8840314031801698,0.922680412371134,775,194,14,
UAB,full,bandpower,random_forest,4,3,42,0.9767951836051194,0.9845360824742267,775,194,14,
UAB,full,fbcsp,lda,4,4,42,1.0,1.0,776,193,14,
UAB,full,fbcsp,svm,4,4,42,1.0,1.0,776,193,14,
UAB,full,fbcsp,decision_tree,4,4,42,0.9533572320457566,0.9689119170984456,776,193,14,
UAB,full,fbcsp,random_forest,4,4,42,1.0,1.0,776,193,14,
UAB,full,bandpower,lda,4,4,42,0.9766842507953128,0.9844559585492229,776,193,14,
UAB,full,bandpower,svm,4,4,42,0.99222589220978,0.9948186528497408,776,193,14,
UAB,full,bandpower,decision_tree,4,4,42,0.8911493373081416,0.927461139896373,776,193,14,
UAB,full,bandpower,random_forest,4,4,42,0.968909830453868,0.9792746113989638,776,193,14,
UAB,full,fbcsp,lda,5,0,42,0.897936534034857,0.9319371727748692,764,191,14,
UAB,full,fbcsp,svm,5,0,42,0.937181384640684,0.9581151832460733,764,191,14,
UAB,full,fbcsp,decision_tree,5,0,42,0.8979029605263158,0.9319371727748692,764,191,14,
UAB,full,fbcsp,random_forest,5,0,42,0.9214573566905172,0.9476439790575916,764,191,14,
UAB,full,bandpower,lda,5,0,42,0.9292825407273326,0.9528795811518324,764,191,14,
UAB,full,bandpower,svm,5,0,42,0.9685829426762068,0.9790575916230366,764,191,14,
UAB,full,bandpower,decision_tree,5,0,42,0.8585999835485728,0.9057591623036648,764,191,14,
UAB,full,bandpower,random_forest,5,0,42,0.9214573566905172,0.9476439790575916,764,191,14,
UAB,full,fbcsp,lda,5,1,42,0.9293348680424236,0.9528795811518324,764,191,14,
UAB,full,fbcsp,svm,5,1,42,0.945038230699663,0.9633507853403142,764,191,14,
UAB,full,fbcsp,decision_tree,5,1,42,0.8979113559740153,0.9319371727748692,764,191,14,
UAB,full,fbcsp,random_forest,5,1,42,0.9293348680424236,0.9528795811518324,764,191,14,
UAB,full,bandpower,lda,5,1,42,0.9685932746855216,0.9790575916230366,764,191,14,
UAB,full,bandpower,svm,5,1,42,0.9685881095304664,0.9790575916230366,764,191,14,
UAB,full,bandpower,decision_tree,5,1,42,0.8429147133810346,0.8952879581151832,764,191,14,
UAB,full,bandpower,random_forest,5,1,42,0.929323246443549,0.9528795811518324,764,191,14,
UAB,full,fbcsp,lda,5,2,42,0.9450608152531228,0.9633507853403142,764,191,14,
UAB,full,fbcsp,svm,5,2,42,0.9529034644310196,0.9685863874345548,764,191,14,
UAB,full,fbcsp,decision_tree,5,2,42,0.8587045865526878,0.9057591623036648,764,191,14,
UAB,full,fbcsp,random_forest,5,2,42,0.9528937849391648,0.9685863874345548,764,191,14,
UAB,full,bandpower,lda,5,2,42,0.960741593356902,0.9738219895287958,764,191,14,
UAB,full,bandpower,svm,5,2,42,0.9528879753340184,0.9685863874345548,764,191,14,
UAB,full,bandpower,decision_tree,5,2,42,0.8273339907955293,0.8848167539267016,764,191,14,
UAB,full,bandpower,random_forest,5,2,42,0.8979575062672092,0.9319371727748692,764,191,14,
UAB,full,fbcsp,lda,5,3,42,0.9450088430057992,0.9633507853403142,764,191,14,
UAB,full,fbcsp,svm,5,3,42,0.945015627570324,0.9633507853403142,764,191,14,
UAB,full,fbcsp,decision_tree,5,3,42,0.8585534435941743,0.9057591623036648,764,191,14,
UAB,full,fbcsp,random_forest,5,3,42,0.9136208526908688,0.9424083769633508,764,191,14,
UAB,full,bandpower,lda,5,3,42,0.9528336831707618,0.9685863874345548,764,191,14,
UAB,full,bandpower,svm,5,3,42,0.9450088430057992,0.9633507853403142,764,191,14,
UAB,full,bandpower,decision_tree,5,3,42,0.8664225769294059,0.9109947643979056,764,191,14,
UAB,full,bandpower,random_forest,5,3,42,0.9214121132323896,0.9476439790575916,764,191,14,
UAB,full,fbcsp,lda,5,4,42,0.9528879753340184,0.9685863874345548,764,191,14,
UAB,full,fbcsp,svm,5,4,42,0.9842908253485216,0.9895287958115184,764,191,14,
UAB,full,fbcsp,decision_tree,5,4,42,0.913574660633484,0.9424083769633508,764,191,14,
UAB,full,fbcsp,random_forest,5,4,42,0.960743207136104,0.9738219895287958,764,191,14,
UAB,full,bandpower,lda,5,4,42,0.9764381759118383,0.9842931937172776,764,191,14,
UAB,full,bandpower,svm,5,4,42,0.976431391905232,0.9842931937172776,764,191,14,
UAB,full,bandpower,decision_tree,5,4,42,0.8820842079269046,0.9214659685863874,764,191,14,
UAB,full,bandpower,random_forest,5,4,42,0.9450111047133338,0.9633507853403142,764,191,14,
UAB,full,fbcsp,lda,6,0,42,0.9918613809398792,0.9946236559139784,743,186,14,
UAB,full,fbcsp,svm,6,0,42,1.0,1.0,743,186,14,
UAB,full,fbcsp,decision_tree,6,0,42,0.9593655787128064,0.9731182795698924,743,186,14,
UAB,full,fbcsp,random_forest,6,0,42,1.0,1.0,743,186,14,
UAB,full,bandpower,lda,6,0,42,0.9673340358271864,0.978494623655914,743,186,14,
UAB,full,bandpower,svm,6,0,42,1.0,1.0,743,186,14,
UAB,full,bandpower,decision_tree,6,0,42,0.926317179453321,0.9516129032258064,743,186,14,
UAB,full,bandpower,random_forest,6,0,42,1.0,1.0,743,186,14,
UAB,full,fbcsp,lda,6,1,42,0.9918528252299604,0.9946236559139784,743,186,14,
UAB,full,fbcsp,svm,6,1,42,0.9918528252299604,0.9946236559139784,743,186,14,
UAB,full,fbcsp,decision_tree,6,1,42,0.9674284213291304,0.978494623655914,743,186,14,
UAB,full,fbcsp,random_forest,6,1,42,0.9918528252299604,0.9946236559139784,743,186,14,
UAB,full,bandpower,lda,6,1,42,1.0,1.0,743,186,14,
UAB,full,bandpower,svm,6,1,42,1.0,1.0,743,186,14,
UAB,full,bandpower,decision_tree,6,1,42,0.9267812623015352,0.9516129032258064,743,186,14,
UAB,full,bandpower,random_forest,6,1,42,0.9918645847001706,0.9946236559139784,743,186,14,
UAB,full,fbcsp,lda,6,2,42,0.9591621657225662,0.9731182795698924,743,186,14,
UAB,full,fbcsp,svm,6,2,42,0.9429547844374344,0.9623655913978496,743,186,14,
UAB,full,fbcsp,decision_tree,6,2,42,0.8936675461741425,0.9301075268817204,743,186,14,
UAB,full,fbcsp,random_forest,6,2,42,0.9511297950604308,0.967741935483871,743,186,14,
UAB,full,bandpower,lda,6,2,42,0.9918528252299604,0.9946236559139784,743,186,14,
UAB,full,bandpower,svm,6,2,42,0.9755937541005116,0.9838709677419356,743,186,14,
UAB,full,bandpower,decision_tree,6,2,42,0.9104634370487068,0.9408602150537636,743,186,14,
UAB,full,bandpower,random_forest,6,2,42,0.9918528252299604,0.9946236559139784,743,186,14,
UAB,full,fbcsp,lda,6,3,42,0.9918528252299604,0.9946236559139784,743,186,14,
UAB,full,fbcsp,svm,6,3,42,0.9918528252299604,0.9946236559139784,743,186,14,
UAB,full,fbcsp,decision_tree,6,3,42,0.9265402843601896,0.9516129032258064,743,186,14,
UAB,full,fbcsp,random_forest,6,3,42,0.9673941625032868,0.978494623655914,743,186,14,
UAB,full,bandpower,lda,6,3,42,0.99184961219929,0.9946236559139784,743,186,14,
UAB,full,bandpower,svm,6,3,42,0.9918613809398792,0.9946236559139784,743,186,14,
UAB,full,bandpower,decision_tree,6,3,42,0.8694565074351889,0.913978494623656,743,186,14,
UAB,full,bandpower,random_forest,6,3,42,0.99184961219929,0.9946236559139784,743,186,14,
UAB,full,fbcsp,lda,6,4,42,0.967137401190159,0.9783783783783784,744,185,14,
UAB,full,fbcsp,svm,6,4,42,0.9836196210377192,0.9891891891891892,744,185,14,
UAB,full,fbcsp,decision_tree,6,4,42,0.8935275367451745,0.9297297297297298,744,185,14,
UAB,full,fbcsp,random_forest,6,4,42,0.9671578199893484,0.9783783783783784,744,185,14,
UAB,full,bandpower,lda,6,4,42,0.9589217514876988,0.972972972972973,744,185,14,
UAB,full,bandpower,svm,6,4,42,0.97538366007274,0.9837837837837838,744,185,14,
UAB,full,bandpower,decision_tree,6,4,42,0.9341109429258304,0.9567567567567568,744,185,14,
UAB,full,bandpower,random_forest,6,4,42,0.983594200328116,0.9891891891891892,744,185,14,
UAB,full,fbcsp,lda,7,0,42,0.8216711212373483,0.8810810810810811,736,185,14,
UAB,full,fbcsp,svm,7,0,42,0.8702835356501162,0.9135135135135136,736,185,14,
UAB,full,fbcsp,decision_tree,7,0,42,0.691977391228147,0.7945945945945946,736,185,14,
UAB,full,fbcsp,random_forest,7,0,42,0.8054508807291211,0.8702702702702703,736,185,14,
UAB,full,bandpower,lda,7,0,42,0.9594618283811026,0.972972972972973,736,185,14,
UAB,full,bandpower,svm,7,0,42,0.9513520620589913,0.9675675675675676,736,185,14,
UAB,full,bandpower,decision_tree,7,0,42,0.7081379552127613,0.8054054054054054,736,185,14,
UAB,full,bandpower,random_forest,7,0,42,0.9270280930884868,0.9513513513513514,736,185,14,
UAB,full,fbcsp,lda,7,1,42,0.8695440244604954,0.9130434782608696,737,184,14,
UAB,full,fbcsp,svm,7,1,42,0.8695671436799433,0.9130434782608696,737,184,14,
UAB,full,fbcsp,decision_tree,7,1,42,0.7228301803198796,0.8152173913043478,737,184,14,
UAB,full,fbcsp,random_forest,7,1,42,0.8614150901599398,0.907608695652174,737,184,14,
UAB,full,bandpower,lda,7,1,42,0.910327411279961,0.9402173913043478,737,184,14,
UAB,full,bandpower,svm,7,1,42,0.9347922388588642,0.9565217391304348,737,184,14,
UAB,full,bandpower,decision_tree,7,1,42,0.739157400434147,0.8260869565217391,737,184,14,
UAB,full,bandpower,random_forest,7,1,42,0.9021840251628052,0.9347826086956522,737,184,14,
UAB,full,fbcsp,lda,7,2,42,0.7553083026729908,0.8369565217391305,737,184,14,
UAB,full,fbcsp,svm,7,2,42,0.7553625243751108,0.8369565217391305,737,184,14,
UAB,full,fbcsp,decision_tree,7,2,42,0.6574923547400612,0.7717391304347826,737,184,14,
UAB,full,fbcsp,random_forest,7,2,42,0.7227933356965615,0.8152173913043478,737,184,14,
UAB,full,bandpower,lda,7,2,42,0.9184722406841244,0.9456521739130436,737,184,14,
UAB,full,bandpower,svm,7,2,42,0.9429381534644692,0.9619565217391304,737,184,14,
UAB,full,bandpower,decision_tree,7,2,42,0.5759617089168587,0.717391304347826,737,184,14,
UAB,full,bandpower,random_forest,7,2,42,0.9184686281460476,0.9456521739130436,737,184,14,
UAB,full,fbcsp,lda,7,3,42,0.7879714576962283,0.8586956521739131,737,184,14,
UAB,full,fbcsp,svm,7,3,42,0.8042726708625122,0.8695652173913043,737,184,14,
UAB,full,fbcsp,decision_tree,7,3,42,0.6984408221119773,0.7989130434782609,737,184,14,
UAB,full,fbcsp,random_forest,7,3,42,0.7961535052734202,0.8641304347826086,737,184,14,
UAB,full,bandpower,lda,7,3,42,0.9184686281460476,0.9456521739130436,737,184,14,
UAB,full,bandpower,svm,7,3,42,0.926634768740032,0.9510869565217392,737,184,14,
UAB,full,bandpower,decision_tree,7,3,42,0.7717323881258307,0.8478260869565217,737,184,14,
UAB,full,bandpower,random_forest,7,3,42,0.8858813626899393,0.9239130434782608,737,184,14,
UAB,full,fbcsp,lda,7,4,42,0.8043073650624833,0.8695652173913043,737,184,14,
UAB,full,fbcsp,svm,7,4,42,0.8532240194992244,0.9021739130434784,737,184,14,
UAB,full,fbcsp,decision_tree,7,4,42,0.6981868156226448,0.7989130434782609,737,184,14,
UAB,full,fbcsp,random_forest,7,4,42,0.8777083610261864,0.9184782608695652,737,184,14,
UAB,full,bandpower,lda,7,4,42,0.9755405884438142,0.9836956521739132,737,184,14,
UAB,full,bandpower,svm,7,4,42,0.967391785919986,0.9782608695652174,737,184,14,
UAB,full,bandpower,decision_tree,7,4,42,0.7799140566163115,0.8532608695652174,737,184,14,
UAB,full,bandpower,random_forest,7,4,42,0.9347835718399716,0.9565217391304348,737,184,14,
UAB,full,fbcsp,lda,8,0,42,0.919365327090649,0.946236559139785,744,186,14,
UAB,full,fbcsp,svm,8,0,42,0.9112595419847328,0.9408602150537636,744,186,14,
UAB,full,fbcsp,decision_tree,8,0,42,0.8145241708215911,0.8763440860215054,744,186,14,
UAB,full,fbcsp,random_forest,8,0,42,0.8951567445692235,0.9301075268817204,744,186,14,
UAB,full,bandpower,lda,8,0,42,0.9758064516129032,0.9838709677419356,744,186,14,
UAB,full,bandpower,svm,8,0,42,0.9596599288626704,0.9731182795698924,744,186,14,
UAB,full,bandpower,decision_tree,8,0,42,0.8548135299219428,0.9032258064516128,744,186,14,
UAB,full,bandpower,random_forest,8,0,42,0.9758012056030184,0.9838709677419356,744,186,14,
UAB,full,fbcsp,lda,8,1,42,0.9435655151488882,0.9623655913978496,744,186,14,
UAB,full,fbcsp,svm,8,1,42,0.9596739224698638,0.9731182795698924,744,186,14,
UAB,full,fbcsp,decision_tree,8,1,42,0.830637818150284,0.8870967741935484,744,186,14,
UAB,full,fbcsp,random_forest,8,1,42,0.9193758127438232,0.946236559139785,744,186,14,
UAB,full,bandpower,lda,8,1,42,1.0,1.0,744,186,14,
UAB,full,bandpower,svm,8,1,42,0.9838667707520168,0.989247311827957,744,186,14,
UAB,full,bandpower,decision_tree,8,1,42,0.8790060280150918,0.9193548387096774,744,186,14,
UAB,full,bandpower,random_forest,8,1,42,1.0,1.0,744,186,14,
UAB,full,fbcsp,lda,8,2,42,0.9435532818867596,0.9623655913978496,744,186,14,
UAB,full,fbcsp,svm,8,2,42,0.9596669268800416,0.9731182795698924,744,186,14,
UAB,full,fbcsp,decision_tree,8,2,42,0.8467276748926573,0.8978494623655914,744,186,14,
UAB,full,fbcsp,random_forest,8,2,42,0.9516087069638366,0.967741935483871,744,186,14,
UAB,full,bandpower,lda,8,2,42,0.9838688695199688,0.989247311827957,744,186,14,
UAB,full,bandpower,svm,8,2,42,0.9838688695199688,0.989247311827957,744,186,14,
UAB,full,bandpower,decision_tree,8,2,42,0.8467808367656623,0.8978494623655914,744,186,14,
UAB,full,bandpower,random_forest,8,2,42,0.9677391379758912,0.978494623655914,744,186,14,
UAB,full,fbcsp,lda,8,3,42,0.951621293566846,0.967741935483871,744,186,14,
UAB,full,fbcsp,svm,8,3,42,0.9758043534819184,0.9838709677419356,744,186,14,
UAB,full,fbcsp,decision_tree,8,3,42,0.8468737813596776,0.8978494623655914,744,186,14,
UAB,full,fbcsp,random_forest,8,3,42,0.9596739224698638,0.9731182795698924,744,186,14,
UAB,full,bandpower,lda,8,3,42,0.9758095981271948,0.9838709677419356,744,186,14,
UAB,full,bandpower,svm,8,3,42,0.9919340849956636,0.9946236559139784,744,186,14,
UAB,full,bandpower,decision_tree,8,3,42,0.8709397632160978,0.913978494623656,744,186,14,
UAB,full,bandpower,random_forest,8,3,42,0.9838709677419356,0.989247311827957,744,186,14,
UAB,full,fbcsp,lda,8,4,42,0.9435557289634544,0.9623655913978496,744,186,14,
UAB,full,fbcsp,svm,8,4,42,0.9758033042799532,0.9838709677419356,744,186,14,
UAB,full,fbcsp,decision_tree,8,4,42,0.8466145833333334,0.8978494623655914,744,186,14,
UAB,full,fbcsp,random_forest,8,4,42,0.967741935483871,0.978494623655914,744,186,14,
UAB,full,bandpower,lda,8,4,42,0.9919344347599844,0.9946236559139784,744,186,14,
UAB,full,bandpower,svm,8,4,42,1.0,1.0,744,186,14,
UAB,full,bandpower,decision_tree,8,4,42,0.9112787823598284,0.9408602150537636,744,186,14,
UAB,full,bandpower,random_forest,8,4,42,0.991932335718933,0.9946236559139784,744,186,14,
UAB,full,fbcsp,lda,9,0,42,0.8215460165738588,0.8810810810810811,738,185,14,
UAB,full,fbcsp,svm,9,0,42,0.7891090845317432,0.8594594594594595,738,185,14,
UAB,full,fbcsp,decision_tree,9,0,42,0.6190413599719593,0.745945945945946,738,185,14,
UAB,full,fbcsp,random_forest,9,0,42,0.8053314626446861,0.8702702702702703,738,185,14,
UAB,full,bandpower,lda,9,0,42,0.9026913298851582,0.9351351351351352,738,185,14,
UAB,full,bandpower,svm,9,0,42,0.9189165497896212,0.945945945945946,738,185,14,
UAB,full,bandpower,decision_tree,9,0,42,0.6837468221267643,0.7891891891891892,738,185,14,
UAB,full,bandpower,random_forest,9,0,42,0.8945730317376819,0.9297297297297298,738,185,14,
UAB,full,fbcsp,lda,9,1,42,0.8052973162603052,0.8702702702702703,738,185,14,
UAB,full,fbcsp,svm,9,1,42,0.7891830294530154,0.8594594594594595,738,185,14,
UAB,full,fbcsp,decision_tree,9,1,42,0.6108335524585853,0.7405405405405405,738,185,14,
UAB,full,fbcsp,random_forest,9,1,42,0.7323894270810503,0.8216216216216217,738,185,14,
UAB,full,bandpower,lda,9,1,42,0.8945776530925349,0.9297297297297298,738,185,14,
UAB,full,bandpower,svm,9,1,42,0.8945915147265078,0.9297297297297298,738,185,14,
UAB,full,bandpower,decision_tree,9,1,42,0.5622453003812278,0.7081081081081081,738,185,14,
UAB,full,bandpower,random_forest,9,1,42,0.8378402068633037,0.8918918918918919,738,185,14,
UAB,full,fbcsp,lda,9,2,42,0.6755382119524707,0.7837837837837838,738,185,14,
UAB,full,fbcsp,svm,9,2,42,0.7404533298259459,0.827027027027027,738,185,14,
UAB,full,fbcsp,decision_tree,9,2,42,0.4647319275787996,0.6432432432432432,738,185,14,
UAB,full,fbcsp,random_forest,9,2,42,0.6756377662838607,0.7837837837837838,738,185,14,
UAB,full,bandpower,lda,9,2,42,0.8621218763700131,0.9081081081081082,738,185,14,
UAB,full,bandpower,svm,9,2,42,0.8783641623564478,0.918918918918919,738,185,14,
UAB,full,bandpower,decision_tree,9,2,42,0.6189244861287637,0.745945945945946,738,185,14,
UAB,full,bandpower,random_forest,9,2,42,0.8297098272990269,0.8864864864864865,738,185,14,
UAB,full,fbcsp,lda,9,3,42,0.7553191489361701,0.8369565217391305,739,184,14,
UAB,full,fbcsp,svm,9,3,42,0.7309107024152448,0.8206521739130435,739,184,14,
UAB,full,fbcsp,decision_tree,9,3,42,0.576205873233822,0.717391304347826,739,184,14,
UAB,full,fbcsp,random_forest,9,3,42,0.7227687671718515,0.8152173913043478,739,184,14,
UAB,full,bandpower,lda,9,3,42,0.8858661940629153,0.9239130434782608,739,184,14,
UAB,full,bandpower,svm,9,3,42,0.8777300314535064,0.9184782608695652,739,184,14,
UAB,full,bandpower,decision_tree,9,3,42,0.6574771740093963,0.7717391304347826,739,184,14,
UAB,full,bandpower,random_forest,9,3,42,0.8695613646433319,0.9130434782608696,739,184,14,
UAB,full,fbcsp,lda,9,4,42,0.7879808544584294,0.8586956521739131,739,184,14,
UAB,full,fbcsp,svm,9,4,42,0.796207690944533,0.8641304347826086,739,184,14,
UAB,full,fbcsp,decision_tree,9,4,42,0.5517959165596351,0.7010869565217391,739,184,14,
UAB,full,fbcsp,random_forest,9,4,42,0.7961715703651188,0.8641304347826086,739,184,14,
UAB,full,bandpower,lda,9,4,42,0.8125525977764982,0.875,739,184,14,
UAB,full,bandpower,svm,9,4,42,0.8614825967584803,0.907608695652174,739,184,14,
UAB,full,bandpower,decision_tree,9,4,42,0.7066040660849537,0.8043478260869565,739,184,14,
UAB,full,bandpower,random_forest,9,4,42,0.820718366623854,0.8804347826086957,739,184,14,
UAB,full,fbcsp,lda,10,0,42,0.9005676616004394,0.9337016574585636,722,181,14,
UAB,full,fbcsp,svm,10,0,42,0.9088578622110324,0.9392265193370166,722,181,14,
UAB,full,fbcsp,decision_tree,10,0,42,0.8341731562070545,0.8895027624309392,722,181,14,
UAB,full,fbcsp,random_forest,10,0,42,0.9254223320972392,0.9502762430939228,722,181,14,
UAB,full,bandpower,lda,10,0,42,0.9834264261514514,0.988950276243094,722,181,14,
UAB,full,bandpower,svm,10,0,42,0.9668528523029026,0.9779005524861878,722,181,14,
UAB,full,bandpower,decision_tree,10,0,42,0.8756583466910923,0.9171270718232044,722,181,14,
UAB,full,bandpower,random_forest,10,0,42,0.9834256673229248,0.988950276243094,722,181,14,
UAB,full,fbcsp,lda,10,1,42,0.8673871233629453,0.9116022099447514,722,181,14,
UAB,full,fbcsp,svm,10,1,42,0.9005448967443564,0.9337016574585636,722,181,14,
UAB,full,fbcsp,decision_tree,10,1,42,0.8591052703878382,0.9060773480662984,722,181,14,
UAB,full,fbcsp,random_forest,10,1,42,0.9419845231008744,0.9613259668508288,722,181,14,
UAB,full,bandpower,lda,10,1,42,0.9751362241860893,0.9834254143646408,722,181,14,
UAB,full,bandpower,svm,10,1,42,0.9585603736434818,0.9723756906077348,722,181,14,
UAB,full,bandpower,decision_tree,10,1,42,0.900531232826525,0.9337016574585636,722,181,14,
UAB,full,bandpower,random_forest,10,1,42,0.9419898356302367,0.9613259668508288,722,181,14,
UAB,full,fbcsp,lda,10,2,42,0.9668482989147856,0.9779005524861878,722,181,14,
UAB,full,fbcsp,svm,10,2,42,0.9502747252747252,0.9668508287292816,722,181,14,
UAB,full,fbcsp,decision_tree,10,2,42,0.8839531049642791,0.9226519337016574,722,181,14,
UAB,full,fbcsp,random_forest,10,2,42,0.9668482989147856,0.9779005524861878,722,181,14,
UAB,full,bandpower,lda,10,2,42,0.9585660653786284,0.9723756906077348,722,181,14,
UAB,full,bandpower,svm,10,2,42,0.9668482989147856,0.9779005524861878,722,181,14,
UAB,full,bandpower,decision_tree,10,2,42,0.9005448967443564,0.9337016574585636,722,181,14,
UAB,full,bandpower,random_forest,10,2,42,0.9502701712611044,0.9668508287292816,722,181,14,
UAB,full,fbcsp,lda,10,3,42,0.9333333333333332,0.9555555555555556,723,180,14,
UAB,full,fbcsp,svm,10,3,42,0.9333333333333332,0.9555555555555556,723,180,14,
UAB,full,fbcsp,decision_tree,10,3,42,0.8833333333333333,0.9222222222222224,723,180,14,
UAB,full,fbcsp,random_forest,10,3,42,0.9583333333333334,0.9722222222222222,723,180,14,
UAB,full,bandpower,lda,10,3,42,0.9583333333333334,0.9722222222222222,723,180,14,
UAB,full,bandpower,svm,10,3,42,0.9833333333333332,0.9888888888888888,723,180,14,
UAB,full,bandpower,decision_tree,10,3,42,0.95,0.9666666666666668,723,180,14,
UAB,full,bandpower,random_forest,10,3,42,1.0,1.0,723,180,14,
UAB,full,fbcsp,lda,10,4,42,0.9250520471894518,0.95,723,180,14,
UAB,full,fbcsp,svm,10,4,42,0.958335262256377,0.9722222222222222,723,180,14,
UAB,full,fbcsp,decision_tree,10,4,42,0.9083333333333332,0.9388888888888888,723,180,14,
UAB,full,fbcsp,random_forest,10,4,42,0.9583410479540826,0.9722222222222222,723,180,14,
UAB,full,bandpower,lda,10,4,42,0.9666743809303402,0.9777777777777776,723,180,14,
UAB,full,bandpower,svm,10,4,42,0.9666697528006666,0.9777777777777776,723,180,14,
UAB,full,bandpower,decision_tree,10,4,42,0.9333487618606804,0.9555555555555556,723,180,14,
UAB,full,bandpower,random_forest,10,4,42,0.9666697528006666,0.9777777777777776,723,180,14,
UAB,full,fbcsp,lda,11,0,42,0.8821569595261599,0.9214659685863874,762,191,14,
UAB,full,fbcsp,svm,11,0,42,0.945020149683362,0.9633507853403142,762,191,14,
UAB,full,fbcsp,decision_tree,11,0,42,0.929305806876131,0.9528795811518324,762,191,14,
UAB,full,fbcsp,random_forest,11,0,42,0.9528724760455648,0.9685863874345548,762,191,14,
UAB,full,bandpower,lda,11,0,42,1.0,1.0,762,191,14,
UAB,full,bandpower,svm,11,0,42,0.984292117274559,0.9895287958115184,762,191,14,
UAB,full,bandpower,decision_tree,11,0,42,0.9842927631578948,0.9895287958115184,762,191,14,
UAB,full,bandpower,random_forest,11,0,42,0.9764362380227825,0.9842931937172776,762,191,14,
UAB,full,fbcsp,lda,11,1,42,0.9764333305914288,0.9842931937172776,762,191,14,
UAB,full,fbcsp,svm,11,1,42,0.9764333305914288,0.9842931937172776,762,191,14,
UAB,full,fbcsp,decision_tree,11,1,42,0.9764372070071552,0.9842931937172776,762,191,14,
UAB,full,fbcsp,random_forest,11,1,42,0.9764333305914288,0.9842931937172776,762,191,14,
UAB,full,bandpower,lda,11,1,42,1.0,1.0,762,191,14,
UAB,full,bandpower,svm,11,1,42,0.984287594603488,0.9895287958115184,762,191,14,
UAB,full,bandpower,decision_tree,11,1,42,0.9607367512231222,0.9738219895287958,762,191,14,
UAB,full,bandpower,random_forest,11,1,42,0.9842882408587998,0.9895287958115184,762,191,14,
UAB,full,fbcsp,lda,11,2,42,0.944983951938112,0.9633507853403142,762,191,14,
UAB,full,fbcsp,svm,11,2,42,0.9921444435304764,0.9947643979057592,762,191,14,
UAB,full,fbcsp,decision_tree,11,2,42,0.9685726038667216,0.9790575916230366,762,191,14,
UAB,full,fbcsp,random_forest,11,2,42,0.9921444435304764,0.9947643979057592,762,191,14,
UAB,full,bandpower,lda,11,2,42,1.0,1.0,762,191,14,
UAB,full,bandpower,svm,11,2,42,1.0,1.0,762,191,14,
UAB,full,bandpower,decision_tree,11,2,42,0.9921444435304764,0.9947643979057592,762,191,14,
UAB,full,bandpower,random_forest,11,2,42,0.9764372070071552,0.9842931937172776,762,191,14,
UAB,full,fbcsp,lda,11,3,42,0.9921037320256004,0.9947368421052633,763,190,14,
UAB,full,fbcsp,svm,11,3,42,1.0,1.0,763,190,14,
UAB,full,fbcsp,decision_tree,11,3,42,0.9684175531914894,0.9789473684210528,763,190,14,
UAB,full,fbcsp,random_forest,11,3,42,1.0,1.0,763,190,14,
UAB,full,bandpower,lda,11,3,42,1.0,1.0,763,190,14,
UAB,full,bandpower,svm,11,3,42,1.0,1.0,763,190,14,
UAB,full,bandpower,decision_tree,11,3,42,0.9921037320256004,0.9947368421052633,763,190,14,
UAB,full,bandpower,random_forest,11,3,42,0.9921037320256004,0.9947368421052633,763,190,14,
UAB,full,fbcsp,lda,11,4,42,0.960525222305327,0.9736842105263158,763,190,14,
UAB,full,fbcsp,svm,11,4,42,0.9526342030912416,0.968421052631579,763,190,14,
UAB,full,fbcsp,decision_tree,11,4,42,0.9526184538653366,0.968421052631579,763,190,14,
UAB,full,fbcsp,random_forest,11,4,42,0.9684228020608276,0.9789473684210528,763,190,14,
UAB,full,bandpower,lda,11,4,42,1.0,1.0,763,190,14,
UAB,full,bandpower,svm,11,4,42,0.9842061512884456,0.9894736842105264,763,190,14,
UAB,full,bandpower,decision_tree,11,4,42,0.9921050444610654,0.9947368421052633,763,190,14,
UAB,full,bandpower,random_forest,11,4,42,0.9842061512884456,0.9894736842105264,763,190,14,
UAB,full,fbcsp,lda,12,0,42,1.0,1.0,758,190,14,
UAB,full,fbcsp,svm,12,0,42,0.9921034038485516,0.9947368421052633,758,190,14,
UAB,full,fbcsp,decision_tree,12,0,42,0.9683991683991684,0.9789473684210528,758,190,14,
UAB,full,fbcsp,random_forest,12,0,42,0.9921034038485516,0.9947368421052633,758,190,14,
UAB,full,bandpower,lda,12,0,42,1.0,1.0,758,190,14,
UAB,full,bandpower,svm,12,0,42,1.0,1.0,758,190,14,
UAB,full,bandpower,decision_tree,12,0,42,0.960494032519649,0.9736842105263158,758,190,14,
UAB,full,bandpower,random_forest,12,0,42,0.9842048383074238,0.9894736842105264,758,190,14,
UAB,full,fbcsp,lda,12,1,42,0.9684254258412962,0.9789473684210528,758,190,14,
UAB,full,fbcsp,svm,12,1,42,0.9684254258412962,0.9789473684210528,758,190,14,
UAB,full,fbcsp,decision_tree,12,1,42,0.944716934075983,0.963157894736842,758,190,14,
UAB,full,fbcsp,random_forest,12,1,42,0.9684201778442616,0.9789473684210528,758,190,14,
UAB,full,bandpower,lda,12,1,42,0.9921034038485516,0.9947368421052633,758,190,14,
UAB,full,bandpower,svm,12,1,42,0.9842035251080812,0.9894736842105264,758,190,14,
UAB,full,bandpower,decision_tree,12,1,42,0.9210307564422278,0.9473684210526316,758,190,14,
UAB,full,bandpower,random_forest,12,1,42,0.9684149281024022,0.9789473684210528,758,190,14,
UAB,full,fbcsp,lda,12,2,42,1.0,1.0,758,190,14,
UAB,full,fbcsp,svm,12,2,42,1.0,1.0,758,190,14,
UAB,full,fbcsp,decision_tree,12,2,42,0.9684228020608276,0.9789473684210528,758,190,14,
UAB,full,fbcsp,random_forest,12,2,42,1.0,1.0,758,190,14,
UAB,full,bandpower,lda,12,2,42,0.9921037320256004,0.9947368421052633,758,190,14,
UAB,full,bandpower,svm,12,2,42,0.9842061512884456,0.9894736842105264,758,190,14,
UAB,full,bandpower,decision_tree,12,2,42,0.8973826339842127,0.9315789473684212,758,190,14,
UAB,full,bandpower,random_forest,12,2,42,0.9526184538653366,0.968421052631579,758,190,14,
UAB,full,fbcsp,lda,12,3,42,0.9920604914933836,0.9947089947089948,759,189,14,
UAB,full,fbcsp,svm,12,3,42,0.9920624921254882,0.9947089947089948,759,189,14,
UAB,full,fbcsp,decision_tree,12,3,42,0.976193475248772,0.984126984126984,759,189,14,
UAB,full,fbcsp,random_forest,12,3,42,0.9841229838709676,0.9894179894179894,759,189,14,
UAB,full,bandpower,lda,12,3,42,1.0,1.0,759,189,14,
UAB,full,bandpower,svm,12,3,42,0.992061491935484,0.9947089947089948,759,189,14,
UAB,full,bandpower,decision_tree,12,3,42,0.9126874133803704,0.9417989417989416,759,189,14,
UAB,full,bandpower,random_forest,12,3,42,0.9682459677419356,0.9788359788359788,759,189,14,
UAB,full,fbcsp,lda,12,4,42,0.9841229838709676,0.9894179894179894,759,189,14,
UAB,full,fbcsp,svm,12,4,42,0.9761814744801512,0.984126984126984,759,189,14,
UAB,full,fbcsp,decision_tree,12,4,42,0.9046898638426626,0.9365079365079364,759,189,14,
UAB,full,fbcsp,random_forest,12,4,42,0.9761814744801512,0.984126984126984,759,189,14,
UAB,full,bandpower,lda,12,4,42,0.9920604914933836,0.9947089947089948,759,189,14,
UAB,full,bandpower,svm,12,4,42,0.9682299546142208,0.9788359788359788,759,189,14,
UAB,full,bandpower,decision_tree,12,4,42,0.9284903518728718,0.9523809523809524,759,189,14,
UAB,full,bandpower,random_forest,12,4,42,0.9761814744801512,0.984126984126984,759,189,14,
UAB,full,fbcsp,lda,13,0,42,0.93617924127981,0.9574468085106383,752,188,14,
UAB,full,fbcsp,svm,13,0,42,0.92015628981568,0.946808510638298,752,188,14,
UAB,full,fbcsp,decision_tree,13,0,42,0.7045782723180158,0.8031914893617021,752,188,14,
UAB,full,fbcsp,random_forest,13,0,42,0.8802344347235199,0.9202127659574468,752,188,14,
UAB,full,bandpower,lda,13,0,42,0.9520326586154108,0.9680851063829788,752,188,14,
UAB,full,bandpower,svm,13,0,42,0.9520326586154108,0.9680851063829788,752,188,14,
UAB,full,bandpower,decision_tree,13,0,42,0.7767220902612827,0.851063829787234,752,188,14,
UAB,full,bandpower,random_forest,13,0,42,0.8881475500403723,0.925531914893617,752,188,14,
UAB,full,fbcsp,lda,13,1,42,0.9360978925900748,0.9574468085106383,752,188,14,
UAB,full,fbcsp,svm,13,1,42,0.936070730255887,0.9574468085106383,752,188,14,
UAB,full,fbcsp,decision_tree,13,1,42,0.7602652384595766,0.8404255319148937,752,188,14,
UAB,full,fbcsp,random_forest,13,1,42,0.9440737750201862,0.9627659574468084,752,188,14,
UAB,full,bandpower,lda,13,1,42,0.952063235731588,0.9680851063829788,752,188,14,
UAB,full,bandpower,svm,13,1,42,0.9200714255346286,0.946808510638298,752,188,14,
UAB,full,bandpower,decision_tree,13,1,42,0.7922740215035485,0.8617021276595744,752,188,14,
UAB,full,bandpower,random_forest,13,1,42,0.91204117221726,0.9414893617021276,752,188,14,
UAB,full,fbcsp,lda,13,2,42,0.9121159321745782,0.9414893617021276,752,188,14,
UAB,full,fbcsp,svm,13,2,42,0.9200884128198588,0.946808510638298,752,188,14,
UAB,full,fbcsp,decision_tree,13,2,42,0.8163984544180714,0.8776595744680851,752,188,14,
UAB,full,fbcsp,random_forest,13,2,42,0.9121159321745782,0.9414893617021276,752,188,14,
UAB,full,bandpower,lda,13,2,42,0.9600357127673144,0.973404255319149,752,188,14,
UAB,full,bandpower,svm,13,2,42,0.9201223657375934,0.946808510638298,752,188,14,
UAB,full,bandpower,decision_tree,13,2,42,0.7684040609999575,0.8457446808510638,752,188,14,
UAB,full,bandpower,random_forest,13,2,42,0.8722500637050878,0.9148936170212766,752,188,14,
UAB,full,fbcsp,lda,13,3,42,0.8722771856821366,0.9148936170212766,752,188,14,
UAB,full,fbcsp,svm,13,3,42,0.8881713120326309,0.925531914893617,752,188,14,
UAB,full,fbcsp,decision_tree,13,3,42,0.7049541907024093,0.8031914893617021,752,188,14,
UAB,full,fbcsp,random_forest,13,3,42,0.8723313951020755,0.9148936170212766,752,188,14,
UAB,full,bandpower,lda,13,3,42,0.936070730255887,0.9574468085106383,752,188,14,
UAB,full,bandpower,svm,13,3,42,0.9360978925900748,0.9574468085106383,752,188,14,
UAB,full,bandpower,decision_tree,13,3,42,0.8004331026283384,0.8670212765957447,752,188,14,
UAB,full,bandpower,random_forest,13,3,42,0.8802089970689435,0.9202127659574468,752,188,14,
UAB,full,fbcsp,lda,13,4,42,0.9521344309598574,0.9680851063829788,752,188,14,
UAB,full,fbcsp,svm,13,4,42,0.928125398241366,0.952127659574468,752,188,14,
UAB,full,fbcsp,decision_tree,13,4,42,0.8003907245391999,0.8670212765957447,752,188,14,
UAB,full,fbcsp,random_forest,13,4,42,0.9441212687359348,0.9627659574468084,752,188,14,
UAB,full,bandpower,lda,13,4,42,1.0,1.0,752,188,14,
UAB,full,bandpower,svm,13,4,42,0.976036709721278,0.9840425531914894,752,188,14,
UAB,full,bandpower,decision_tree,13,4,42,0.8085783377879598,0.8723404255319149,752,188,14,
UAB,full,bandpower,random_forest,13,4,42,0.90428916889398,0.9361702127659576,752,188,14,
UAB,full,fbcsp,lda,14,0,42,0.7879523026315789,0.8586387434554974,760,191,14,
UAB,full,fbcsp,svm,14,0,42,0.8351079136690648,0.8900523560209425,760,191,14,
UAB,full,fbcsp,decision_tree,14,0,42,0.6387632596003618,0.7591623036649214,760,191,14,
UAB,full,fbcsp,random_forest,14,0,42,0.8272346024175643,0.8848167539267016,760,191,14,
UAB,full,bandpower,lda,14,0,42,0.937171052631579,0.9581151832460733,760,191,14,
UAB,full,bandpower,svm,14,0,42,0.9450246710526315,0.9633507853403142,760,191,14,
UAB,full,bandpower,decision_tree,14,0,42,0.7722918807810895,0.8481675392670157,760,191,14,
UAB,full,bandpower,random_forest,14,0,42,0.890044820921913,0.9267015706806284,760,191,14,
UAB,full,fbcsp,lda,14,1,42,0.8026589115081013,0.868421052631579,761,190,14,
UAB,full,fbcsp,svm,14,1,42,0.8500207727461571,0.9,761,190,14,
UAB,full,fbcsp,decision_tree,14,1,42,0.5819495184324144,0.7210526315789474,761,190,14,
UAB,full,fbcsp,random_forest,14,1,42,0.8105053191489362,0.8736842105263158,761,190,14,
UAB,full,bandpower,lda,14,1,42,0.881555980384008,0.9210526315789472,761,190,14,
UAB,full,bandpower,svm,14,1,42,0.8816150203539088,0.9210526315789472,761,190,14,
UAB,full,bandpower,decision_tree,14,1,42,0.6841755319148937,0.7894736842105263,761,190,14,
UAB,full,bandpower,random_forest,14,1,42,0.7869424370794916,0.8578947368421053,761,190,14,
UAB,full,fbcsp,lda,14,2,42,0.755195344970906,0.8368421052631579,761,190,14,
UAB,full,fbcsp,svm,14,2,42,0.8421008892213081,0.8947368421052632,761,190,14,
UAB,full,fbcsp,decision_tree,14,2,42,0.683991683991684,0.7894736842105263,761,190,14,
UAB,full,fbcsp,random_forest,14,2,42,0.8815461346633416,0.9210526315789472,761,190,14,
UAB,full,bandpower,lda,14,2,42,0.9289513046368624,0.9526315789473684,761,190,14,
UAB,full,bandpower,svm,14,2,42,0.905252659574468,0.936842105263158,761,190,14,
UAB,full,bandpower,decision_tree,14,2,42,0.8104423012969737,0.8736842105263158,761,190,14,
UAB,full,bandpower,random_forest,14,2,42,0.8736702127659575,0.9157894736842104,761,190,14,
UAB,full,fbcsp,lda,14,3,42,0.7787941787941788,0.8526315789473684,761,190,14,
UAB,full,fbcsp,svm,14,3,42,0.865819209039548,0.9105263157894736,761,190,14,
UAB,full,fbcsp,decision_tree,14,3,42,0.6134684048825043,0.7421052631578947,761,190,14,
UAB,full,fbcsp,random_forest,14,3,42,0.8500581491942183,0.9,761,190,14,
UAB,full,bandpower,lda,14,3,42,0.9447353112274578,0.963157894736842,761,190,14,
UAB,full,bandpower,svm,14,3,42,0.9605219414893617,0.9736842105263158,761,190,14,
UAB,full,bandpower,decision_tree,14,3,42,0.8025768911055694,0.868421052631579,761,190,14,
UAB,full,bandpower,random_forest,14,3,42,0.9210570051520692,0.9473684210526316,761,190,14,
UAB,full,fbcsp,lda,14,4,42,0.7631808550417549,0.8421052631578947,761,190,14,
UAB,full,fbcsp,svm,14,4,42,0.8736859600282545,0.9157894736842104,761,190,14,
UAB,full,fbcsp,decision_tree,14,4,42,0.6526219562868778,0.7684210526315789,761,190,14,
UAB,full,fbcsp,random_forest,14,4,42,0.8105525550477773,0.8736842105263158,761,190,14,
UAB,full,bandpower,lda,14,4,42,0.9131266106908305,0.9421052631578948,761,190,14,
UAB,full,bandpower,svm,14,4,42,0.8894430590191189,0.9263157894736842,761,190,14,
UAB,full,bandpower,decision_tree,14,4,42,0.7236765561372891,0.8157894736842105,761,190,14,
UAB,full,bandpower,random_forest,14,4,42,0.8341852636828326,0.8894736842105263,761,190,14,
UAB,full,fbcsp,lda,15,0,42,0.975404327763093,0.9836065573770492,730,183,14,
UAB,full,fbcsp,svm,15,0,42,0.9836036197473343,0.989071038251366,730,183,14,
UAB,full,fbcsp,decision_tree,15,0,42,0.860661978770099,0.907103825136612,730,183,14,
UAB,full,fbcsp,random_forest,15,0,42,0.9836050886937824,0.989071038251366,730,183,14,
UAB,full,bandpower,lda,15,0,42,0.942615239887112,0.9617486338797814,730,183,14,
UAB,full,bandpower,svm,15,0,42,0.9508108592420034,0.9672131147540984,730,183,14,
UAB,full,bandpower,decision_tree,15,0,42,0.7376696680553689,0.825136612021858,730,183,14,
UAB,full,bandpower,random_forest,15,0,42,0.909840103910064,0.9398907103825136,730,183,14,
UAB,full,fbcsp,lda,15,1,42,0.9836065573770492,0.989071038251366,730,183,14,
UAB,full,fbcsp,svm,15,1,42,0.9836043542534606,0.989071038251366,730,183,14,
UAB,full,fbcsp,decision_tree,15,1,42,0.893437849944009,0.9289617486338798,730,183,14,
UAB,full,fbcsp,random_forest,15,1,42,0.9426229508196722,0.9617486338797814,730,183,14,
UAB,full,bandpower,lda,15,1,42,0.9098481794975144,0.9398907103825136,730,183,14,
UAB,full,bandpower,svm,15,1,42,0.9098279878158037,0.9398907103825136,730,183,14,
UAB,full,bandpower,decision_tree,15,1,42,0.721323957540198,0.8142076502732241,730,183,14,
UAB,full,bandpower,random_forest,15,1,42,0.8770712046574115,0.918032786885246,730,183,14,
UAB,full,fbcsp,lda,15,2,42,0.9426203807390816,0.9617486338797814,730,183,14,
UAB,full,fbcsp,svm,15,2,42,0.967210177387565,0.9781420765027322,730,183,14,
UAB,full,fbcsp,decision_tree,15,2,42,0.8934521676818344,0.9289617486338798,730,183,14,
UAB,full,fbcsp,random_forest,15,2,42,0.9590108856336514,0.9726775956284152,730,183,14,
UAB,full,bandpower,lda,15,2,42,0.8852253382313413,0.9234972677595628,730,183,14,
UAB,full,bandpower,svm,15,2,42,0.9098118279569892,0.9398907103825136,730,183,14,
UAB,full,bandpower,decision_tree,15,2,42,0.7539771454178803,0.8360655737704918,730,183,14,
UAB,full,bandpower,random_forest,15,2,42,0.8606370111544147,0.907103825136612,730,183,14,
UAB,full,fbcsp,lda,15,3,42,0.9670289855072464,0.978021978021978,731,182,14,
UAB,full,fbcsp,svm,15,3,42,0.9587750294464076,0.9725274725274724,731,182,14,
UAB,full,fbcsp,decision_tree,15,3,42,0.8846014492753623,0.9230769230769232,731,182,14,
UAB,full,fbcsp,random_forest,15,3,42,0.9752739788062676,0.9835164835164836,731,182,14,
UAB,full,bandpower,lda,15,3,42,0.9340937896070975,0.956043956043956,731,182,14,
UAB,full,bandpower,svm,15,3,42,0.9340699148704944,0.956043956043956,731,182,14,
UAB,full,bandpower,decision_tree,15,3,42,0.8187415119963785,0.8791208791208791,731,182,14,
UAB,full,bandpower,random_forest,15,3,42,0.9505524361528708,0.967032967032967,731,182,14,
UAB,full,fbcsp,lda,15,4,42,0.9587824984147116,0.9725274725274724,731,182,14,
UAB,full,fbcsp,svm,15,4,42,0.942295497780596,0.9615384615384616,731,182,14,
UAB,full,fbcsp,decision_tree,15,4,42,0.901060070671378,0.934065934065934,731,182,14,
UAB,full,fbcsp,random_forest,15,4,42,0.9752717391304347,0.9835164835164836,731,182,14,
UAB,full,bandpower,lda,15,4,42,0.917587393588118,0.945054945054945,731,182,14,
UAB,full,bandpower,svm,15,4,42,0.9093214965123652,0.9395604395604396,731,182,14,
UAB,full,bandpower,decision_tree,15,4,42,0.8269021739130434,0.8846153846153846,731,182,14,
UAB,full,bandpower,random_forest,15,4,42,0.9010959152250702,0.934065934065934,731,182,14,
UAB,full,fbcsp,lda,16,0,42,0.9840407470288624,0.9893617021276596,752,188,14,
UAB,full,fbcsp,svm,16,0,42,0.9441710503987782,0.9627659574468084,752,188,14,
UAB,full,fbcsp,decision_tree,16,0,42,0.8963000678886626,0.9308510638297872,752,188,14,
UAB,full,fbcsp,random_forest,16,0,42,0.9601154107264088,0.973404255319149,752,188,14,
UAB,full,bandpower,lda,16,0,42,0.9840434561195044,0.9893617021276596,752,188,14,
UAB,full,bandpower,svm,16,0,42,0.9760672154799288,0.9840425531914894,752,188,14,
UAB,full,bandpower,decision_tree,16,0,42,0.9601187950784896,0.973404255319149,752,188,14,
UAB,full,bandpower,random_forest,16,0,42,0.9601154107264088,0.973404255319149,752,188,14,
UAB,full,fbcsp,lda,16,1,42,0.992019696069276,0.9946808510638298,752,188,14,
UAB,full,fbcsp,svm,16,1,42,0.9760672154799288,0.9840425531914894,752,188,14,
UAB,full,fbcsp,decision_tree,16,1,42,0.952118176415655,0.9680851063829788,752,188,14,
UAB,full,fbcsp,random_forest,16,1,42,0.9920210508445804,0.9946808510638298,752,188,14,
UAB,full,bandpower,lda,16,1,42,1.0,1.0,752,188,14,
UAB,full,bandpower,svm,16,1,42,0.9920210508445804,0.9946808510638298,752,188,14,
UAB,full,bandpower,decision_tree,16,1,42,0.9601052542229012,0.973404255319149,752,188,14,
UAB,full,bandpower,random_forest,16,1,42,1.0,1.0,752,188,14,
UAB,full,fbcsp,lda,16,2,42,0.9840380370181696,0.9893617021276596,752,188,14,
UAB,full,fbcsp,svm,16,2,42,0.992019696069276,0.9946808510638298,752,188,14,
UAB,full,fbcsp,decision_tree,16,2,42,0.9281833616298812,0.952127659574468,752,188,14,
UAB,full,fbcsp,random_forest,16,2,42,0.9920203735144312,0.9946808510638298,752,188,14,
UAB,full,bandpower,lda,16,2,42,1.0,1.0,752,188,14,
UAB,full,bandpower,svm,16,2,42,1.0,1.0,752,188,14,
UAB,full,bandpower,decision_tree,16,2,42,0.9680760740363388,0.9787234042553192,752,188,14,
UAB,full,bandpower,random_forest,16,2,42,0.9920203735144312,0.9946808510638298,752,188,14,
UAB,full,fbcsp,lda,16,3,42,0.9680557325517184,0.9787234042553192,752,188,14,
UAB,full,fbcsp,svm,16,3,42,0.9760448521916412,0.9840425531914894,752,188,14,
UAB,full,fbcsp,decision_tree,16,3,42,0.9042160234365048,0.9361702127659576,752,188,14,
UAB,full,fbcsp,random_forest,16,3,42,0.9680747187433666,0.9787234042553192,752,188,14,
UAB,full,bandpower,lda,16,3,42,0.9760570555272542,0.9840425531914894,752,188,14,
UAB,full,bandpower,svm,16,3,42,0.9760570555272542,0.9840425531914894,752,188,14,
UAB,full,bandpower,decision_tree,16,3,42,0.9520978427042636,0.9680851063829788,752,188,14,
UAB,full,bandpower,random_forest,16,3,42,0.9840400696124624,0.9893617021276596,752,188,14,
UAB,full,fbcsp,lda,16,4,42,0.9920173241051335,0.9946808510638298,752,188,14,
UAB,full,fbcsp,svm,16,4,42,0.9840407470288624,0.9893617021276596,752,188,14,
UAB,full,fbcsp,decision_tree,16,4,42,0.944109402870976,0.9627659574468084,752,188,14,
UAB,full,fbcsp,random_forest,16,4,42,0.9760580719106848,0.9840425531914894,752,188,14,
UAB,full,bandpower,lda,16,4,42,0.9920173241051335,0.9946808510638298,752,188,14,
UAB,full,bandpower,svm,16,4,42,1.0,1.0,752,188,14,
UAB,full,bandpower,decision_tree,16,4,42,0.9760458696113824,0.9840425531914894,752,188,14,
UAB,full,bandpower,random_forest,16,4,42,0.9920173241051335,0.9946808510638298,752,188,14,
UAB,nearear,fbcsp,lda,1,0,42,0.6074804767776407,0.7382198952879581,760,191,2,
UAB,nearear,fbcsp,svm,1,0,42,0.7173627096349885,0.8115183246073299,760,191,2,
UAB,nearear,fbcsp,decision_tree,1,0,42,0.5914942623287953,0.7277486910994765,760,191,2,
UAB,nearear,fbcsp,random_forest,1,0,42,0.6936836910930175,0.7958115183246073,760,191,2,
UAB,nearear,bandpower,lda,1,0,42,0.6780545962835061,0.7853403141361257,760,191,2,
UAB,nearear,bandpower,svm,1,0,42,0.6620303691206123,0.774869109947644,760,191,2,
UAB,nearear,bandpower,decision_tree,1,0,42,0.646441793500617,0.7643979057591623,760,191,2,
UAB,nearear,bandpower,random_forest,1,0,42,0.6619886410404149,0.774869109947644,760,191,2,
UAB,nearear,fbcsp,lda,1,1,42,0.6051537822111388,0.7368421052631579,761,190,2,
UAB,nearear,fbcsp,svm,1,1,42,0.7472984206151287,0.8315789473684211,761,190,2,
UAB,nearear,fbcsp,decision_tree,1,1,42,0.5575515635395876,0.7052631578947368,761,190,2,
UAB,nearear,fbcsp,random_forest,1,1,42,0.6841755319148937,0.7894736842105263,761,190,2,
UAB,nearear,bandpower,lda,1,1,42,0.4558359621451103,0.6368421052631579,761,190,2,
UAB,nearear,bandpower,svm,1,1,42,0.6603757898237446,0.7736842105263158,761,190,2,
UAB,nearear,bandpower,decision_tree,1,1,42,0.5103092783505154,0.6736842105263158,761,190,2,
UAB,nearear,bandpower,random_forest,1,1,42,0.6683843085106382,0.7789473684210526,761,190,2,
UAB,nearear,fbcsp,lda,1,2,42,0.5894964267907595,0.7263157894736842,761,190,2,
UAB,nearear,fbcsp,svm,1,2,42,0.7235616893914201,0.8157894736842105,761,190,2,
UAB,nearear,fbcsp,decision_tree,1,2,42,0.5656691604322527,0.7105263157894737,761,190,2,
UAB,nearear,fbcsp,random_forest,1,2,42,0.6841755319148937,0.7894736842105263,761,190,2,
UAB,nearear,bandpower,lda,1,2,42,0.5899734395750331,0.7263157894736842,761,190,2,
UAB,nearear,bandpower,svm,1,2,42,0.6447565231843111,0.7631578947368421,761,190,2,
UAB,nearear,bandpower,decision_tree,1,2,42,0.542130629882001,0.6947368421052632,761,190,2,
UAB,nearear,bandpower,random_forest,1,2,42,0.644520206219857,0.7631578947368421,761,190,2,
UAB,nearear,fbcsp,lda,1,3,42,0.628967924214725,0.7526315789473684,761,190,2,
UAB,nearear,fbcsp,svm,1,3,42,0.7867741801404879,0.8578947368421053,761,190,2,
UAB,nearear,fbcsp,decision_tree,1,3,42,0.5577538551061973,0.7052631578947368,761,190,2,
UAB,nearear,fbcsp,random_forest,1,3,42,0.7788677363039321,0.8526315789473684,761,190,2,
UAB,nearear,bandpower,lda,1,3,42,0.621325361235675,0.7473684210526316,761,190,2,
UAB,nearear,bandpower,svm,1,3,42,0.6839259721355792,0.7894736842105263,761,190,2,
UAB,nearear,bandpower,decision_tree,1,3,42,0.6053506148222001,0.7368421052631579,761,190,2,
UAB,nearear,bandpower,random_forest,1,3,42,0.6444019297953751,0.7631578947368421,761,190,2,
UAB,nearear,fbcsp,lda,1,4,42,0.581723779854621,0.7210526315789474,761,190,2,
UAB,nearear,fbcsp,svm,1,4,42,0.7078016542665946,0.8052631578947368,761,190,2,
UAB,nearear,fbcsp,decision_tree,1,4,42,0.5660839596395797,0.7105263157894737,761,190,2,
UAB,nearear,fbcsp,random_forest,1,4,42,0.6921351115542815,0.7947368421052632,761,190,2,
UAB,nearear,bandpower,lda,1,4,42,0.5581762312100323,0.7052631578947368,761,190,2,
UAB,nearear,bandpower,svm,1,4,42,0.7235616893914201,0.8157894736842105,761,190,2,
UAB,nearear,bandpower,decision_tree,1,4,42,0.5500623182384712,0.7,761,190,2,
UAB,nearear,bandpower,random_forest,1,4,42,0.6919431279620853,0.7947368421052632,761,190,2,
UAB,nearear,fbcsp,lda,2,0,42,0.4021116906246025,0.601063829787234,751,188,2,
UAB,nearear,fbcsp,svm,2,0,42,0.6332485156912637,0.7553191489361702,751,188,2,
UAB,nearear,fbcsp,decision_tree,2,0,42,0.5373780229104794,0.6914893617021277,751,188,2,
UAB,nearear,fbcsp,random_forest,2,0,42,0.585182670683583,0.723404255319149,751,188,2,
UAB,nearear,bandpower,lda,2,0,42,0.3541162997836875,0.5691489361702128,751,188,2,
UAB,nearear,bandpower,svm,2,0,42,0.43421498813157,0.6223404255319149,751,188,2,
UAB,nearear,bandpower,decision_tree,2,0,42,0.4893905958241384,0.6595744680851063,751,188,2,
UAB,nearear,bandpower,random_forest,2,0,42,0.5451612903225806,0.6968085106382979,751,188,2,
UAB,nearear,fbcsp,lda,2,1,42,0.346225614927905,0.5638297872340425,751,188,2,
UAB,nearear,fbcsp,svm,2,1,42,0.5773130276163407,0.7180851063829787,751,188,2,
UAB,nearear,fbcsp,decision_tree,2,1,42,0.433398420918584,0.6223404255319149,751,188,2,
UAB,nearear,fbcsp,random_forest,2,1,42,0.5851298591071126,0.723404255319149,751,188,2,
UAB,nearear,bandpower,lda,2,1,42,0.3933681484311977,0.5957446808510638,751,188,2,
UAB,nearear,bandpower,svm,2,1,42,0.5613253574307411,0.7074468085106383,751,188,2,
UAB,nearear,bandpower,decision_tree,2,1,42,0.4492888983230736,0.6329787234042553,751,188,2,
UAB,nearear,bandpower,random_forest,2,1,42,0.5371620187614075,0.6914893617021277,751,188,2,
UAB,nearear,fbcsp,lda,2,2,42,0.5053471397046342,0.6702127659574468,751,188,2,
UAB,nearear,fbcsp,svm,2,2,42,0.6889002036659878,0.7925531914893617,751,188,2,
UAB,nearear,fbcsp,decision_tree,2,2,42,0.4973688677643864,0.6648936170212766,751,188,2,
UAB,nearear,fbcsp,random_forest,2,2,42,0.6729047315934649,0.7819148936170213,751,188,2,
UAB,nearear,bandpower,lda,2,2,42,0.4814343305750053,0.6542553191489362,751,188,2,
UAB,nearear,bandpower,svm,2,2,42,0.5696663982027044,0.7127659574468085,751,188,2,
UAB,nearear,bandpower,decision_tree,2,2,42,0.4334946099651982,0.6223404255319149,751,188,2,
UAB,nearear,bandpower,random_forest,2,2,42,0.5693012600229095,0.7127659574468085,751,188,2,
UAB,nearear,fbcsp,lda,2,3,42,0.4735010820214708,0.648936170212766,751,188,2,
UAB,nearear,fbcsp,svm,2,3,42,0.7208434092741081,0.8138297872340425,751,188,2,
UAB,nearear,fbcsp,decision_tree,2,3,42,0.5052001528208175,0.6702127659574468,751,188,2,
UAB,nearear,fbcsp,random_forest,2,3,42,0.6649978786593127,0.776595744680851,751,188,2,
UAB,nearear,bandpower,lda,2,3,42,0.4016803869982177,0.601063829787234,751,188,2,
UAB,nearear,bandpower,svm,2,3,42,0.5135937566272214,0.675531914893617,751,188,2,
UAB,nearear,bandpower,decision_tree,2,3,42,0.4652742401086771,0.6436170212765957,751,188,2,
UAB,nearear,bandpower,random_forest,2,3,42,0.6250530425188832,0.75,751,188,2,
UAB,nearear,fbcsp,lda,2,4,42,0.4709362139917695,0.6470588235294118,752,187,2,
UAB,nearear,fbcsp,svm,2,4,42,0.6551295247898439,0.7700534759358288,752,187,2,
UAB,nearear,fbcsp,decision_tree,2,4,42,0.5427872860635696,0.6951871657754011,752,187,2,
UAB,nearear,fbcsp,random_forest,2,4,42,0.6551591045544214,0.7700534759358288,752,187,2,
UAB,nearear,bandpower,lda,2,4,42,0.3987911522633744,0.5989304812834224,752,187,2,
UAB,nearear,bandpower,svm,2,4,42,0.4948329831482354,0.6631016042780749,752,187,2,
UAB,nearear,bandpower,decision_tree,2,4,42,0.4625745292326171,0.6417112299465241,752,187,2,
UAB,nearear,bandpower,random_forest,2,4,42,0.5348657689338707,0.6898395721925134,752,187,2,
UAB,nearear,fbcsp,lda,3,0,42,0.9206249212548822,0.9470899470899472,753,189,2,
UAB,nearear,fbcsp,svm,3,0,42,0.9761864762704746,0.984126984126984,753,189,2,
UAB,nearear,fbcsp,decision_tree,3,0,42,0.8571608514926313,0.9047619047619048,753,189,2,
UAB,nearear,fbcsp,random_forest,3,0,42,0.9285654291953636,0.9523809523809524,753,189,2,
UAB,nearear,bandpower,lda,3,0,42,0.8332913306451613,0.8888888888888888,753,189,2,
UAB,nearear,bandpower,svm,3,0,42,0.8571008526903852,0.9047619047619048,753,189,2,
UAB,nearear,bandpower,decision_tree,3,0,42,0.7539992442373095,0.8359788359788359,753,189,2,
UAB,nearear,bandpower,random_forest,3,0,42,0.8730052074584244,0.9153439153439152,753,189,2,
UAB,nearear,fbcsp,lda,3,1,42,0.9285714285714286,0.9523809523809524,753,189,2,
UAB,nearear,fbcsp,svm,3,1,42,0.992063492063492,0.9947089947089948,753,189,2,
UAB,nearear,fbcsp,decision_tree,3,1,42,0.8809523809523809,0.9206349206349206,753,189,2,
UAB,nearear,fbcsp,random_forest,3,1,42,0.9603174603174603,0.9735449735449736,753,189,2,
UAB,nearear,bandpower,lda,3,1,42,0.8174603174603174,0.8783068783068783,753,189,2,
UAB,nearear,bandpower,svm,3,1,42,0.8968253968253969,0.9312169312169312,753,189,2,
UAB,nearear,bandpower,decision_tree,3,1,42,0.8333333333333334,0.8888888888888888,753,189,2,
UAB,nearear,bandpower,random_forest,3,1,42,0.8809523809523809,0.9206349206349206,753,189,2,
UAB,nearear,fbcsp,lda,3,2,42,0.9680787842771034,0.9787234042553192,754,188,2,
UAB,nearear,fbcsp,svm,3,2,42,0.9760631525337408,0.9840425531914894,754,188,2,
UAB,nearear,fbcsp,decision_tree,3,2,42,0.8563971992361553,0.9042553191489362,754,188,2,
UAB,nearear,fbcsp,random_forest,3,2,42,0.984042778933073,0.9893617021276596,754,188,2,
UAB,nearear,bandpower,lda,3,2,42,0.8403939213855166,0.8936170212765957,754,188,2,
UAB,nearear,bandpower,svm,3,2,42,0.904252610134963,0.9361702127659576,754,188,2,
UAB,nearear,bandpower,decision_tree,3,2,42,0.7366723259762309,0.824468085106383,754,188,2,
UAB,nearear,bandpower,random_forest,3,2,42,0.8643751326119244,0.9095744680851064,754,188,2,
UAB,nearear,fbcsp,lda,3,3,42,0.944140243643618,0.9627659574468084,754,188,2,
UAB,nearear,fbcsp,svm,3,3,42,0.9840414243877594,0.9893617021276596,754,188,2,
UAB,nearear,fbcsp,decision_tree,3,3,42,0.9122390086572738,0.9414893617021276,754,188,2,
UAB,nearear,fbcsp,random_forest,3,3,42,0.9601035609693986,0.973404255319149,754,188,2,
UAB,nearear,bandpower,lda,3,3,42,0.8403939213855166,0.8936170212765957,754,188,2,
UAB,nearear,bandpower,svm,3,3,42,0.8803056027164686,0.9202127659574468,754,188,2,
UAB,nearear,bandpower,decision_tree,3,3,42,0.7366835023980307,0.824468085106383,754,188,2,
UAB,nearear,bandpower,random_forest,3,3,42,0.8643463497453311,0.9095744680851064,754,188,2,
UAB,nearear,fbcsp,lda,3,4,42,0.9281803132560804,0.952127659574468,754,188,2,
UAB,nearear,fbcsp,svm,3,4,42,0.9840434561195044,0.9893617021276596,754,188,2,
UAB,nearear,fbcsp,decision_tree,3,4,42,0.8883184113378877,0.925531914893617,754,188,2,
UAB,nearear,fbcsp,random_forest,3,4,42,0.9521263050674816,0.9680851063829788,754,188,2,
UAB,nearear,bandpower,lda,3,4,42,0.8164452179819162,0.8776595744680851,754,188,2,
UAB,nearear,bandpower,svm,3,4,42,0.8563728194898349,0.9042553191489362,754,188,2,
UAB,nearear,bandpower,decision_tree,3,4,42,0.752673569852317,0.8351063829787234,754,188,2,
UAB,nearear,bandpower,random_forest,3,4,42,0.8723476489560347,0.9148936170212766,754,188,2,
UAB,nearear,fbcsp,lda,4,0,42,0.8608986615678776,0.9072164948453608,775,194,2,
UAB,nearear,fbcsp,svm,4,0,42,0.891792828685259,0.9278350515463918,775,194,2,
UAB,nearear,fbcsp,decision_tree,4,0,42,0.7293958233699984,0.8195876288659794,775,194,2,
UAB,nearear,fbcsp,random_forest,4,0,42,0.8840637450199204,0.922680412371134,775,194,2,
UAB,nearear,bandpower,lda,4,0,42,0.7833958050881251,0.8556701030927835,775,194,2,
UAB,nearear,bandpower,svm,4,0,42,0.829919502669961,0.8865979381443299,775,194,2,
UAB,nearear,bandpower,decision_tree,4,0,42,0.7139783232387631,0.8092783505154639,775,194,2,
UAB,nearear,bandpower,random_forest,4,0,42,0.8453567158230371,0.8969072164948454,775,194,2,
UAB,nearear,fbcsp,lda,4,1,42,0.7679055670760887,0.845360824742268,775,194,2,
UAB,nearear,fbcsp,svm,4,1,42,0.822131866379654,0.8814432989690721,775,194,2,
UAB,nearear,fbcsp,decision_tree,4,1,42,0.6829307183289484,0.788659793814433,775,194,2,
UAB,nearear,fbcsp,random_forest,4,1,42,0.8066496571519693,0.8711340206185567,775,194,2,
UAB,nearear,bandpower,lda,4,1,42,0.7059198978777724,0.8041237113402062,775,194,2,
UAB,nearear,bandpower,svm,4,1,42,0.7216198979591837,0.8144329896907216,775,194,2,
UAB,nearear,bandpower,decision_tree,4,1,42,0.6367909496494583,0.7577319587628866,775,194,2,
UAB,nearear,bandpower,random_forest,4,1,42,0.7679610876325651,0.845360824742268,775,194,2,
UAB,nearear,fbcsp,lda,4,2,42,0.721442246330568,0.8144329896907216,775,194,2,
UAB,nearear,fbcsp,svm,4,2,42,0.7988675332961162,0.865979381443299,775,194,2,
UAB,nearear,fbcsp,decision_tree,4,2,42,0.6519416314488478,0.7680412371134021,775,194,2,
UAB,nearear,fbcsp,random_forest,4,2,42,0.7833266852812126,0.8556701030927835,775,194,2,
UAB,nearear,bandpower,lda,4,2,42,0.6983734651570722,0.7989690721649485,775,194,2,
UAB,nearear,bandpower,svm,4,2,42,0.7525312923543012,0.8350515463917526,775,194,2,
UAB,nearear,bandpower,decision_tree,4,2,42,0.6289744202725316,0.7525773195876289,775,194,2,
UAB,nearear,bandpower,random_forest,4,2,42,0.7447978952403731,0.8298969072164949,775,194,2,
UAB,nearear,fbcsp,lda,4,3,42,0.8297091329848781,0.8865979381443299,775,194,2,
UAB,nearear,fbcsp,svm,4,3,42,0.8528836559568949,0.9020618556701032,775,194,2,
UAB,nearear,fbcsp,decision_tree,4,3,42,0.6748603351955307,0.7835051546391752,775,194,2,
UAB,nearear,fbcsp,random_forest,4,3,42,0.8374366545628666,0.8917525773195877,775,194,2,
UAB,nearear,bandpower,lda,4,3,42,0.7364762285257691,0.8247422680412371,775,194,2,
UAB,nearear,bandpower,svm,4,3,42,0.7365814696485624,0.8247422680412371,775,194,2,
UAB,nearear,bandpower,decision_tree,4,3,42,0.6130061839218033,0.7422680412371134,775,194,2,
UAB,nearear,bandpower,random_forest,4,3,42,0.7676924919171356,0.845360824742268,775,194,2,
UAB,nearear,fbcsp,lda,4,4,42,0.7978976197188772,0.8652849740932642,776,193,2,
UAB,nearear,fbcsp,svm,4,4,42,0.829079784236374,0.8860103626943006,776,193,2,
UAB,nearear,fbcsp,decision_tree,4,4,42,0.6501933301111648,0.7668393782383419,776,193,2,
UAB,nearear,fbcsp,random_forest,4,4,42,0.7822109378148552,0.8549222797927462,776,193,2,
UAB,nearear,bandpower,lda,4,4,42,0.6969318730874537,0.7979274611398963,776,193,2,
UAB,nearear,bandpower,svm,4,4,42,0.7125895516380907,0.8082901554404145,776,193,2,
UAB,nearear,bandpower,decision_tree,4,4,42,0.6113885309278351,0.7409326424870466,776,193,2,
UAB,nearear,bandpower,random_forest,4,4,42,0.7124969804332072,0.8082901554404145,776,193,2,
UAB,nearear,fbcsp,lda,5,0,42,0.4657782165185916,0.643979057591623,764,191,2,
UAB,nearear,fbcsp,svm,5,0,42,0.5999260719566288,0.7329842931937173,764,191,2,
UAB,nearear,fbcsp,decision_tree,5,0,42,0.3871153529702156,0.5916230366492147,764,191,2,
UAB,nearear,fbcsp,random_forest,5,0,42,0.5996629952326156,0.7329842931937173,764,191,2,
UAB,nearear,bandpower,lda,5,0,42,0.4425306256680096,0.6282722513089005,764,191,2,
UAB,nearear,bandpower,svm,5,0,42,0.5291313994576383,0.6858638743455497,764,191,2,
UAB,nearear,bandpower,decision_tree,5,0,42,0.4972030273116157,0.6649214659685864,764,191,2,
UAB,nearear,bandpower,random_forest,5,0,42,0.6074159335690208,0.7382198952879581,764,191,2,
UAB,nearear,fbcsp,lda,5,1,42,0.5841344178785639,0.7225130890052356,764,191,2,
UAB,nearear,fbcsp,svm,5,1,42,0.6470805617147081,0.7643979057591623,764,191,2,
UAB,nearear,fbcsp,decision_tree,5,1,42,0.4268272630107703,0.6178010471204188,764,191,2,
UAB,nearear,fbcsp,random_forest,5,1,42,0.6314255214320907,0.7539267015706806,764,191,2,
UAB,nearear,bandpower,lda,5,1,42,0.5919809382959493,0.7277486910994765,764,191,2,
UAB,nearear,bandpower,svm,5,1,42,0.5921149897330595,0.7277486910994765,764,191,2,
UAB,nearear,bandpower,decision_tree,5,1,42,0.5283562433122067,0.6858638743455497,764,191,2,
UAB,nearear,bandpower,random_forest,5,1,42,0.5917796958487465,0.7277486910994765,764,191,2,
UAB,nearear,fbcsp,lda,5,2,42,0.536807924698919,0.6910994764397905,764,191,2,
UAB,nearear,fbcsp,svm,5,2,42,0.6154889071487264,0.743455497382199,764,191,2,
UAB,nearear,fbcsp,decision_tree,5,2,42,0.403125,0.6020942408376964,764,191,2,
UAB,nearear,fbcsp,random_forest,5,2,42,0.6075933763405514,0.7382198952879581,764,191,2,
UAB,nearear,bandpower,lda,5,2,42,0.5058113269538791,0.6701570680628273,764,191,2,
UAB,nearear,bandpower,svm,5,2,42,0.4899342645850453,0.6596858638743456,764,191,2,
UAB,nearear,bandpower,decision_tree,5,2,42,0.3328813280736357,0.5549738219895288,764,191,2,
UAB,nearear,bandpower,random_forest,5,2,42,0.5683349769888232,0.7120418848167539,764,191,2,
UAB,nearear,fbcsp,lda,5,3,42,0.4494543957175211,0.6335078534031413,764,191,2,
UAB,nearear,fbcsp,svm,5,3,42,0.5838095629650948,0.7225130890052356,764,191,2,
UAB,nearear,fbcsp,decision_tree,5,3,42,0.4113174981507356,0.6073298429319371,764,191,2,
UAB,nearear,fbcsp,random_forest,5,3,42,0.5524909569220651,0.7015706806282722,764,191,2,
UAB,nearear,bandpower,lda,5,3,42,0.5284144685403893,0.6858638743455497,764,191,2,
UAB,nearear,bandpower,svm,5,3,42,0.5051202961135102,0.6701570680628273,764,191,2,
UAB,nearear,bandpower,decision_tree,5,3,42,0.4094731634924561,0.6073298429319371,764,191,2,
UAB,nearear,bandpower,random_forest,5,3,42,0.5126548417630356,0.675392670157068,764,191,2,
UAB,nearear,fbcsp,lda,5,4,42,0.5522516964836521,0.7015706806282722,764,191,2,
UAB,nearear,fbcsp,svm,5,4,42,0.6311529295751499,0.7539267015706806,764,191,2,
UAB,nearear,fbcsp,decision_tree,5,4,42,0.4115834873690696,0.6073298429319371,764,191,2,
UAB,nearear,fbcsp,random_forest,5,4,42,0.615394098791814,0.743455497382199,764,191,2,
UAB,nearear,bandpower,lda,5,4,42,0.5452194260848147,0.6963350785340314,764,191,2,
UAB,nearear,bandpower,svm,5,4,42,0.6155362938010926,0.743455497382199,764,191,2,
UAB,nearear,bandpower,decision_tree,5,4,42,0.4898504273504273,0.6596858638743456,764,191,2,
UAB,nearear,bandpower,random_forest,5,4,42,0.6702293841979775,0.7801047120418848,764,191,2,
UAB,nearear,fbcsp,lda,6,0,42,0.585963074505696,0.7258064516129032,743,186,2,
UAB,nearear,fbcsp,svm,6,0,42,0.6593406593406593,0.7741935483870968,743,186,2,
UAB,nearear,fbcsp,decision_tree,6,0,42,0.4534929614524404,0.6397849462365591,743,186,2,
UAB,nearear,fbcsp,random_forest,6,0,42,0.6422295081967213,0.7634408602150538,743,186,2,
UAB,nearear,bandpower,lda,6,0,42,0.5413474240422721,0.6989247311827957,743,186,2,
UAB,nearear,bandpower,svm,6,0,42,0.6978000263469899,0.8010752688172043,743,186,2,
UAB,nearear,bandpower,decision_tree,6,0,42,0.5257813530265067,0.6881720430107527,743,186,2,
UAB,nearear,bandpower,random_forest,6,0,42,0.6498095363194536,0.7688172043010753,743,186,2,
UAB,nearear,fbcsp,lda,6,1,42,0.5195061079732037,0.6827956989247311,743,186,2,
UAB,nearear,fbcsp,svm,6,1,42,0.6347211311861743,0.7580645161290323,743,186,2,
UAB,nearear,fbcsp,decision_tree,6,1,42,0.4188011618695537,0.6182795698924731,743,186,2,
UAB,nearear,fbcsp,random_forest,6,1,42,0.6759440742192604,0.7849462365591398,743,186,2,
UAB,nearear,bandpower,lda,6,1,42,0.5266552586547322,0.6881720430107527,743,186,2,
UAB,nearear,bandpower,svm,6,1,42,0.593655787128064,0.7311827956989247,743,186,2,
UAB,nearear,bandpower,decision_tree,6,1,42,0.4851041392037964,0.6612903225806451,743,186,2,
UAB,nearear,bandpower,random_forest,6,1,42,0.5766806722689075,0.7204301075268817,743,186,2,
UAB,nearear,fbcsp,lda,6,2,42,0.5621812475480581,0.7096774193548387,743,186,2,
UAB,nearear,fbcsp,svm,6,2,42,0.6667977454450125,0.7795698924731183,743,186,2,
UAB,nearear,fbcsp,decision_tree,6,2,42,0.4528451001053741,0.6397849462365591,743,186,2,
UAB,nearear,fbcsp,random_forest,6,2,42,0.5895127118644068,0.7311827956989247,743,186,2,
UAB,nearear,bandpower,lda,6,2,42,0.4775510204081632,0.6559139784946236,743,186,2,
UAB,nearear,bandpower,svm,6,2,42,0.616326530612245,0.7473118279569892,743,186,2,
UAB,nearear,bandpower,decision_tree,6,2,42,0.5092995647012268,0.6774193548387096,743,186,2,
UAB,nearear,bandpower,random_forest,6,2,42,0.6327981047644117,0.7580645161290323,743,186,2,
UAB,nearear,fbcsp,lda,6,3,42,0.5458469587965991,0.6989247311827957,743,186,2,
UAB,nearear,fbcsp,svm,6,3,42,0.7320235756385068,0.8225806451612904,743,186,2,
UAB,nearear,fbcsp,decision_tree,6,3,42,0.3951612903225806,0.5967741935483871,743,186,2,
UAB,nearear,fbcsp,random_forest,6,3,42,0.6674515960230245,0.7795698924731183,743,186,2,
UAB,nearear,bandpower,lda,6,3,42,0.443620756925478,0.6290322580645161,743,186,2,
UAB,nearear,bandpower,svm,6,3,42,0.6656582927791661,0.7795698924731183,743,186,2,
UAB,nearear,bandpower,decision_tree,6,3,42,0.4543543938000788,0.6397849462365591,743,186,2,
UAB,nearear,bandpower,random_forest,6,3,42,0.6574585635359116,0.7741935483870968,743,186,2,
UAB,nearear,fbcsp,lda,6,4,42,0.5179738562091504,0.6810810810810811,744,185,2,
UAB,nearear,fbcsp,svm,6,4,42,0.5823003364618382,0.7243243243243244,744,185,2,
UAB,nearear,fbcsp,decision_tree,6,4,42,0.389331455481713,0.5945945945945946,744,185,2,
UAB,nearear,fbcsp,random_forest,6,4,42,0.5570434088591318,0.7081081081081081,744,185,2,
UAB,nearear,bandpower,lda,6,4,42,0.4492090295058656,0.6378378378378379,744,185,2,
UAB,nearear,bandpower,svm,6,4,42,0.6216096042685638,0.7513513513513513,744,185,2,
UAB,nearear,bandpower,decision_tree,6,4,42,0.5327247751141047,0.6918918918918919,744,185,2,
UAB,nearear,bandpower,random_forest,6,4,42,0.6158943322878474,0.745945945945946,744,185,2,
UAB,nearear,fbcsp,lda,7,0,42,0.4246101279130891,0.6162162162162163,736,185,2,
UAB,nearear,fbcsp,svm,7,0,42,0.4973266719256727,0.6648648648648648,736,185,2,
UAB,nearear,fbcsp,decision_tree,7,0,42,0.3592160645387584,0.572972972972973,736,185,2,
UAB,nearear,fbcsp,random_forest,7,0,42,0.513435321965546,0.6756756756756757,736,185,2,
UAB,nearear,bandpower,lda,7,0,42,0.3594688171100496,0.572972972972973,736,185,2,
UAB,nearear,bandpower,svm,7,0,42,0.3915807936855953,0.5945945945945946,736,185,2,
UAB,nearear,bandpower,decision_tree,7,0,42,0.2623992288818786,0.5081081081081081,736,185,2,
UAB,nearear,bandpower,random_forest,7,0,42,0.440499671268902,0.6270270270270271,736,185,2,
UAB,nearear,fbcsp,lda,7,1,42,0.4210502991358298,0.6141304347826086,737,184,2,
UAB,nearear,fbcsp,svm,7,1,42,0.4862840682472855,0.657608695652174,737,184,2,
UAB,nearear,fbcsp,decision_tree,7,1,42,0.3886501572675319,0.592391304347826,737,184,2,
UAB,nearear,fbcsp,random_forest,7,1,42,0.5028128460686601,0.6684782608695652,737,184,2,
UAB,nearear,bandpower,lda,7,1,42,0.3724586969039288,0.5815217391304348,737,184,2,
UAB,nearear,bandpower,svm,7,1,42,0.413260108950795,0.6086956521739131,737,184,2,
UAB,nearear,bandpower,decision_tree,7,1,42,0.2908027644869749,0.5271739130434783,737,184,2,
UAB,nearear,bandpower,random_forest,7,1,42,0.3884334145801019,0.592391304347826,737,184,2,
UAB,nearear,fbcsp,lda,7,2,42,0.4617498448719085,0.6413043478260869,737,184,2,
UAB,nearear,fbcsp,svm,7,2,42,0.510811768876285,0.6739130434782609,737,184,2,
UAB,nearear,fbcsp,decision_tree,7,2,42,0.2254519673874512,0.483695652173913,737,184,2,
UAB,nearear,fbcsp,random_forest,7,2,42,0.4536429711044141,0.6358695652173914,737,184,2,
UAB,nearear,bandpower,lda,7,2,42,0.4046890927624872,0.6032608695652174,737,184,2,
UAB,nearear,bandpower,svm,7,2,42,0.3557879808544584,0.5706521739130435,737,184,2,
UAB,nearear,bandpower,decision_tree,7,2,42,0.2419597767342961,0.4945652173913043,737,184,2,
UAB,nearear,bandpower,random_forest,7,2,42,0.3393617021276596,0.5597826086956522,737,184,2,
UAB,nearear,fbcsp,lda,7,3,42,0.5027908212988395,0.6684782608695652,737,184,2,
UAB,nearear,fbcsp,svm,7,3,42,0.5680368532955351,0.7119565217391305,737,184,2,
UAB,nearear,fbcsp,decision_tree,7,3,42,0.2660875731253324,0.5108695652173914,737,184,2,
UAB,nearear,fbcsp,random_forest,7,3,42,0.5355181576616475,0.6902173913043478,737,184,2,
UAB,nearear,bandpower,lda,7,3,42,0.4128180125875366,0.6086956521739131,737,184,2,
UAB,nearear,bandpower,svm,7,3,42,0.4781529734999556,0.6521739130434783,737,184,2,
UAB,nearear,bandpower,decision_tree,7,3,42,0.2992959305672408,0.532608695652174,737,184,2,
UAB,nearear,bandpower,random_forest,7,3,42,0.4537640125836325,0.6358695652173914,737,184,2,
UAB,nearear,fbcsp,lda,7,4,42,0.5271389959679207,0.6847826086956522,737,184,2,
UAB,nearear,fbcsp,svm,7,4,42,0.5758301192534467,0.717391304347826,737,184,2,
UAB,nearear,fbcsp,decision_tree,7,4,42,0.3231396534148828,0.5489130434782609,737,184,2,
UAB,nearear,fbcsp,random_forest,7,4,42,0.5268874407057675,0.6847826086956522,737,184,2,
UAB,nearear,bandpower,lda,7,4,42,0.5269922879177378,0.6847826086956522,737,184,2,
UAB,nearear,bandpower,svm,7,4,42,0.4861702127659574,0.657608695652174,737,184,2,
UAB,nearear,bandpower,decision_tree,7,4,42,0.2339445477898839,0.4891304347826087,737,184,2,
UAB,nearear,bandpower,random_forest,7,4,42,0.4374086054858865,0.625,737,184,2,
UAB,nearear,fbcsp,lda,8,0,42,0.4515653455901482,0.6344086021505376,744,186,2,
UAB,nearear,fbcsp,svm,8,0,42,0.6292091007583965,0.7526881720430108,744,186,2,
UAB,nearear,fbcsp,decision_tree,8,0,42,0.337934626904545,0.5591397849462365,744,186,2,
UAB,nearear,fbcsp,random_forest,8,0,42,0.5646105162772552,0.7096774193548387,744,186,2,
UAB,nearear,bandpower,lda,8,0,42,0.5485045513654097,0.6989247311827957,744,186,2,
UAB,nearear,bandpower,svm,8,0,42,0.6371439719079204,0.7580645161290323,744,186,2,
UAB,nearear,bandpower,decision_tree,8,0,42,0.5080858443529157,0.6720430107526881,744,186,2,
UAB,nearear,bandpower,random_forest,8,0,42,0.6209841751571645,0.7473118279569892,744,186,2,
UAB,nearear,fbcsp,lda,8,1,42,0.3624886112195756,0.5752688172043011,744,186,2,
UAB,nearear,fbcsp,svm,8,1,42,0.6289518192462813,0.7526881720430108,744,186,2,
UAB,nearear,fbcsp,decision_tree,8,1,42,0.4430412706678818,0.6290322580645161,744,186,2,
UAB,nearear,fbcsp,random_forest,8,1,42,0.5722468107263734,0.7150537634408602,744,186,2,
UAB,nearear,bandpower,lda,8,1,42,0.6047701647875108,0.7365591397849462,744,186,2,
UAB,nearear,bandpower,svm,8,1,42,0.7015352589123081,0.8010752688172043,744,186,2,
UAB,nearear,bandpower,decision_tree,8,1,42,0.5643839181159735,0.7096774193548387,744,186,2,
UAB,nearear,bandpower,random_forest,8,1,42,0.6934021602394482,0.7956989247311828,744,186,2,
UAB,nearear,fbcsp,lda,8,2,42,0.4838038246390009,0.6559139784946236,744,186,2,
UAB,nearear,fbcsp,svm,8,2,42,0.6773773903993756,0.7849462365591398,744,186,2,
UAB,nearear,fbcsp,decision_tree,8,2,42,0.403406874431104,0.6021505376344086,744,186,2,
UAB,nearear,fbcsp,random_forest,8,2,42,0.6290161730910984,0.7526881720430108,744,186,2,
UAB,nearear,bandpower,lda,8,2,42,0.5889948006932408,0.7258064516129032,744,186,2,
UAB,nearear,bandpower,svm,8,2,42,0.7258896450088856,0.8172043010752689,744,186,2,
UAB,nearear,bandpower,decision_tree,8,2,42,0.5807723982488839,0.7204301075268817,744,186,2,
UAB,nearear,bandpower,random_forest,8,2,42,0.6693691740732712,0.7795698924731183,744,186,2,
UAB,nearear,fbcsp,lda,8,3,42,0.3871499176276771,0.5913978494623656,744,186,2,
UAB,nearear,fbcsp,svm,8,3,42,0.6048729732073181,0.7365591397849462,744,186,2,
UAB,nearear,fbcsp,decision_tree,8,3,42,0.3787898503578399,0.5860215053763441,744,186,2,
UAB,nearear,fbcsp,random_forest,8,3,42,0.5888522884882108,0.7258064516129032,744,186,2,
UAB,nearear,bandpower,lda,8,3,42,0.5323797139141743,0.6881720430107527,744,186,2,
UAB,nearear,bandpower,svm,8,3,42,0.750010838933449,0.8333333333333334,744,186,2,
UAB,nearear,bandpower,decision_tree,8,3,42,0.5723395948115049,0.7150537634408602,744,186,2,
UAB,nearear,bandpower,random_forest,8,3,42,0.6610993015487397,0.7741935483870968,744,186,2,
UAB,nearear,fbcsp,lda,8,4,42,0.4836694860117111,0.6559139784946236,744,186,2,
UAB,nearear,fbcsp,svm,8,4,42,0.6054032991297571,0.7365591397849462,744,186,2,
UAB,nearear,fbcsp,decision_tree,8,4,42,0.4442712392829306,0.6290322580645161,744,186,2,
UAB,nearear,fbcsp,random_forest,8,4,42,0.5570853357578907,0.7043010752688172,744,186,2,
UAB,nearear,bandpower,lda,8,4,42,0.4914724645228485,0.6612903225806451,744,186,2,
UAB,nearear,bandpower,svm,8,4,42,0.6453458138325533,0.7634408602150538,744,186,2,
UAB,nearear,bandpower,decision_tree,8,4,42,0.5236358900898554,0.6827956989247311,744,186,2,
UAB,nearear,bandpower,random_forest,8,4,42,0.5643461288223813,0.7096774193548387,744,186,2,
UAB,nearear,fbcsp,lda,9,0,42,0.5053259106649717,0.6702702702702703,738,185,2,
UAB,nearear,fbcsp,svm,9,0,42,0.5944049811453127,0.7297297297297297,738,185,2,
UAB,nearear,fbcsp,decision_tree,9,0,42,0.3676876561062179,0.5783783783783784,738,185,2,
UAB,nearear,fbcsp,random_forest,9,0,42,0.5701823601613185,0.7135135135135136,738,185,2,
UAB,nearear,bandpower,lda,9,0,42,0.5376622237811295,0.6918918918918919,738,185,2,
UAB,nearear,bandpower,svm,9,0,42,0.586329358119958,0.7243243243243244,738,185,2,
UAB,nearear,bandpower,decision_tree,9,0,42,0.35960914906669,0.572972972972973,738,185,2,
UAB,nearear,bandpower,random_forest,9,0,42,0.5376824937524662,0.6918918918918919,738,185,2,
UAB,nearear,fbcsp,lda,9,1,42,0.4971944590566368,0.6648648648648648,738,185,2,
UAB,nearear,fbcsp,svm,9,1,42,0.5053259106649717,0.6702702702702703,738,185,2,
UAB,nearear,fbcsp,decision_tree,9,1,42,0.3108208791690406,0.5405405405405406,738,185,2,
UAB,nearear,fbcsp,random_forest,9,1,42,0.4890846922672278,0.6594594594594595,738,185,2,
UAB,nearear,bandpower,lda,9,1,42,0.4647319275787996,0.6432432432432432,738,185,2,
UAB,nearear,bandpower,svm,9,1,42,0.4972385377399841,0.6648648648648648,738,185,2,
UAB,nearear,bandpower,decision_tree,9,1,42,0.3352613820603829,0.5567567567567567,738,185,2,
UAB,nearear,bandpower,random_forest,9,1,42,0.4972385377399841,0.6648648648648648,738,185,2,
UAB,nearear,fbcsp,lda,9,2,42,0.4484149603192002,0.6324324324324324,738,185,2,
UAB,nearear,fbcsp,svm,9,2,42,0.4889726838251413,0.6594594594594595,738,185,2,
UAB,nearear,fbcsp,decision_tree,9,2,42,0.278547016037157,0.518918918918919,738,185,2,
UAB,nearear,fbcsp,random_forest,9,2,42,0.4889950894423009,0.6594594594594595,738,185,2,
UAB,nearear,bandpower,lda,9,2,42,0.480952172197624,0.654054054054054,738,185,2,
UAB,nearear,bandpower,svm,9,2,42,0.4808156106117081,0.654054054054054,738,185,2,
UAB,nearear,bandpower,decision_tree,9,2,42,0.3757668711656442,0.5837837837837838,738,185,2,
UAB,nearear,bandpower,random_forest,9,2,42,0.4727264754889064,0.6486486486486487,738,185,2,
UAB,nearear,fbcsp,lda,9,3,42,0.4781760978419817,0.6521739130434783,739,184,2,
UAB,nearear,fbcsp,svm,9,3,42,0.5348383376945935,0.6902173913043478,739,184,2,
UAB,nearear,fbcsp,decision_tree,9,3,42,0.3398006644518272,0.5597826086956522,739,184,2,
UAB,nearear,fbcsp,random_forest,9,3,42,0.5186663119624013,0.6793478260869565,739,184,2,
UAB,nearear,bandpower,lda,9,3,42,0.3966945810625194,0.5978260869565217,739,184,2,
UAB,nearear,bandpower,svm,9,3,42,0.478037321040734,0.6521739130434783,739,184,2,
UAB,nearear,bandpower,decision_tree,9,3,42,0.2581302614089499,0.5054347826086957,739,184,2,
UAB,nearear,bandpower,random_forest,9,3,42,0.5023940414967192,0.6684782608695652,739,184,2,
UAB,nearear,fbcsp,lda,9,4,42,0.5027247352797838,0.6684782608695652,739,184,2,
UAB,nearear,fbcsp,svm,9,4,42,0.5268035294639294,0.6847826086956522,739,184,2,
UAB,nearear,fbcsp,decision_tree,9,4,42,0.3154398086633005,0.5434782608695652,739,184,2,
UAB,nearear,fbcsp,random_forest,9,4,42,0.5513189980048769,0.7010869565217391,739,184,2,
UAB,nearear,bandpower,lda,9,4,42,0.5191353649893693,0.6793478260869565,739,184,2,
UAB,nearear,bandpower,svm,9,4,42,0.5595744680851065,0.7065217391304348,739,184,2,
UAB,nearear,bandpower,decision_tree,9,4,42,0.2826510721247564,0.5217391304347826,739,184,2,
UAB,nearear,bandpower,random_forest,9,4,42,0.5108984582668793,0.6739130434782609,739,184,2,
UAB,nearear,fbcsp,lda,10,0,42,0.7182879377431907,0.8121546961325967,722,181,2,
UAB,nearear,fbcsp,svm,10,0,42,0.7846027096301721,0.856353591160221,722,181,2,
UAB,nearear,fbcsp,decision_tree,10,0,42,0.4778846153846153,0.6519337016574586,722,181,2,
UAB,nearear,fbcsp,random_forest,10,0,42,0.7680761486362805,0.8453038674033149,722,181,2,
UAB,nearear,bandpower,lda,10,0,42,0.5939846182017945,0.7292817679558011,722,181,2,
UAB,nearear,bandpower,svm,10,0,42,0.7017166399633783,0.8011049723756906,722,181,2,
UAB,nearear,bandpower,decision_tree,10,0,42,0.5691068076729386,0.712707182320442,722,181,2,
UAB,nearear,bandpower,random_forest,10,0,42,0.7514305333028153,0.8342541436464088,722,181,2,
UAB,nearear,fbcsp,lda,10,1,42,0.6849722896532772,0.7900552486187845,722,181,2,
UAB,nearear,fbcsp,svm,10,1,42,0.7430625515157065,0.8287292817679558,722,181,2,
UAB,nearear,fbcsp,decision_tree,10,1,42,0.6519230769230768,0.7679558011049724,722,181,2,
UAB,nearear,fbcsp,random_forest,10,1,42,0.7762465088594844,0.850828729281768,722,181,2,
UAB,nearear,bandpower,lda,10,1,42,0.6436681622562037,0.7624309392265194,722,181,2,
UAB,nearear,bandpower,svm,10,1,42,0.7264233041725827,0.8176795580110497,722,181,2,
UAB,nearear,bandpower,decision_tree,10,1,42,0.6518911988277314,0.7679558011049724,722,181,2,
UAB,nearear,bandpower,random_forest,10,1,42,0.7016073636488529,0.8011049723756906,722,181,2,
UAB,nearear,fbcsp,lda,10,2,42,0.7100288369112464,0.8066298342541437,722,181,2,
UAB,nearear,fbcsp,svm,10,2,42,0.8010897934887129,0.8674033149171271,722,181,2,
UAB,nearear,fbcsp,decision_tree,10,2,42,0.6602572906652017,0.7734806629834254,722,181,2,
UAB,nearear,fbcsp,random_forest,10,2,42,0.7845336751980221,0.856353591160221,722,181,2,
UAB,nearear,bandpower,lda,10,2,42,0.6436681622562037,0.7624309392265194,722,181,2,
UAB,nearear,bandpower,svm,10,2,42,0.7679593425209468,0.8453038674033149,722,181,2,
UAB,nearear,bandpower,decision_tree,10,2,42,0.5525954408129635,0.7016574585635359,722,181,2,
UAB,nearear,bandpower,random_forest,10,2,42,0.7845336751980221,0.856353591160221,722,181,2,
UAB,nearear,fbcsp,lda,10,3,42,0.8416666666666667,0.8944444444444445,723,180,2,
UAB,nearear,fbcsp,svm,10,3,42,0.8583333333333334,0.9055555555555556,723,180,2,
UAB,nearear,fbcsp,decision_tree,10,3,42,0.6416666666666666,0.7611111111111111,723,180,2,
UAB,nearear,fbcsp,random_forest,10,3,42,0.825,0.8833333333333333,723,180,2,
UAB,nearear,bandpower,lda,10,3,42,0.7333333333333334,0.8222222222222222,723,180,2,
UAB,nearear,bandpower,svm,10,3,42,0.8416666666666667,0.8944444444444445,723,180,2,
UAB,nearear,bandpower,decision_tree,10,3,42,0.75,0.8333333333333334,723,180,2,
UAB,nearear,bandpower,random_forest,10,3,42,0.825,0.8833333333333333,723,180,2,
UAB,nearear,fbcsp,lda,10,4,42,0.7998517420311342,0.8666666666666667,723,180,2,
UAB,nearear,fbcsp,svm,10,4,42,0.8415419543158967,0.8944444444444445,723,180,2,
UAB,nearear,fbcsp,decision_tree,10,4,42,0.6416334845819057,0.7611111111111111,723,180,2,
UAB,nearear,fbcsp,random_forest,10,4,42,0.783273131425396,0.8555555555555555,723,180,2,
UAB,nearear,bandpower,lda,10,4,42,0.7163646475413634,0.8111111111111111,723,180,2,
UAB,nearear,bandpower,svm,10,4,42,0.7499536951287276,0.8333333333333334,723,180,2,
UAB,nearear,bandpower,decision_tree,10,4,42,0.758378078133679,0.8388888888888889,723,180,2,
UAB,nearear,bandpower,random_forest,10,4,42,0.7583333333333333,0.8388888888888889,723,180,2,
UAB,nearear,fbcsp,lda,11,0,42,0.8035545316164068,0.8691099476439791,762,191,2,
UAB,nearear,fbcsp,svm,11,0,42,0.9450133662348345,0.9633507853403142,762,191,2,
UAB,nearear,fbcsp,decision_tree,11,0,42,0.913588878835239,0.9424083769633508,762,191,2,
UAB,nearear,fbcsp,random_forest,11,0,42,0.9214638157894736,0.9476439790575916,762,191,2,
UAB,nearear,bandpower,lda,11,0,42,0.6465144972239358,0.7643979057591623,762,191,2,
UAB,nearear,bandpower,svm,11,0,42,0.8192255462738158,0.8795811518324608,762,191,2,
UAB,nearear,bandpower,decision_tree,11,0,42,0.9214508965290344,0.9476439790575916,762,191,2,
UAB,nearear,bandpower,random_forest,11,0,42,0.9214315096668038,0.9476439790575916,762,191,2,
UAB,nearear,fbcsp,lda,11,1,42,0.7405532230180292,0.8272251308900523,762,191,2,
UAB,nearear,fbcsp,svm,11,1,42,0.9293116210214656,0.9528795811518324,762,191,2,
UAB,nearear,fbcsp,decision_tree,11,1,42,0.8979113559740153,0.9319371727748692,762,191,2,
UAB,nearear,fbcsp,random_forest,11,1,42,0.9450133662348345,0.9633507853403142,762,191,2,
UAB,nearear,bandpower,lda,11,1,42,0.6461506792918896,0.7643979057591623,762,191,2,
UAB,nearear,bandpower,svm,11,1,42,0.8348431194927118,0.8900523560209425,762,191,2,
UAB,nearear,bandpower,decision_tree,11,1,42,0.905729445152799,0.93717277486911,762,191,2,
UAB,nearear,bandpower,random_forest,11,1,42,0.9607302931863976,0.9738219895287958,762,191,2,
UAB,nearear,fbcsp,lda,11,2,42,0.779663810151615,0.8534031413612565,762,191,2,
UAB,nearear,fbcsp,svm,11,2,42,0.960715754833402,0.9738219895287958,762,191,2,
UAB,nearear,fbcsp,decision_tree,11,2,42,0.890013162224416,0.9267015706806284,762,191,2,
UAB,nearear,fbcsp,random_forest,11,2,42,0.9371607172232276,0.9581151832460733,762,191,2,
UAB,nearear,bandpower,lda,11,2,42,0.7014151719598487,0.8010471204188482,762,191,2,
UAB,nearear,bandpower,svm,11,2,42,0.7796274929948903,0.8534031413612565,762,191,2,
UAB,nearear,bandpower,decision_tree,11,2,42,0.90571005430311,0.93717277486911,762,191,2,
UAB,nearear,bandpower,random_forest,11,2,42,0.9214121132323896,0.9476439790575916,762,191,2,
UAB,nearear,fbcsp,lda,11,3,42,0.7868007646912144,0.8578947368421053,763,190,2,
UAB,nearear,fbcsp,svm,11,3,42,0.913141052281606,0.9421052631578948,763,190,2,
UAB,nearear,fbcsp,decision_tree,11,3,42,0.8894706224549156,0.9263157894736842,763,190,2,
UAB,nearear,fbcsp,random_forest,11,3,42,0.9447353112274578,0.963157894736842,763,190,2,
UAB,nearear,bandpower,lda,11,3,42,0.6999667553191489,0.8,763,190,2,
UAB,nearear,bandpower,svm,11,3,42,0.8418511736307641,0.8947368421052632,763,190,2,
UAB,nearear,bandpower,decision_tree,11,3,42,0.8815953469048609,0.9210526315789472,763,190,2,
UAB,nearear,bandpower,random_forest,11,3,42,0.8973314489982542,0.9315789473684212,763,190,2,
UAB,nearear,fbcsp,lda,11,4,42,0.7945091514143094,0.8631578947368421,763,190,2,
UAB,nearear,fbcsp,svm,11,4,42,0.9368246051537822,0.9578947368421052,763,190,2,
UAB,nearear,fbcsp,decision_tree,11,4,42,0.8973485163328069,0.9315789473684212,763,190,2,
UAB,nearear,fbcsp,random_forest,11,4,42,0.9447261241792038,0.963157894736842,763,190,2,
UAB,nearear,bandpower,lda,11,4,42,0.5738494766572521,0.7157894736842105,763,190,2,
UAB,nearear,bandpower,svm,11,4,42,0.7708177356293153,0.8473684210526315,763,190,2,
UAB,nearear,bandpower,decision_tree,11,4,42,0.8579498255524174,0.9052631578947368,763,190,2,
UAB,nearear,bandpower,random_forest,11,4,42,0.9368456041216552,0.9578947368421052,763,190,2,
UAB,nearear,fbcsp,lda,12,0,42,0.708117085322815,0.8052631578947368,758,190,2,
UAB,nearear,fbcsp,svm,12,0,42,0.7396395648201977,0.8263157894736842,758,190,2,
UAB,nearear,fbcsp,decision_tree,12,0,42,0.6125837459947567,0.7421052631578947,758,190,2,
UAB,nearear,fbcsp,random_forest,12,0,42,0.7396395648201977,0.8263157894736842,758,190,2,
UAB,nearear,bandpower,lda,12,0,42,0.6849479749616548,0.7894736842105263,758,190,2,
UAB,nearear,bandpower,svm,12,0,42,0.7005888695363689,0.8,758,190,2,
UAB,nearear,bandpower,decision_tree,12,0,42,0.5978752541810184,0.7315789473684211,758,190,2,
UAB,nearear,bandpower,random_forest,12,0,42,0.7237683808257871,0.8157894736842105,758,190,2,
UAB,nearear,fbcsp,lda,12,1,42,0.7158878504672898,0.8105263157894737,758,190,2,
UAB,nearear,fbcsp,svm,12,1,42,0.7552767159714143,0.8368421052631579,758,190,2,
UAB,nearear,fbcsp,decision_tree,12,1,42,0.4949536902438012,0.6631578947368421,758,190,2,
UAB,nearear,fbcsp,random_forest,12,1,42,0.7236765561372891,0.8157894736842105,758,190,2,
UAB,nearear,bandpower,lda,12,1,42,0.6683980885102847,0.7789473684210526,758,190,2,
UAB,nearear,bandpower,svm,12,1,42,0.660474587541038,0.7736842105263158,758,190,2,
UAB,nearear,bandpower,decision_tree,12,1,42,0.5336356450472188,0.6894736842105263,758,190,2,
UAB,nearear,bandpower,random_forest,12,1,42,0.6127287853577371,0.7421052631578947,758,190,2,
UAB,nearear,fbcsp,lda,12,2,42,0.6606015287470921,0.7736842105263158,758,190,2,
UAB,nearear,fbcsp,svm,12,2,42,0.7471933471933472,0.8315789473684211,758,190,2,
UAB,nearear,fbcsp,decision_tree,12,2,42,0.5100648810514058,0.6736842105263158,758,190,2,
UAB,nearear,fbcsp,random_forest,12,2,42,0.699767132401863,0.8,758,190,2,
UAB,nearear,bandpower,lda,12,2,42,0.7238372093023255,0.8157894736842105,758,190,2,
UAB,nearear,bandpower,svm,12,2,42,0.6999667553191489,0.8,758,190,2,
UAB,nearear,bandpower,decision_tree,12,2,42,0.5264994185080578,0.6842105263157895,758,190,2,
UAB,nearear,bandpower,random_forest,12,2,42,0.6604322527015793,0.7736842105263158,758,190,2,
UAB,nearear,fbcsp,lda,12,3,42,0.7304304052353385,0.8201058201058201,759,189,2,
UAB,nearear,fbcsp,svm,12,3,42,0.7776937618147448,0.8518518518518519,759,189,2,
UAB,nearear,fbcsp,decision_tree,12,3,42,0.5396245432783167,0.6931216931216931,759,189,2,
UAB,nearear,fbcsp,random_forest,12,3,42,0.7381941820929354,0.8253968253968254,759,189,2,
UAB,nearear,bandpower,lda,12,3,42,0.82544080604534,0.8835978835978836,759,189,2,
UAB,nearear,bandpower,svm,12,3,42,0.8571788413098237,0.9047619047619048,759,189,2,
UAB,nearear,bandpower,decision_tree,12,3,42,0.7223621254092168,0.8148148148148148,759,189,2,
UAB,nearear,bandpower,random_forest,12,3,42,0.7936507936507937,0.8624338624338624,759,189,2,
UAB,nearear,fbcsp,lda,12,4,42,0.6504854368932038,0.7671957671957672,759,189,2,
UAB,nearear,fbcsp,svm,12,4,42,0.706090026478376,0.8042328042328042,759,189,2,
UAB,nearear,fbcsp,decision_tree,12,4,42,0.5308595229079893,0.6878306878306878,759,189,2,
UAB,nearear,fbcsp,random_forest,12,4,42,0.7457755359394704,0.8306878306878307,759,189,2,
UAB,nearear,bandpower,lda,12,4,42,0.713961407491487,0.8095238095238095,759,189,2,
UAB,nearear,bandpower,svm,12,4,42,0.745839636913767,0.8306878306878307,759,189,2,
UAB,nearear,bandpower,decision_tree,12,4,42,0.5794180627283032,0.7195767195767195,759,189,2,
UAB,nearear,bandpower,random_forest,12,4,42,0.6902811042480776,0.7936507936507936,759,189,2,
UAB,nearear,fbcsp,lda,13,0,42,0.5932289677994145,0.7287234042553191,752,188,2,
UAB,nearear,fbcsp,svm,13,0,42,0.64816468886904,0.7659574468085106,752,188,2,
UAB,nearear,fbcsp,decision_tree,13,0,42,0.432627731020998,0.6223404255319149,752,188,2,
UAB,nearear,fbcsp,random_forest,13,0,42,0.6482394965130125,0.7659574468085106,752,188,2,
UAB,nearear,bandpower,lda,13,0,42,0.5842830413335601,0.723404255319149,752,188,2,
UAB,nearear,bandpower,svm,13,0,42,0.5687523894481967,0.7127659574468085,752,188,2,
UAB,nearear,bandpower,decision_tree,13,0,42,0.4024410917104594,0.601063829787234,752,188,2,
UAB,nearear,bandpower,random_forest,13,0,42,0.5048638545516333,0.6702127659574468,752,188,2,
UAB,nearear,fbcsp,lda,13,1,42,0.5997615600783446,0.7340425531914894,752,188,2,
UAB,nearear,fbcsp,svm,13,1,42,0.6396319645595502,0.7606382978723404,752,188,2,
UAB,nearear,fbcsp,decision_tree,13,1,42,0.4662938011101224,0.6436170212765957,752,188,2,
UAB,nearear,fbcsp,random_forest,13,1,42,0.5916698607384694,0.7287234042553191,752,188,2,
UAB,nearear,bandpower,lda,13,1,42,0.5039155600953353,0.6702127659574468,752,188,2,
UAB,nearear,bandpower,svm,13,1,42,0.5829529456934431,0.723404255319149,752,188,2,
UAB,nearear,bandpower,decision_tree,13,1,42,0.4339510622959162,0.6223404255319149,752,188,2,
UAB,nearear,bandpower,random_forest,13,1,42,0.6076828073761764,0.7393617021276596,752,188,2,
UAB,nearear,fbcsp,lda,13,2,42,0.6237758664736439,0.75,752,188,2,
UAB,nearear,fbcsp,svm,13,2,42,0.647489985510952,0.7659574468085106,752,188,2,
UAB,nearear,fbcsp,decision_tree,13,2,42,0.3211843167240134,0.5478723404255319,752,188,2,
UAB,nearear,fbcsp,random_forest,13,2,42,0.5834860040049422,0.723404255319149,752,188,2,
UAB,nearear,bandpower,lda,13,2,42,0.4792465695048155,0.6542553191489362,752,188,2,
UAB,nearear,bandpower,svm,13,2,42,0.5032813432199779,0.6702127659574468,752,188,2,
UAB,nearear,bandpower,decision_tree,13,2,42,0.3691007178964359,0.5797872340425532,752,188,2,
UAB,nearear,bandpower,random_forest,13,2,42,0.5283211430515393,0.6861702127659575,752,188,2,
UAB,nearear,fbcsp,lda,13,3,42,0.5523999829939203,0.7021276595744681,752,188,2,
UAB,nearear,fbcsp,svm,13,3,42,0.5601123117501914,0.7074468085106383,752,188,2,
UAB,nearear,fbcsp,decision_tree,13,3,42,0.3602994343073454,0.574468085106383,752,188,2,
UAB,nearear,fbcsp,random_forest,13,3,42,0.5363156999489709,0.6914893617021277,752,188,2,
UAB,nearear,bandpower,lda,13,3,42,0.4794683932526836,0.6542553191489362,752,188,2,
UAB,nearear,bandpower,svm,13,3,42,0.5118130347792772,0.675531914893617,752,188,2,
UAB,nearear,bandpower,decision_tree,13,3,42,0.3700373260943332,0.5797872340425532,752,188,2,
UAB,nearear,bandpower,random_forest,13,3,42,0.4731433909388136,0.648936170212766,752,188,2,
UAB,nearear,fbcsp,lda,13,4,42,0.6164243815353225,0.7446808510638298,752,188,2,
UAB,nearear,fbcsp,svm,13,4,42,0.6320939334637965,0.7553191489361702,752,188,2,
UAB,nearear,fbcsp,decision_tree,13,4,42,0.3378596282780276,0.5585106382978723,752,188,2,
UAB,nearear,fbcsp,random_forest,13,4,42,0.6074320293190147,0.7393617021276596,752,188,2,
UAB,nearear,bandpower,lda,13,4,42,0.4637946447575667,0.6436170212765957,752,188,2,
UAB,nearear,bandpower,svm,13,4,42,0.4880217863069657,0.6595744680851063,752,188,2,
UAB,nearear,bandpower,decision_tree,13,4,42,0.4743709226467847,0.648936170212766,752,188,2,
UAB,nearear,bandpower,random_forest,13,4,42,0.4887831407205981,0.6595744680851063,752,188,2,
UAB,nearear,fbcsp,lda,14,0,42,0.3562150608352515,0.5706806282722513,760,191,2,
UAB,nearear,fbcsp,svm,14,0,42,0.5369792094666777,0.6910994764397905,760,191,2,
UAB,nearear,fbcsp,decision_tree,14,0,42,0.300912979108406,0.5340314136125655,760,191,2,
UAB,nearear,fbcsp,random_forest,14,0,42,0.5760614904024004,0.7172774869109948,760,191,2,
UAB,nearear,bandpower,lda,14,0,42,0.4036154478225143,0.6020942408376964,760,191,2,
UAB,nearear,bandpower,svm,14,0,42,0.5762878974611783,0.7172774869109948,760,191,2,
UAB,nearear,bandpower,decision_tree,14,0,42,0.4579888957433683,0.6387434554973822,760,191,2,
UAB,nearear,bandpower,random_forest,14,0,42,0.4975543589954375,0.6649214659685864,760,191,2,
UAB,nearear,fbcsp,lda,14,1,42,0.2739054581706405,0.5157894736842106,761,190,2,
UAB,nearear,fbcsp,svm,14,1,42,0.4488188976377952,0.631578947368421,761,190,2,
UAB,nearear,fbcsp,decision_tree,14,1,42,0.2423990696128924,0.4947368421052631,761,190,2,
UAB,nearear,fbcsp,random_forest,14,1,42,0.4483159117305458,0.631578947368421,761,190,2,
UAB,nearear,bandpower,lda,14,1,42,0.3061088977423638,0.5368421052631579,761,190,2,
UAB,nearear,bandpower,svm,14,1,42,0.4486818106450009,0.631578947368421,761,190,2,
UAB,nearear,bandpower,decision_tree,14,1,42,0.2823343848580442,0.5210526315789473,761,190,2,
UAB,nearear,bandpower,random_forest,14,1,42,0.4249108549630981,0.6157894736842106,761,190,2,
UAB,nearear,fbcsp,lda,14,2,42,0.3131959448230015,0.5421052631578948,761,190,2,
UAB,nearear,fbcsp,svm,14,2,42,0.4873817034700316,0.6578947368421053,761,190,2,
UAB,nearear,fbcsp,decision_tree,14,2,42,0.2813201429877795,0.5210526315789473,761,190,2,
UAB,nearear,fbcsp,random_forest,14,2,42,0.5189673777703993,0.6789473684210526,761,190,2,
UAB,nearear,bandpower,lda,14,2,42,0.2899850523168908,0.5263157894736842,761,190,2,
UAB,nearear,bandpower,svm,14,2,42,0.4243857901726428,0.6157894736842106,761,190,2,
UAB,nearear,bandpower,decision_tree,14,2,42,0.3681410043232457,0.5789473684210527,761,190,2,
UAB,nearear,bandpower,random_forest,14,2,42,0.4159189099368561,0.6105263157894737,761,190,2,
UAB,nearear,fbcsp,lda,14,3,42,0.3056478405315614,0.5368421052631579,761,190,2,
UAB,nearear,fbcsp,svm,14,3,42,0.4877219180355068,0.6578947368421053,761,190,2,
UAB,nearear,fbcsp,decision_tree,14,3,42,0.3050128855266439,0.5368421052631579,761,190,2,
UAB,nearear,fbcsp,random_forest,14,3,42,0.4555647840531561,0.6368421052631579,761,190,2,
UAB,nearear,bandpower,lda,14,3,42,0.3454258675078865,0.5631578947368421,761,190,2,
UAB,nearear,bandpower,svm,14,3,42,0.4797543976103551,0.6526315789473685,761,190,2,
UAB,nearear,bandpower,decision_tree,14,3,42,0.3049551047555703,0.5368421052631579,761,190,2,
UAB,nearear,bandpower,random_forest,14,3,42,0.4639449008381047,0.6421052631578947,761,190,2,
UAB,nearear,fbcsp,lda,14,4,42,0.3131959448230015,0.5421052631578948,761,190,2,
UAB,nearear,fbcsp,svm,14,4,42,0.4793223716990533,0.6526315789473685,761,190,2,
UAB,nearear,fbcsp,decision_tree,14,4,42,0.3762466755319148,0.5842105263157895,761,190,2,
UAB,nearear,fbcsp,random_forest,14,4,42,0.5108785915960804,0.6736842105263158,761,190,2,
UAB,nearear,bandpower,lda,14,4,42,0.3921136826359745,0.5947368421052631,761,190,2,
UAB,nearear,bandpower,svm,14,4,42,0.3924923179137946,0.5947368421052631,761,190,2,
UAB,nearear,bandpower,decision_tree,14,4,42,0.3764021603656002,0.5842105263157895,761,190,2,
UAB,nearear,bandpower,random_forest,14,4,42,0.4554743312842665,0.6368421052631579,761,190,2,
UAB,nearear,fbcsp,lda,15,0,42,0.713166144200627,0.8087431693989071,730,183,2,
UAB,nearear,fbcsp,svm,15,0,42,0.7375991396693105,0.825136612021858,730,183,2,
UAB,nearear,fbcsp,decision_tree,15,0,42,0.639247311827957,0.7595628415300546,730,183,2,
UAB,nearear,fbcsp,random_forest,15,0,42,0.7048254850127693,0.8032786885245902,730,183,2,
UAB,nearear,bandpower,lda,15,0,42,0.5245262733503562,0.6830601092896175,730,183,2,
UAB,nearear,bandpower,svm,15,0,42,0.5407573381133768,0.6939890710382514,730,183,2,
UAB,nearear,bandpower,decision_tree,15,0,42,0.3929532006455083,0.5956284153005464,730,183,2,
UAB,nearear,bandpower,random_forest,15,0,42,0.5572778997356749,0.7049180327868853,730,183,2,
UAB,nearear,fbcsp,lda,15,1,42,0.6886501007387509,0.7923497267759563,730,183,2,
UAB,nearear,fbcsp,svm,15,1,42,0.7213489184468629,0.8142076502732241,730,183,2,
UAB,nearear,fbcsp,decision_tree,15,1,42,0.5737513997760358,0.7158469945355191,730,183,2,
UAB,nearear,fbcsp,random_forest,15,1,42,0.7458902575587907,0.8306010928961749,730,183,2,
UAB,nearear,bandpower,lda,15,1,42,0.4429971800725124,0.6284153005464481,730,183,2,
UAB,nearear,bandpower,svm,15,1,42,0.5328078111703318,0.6885245901639344,730,183,2,
UAB,nearear,bandpower,decision_tree,15,1,42,0.4507458674909286,0.6338797814207651,730,183,2,
UAB,nearear,bandpower,random_forest,15,1,42,0.4590648513077749,0.639344262295082,730,183,2,
UAB,nearear,fbcsp,lda,15,2,42,0.6802419354838709,0.7868852459016393,730,183,2,
UAB,nearear,fbcsp,svm,15,2,42,0.7047990321279742,0.8032786885245902,730,183,2,
UAB,nearear,fbcsp,decision_tree,15,2,42,0.4752217940675687,0.6502732240437158,730,183,2,
UAB,nearear,fbcsp,random_forest,15,2,42,0.7293748599596683,0.819672131147541,730,183,2,
UAB,nearear,bandpower,lda,15,2,42,0.557337394732127,0.7049180327868853,730,183,2,
UAB,nearear,bandpower,svm,15,2,42,0.524398440650625,0.6830601092896175,730,183,2,
UAB,nearear,bandpower,decision_tree,15,2,42,0.4098360655737705,0.6065573770491803,730,183,2,
UAB,nearear,bandpower,random_forest,15,2,42,0.5819110334632442,0.7213114754098361,730,183,2,
UAB,nearear,fbcsp,lda,15,3,42,0.7610467222021007,0.8406593406593407,731,182,2,
UAB,nearear,fbcsp,svm,15,3,42,0.7445440550575024,0.8296703296703297,731,182,2,
UAB,nearear,fbcsp,decision_tree,15,3,42,0.6127659574468085,0.7417582417582418,731,182,2,
UAB,nearear,fbcsp,random_forest,15,3,42,0.7774859626879188,0.8516483516483516,731,182,2,
UAB,nearear,bandpower,lda,15,3,42,0.6212107501583567,0.7472527472527473,731,182,2,
UAB,nearear,bandpower,svm,15,3,42,0.6291096820940132,0.7527472527472527,731,182,2,
UAB,nearear,bandpower,decision_tree,15,3,42,0.472654835204636,0.6483516483516484,731,182,2,
UAB,nearear,bandpower,random_forest,15,3,42,0.5880115900036218,0.7252747252747253,731,182,2,
UAB,nearear,fbcsp,lda,15,4,42,0.711712527154236,0.8076923076923077,731,182,2,
UAB,nearear,fbcsp,svm,15,4,42,0.7527621807643543,0.8351648351648352,731,182,2,
UAB,nearear,fbcsp,decision_tree,15,4,42,0.5548913043478261,0.7032967032967034,731,182,2,
UAB,nearear,fbcsp,random_forest,15,4,42,0.6951009689395997,0.7967032967032966,731,182,2,
UAB,nearear,bandpower,lda,15,4,42,0.4649479873360471,0.6428571428571429,731,182,2,
UAB,nearear,bandpower,svm,15,4,42,0.5385729808040565,0.6923076923076923,731,182,2,
UAB,nearear,bandpower,decision_tree,15,4,42,0.4639296719231466,0.6428571428571429,731,182,2,
UAB,nearear,bandpower,random_forest,15,4,42,0.5304607585769892,0.6868131868131868,731,182,2,
UAB,nearear,fbcsp,lda,16,0,42,0.8324136174547925,0.8882978723404256,752,188,2,
UAB,nearear,fbcsp,svm,16,0,42,0.8643923964697895,0.9095744680851064,752,188,2,
UAB,nearear,fbcsp,decision_tree,16,0,42,0.8325131511963346,0.8882978723404256,752,188,2,
UAB,nearear,fbcsp,random_forest,16,0,42,0.8644269110036481,0.9095744680851064,752,188,2,
UAB,nearear,bandpower,lda,16,0,42,0.81640625,0.8776595744680851,752,188,2,
UAB,nearear,bandpower,svm,16,0,42,0.9042932292550484,0.9361702127659576,752,188,2,
UAB,nearear,bandpower,decision_tree,16,0,42,0.8883515737677102,0.925531914893617,752,188,2,
UAB,nearear,bandpower,random_forest,16,0,42,0.896308867204073,0.9308510638297872,752,188,2,
UAB,nearear,fbcsp,lda,16,1,42,0.936125031852544,0.9574468085106383,752,188,2,
UAB,nearear,fbcsp,svm,16,1,42,0.9760631525337408,0.9840425531914894,752,188,2,
UAB,nearear,fbcsp,decision_tree,16,1,42,0.8484514212982606,0.898936170212766,752,188,2,
UAB,nearear,fbcsp,random_forest,16,1,42,0.9760590882078276,0.9840425531914894,752,188,2,
UAB,nearear,bandpower,lda,16,1,42,0.8722066445747302,0.9148936170212766,752,188,2,
UAB,nearear,bandpower,svm,16,1,42,0.9680814940577248,0.9787234042553192,752,188,2,
UAB,nearear,bandpower,decision_tree,16,1,42,0.8962472406181016,0.9308510638297872,752,188,2,
UAB,nearear,bandpower,random_forest,16,1,42,0.9760570555272542,0.9840425531914894,752,188,2,
UAB,nearear,fbcsp,lda,16,2,42,0.9041712683714213,0.9361702127659576,752,188,2,
UAB,nearear,fbcsp,svm,16,2,42,0.936141304347826,0.9574468085106383,752,188,2,
UAB,nearear,fbcsp,decision_tree,16,2,42,0.8082121907676614,0.8723404255319149,752,188,2,
UAB,nearear,fbcsp,random_forest,16,2,42,0.9441188959660296,0.9627659574468084,752,188,2,
UAB,nearear,bandpower,lda,16,2,42,0.8562446898895497,0.9042553191489362,752,188,2,
UAB,nearear,bandpower,svm,16,2,42,0.9600984803463792,0.973404255319149,752,188,2,
UAB,nearear,bandpower,decision_tree,16,2,42,0.9281772646234824,0.952127659574468,752,188,2,
UAB,nearear,bandpower,random_forest,16,2,42,0.9680760740363388,0.9787234042553192,752,188,2,
UAB,nearear,fbcsp,lda,16,3,42,0.8721794926273744,0.9148936170212766,752,188,2,
UAB,nearear,fbcsp,svm,16,3,42,0.9122315592903828,0.9414893617021276,752,188,2,
UAB,nearear,fbcsp,decision_tree,16,3,42,0.7846414934238439,0.8563829787234043,752,188,2,
UAB,nearear,fbcsp,random_forest,16,3,42,0.936184657162254,0.9574468085106383,752,188,2,
UAB,nearear,bandpower,lda,16,3,42,0.8400544495490897,0.8936170212765957,752,188,2,
UAB,nearear,bandpower,svm,16,3,42,0.9521384928716904,0.9680851063829788,752,188,2,
UAB,nearear,bandpower,decision_tree,16,3,42,0.9361765329938468,0.9574468085106383,752,188,2,
UAB,nearear,bandpower,random_forest,16,3,42,0.9441497262657556,0.9627659574468084,752,188,2,
UAB,nearear,fbcsp,lda,16,4,42,0.8241646118527336,0.8829787234042553,752,188,2,
UAB,nearear,fbcsp,svm,16,4,42,0.9041834784455298,0.9361702127659576,752,188,2,
UAB,nearear,fbcsp,decision_tree,16,4,42,0.8084564442180336,0.8723404255319149,752,188,2,
UAB,nearear,fbcsp,random_forest,16,4,42,0.9042119565217392,0.9361702127659576,752,188,2,
UAB,nearear,bandpower,lda,16,4,42,0.8081387932134201,0.8723404255319149,752,188,2,
UAB,nearear,bandpower,svm,16,4,42,0.9441686818548216,0.9627659574468084,752,188,2,
UAB,nearear,bandpower,decision_tree,16,4,42,0.8802496921313007,0.9202127659574468,752,188,2,
UAB,nearear,bandpower,random_forest,16,4,42,0.9521059782608696,0.9680851063829788,752,188,2,
COGBCI,full,fbcsp,lda,1,0,42,1.0,1.0,239,60,62,
COGBCI,full,fbcsp,svm,1,0,42,1.0,1.0,239,60,62,
COGBCI,full,fbcsp,decision_tree,1,0,42,1.0,1.0,239,60,62,
COGBCI,full,fbcsp,random_forest,1,0,42,1.0,1.0,239,60,62,
COGBCI,full,bandpower,lda,1,0,42,0.85,0.9,239,60,62,
COGBCI,full,bandpower,svm,1,0,42,0.2988313856427378,0.5333333333333333,239,60,62,
COGBCI,full,bandpower,decision_tree,1,0,42,0.501039501039501,0.6666666666666666,239,60,62,
COGBCI,full,bandpower,random_forest,1,0,42,0.4488517745302715,0.6333333333333333,239,60,62,
COGBCI,full,fbcsp,lda,1,1,42,0.975,0.9833333333333332,239,60,62,
COGBCI,full,fbcsp,svm,1,1,42,0.925,0.95,239,60,62,
COGBCI,full,fbcsp,decision_tree,1,1,42,0.925,0.95,239,60,62,
COGBCI,full,fbcsp,random_forest,1,1,42,0.975,0.9833333333333332,239,60,62,
COGBCI,full,bandpower,lda,1,1,42,0.9,0.9333333333333332,239,60,62,
COGBCI,full,bandpower,svm,1,1,42,0.4,0.6,239,60,62,
COGBCI,full,bandpower,decision_tree,1,1,42,0.5,0.6666666666666666,239,60,62,
COGBCI,full,bandpower,random_forest,1,1,42,0.575,0.7166666666666667,239,60,62,
COGBCI,full,fbcsp,lda,1,2,42,1.0,1.0,239,60,62,
COGBCI,full,fbcsp,svm,1,2,42,1.0,1.0,239,60,62,
COGBCI,full,fbcsp,decision_tree,1,2,42,1.0,1.0,239,60,62,
COGBCI,full,fbcsp,random_forest,1,2,42,1.0,1.0,239,60,62,
COGBCI,full,bandpower,lda,1,2,42,0.7,0.8,239,60,62,
COGBCI,full,bandpower,svm,1,2,42,0.3,0.5333333333333333,239,60,62,
COGBCI,full,bandpower,decision_tree,1,2,42,0.25,0.5,239,60,62,
COGBCI,full,bandpower,random_forest,1,2,42,0.35,0.5666666666666667,239,60,62,
COGBCI,full,fbcsp,lda,1,3,42,0.95,0.9666666666666668,239,60,62,
COGBCI,full,fbcsp,svm,1,3,42,0.9,0.9333333333333332,239,60,62,
COGBCI,full,fbcsp,decision_tree,1,3,42,0.925,0.95,239,60,62,
COGBCI,full,fbcsp,random_forest,1,3,42,1.0,1.0,239,60,62,
COGBCI,full,bandpower,lda,1,3,42,0.75,0.8333333333333334,239,60,62,
COGBCI,full,bandpower,svm,1,3,42,0.475,0.65,239,60,62,
COGBCI,full,bandpower,decision_tree,1,3,42,0.275,0.5166666666666667,239,60,62,
COGBCI,full,bandpower,random_forest,1,3,42,0.425,0.6166666666666667,239,60,62,
COGBCI,full,fbcsp,lda,1,4,42,1.0,1.0,240,59,62,
COGBCI,full,fbcsp,svm,1,4,42,1.0,1.0,240,59,62,
COGBCI,full,fbcsp,decision_tree,1,4,42,0.9491817398794145,0.9661016949152542,240,59,62,
COGBCI,full,fbcsp,random_forest,1,4,42,1.0,1.0,240,59,62,
COGBCI,full,bandpower,lda,1,4,42,0.796551724137931,0.864406779661017,240,59,62,
COGBCI,full,bandpower,svm,1,4,42,0.2631352282515072,0.5084745762711864,240,59,62,
COGBCI,full,bandpower,decision_tree,1,4,42,0.3912295786758383,0.5932203389830508,240,59,62,
COGBCI,full,bandpower,random_forest,1,4,42,0.2909871244635194,0.5254237288135594,240,59,62,
COGBCI,full,fbcsp,lda,2,0,42,0.975,0.9833333333333332,237,60,62,
COGBCI,full,fbcsp,svm,2,0,42,0.975,0.9833333333333332,237,60,62,
COGBCI,full,fbcsp,decision_tree,2,0,42,0.95,0.9666666666666668,237,60,62,
COGBCI,full,fbcsp,random_forest,2,0,42,0.975,0.9833333333333332,237,60,62,
COGBCI,full,bandpower,lda,2,0,42,0.95,0.9666666666666668,237,60,62,
COGBCI,full,bandpower,svm,2,0,42,0.925,0.95,237,60,62,
COGBCI,full,bandpower,decision_tree,2,0,42,0.825,0.8833333333333333,237,60,62,
COGBCI,full,bandpower,random_forest,2,0,42,0.875,0.9166666666666666,237,60,62,
COGBCI,full,fbcsp,lda,2,1,42,1.0,1.0,237,60,62,
COGBCI,full,fbcsp,svm,2,1,42,0.975,0.9833333333333332,237,60,62,
COGBCI,full,fbcsp,decision_tree,2,1,42,0.925,0.95,237,60,62,
COGBCI,full,fbcsp,random_forest,2,1,42,1.0,1.0,237,60,62,
COGBCI,full,bandpower,lda,2,1,42,0.875,0.9166666666666666,237,60,62,
COGBCI,full,bandpower,svm,2,1,42,0.725,0.8166666666666667,237,60,62,
COGBCI,full,bandpower,decision_tree,2,1,42,0.725,0.8166666666666667,237,60,62,
COGBCI,full,bandpower,random_forest,2,1,42,0.725,0.8166666666666667,237,60,62,
COGBCI,full,fbcsp,lda,2,2,42,0.974579922447221,0.9830508474576272,238,59,62,
COGBCI,full,fbcsp,svm,2,2,42,0.9491379310344829,0.9661016949152542,238,59,62,
COGBCI,full,fbcsp,decision_tree,2,2,42,0.9745689655172414,0.9830508474576272,238,59,62,
COGBCI,full,fbcsp,random_forest,2,2,42,1.0,1.0,238,59,62,
COGBCI,full,bandpower,lda,2,2,42,0.923706896551724,0.9491525423728814,238,59,62,
COGBCI,full,bandpower,svm,2,2,42,0.7453603798014674,0.8305084745762712,238,59,62,
COGBCI,full,bandpower,decision_tree,2,2,42,0.7964639931004743,0.864406779661017,238,59,62,
COGBCI,full,bandpower,random_forest,2,2,42,0.7456896551724137,0.8305084745762712,238,59,62,
COGBCI,full,fbcsp,lda,2,3,42,1.0,1.0,238,59,62,
COGBCI,full,fbcsp,svm,2,3,42,1.0,1.0,238,59,62,
COGBCI,full,fbcsp,decision_tree,2,3,42,0.9745689655172414,0.9830508474576272,238,59,62,
COGBCI,full,fbcsp,random_forest,2,3,42,0.9745689655172414,0.9830508474576272,238,59,62,
COGBCI,full,bandpower,lda,2,3,42,0.9745579991375592,0.9830508474576272,238,59,62,
COGBCI,full,bandpower,svm,2,3,42,0.7713178294573644,0.847457627118644,238,59,62,
COGBCI,full,bandpower,decision_tree,2,3,42,0.6952216960826517,0.7966101694915254,238,59,62,
COGBCI,full,bandpower,random_forest,2,3,42,0.8731182795698924,0.9152542372881356,238,59,62,
COGBCI,full,fbcsp,lda,2,4,42,0.9745579991375592,0.9830508474576272,238,59,62,
COGBCI,full,fbcsp,svm,2,4,42,0.9745579991375592,0.9830508474576272,238,59,62,
COGBCI,full,fbcsp,decision_tree,2,4,42,1.0,1.0,238,59,62,
COGBCI,full,fbcsp,random_forest,2,4,42,1.0,1.0,238,59,62,
COGBCI,full,bandpower,lda,2,4,42,0.923706896551724,0.9491525423728814,238,59,62,
COGBCI,full,bandpower,svm,2,4,42,0.8218291630716135,0.8813559322033898,238,59,62,
COGBCI,full,bandpower,decision_tree,2,4,42,0.7964639931004743,0.864406779661017,238,59,62,
COGBCI,full,bandpower,random_forest,2,4,42,0.8473479948253557,0.8983050847457628,238,59,62,
COGBCI,nearear,fbcsp,lda,1,0,42,0.7251145356101625,0.8166666666666667,239,60,2,
COGBCI,nearear,fbcsp,svm,1,0,42,0.7498957899124635,0.8333333333333334,239,60,2,
COGBCI,nearear,fbcsp,decision_tree,1,0,42,0.6989966555183946,0.8,239,60,2,
COGBCI,nearear,fbcsp,random_forest,1,0,42,0.725,0.8166666666666667,239,60,2,
COGBCI,nearear,bandpower,lda,1,0,42,-0.1245314452311536,0.25,239,60,2,
COGBCI,nearear,bandpower,svm,1,0,42,0.0726817042606515,0.3833333333333333,239,60,2,
COGBCI,nearear,bandpower,decision_tree,1,0,42,-0.0513141426783478,0.3,239,60,2,
COGBCI,nearear,bandpower,random_forest,1,0,42,0.0984974958263772,0.4,239,60,2,
COGBCI,nearear,fbcsp,lda,1,1,42,0.625,0.75,239,60,2,
COGBCI,nearear,fbcsp,svm,1,1,42,0.675,0.7833333333333333,239,60,2,
COGBCI,nearear,fbcsp,decision_tree,1,1,42,0.525,0.6833333333333333,239,60,2,
COGBCI,nearear,fbcsp,random_forest,1,1,42,0.675,0.7833333333333333,239,60,2,
COGBCI,nearear,bandpower,lda,1,1,42,0.0749999999999999,0.3833333333333333,239,60,2,
COGBCI,nearear,bandpower,svm,1,1,42,0.3,0.5333333333333333,239,60,2,
COGBCI,nearear,bandpower,decision_tree,1,1,42,0.025,0.35,239,60,2,
COGBCI,nearear,bandpower,random_forest,1,1,42,0.275,0.5166666666666667,239,60,2,
COGBCI,nearear,fbcsp,lda,1,2,42,0.5,0.6666666666666666,239,60,2,
COGBCI,nearear,fbcsp,svm,1,2,42,0.625,0.75,239,60,2,
COGBCI,nearear,fbcsp,decision_tree,1,2,42,0.525,0.6833333333333333,239,60,2,
COGBCI,nearear,fbcsp,random_forest,1,2,42,0.575,0.7166666666666667,239,60,2,
COGBCI,nearear,bandpower,lda,1,2,42,0.2249999999999999,0.4833333333333333,239,60,2,
COGBCI,nearear,bandpower,svm,1,2,42,0.1999999999999999,0.4666666666666667,239,60,2,
COGBCI,nearear,bandpower,decision_tree,1,2,42,0.0999999999999999,0.4,239,60,2,
COGBCI,nearear,bandpower,random_forest,1,2,42,0.1999999999999999,0.4666666666666667,239,60,2,
COGBCI,nearear,fbcsp,lda,1,3,42,0.6,0.7333333333333333,239,60,2,
COGBCI,nearear,fbcsp,svm,1,3,42,0.7,0.8,239,60,2,
COGBCI,nearear,fbcsp,decision_tree,1,3,42,0.5,0.6666666666666666,239,60,2,
COGBCI,nearear,fbcsp,random_forest,1,3,42,0.675,0.7833333333333333,239,60,2,
COGBCI,nearear,bandpower,lda,1,3,42,0.0999999999999999,0.4,239,60,2,
COGBCI,nearear,bandpower,svm,1,3,42,0.1999999999999999,0.4666666666666667,239,60,2,
COGBCI,nearear,bandpower,decision_tree,1,3,42,0.3,0.5333333333333333,239,60,2,
COGBCI,nearear,bandpower,random_forest,1,3,42,0.2249999999999999,0.4833333333333333,239,60,2,
COGBCI,nearear,fbcsp,lda,1,4,42,0.6185344827586208,0.7457627118644068,240,59,2,
COGBCI,nearear,fbcsp,svm,1,4,42,0.7202586206896551,0.8135593220338984,240,59,2,
COGBCI,nearear,fbcsp,decision_tree,1,4,42,0.5410544511668107,0.6949152542372882,240,59,2,
COGBCI,nearear,fbcsp,random_forest,1,4,42,0.7197754749568221,0.8135593220338984,240,59,2,
COGBCI,nearear,bandpower,lda,1,4,42,0.0319516407599308,0.3559322033898305,240,59,2,
COGBCI,nearear,bandpower,svm,1,4,42,0.1076058772687985,0.4067796610169492,240,59,2,
COGBCI,nearear,bandpower,decision_tree,1,4,42,0.0385934819897084,0.3559322033898305,240,59,2,
COGBCI,nearear,bandpower,random_forest,1,4,42,0.3115816767502162,0.5423728813559322,240,59,2,
COGBCI,nearear,fbcsp,lda,2,0,42,0.75,0.8333333333333334,237,60,2,
COGBCI,nearear,fbcsp,svm,2,0,42,0.775,0.85,237,60,2,
COGBCI,nearear,fbcsp,decision_tree,2,0,42,0.625,0.75,237,60,2,
COGBCI,nearear,fbcsp,random_forest,2,0,42,0.725,0.8166666666666667,237,60,2,
COGBCI,nearear,bandpower,lda,2,0,42,0.725,0.8166666666666667,237,60,2,
COGBCI,nearear,bandpower,svm,2,0,42,0.775,0.85,237,60,2,
COGBCI,nearear,bandpower,decision_tree,2,0,42,0.725,0.8166666666666667,237,60,2,
COGBCI,nearear,bandpower,random_forest,2,0,42,0.825,0.8833333333333333,237,60,2,
COGBCI,nearear,fbcsp,lda,2,1,42,0.65,0.7666666666666667,237,60,2,
COGBCI,nearear,fbcsp,svm,2,1,42,0.625,0.75,237,60,2,
COGBCI,nearear,fbcsp,decision_tree,2,1,42,0.4499999999999999,0.6333333333333333,237,60,2,
COGBCI,nearear,fbcsp,random_forest,2,1,42,0.625,0.75,237,60,2,
COGBCI,nearear,bandpower,lda,2,1,42,0.575,0.7166666666666667,237,60,2,
COGBCI,nearear,bandpower,svm,2,1,42,0.575,0.7166666666666667,237,60,2,
COGBCI,nearear,bandpower,decision_tree,2,1,42,0.6,0.7333333333333333,237,60,2,
COGBCI,nearear,bandpower,random_forest,2,1,42,0.65,0.7666666666666667,237,60,2,
COGBCI,nearear,fbcsp,lda,2,2,42,0.7459086993970714,0.8305084745762712,238,59,2,
COGBCI,nearear,fbcsp,svm,2,2,42,0.7201379905131522,0.8135593220338984,238,59,2,
COGBCI,nearear,fbcsp,decision_tree,2,2,42,0.5661764705882353,0.711864406779661,238,59,2,
COGBCI,nearear,fbcsp,random_forest,2,2,42,0.7708243418213206,0.847457627118644,238,59,2,
COGBCI,nearear,bandpower,lda,2,2,42,0.5934539190353143,0.7288135593220338,238,59,2,
COGBCI,nearear,bandpower,svm,2,2,42,0.6433506044905009,0.7627118644067796,238,59,2,
COGBCI,nearear,bandpower,decision_tree,2,2,42,0.644425312096427,0.7627118644067796,238,59,2,
COGBCI,nearear,bandpower,random_forest,2,2,42,0.7450302506482283,0.8305084745762712,238,59,2,
COGBCI,nearear,fbcsp,lda,2,3,42,0.7714162720619888,0.847457627118644,238,59,2,
COGBCI,nearear,fbcsp,svm,2,3,42,0.7716129032258064,0.847457627118644,238,59,2,
COGBCI,nearear,fbcsp,decision_tree,2,3,42,0.6954838709677419,0.7966101694915254,238,59,2,
COGBCI,nearear,fbcsp,random_forest,2,3,42,0.8728996122361051,0.9152542372881356,238,59,2,
COGBCI,nearear,bandpower,lda,2,3,42,0.7714162720619888,0.847457627118644,238,59,2,
COGBCI,nearear,bandpower,svm,2,3,42,0.7711206896551724,0.847457627118644,238,59,2,
COGBCI,nearear,bandpower,decision_tree,2,3,42,0.6693965517241379,0.7796610169491526,238,59,2,
COGBCI,nearear,bandpower,random_forest,2,3,42,0.7964639931004743,0.864406779661017,238,59,2,
COGBCI,nearear,fbcsp,lda,2,4,42,0.7460180800688765,0.8305084745762712,238,59,2,
COGBCI,nearear,fbcsp,svm,2,4,42,0.6952216960826517,0.7966101694915254,238,59,2,
COGBCI,nearear,fbcsp,decision_tree,2,4,42,0.6949590693666523,0.7966101694915254,238,59,2,
COGBCI,nearear,fbcsp,random_forest,2,4,42,0.7457992244722103,0.8305084745762712,238,59,2,
COGBCI,nearear,bandpower,lda,2,4,42,0.6695389918138733,0.7796610169491526,238,59,2,
COGBCI,nearear,bandpower,svm,2,4,42,0.7453603798014674,0.8305084745762712,238,59,2,
COGBCI,nearear,bandpower,decision_tree,2,4,42,0.6945642795513374,0.7966101694915254,238,59,2,
COGBCI,nearear,bandpower,random_forest,2,4,42,0.7453603798014674,0.8305084745762712,238,59,2,
COGBCI,full,fbcsp,lda,3,0,42,1.0,1.0,241,61,62,
COGBCI,full,fbcsp,svm,3,0,42,1.0,1.0,241,61,62,
COGBCI,full,fbcsp,decision_tree,3,0,42,0.9754032258064516,0.9836065573770492,241,61,62,
COGBCI,full,fbcsp,random_forest,3,0,42,1.0,1.0,241,61,62,
COGBCI,full,bandpower,lda,3,0,42,0.9753833736884584,0.9836065573770492,241,61,62,
COGBCI,full,bandpower,svm,3,0,42,0.9261501210653753,0.9508196721311475,241,61,62,
COGBCI,full,bandpower,decision_tree,3,0,42,0.8772141706924316,0.9180327868852459,241,61,62,
COGBCI,full,bandpower,random_forest,3,0,42,0.9507269789983845,0.9672131147540983,241,61,62,
COGBCI,full,fbcsp,lda,3,1,42,1.0,1.0,241,61,62,
COGBCI,full,fbcsp,svm,3,1,42,0.9754032258064516,0.9836065573770492,241,61,62,
COGBCI,full,fbcsp,decision_tree,3,1,42,0.9753634894991923,0.9836065573770492,241,61,62,
COGBCI,full,fbcsp,random_forest,3,1,42,0.9753634894991923,0.9836065573770492,241,61,62,
COGBCI,full,bandpower,lda,3,1,42,0.9507667473769169,0.9672131147540983,241,61,62,
COGBCI,full,bandpower,svm,3,1,42,0.9015334947538337,0.9344262295081968,241,61,62,
COGBCI,full,bandpower,decision_tree,3,1,42,0.8521809369951534,0.9016393442622951,241,61,62,
COGBCI,full,bandpower,random_forest,3,1,42,0.8767178658043654,0.9180327868852459,241,61,62,
COGBCI,full,fbcsp,lda,3,2,42,1.0,1.0,242,60,62,
COGBCI,full,fbcsp,svm,3,2,42,1.0,1.0,242,60,62,
COGBCI,full,fbcsp,decision_tree,3,2,42,1.0,1.0,242,60,62,
COGBCI,full,fbcsp,random_forest,3,2,42,1.0,1.0,242,60,62,
COGBCI,full,bandpower,lda,3,2,42,0.95,0.9666666666666667,242,60,62,
COGBCI,full,bandpower,svm,3,2,42,0.825,0.8833333333333333,242,60,62,
COGBCI,full,bandpower,decision_tree,3,2,42,0.85,0.9,242,60,62,
COGBCI,full,bandpower,random_forest,3,2,42,0.9,0.9333333333333333,242,60,62,
COGBCI,full,fbcsp,lda,3,3,42,1.0,1.0,242,60,62,
COGBCI,full,fbcsp,svm,3,3,42,1.0,1.0,242,60,62,
COGBCI,full,fbcsp,decision_tree,3,3,42,1.0,1.0,242,60,62,
COGBCI,full,fbcsp,random_forest,3,3,42,1.0,1.0,242,60,62,
COGBCI,full,bandpower,lda,3,3,42,0.95,0.9666666666666667,242,60,62,
COGBCI,full,bandpower,svm,3,3,42,0.825,0.8833333333333333,242,60,62,
COGBCI,full,bandpower,decision_tree,3,3,42,0.7,0.8,242,60,62,
COGBCI,full,bandpower,random_forest,3,3,42,0.85,0.9,242,60,62,
COGBCI,full,fbcsp,lda,3,4,42,1.0,1.0,242,60,62,
COGBCI,full,fbcsp,svm,3,4,42,0.925,0.95,242,60,62,
COGBCI,full,fbcsp,decision_tree,3,4,42,0.975,0.9833333333333333,242,60,62,
COGBCI,full,fbcsp,random_forest,3,4,42,1.0,1.0,242,60,62,
COGBCI,full,bandpower,lda,3,4,42,0.95,0.9666666666666667,242,60,62,
COGBCI,full,bandpower,svm,3,4,42,0.8,0.8666666666666667,242,60,62,
COGBCI,full,bandpower,decision_tree,3,4,42,0.825,0.8833333333333333,242,60,62,
COGBCI,full,bandpower,random_forest,3,4,42,0.875,0.9166666666666666,242,60,62,
COGBCI,full,fbcsp,lda,4,0,42,1.0,1.0,240,60,62,
COGBCI,full,fbcsp,svm,4,0,42,1.0,1.0,240,60,62,
COGBCI,full,fbcsp,decision_tree,4,0,42,0.975,0.9833333333333333,240,60,62,
COGBCI,full,fbcsp,random_forest,4,0,42,1.0,1.0,240,60,62,
COGBCI,full,bandpower,lda,4,0,42,0.8,0.8666666666666667,240,60,62,
COGBCI,full,bandpower,svm,4,0,42,0.625,0.75,240,60,62,
COGBCI,full,bandpower,decision_tree,4,0,42,0.55,0.7,240,60,62,
COGBCI,full,bandpower,random_forest,4,0,42,0.65,0.7666666666666667,240,60,62,
COGBCI,full,fbcsp,lda,4,1,42,0.975,0.9833333333333333,240,60,62,
COGBCI,full,fbcsp,svm,4,1,42,1.0,1.0,240,60,62,
COGBCI,full,fbcsp,decision_tree,4,1,42,1.0,1.0,240,60,62,
COGBCI,full,fbcsp,random_forest,4,1,42,1.0,1.0,240,60,62,
COGBCI,full,bandpower,lda,4,1,42,0.75,0.8333333333333334,240,60,62,
COGBCI,full,bandpower,svm,4,1,42,0.525,0.6833333333333333,240,60,62,
COGBCI,full,bandpower,decision_tree,4,1,42,0.4,0.6,240,60,62,
COGBCI,full,bandpower,random_forest,4,1,42,0.575,0.7166666666666667,240,60,62,
COGBCI,full,fbcsp,lda,4,2,42,1.0,1.0,240,60,62,
COGBCI,full,fbcsp,svm,4,2,42,1.0,1.0,240,60,62,
COGBCI,full,fbcsp,decision_tree,4,2,42,1.0,1.0,240,60,62,
COGBCI,full,fbcsp,random_forest,4,2,42,1.0,1.0,240,60,62,
COGBCI,full,bandpower,lda,4,2,42,0.8241942235244872,0.8833333333333333,240,60,62,
COGBCI,full,bandpower,svm,4,2,42,0.5236105307145842,0.6833333333333333,240,60,62,
COGBCI,full,bandpower,decision_tree,4,2,42,0.39824488090263266,0.6,240,60,62,
COGBCI,full,bandpower,random_forest,4,2,42,0.5484949832775918,0.7,240,60,62,
COGBCI,full,fbcsp,lda,4,3,42,1.0,1.0,240,60,62,
COGBCI,full,fbcsp,svm,4,3,42,1.0,1.0,240,60,62,
COGBCI,full,fbcsp,decision_tree,4,3,42,1.0,1.0,240,60,62,
COGBCI,full,fbcsp,random_forest,4,3,42,1.0,1.0,240,60,62,
COGBCI,full,bandpower,lda,4,3,42,0.6243739565943239,0.75,240,60,62,
COGBCI,full,bandpower,svm,4,3,42,0.5484949832775918,0.7,240,60,62,
COGBCI,full,bandpower,decision_tree,4,3,42,0.37552039966694417,0.5833333333333334,240,60,62,
COGBCI,full,bandpower,random_forest,4,3,42,0.5251978342357351,0.6833333333333333,240,60,62,
COGBCI,full,fbcsp,lda,4,4,42,0.9749895789912464,0.9833333333333333,240,60,62,
COGBCI,full,fbcsp,svm,4,4,42,0.9749895789912464,0.9833333333333333,240,60,62,
COGBCI,full,fbcsp,decision_tree,4,4,42,0.9500208246563931,0.9666666666666667,240,60,62,
COGBCI,full,fbcsp,random_forest,4,4,42,1.0,1.0,240,60,62,
COGBCI,full,bandpower,lda,4,4,42,0.5498124218424343,0.7,240,60,62,
COGBCI,full,bandpower,svm,4,4,42,0.44931163954943687,0.6333333333333333,240,60,62,
COGBCI,full,bandpower,decision_tree,4,4,42,0.4974874371859296,0.6666666666666666,240,60,62,
COGBCI,full,bandpower,random_forest,4,4,42,0.5486836606769745,0.7,240,60,62,
COGBCI,full,fbcsp,lda,5,0,42,1.0,1.0,208,53,62,
COGBCI,full,fbcsp,svm,5,0,42,1.0,1.0,208,53,62,
COGBCI,full,fbcsp,decision_tree,5,0,42,1.0,1.0,208,53,62,
COGBCI,full,fbcsp,random_forest,5,0,42,1.0,1.0,208,53,62,
COGBCI,full,bandpower,lda,5,0,42,0.6890666666666667,0.7924528301886793,208,53,62,
COGBCI,full,bandpower,svm,5,0,42,0.3197860962566844,0.5471698113207547,208,53,62,
COGBCI,full,bandpower,decision_tree,5,0,42,0.094983991462113,0.39622641509433965,208,53,62,
COGBCI,full,bandpower,random_forest,5,0,42,0.34777956126270737,0.5660377358490566,208,53,62,
COGBCI,full,fbcsp,lda,5,1,42,1.0,1.0,209,52,62,
COGBCI,full,fbcsp,svm,5,1,42,0.9134295227524972,0.9423076923076923,209,52,62,
COGBCI,full,fbcsp,decision_tree,5,1,42,1.0,1.0,209,52,62,
COGBCI,full,fbcsp,random_forest,5,1,42,1.0,1.0,209,52,62,
COGBCI,full,bandpower,lda,5,1,42,0.7398554752640356,0.8269230769230769,209,52,62,
COGBCI,full,bandpower,svm,5,1,42,0.36479733481399224,0.5769230769230769,209,52,62,
COGBCI,full,bandpower,decision_tree,5,1,42,0.39265850945494996,0.5961538461538461,209,52,62,
COGBCI,full,bandpower,random_forest,5,1,42,0.4231835829173599,0.6153846153846154,209,52,62,
COGBCI,full,fbcsp,lda,5,2,42,1.0,1.0,209,52,62,
COGBCI,full,fbcsp,svm,5,2,42,1.0,1.0,209,52,62,
COGBCI,full,fbcsp,decision_tree,5,2,42,1.0,1.0,209,52,62,
COGBCI,full,fbcsp,random_forest,5,2,42,1.0,1.0,209,52,62,
COGBCI,full,bandpower,lda,5,2,42,0.7694013303769401,0.8461538461538461,209,52,62,
COGBCI,full,bandpower,svm,5,2,42,0.3074361820199778,0.5384615384615384,209,52,62,
COGBCI,full,bandpower,decision_tree,5,2,42,0.2773763201778765,0.5192307692307693,209,52,62,
COGBCI,full,bandpower,random_forest,5,2,42,0.4814404432132964,0.6538461538461539,209,52,62,
COGBCI,full,fbcsp,lda,5,3,42,1.0,1.0,209,52,62,
COGBCI,full,fbcsp,svm,5,3,42,1.0,1.0,209,52,62,
COGBCI,full,fbcsp,decision_tree,5,3,42,1.0,1.0,209,52,62,
COGBCI,full,fbcsp,random_forest,5,3,42,1.0,1.0,209,52,62,
COGBCI,full,bandpower,lda,5,3,42,0.710789766407119,0.8076923076923077,209,52,62,
COGBCI,full,bandpower,svm,5,3,42,0.5044843049327354,0.6730769230769231,209,52,62,
COGBCI,full,bandpower,decision_tree,5,3,42,0.1400220507166483,0.4230769230769231,209,52,62,
COGBCI,full,bandpower,random_forest,5,3,42,0.5357142857142858,0.6923076923076923,209,52,62,
COGBCI,full,fbcsp,lda,5,4,42,1.0,1.0,209,52,62,
COGBCI,full,fbcsp,svm,5,4,42,1.0,1.0,209,52,62,
COGBCI,full,fbcsp,decision_tree,5,4,42,1.0,1.0,209,52,62,
COGBCI,full,fbcsp,random_forest,5,4,42,1.0,1.0,209,52,62,
COGBCI,full,bandpower,lda,5,4,42,0.7686318131256952,0.8461538461538461,209,52,62,
COGBCI,full,bandpower,svm,5,4,42,0.5661846496106786,0.7115384615384616,209,52,62,
COGBCI,full,bandpower,decision_tree,5,4,42,0.3672566371681417,0.5769230769230769,209,52,62,
COGBCI,full,bandpower,random_forest,5,4,42,0.6811594202898551,0.7884615384615384,209,52,62,
COGBCI,full,fbcsp,lda,6,0,42,0.8235294117647058,0.8823529411764706,202,51,62,
COGBCI,full,fbcsp,svm,6,0,42,0.9705882352941176,0.9803921568627451,202,51,62,
COGBCI,full,fbcsp,decision_tree,6,0,42,0.7352941176470589,0.8235294117647058,202,51,62,
COGBCI,full,fbcsp,random_forest,6,0,42,0.8823529411764706,0.9215686274509803,202,51,62,
COGBCI,full,bandpower,lda,6,0,42,0.8529411764705882,0.9019607843137255,202,51,62,
COGBCI,full,bandpower,svm,6,0,42,0.7647058823529411,0.8431372549019608,202,51,62,
COGBCI,full,bandpower,decision_tree,6,0,42,0.7352941176470589,0.8235294117647058,202,51,62,
COGBCI,full,bandpower,random_forest,6,0,42,0.7058823529411764,0.803921568627451,202,51,62,
COGBCI,full,fbcsp,lda,6,1,42,0.9411764705882353,0.9607843137254902,202,51,62,
COGBCI,full,fbcsp,svm,6,1,42,0.9705882352941176,0.9803921568627451,202,51,62,
COGBCI,full,fbcsp,decision_tree,6,1,42,0.7647058823529411,0.8431372549019608,202,51,62,
COGBCI,full,fbcsp,random_forest,6,1,42,1.0,1.0,202,51,62,
COGBCI,full,bandpower,lda,6,1,42,0.8529411764705882,0.9019607843137255,202,51,62,
COGBCI,full,bandpower,svm,6,1,42,0.8235294117647058,0.8823529411764706,202,51,62,
COGBCI,full,bandpower,decision_tree,6,1,42,0.7058823529411764,0.803921568627451,202,51,62,
COGBCI,full,bandpower,random_forest,6,1,42,0.8529411764705882,0.9019607843137255,202,51,62,
COGBCI,full,fbcsp,lda,6,2,42,0.9705882352941176,0.9803921568627451,202,51,62,
COGBCI,full,fbcsp,svm,6,2,42,0.8823529411764706,0.9215686274509803,202,51,62,
COGBCI,full,fbcsp,decision_tree,6,2,42,0.7941176470588236,0.8627450980392157,202,51,62,
COGBCI,full,fbcsp,random_forest,6,2,42,0.9117647058823529,0.9411764705882353,202,51,62,
COGBCI,full,bandpower,lda,6,2,42,0.8529411764705882,0.9019607843137255,202,51,62,
COGBCI,full,bandpower,svm,6,2,42,0.6176470588235294,0.7450980392156863,202,51,62,
COGBCI,full,bandpower,decision_tree,6,2,42,0.7352941176470589,0.8235294117647058,202,51,62,
COGBCI,full,bandpower,random_forest,6,2,42,0.7647058823529411,0.8431372549019608,202,51,62,
COGBCI,full,fbcsp,lda,6,3,42,0.9098015634395671,0.94,203,50,62,
COGBCI,full,fbcsp,svm,6,3,42,0.9098015634395671,0.94,203,50,62,
COGBCI,full,fbcsp,decision_tree,6,3,42,0.7607655502392344,0.84,203,50,62,
COGBCI,full,fbcsp,random_forest,6,3,42,0.8798076923076923,0.92,203,50,62,
COGBCI,full,bandpower,lda,6,3,42,0.8200359928014398,0.88,203,50,62,
COGBCI,full,bandpower,svm,6,3,42,0.6392062537582681,0.76,203,50,62,
COGBCI,full,bandpower,decision_tree,6,3,42,0.670263788968825,0.78,203,50,62,
COGBCI,full,bandpower,random_forest,6,3,42,0.7597597597597597,0.84,203,50,62,
COGBCI,full,fbcsp,lda,6,4,42,0.9399759903961584,0.96,203,50,62,
COGBCI,full,fbcsp,svm,6,4,42,0.9100179964007199,0.94,203,50,62,
COGBCI,full,fbcsp,decision_tree,6,4,42,0.8198198198198198,0.88,203,50,62,
COGBCI,full,fbcsp,random_forest,6,4,42,0.8498498498498499,0.9,203,50,62,
COGBCI,full,bandpower,lda,6,4,42,0.8497596153846154,0.9,203,50,62,
COGBCI,full,bandpower,svm,6,4,42,0.670263788968825,0.78,203,50,62,
COGBCI,full,bandpower,decision_tree,6,4,42,0.7896634615384616,0.86,203,50,62,
COGBCI,full,bandpower,random_forest,6,4,42,0.8201438848920863,0.88,203,50,62,
COGBCI,full,fbcsp,lda,7,0,42,1.0,1.0,206,52,62,
COGBCI,full,fbcsp,svm,7,0,42,0.9422863485016648,0.9615384615384616,206,52,62,
COGBCI,full,fbcsp,decision_tree,7,0,42,1.0,1.0,206,52,62,
COGBCI,full,fbcsp,random_forest,7,0,42,1.0,1.0,206,52,62,
COGBCI,full,bandpower,lda,7,0,42,0.9711271515824542,0.9807692307692307,206,52,62,
COGBCI,full,bandpower,svm,7,0,42,0.8269550748752079,0.8846153846153846,206,52,62,
COGBCI,full,bandpower,decision_tree,7,0,42,0.9134295227524972,0.9423076923076923,206,52,62,
COGBCI,full,bandpower,random_forest,7,0,42,0.8845086063298168,0.9230769230769231,206,52,62,
COGBCI,full,fbcsp,lda,7,1,42,1.0,1.0,206,52,62,
COGBCI,full,fbcsp,svm,7,1,42,0.9711431742508324,0.9807692307692307,206,52,62,
COGBCI,full,fbcsp,decision_tree,7,1,42,0.9134295227524972,0.9423076923076923,206,52,62,
COGBCI,full,fbcsp,random_forest,7,1,42,1.0,1.0,206,52,62,
COGBCI,full,bandpower,lda,7,1,42,1.0,1.0,206,52,62,
COGBCI,full,bandpower,svm,7,1,42,0.855715871254162,0.9038461538461539,206,52,62,
COGBCI,full,bandpower,decision_tree,7,1,42,0.9422863485016648,0.9615384615384616,206,52,62,
COGBCI,full,bandpower,random_forest,7,1,42,0.9711431742508324,0.9807692307692307,206,52,62,
COGBCI,full,fbcsp,lda,7,2,42,0.9420935412026726,0.9615384615384616,206,52,62,
COGBCI,full,fbcsp,svm,7,2,42,0.9132851584213452,0.9423076923076923,206,52,62,
COGBCI,full,fbcsp,decision_tree,7,2,42,0.913091922005571,0.9423076923076923,206,52,62,
COGBCI,full,fbcsp,random_forest,7,2,42,0.9710628825820813,0.9807692307692307,206,52,62,
COGBCI,full,bandpower,lda,7,2,42,0.9710628825820813,0.9807692307692307,206,52,62,
COGBCI,full,bandpower,svm,7,2,42,0.7966480446927374,0.8653846153846154,206,52,62,
COGBCI,full,bandpower,decision_tree,7,2,42,0.9133814547473625,0.9423076923076923,206,52,62,
COGBCI,full,bandpower,random_forest,7,2,42,0.8845086063298168,0.9230769230769231,206,52,62,
COGBCI,full,fbcsp,lda,7,3,42,0.9115095430884904,0.9411764705882353,207,51,62,
COGBCI,full,fbcsp,svm,7,3,42,0.8525159051474841,0.9019607843137255,207,51,62,
COGBCI,full,fbcsp,decision_tree,7,3,42,0.8819444444444444,0.9215686274509803,207,51,62,
COGBCI,full,fbcsp,random_forest,7,3,42,0.8525159051474841,0.9019607843137255,207,51,62,
COGBCI,full,bandpower,lda,7,3,42,0.9705372616984402,0.9803921568627451,207,51,62,
COGBCI,full,bandpower,svm,7,3,42,0.8227114716106605,0.8823529411764706,207,51,62,
COGBCI,full,bandpower,decision_tree,7,3,42,0.941108545034642,0.9607843137254902,207,51,62,
COGBCI,full,bandpower,random_forest,7,3,42,0.911662817551963,0.9411764705882353,207,51,62,
COGBCI,full,fbcsp,lda,7,4,42,0.8820809248554913,0.9215686274509803,207,51,62,
COGBCI,full,fbcsp,svm,7,4,42,0.8523451071221771,0.9019607843137255,207,51,62,
COGBCI,full,fbcsp,decision_tree,7,4,42,0.9117137911136757,0.9411764705882353,207,51,62,
COGBCI,full,fbcsp,random_forest,7,4,42,0.9116117850953206,0.9411764705882353,207,51,62,
COGBCI,full,bandpower,lda,7,4,42,0.8819444444444444,0.9215686274509803,207,51,62,
COGBCI,full,bandpower,svm,7,4,42,0.7925624636839047,0.8627450980392157,207,51,62,
COGBCI,full,bandpower,decision_tree,7,4,42,0.8821490467937608,0.9215686274509803,207,51,62,
COGBCI,full,bandpower,random_forest,7,4,42,0.7634782608695653,0.8431372549019608,207,51,62,
COGBCI,full,fbcsp,lda,8,0,42,0.9705882352941176,0.9803921568627451,204,51,62,
COGBCI,full,fbcsp,svm,8,0,42,0.9705882352941176,0.9803921568627451,204,51,62,
COGBCI,full,fbcsp,decision_tree,8,0,42,0.9705882352941176,0.9803921568627451,204,51,62,
COGBCI,full,fbcsp,random_forest,8,0,42,1.0,1.0,204,51,62,
COGBCI,full,bandpower,lda,8,0,42,0.8823529411764706,0.9215686274509803,204,51,62,
COGBCI,full,bandpower,svm,8,0,42,0.7647058823529411,0.8431372549019608,204,51,62,
COGBCI,full,bandpower,decision_tree,8,0,42,0.8529411764705882,0.9019607843137255,204,51,62,
COGBCI,full,bandpower,random_forest,8,0,42,0.7941176470588236,0.8627450980392157,204,51,62,
COGBCI,full,fbcsp,lda,8,1,42,0.9115095430884904,0.9411764705882353,204,51,62,
COGBCI,full,fbcsp,svm,8,1,42,0.9115095430884904,0.9411764705882353,204,51,62,
COGBCI,full,fbcsp,decision_tree,8,1,42,1.0,1.0,204,51,62,
COGBCI,full,fbcsp,random_forest,8,1,42,1.0,1.0,204,51,62,
COGBCI,full,bandpower,lda,8,1,42,0.79399884593191,0.8627450980392157,204,51,62,
COGBCI,full,bandpower,svm,8,1,42,0.6452173913043479,0.7647058823529411,204,51,62,
COGBCI,full,bandpower,decision_tree,8,1,42,0.6745939675174013,0.7843137254901961,204,51,62,
COGBCI,full,bandpower,random_forest,8,1,42,0.7040046430644225,0.803921568627451,204,51,62,
COGBCI,full,fbcsp,lda,8,2,42,0.9705202312138729,0.9803921568627451,204,51,62,
COGBCI,full,fbcsp,svm,8,2,42,0.941108545034642,0.9607843137254902,204,51,62,
COGBCI,full,fbcsp,decision_tree,8,2,42,1.0,1.0,204,51,62,
COGBCI,full,fbcsp,random_forest,8,2,42,1.0,1.0,204,51,62,
COGBCI,full,bandpower,lda,8,2,42,0.7052023121387283,0.803921568627451,204,51,62,
COGBCI,full,bandpower,svm,8,2,42,0.6757225433526012,0.7843137254901961,204,51,62,
COGBCI,full,bandpower,decision_tree,8,2,42,0.6472622478386167,0.7647058823529411,204,51,62,
COGBCI,full,bandpower,random_forest,8,2,42,0.6160972785176606,0.7450980392156863,204,51,62,
COGBCI,full,fbcsp,lda,8,3,42,0.9412442396313364,0.9607843137254902,204,51,62,
COGBCI,full,fbcsp,svm,8,3,42,0.8824884792626728,0.9215686274509803,204,51,62,
COGBCI,full,fbcsp,decision_tree,8,3,42,0.9705882352941176,0.9803921568627451,204,51,62,
COGBCI,full,fbcsp,random_forest,8,3,42,0.9705882352941176,0.9803921568627451,204,51,62,
COGBCI,full,bandpower,lda,8,3,42,0.7944732297063903,0.8627450980392157,204,51,62,
COGBCI,full,bandpower,svm,8,3,42,0.7055427251732102,0.803921568627451,204,51,62,
COGBCI,full,bandpower,decision_tree,8,3,42,0.7053726169844021,0.803921568627451,204,51,62,
COGBCI,full,bandpower,random_forest,8,3,42,0.7348353552859619,0.8235294117647058,204,51,62,
COGBCI,full,fbcsp,lda,8,4,42,1.0,1.0,204,51,62,
COGBCI,full,fbcsp,svm,8,4,42,1.0,1.0,204,51,62,
COGBCI,full,fbcsp,decision_tree,8,4,42,1.0,1.0,204,51,62,
COGBCI,full,fbcsp,random_forest,8,4,42,1.0,1.0,204,51,62,
COGBCI,full,bandpower,lda,8,4,42,0.8820809248554913,0.9215686274509803,204,51,62,
COGBCI,full,bandpower,svm,8,4,42,0.6185270425776754,0.7450980392156863,204,51,62,
COGBCI,full,bandpower,decision_tree,8,4,42,0.6464471403812825,0.7647058823529411,204,51,62,
COGBCI,full,bandpower,random_forest,8,4,42,0.794236311239193,0.8627450980392157,204,51,62,
COGBCI,full,fbcsp,lda,9,0,42,1.0,1.0,204,52,62,
COGBCI,full,fbcsp,svm,9,0,42,1.0,1.0,204,52,62,
COGBCI,full,fbcsp,decision_tree,9,0,42,1.0,1.0,204,52,62,
COGBCI,full,fbcsp,random_forest,9,0,42,1.0,1.0,204,52,62,
COGBCI,full,bandpower,lda,9,0,42,1.0,1.0,204,52,62,
COGBCI,full,bandpower,svm,9,0,42,0.7969882877858339,0.8653846153846154,204,52,62,
COGBCI,full,bandpower,decision_tree,9,0,42,0.9130919220055711,0.9423076923076923,204,52,62,
COGBCI,full,bandpower,random_forest,9,0,42,0.9129949804796431,0.9423076923076923,204,52,62,
COGBCI,full,fbcsp,lda,9,1,42,1.0,1.0,205,51,62,
COGBCI,full,fbcsp,svm,9,1,42,0.9705202312138729,0.9803921568627451,205,51,62,
COGBCI,full,fbcsp,decision_tree,9,1,42,1.0,1.0,205,51,62,
COGBCI,full,fbcsp,random_forest,9,1,42,1.0,1.0,205,51,62,
COGBCI,full,bandpower,lda,9,1,42,0.9115095430884904,0.9411764705882353,205,51,62,
COGBCI,full,bandpower,svm,9,1,42,0.7928032501450958,0.8627450980392157,205,51,62,
COGBCI,full,bandpower,decision_tree,9,1,42,0.6759098786828422,0.7843137254901961,205,51,62,
COGBCI,full,bandpower,random_forest,9,1,42,0.8818076477404403,0.9215686274509803,205,51,62,
COGBCI,full,fbcsp,lda,9,2,42,0.9705882352941176,0.9803921568627451,205,51,62,
COGBCI,full,fbcsp,svm,9,2,42,0.9705882352941176,0.9803921568627451,205,51,62,
COGBCI,full,fbcsp,decision_tree,9,2,42,1.0,1.0,205,51,62,
COGBCI,full,fbcsp,random_forest,9,2,42,1.0,1.0,205,51,62,
COGBCI,full,bandpower,lda,9,2,42,0.9412103746397694,0.9607843137254902,205,51,62,
COGBCI,full,bandpower,svm,9,2,42,0.793879907621247,0.8627450980392157,205,51,62,
COGBCI,full,bandpower,decision_tree,9,2,42,0.5014376078205867,0.6666666666666666,205,51,62,
COGBCI,full,bandpower,random_forest,9,2,42,0.823121387283237,0.8823529411764706,205,51,62,
COGBCI,full,fbcsp,lda,9,3,42,1.0,1.0,205,51,62,
COGBCI,full,fbcsp,svm,9,3,42,1.0,1.0,205,51,62,
COGBCI,full,fbcsp,decision_tree,9,3,42,1.0,1.0,205,51,62,
COGBCI,full,fbcsp,random_forest,9,3,42,1.0,1.0,205,51,62,
COGBCI,full,bandpower,lda,9,3,42,0.9705712637045586,0.9803921568627451,205,51,62,
COGBCI,full,bandpower,svm,9,3,42,0.7935222672064778,0.8627450980392157,205,51,62,
COGBCI,full,bandpower,decision_tree,9,3,42,0.7043478260869566,0.803921568627451,205,51,62,
COGBCI,full,bandpower,random_forest,9,3,42,0.9410404624277456,0.9607843137254902,205,51,62,
COGBCI,full,fbcsp,lda,9,4,42,1.0,1.0,205,51,62,
COGBCI,full,fbcsp,svm,9,4,42,1.0,1.0,205,51,62,
COGBCI,full,fbcsp,decision_tree,9,4,42,1.0,1.0,205,51,62,
COGBCI,full,fbcsp,random_forest,9,4,42,1.0,1.0,205,51,62,
COGBCI,full,bandpower,lda,9,4,42,1.0,1.0,205,51,62,
COGBCI,full,bandpower,svm,9,4,42,0.7,0.803921568627451,205,51,62,
COGBCI,full,bandpower,decision_tree,9,4,42,0.791958041958042,0.8627450980392157,205,51,62,
COGBCI,full,bandpower,random_forest,9,4,42,0.7328288707799767,0.8235294117647058,205,51,62,
COGBCI,full,fbcsp,lda,10,0,42,0.943345804382683,0.9622641509433962,210,53,62,
COGBCI,full,fbcsp,svm,10,0,42,0.9150187065740246,0.9433962264150944,210,53,62,
COGBCI,full,fbcsp,decision_tree,10,0,42,0.8585912486659552,0.9056603773584906,210,53,62,
COGBCI,full,fbcsp,random_forest,10,0,42,0.9150641025641025,0.9433962264150944,210,53,62,
COGBCI,full,bandpower,lda,10,0,42,0.7736252002135612,0.8490566037735849,210,53,62,
COGBCI,full,bandpower,svm,10,0,42,0.48929336188436834,0.660377358490566,210,53,62,
COGBCI,full,bandpower,decision_tree,10,0,42,0.4022556390977444,0.6037735849056604,210,53,62,
COGBCI,full,bandpower,random_forest,10,0,42,0.6317477284874398,0.7547169811320755,210,53,62,
COGBCI,full,fbcsp,lda,10,1,42,0.971627408993576,0.9811320754716981,210,53,62,
COGBCI,full,fbcsp,svm,10,1,42,0.9431939978563773,0.9622641509433962,210,53,62,
COGBCI,full,fbcsp,decision_tree,10,1,42,0.9150641025641025,0.9433962264150944,210,53,62,
COGBCI,full,fbcsp,random_forest,10,1,42,0.9434364994663821,0.9622641509433962,210,53,62,
COGBCI,full,bandpower,lda,10,1,42,0.8299465240641711,0.8867924528301887,210,53,62,
COGBCI,full,bandpower,svm,10,1,42,0.6010752688172043,0.7358490566037735,210,53,62,
COGBCI,full,bandpower,decision_tree,10,1,42,0.5171489817792069,0.6792452830188679,210,53,62,
COGBCI,full,bandpower,random_forest,10,1,42,0.7725321888412018,0.8490566037735849,210,53,62,
COGBCI,full,fbcsp,lda,10,2,42,0.9433155080213904,0.9622641509433962,210,53,62,
COGBCI,full,fbcsp,svm,10,2,42,0.9148822269807281,0.9433962264150944,210,53,62,
COGBCI,full,fbcsp,decision_tree,10,2,42,0.9434364994663821,0.9622641509433962,210,53,62,
COGBCI,full,fbcsp,random_forest,10,2,42,0.971627408993576,0.9811320754716981,210,53,62,
COGBCI,full,bandpower,lda,10,2,42,0.7737459978655282,0.8490566037735849,210,53,62,
COGBCI,full,bandpower,svm,10,2,42,0.6879014989293362,0.7924528301886793,210,53,62,
COGBCI,full,bandpower,decision_tree,10,2,42,0.5479744136460554,0.6981132075471698,210,53,62,
COGBCI,full,bandpower,random_forest,10,2,42,0.7732620320855614,0.8490566037735849,210,53,62,
COGBCI,full,fbcsp,lda,10,3,42,0.971159179145868,0.9807692307692307,211,52,62,
COGBCI,full,fbcsp,svm,10,3,42,0.971159179145868,0.9807692307692307,211,52,62,
COGBCI,full,fbcsp,decision_tree,10,3,42,0.9135734072022161,0.9423076923076923,211,52,62,
COGBCI,full,fbcsp,random_forest,10,3,42,0.971159179145868,0.9807692307692307,211,52,62,
COGBCI,full,bandpower,lda,10,3,42,0.7114317425083241,0.8076923076923077,211,52,62,
COGBCI,full,bandpower,svm,10,3,42,0.539313399778516,0.6923076923076923,211,52,62,
COGBCI,full,bandpower,decision_tree,10,3,42,0.5964523281596452,0.7307692307692307,211,52,62,
COGBCI,full,bandpower,random_forest,10,3,42,0.6827509706045479,0.7884615384615384,211,52,62,
COGBCI,full,fbcsp,lda,10,4,42,0.9422863485016648,0.9615384615384616,211,52,62,
COGBCI,full,fbcsp,svm,10,4,42,0.9422222222222222,0.9615384615384616,211,52,62,
COGBCI,full,fbcsp,decision_tree,10,4,42,0.9422863485016648,0.9615384615384616,211,52,62,
COGBCI,full,fbcsp,random_forest,10,4,42,0.9422863485016648,0.9615384615384616,211,52,62,
COGBCI,full,bandpower,lda,10,4,42,0.7982261640798226,0.8653846153846154,211,52,62,
COGBCI,full,bandpower,svm,10,4,42,0.6242356864924958,0.75,211,52,62,
COGBCI,full,bandpower,decision_tree,10,4,42,0.6244444444444444,0.75,211,52,62,
COGBCI,full,bandpower,random_forest,10,4,42,0.6252771618625277,0.75,211,52,62,
COGBCI,full,fbcsp,lda,11,0,42,0.9744478129060199,0.9830508474576272,233,59,62,
COGBCI,full,fbcsp,svm,11,0,42,1.0,1.0,233,59,62,
COGBCI,full,fbcsp,decision_tree,11,0,42,0.9233434387180598,0.9491525423728814,233,59,62,
COGBCI,full,fbcsp,random_forest,11,0,42,1.0,1.0,233,59,62,
COGBCI,full,bandpower,lda,11,0,42,0.7960242005185825,0.864406779661017,233,59,62,
COGBCI,full,bandpower,svm,11,0,42,0.4787985865724381,0.6610169491525424,233,59,62,
COGBCI,full,bandpower,decision_tree,11,0,42,0.5176419965576592,0.6779661016949152,233,59,62,
COGBCI,full,bandpower,random_forest,11,0,42,0.5207353569901667,0.6779661016949152,233,59,62,
COGBCI,full,fbcsp,lda,11,1,42,0.9490060501296457,0.9661016949152542,233,59,62,
COGBCI,full,fbcsp,svm,11,1,42,1.0,1.0,233,59,62,
COGBCI,full,fbcsp,decision_tree,11,1,42,1.0,1.0,233,59,62,
COGBCI,full,fbcsp,random_forest,11,1,42,1.0,1.0,233,59,62,
COGBCI,full,bandpower,lda,11,1,42,0.7405452946350044,0.8305084745762712,233,59,62,
COGBCI,full,bandpower,svm,11,1,42,0.47879858657243823,0.6610169491525424,233,59,62,
COGBCI,full,bandpower,decision_tree,11,1,42,0.5400606323083587,0.6949152542372882,233,59,62,
COGBCI,full,bandpower,random_forest,11,1,42,0.513454861111111,0.6779661016949152,233,59,62,
COGBCI,full,fbcsp,lda,11,2,42,1.0,1.0,234,58,62,
COGBCI,full,fbcsp,svm,11,2,42,1.0,1.0,234,58,62,
COGBCI,full,fbcsp,decision_tree,11,2,42,0.9221824686940966,0.9482758620689655,234,58,62,
COGBCI,full,fbcsp,random_forest,11,2,42,1.0,1.0,234,58,62,
COGBCI,full,bandpower,lda,11,2,42,0.818100358422939,0.8793103448275862,234,58,62,
COGBCI,full,bandpower,svm,11,2,42,0.5288808664259929,0.6896551724137931,234,58,62,
COGBCI,full,bandpower,decision_tree,11,2,42,0.5053859964093357,0.6724137931034483,234,58,62,
COGBCI,full,bandpower,random_forest,11,2,42,0.42831541218638003,0.6206896551724138,234,58,62,
COGBCI,full,fbcsp,lda,11,3,42,0.922077922077922,0.9482758620689655,234,58,62,
COGBCI,full,fbcsp,svm,11,3,42,0.9739559946115851,0.9827586206896551,234,58,62,
COGBCI,full,fbcsp,decision_tree,11,3,42,0.974025974025974,0.9827586206896551,234,58,62,
COGBCI,full,fbcsp,random_forest,11,3,42,0.9739559946115851,0.9827586206896551,234,58,62,
COGBCI,full,bandpower,lda,11,3,42,0.8176919622810956,0.8793103448275862,234,58,62,
COGBCI,full,bandpower,svm,11,3,42,0.4736842105263158,0.6551724137931034,234,58,62,
COGBCI,full,bandpower,decision_tree,11,3,42,0.4252252252252251,0.6206896551724138,234,58,62,
COGBCI,full,bandpower,random_forest,11,3,42,0.5280289330922243,0.6896551724137931,234,58,62,
COGBCI,full,fbcsp,lda,11,4,42,1.0,1.0,234,58,62,
COGBCI,full,fbcsp,svm,11,4,42,1.0,1.0,234,58,62,
COGBCI,full,fbcsp,decision_tree,11,4,42,0.9739325842696629,0.9827586206896551,234,58,62,
COGBCI,full,fbcsp,random_forest,11,4,42,1.0,1.0,234,58,62,
COGBCI,full,bandpower,lda,11,4,42,0.7919282511210762,0.8620689655172413,234,58,62,
COGBCI,full,bandpower,svm,11,4,42,0.5273879583521955,0.6896551724137931,234,58,62,
COGBCI,full,bandpower,decision_tree,11,4,42,0.504941599281222,0.6724137931034483,234,58,62,
COGBCI,full,bandpower,random_forest,11,4,42,0.5316285329744279,0.6896551724137931,234,58,62,
COGBCI,full,fbcsp,lda,12,0,42,0.9410404624277456,0.9607843137254902,200,51,62,
COGBCI,full,fbcsp,svm,12,0,42,0.9410404624277456,0.9607843137254902,200,51,62,
COGBCI,full,fbcsp,decision_tree,12,0,42,0.9116117850953206,0.9411764705882353,200,51,62,
COGBCI,full,fbcsp,random_forest,12,0,42,0.9705372616984402,0.9803921568627451,200,51,62,
COGBCI,full,bandpower,lda,12,0,42,0.9705372616984402,0.9803921568627451,200,51,62,
COGBCI,full,bandpower,svm,12,0,42,0.7935222672064778,0.8627450980392157,200,51,62,
COGBCI,full,bandpower,decision_tree,12,0,42,0.7636152954808806,0.8431372549019608,200,51,62,
COGBCI,full,bandpower,random_forest,12,0,42,0.8820127241179873,0.9215686274509803,200,51,62,
COGBCI,full,fbcsp,lda,12,1,42,0.9699519230769231,0.98,201,50,62,
COGBCI,full,fbcsp,svm,12,1,42,0.8798076923076923,0.92,201,50,62,
COGBCI,full,fbcsp,decision_tree,12,1,42,1.0,1.0,201,50,62,
COGBCI,full,fbcsp,random_forest,12,1,42,1.0,1.0,201,50,62,
COGBCI,full,bandpower,lda,12,1,42,0.9699157641395909,0.98,201,50,62,
COGBCI,full,bandpower,svm,12,1,42,0.9101796407185628,0.94,201,50,62,
COGBCI,full,bandpower,decision_tree,12,1,42,0.6987951807228916,0.8,201,50,62,
COGBCI,full,bandpower,random_forest,12,1,42,0.8800959232613909,0.92,201,50,62,
COGBCI,full,fbcsp,lda,12,2,42,1.0,1.0,201,50,62,
COGBCI,full,fbcsp,svm,12,2,42,1.0,1.0,201,50,62,
COGBCI,full,fbcsp,decision_tree,12,2,42,0.9399038461538461,0.96,201,50,62,
COGBCI,full,fbcsp,random_forest,12,2,42,1.0,1.0,201,50,62,
COGBCI,full,bandpower,lda,12,2,42,0.9096385542168675,0.94,201,50,62,
COGBCI,full,bandpower,svm,12,2,42,0.788135593220339,0.86,201,50,62,
COGBCI,full,bandpower,decision_tree,12,2,42,0.7282608695652174,0.82,201,50,62,
COGBCI,full,bandpower,random_forest,12,2,42,0.8490338164251208,0.9,201,50,62,
COGBCI,full,fbcsp,lda,12,3,42,1.0,1.0,201,50,62,
COGBCI,full,fbcsp,svm,12,3,42,1.0,1.0,201,50,62,
COGBCI,full,fbcsp,decision_tree,12,3,42,0.9399038461538461,0.96,201,50,62,
COGBCI,full,fbcsp,random_forest,12,3,42,1.0,1.0,201,50,62,
COGBCI,full,bandpower,lda,12,3,42,0.8500299940011997,0.9,201,50,62,
COGBCI,full,bandpower,svm,12,3,42,0.7604790419161677,0.84,201,50,62,
COGBCI,full,bandpower,decision_tree,12,3,42,0.7005988023952097,0.8,201,50,62,
COGBCI,full,bandpower,random_forest,12,3,42,0.8202516476932294,0.88,201,50,62,
COGBCI,full,fbcsp,lda,12,4,42,0.97000599880024,0.98,201,50,62,
COGBCI,full,fbcsp,svm,12,4,42,1.0,1.0,201,50,62,
COGBCI,full,fbcsp,decision_tree,12,4,42,1.0,1.0,201,50,62,
COGBCI,full,fbcsp,random_forest,12,4,42,1.0,1.0,201,50,62,
COGBCI,full,bandpower,lda,12,4,42,0.9399759903961584,0.96,201,50,62,
COGBCI,full,bandpower,svm,12,4,42,0.8498498498498499,0.9,201,50,62,
COGBCI,full,bandpower,decision_tree,12,4,42,0.8199279711884754,0.88,201,50,62,
COGBCI,full,bandpower,random_forest,12,4,42,0.9099639855942376,0.94,201,50,62,
COGBCI,full,fbcsp,lda,13,0,42,1.0,1.0,203,51,62,
COGBCI,full,fbcsp,svm,13,0,42,1.0,1.0,203,51,62,
COGBCI,full,fbcsp,decision_tree,13,0,42,0.9705882352941176,0.9803921568627451,203,51,62,
COGBCI,full,fbcsp,random_forest,13,0,42,1.0,1.0,203,51,62,
COGBCI,full,bandpower,lda,13,0,42,0.7941176470588236,0.8627450980392157,203,51,62,
COGBCI,full,bandpower,svm,13,0,42,0.5,0.6666666666666666,203,51,62,
COGBCI,full,bandpower,decision_tree,13,0,42,0.47058823529411764,0.6470588235294118,203,51,62,
COGBCI,full,bandpower,random_forest,13,0,42,0.5588235294117647,0.7058823529411765,203,51,62,
COGBCI,full,fbcsp,lda,13,1,42,1.0,1.0,203,51,62,
COGBCI,full,fbcsp,svm,13,1,42,0.9410404624277456,0.9607843137254902,203,51,62,
COGBCI,full,fbcsp,decision_tree,13,1,42,1.0,1.0,203,51,62,
COGBCI,full,fbcsp,random_forest,13,1,42,1.0,1.0,203,51,62,
COGBCI,full,bandpower,lda,13,1,42,0.7937608318890814,0.8627450980392157,203,51,62,
COGBCI,full,bandpower,svm,13,1,42,0.5277777777777778,0.6862745098039216,203,51,62,
COGBCI,full,bandpower,decision_tree,13,1,42,0.3798494499131443,0.5882352941176471,203,51,62,
COGBCI,full,bandpower,random_forest,13,1,42,0.5567786790266512,0.7058823529411765,203,51,62,
COGBCI,full,fbcsp,lda,13,2,42,1.0,1.0,203,51,62,
COGBCI,full,fbcsp,svm,13,2,42,1.0,1.0,203,51,62,
COGBCI,full,fbcsp,decision_tree,13,2,42,1.0,1.0,203,51,62,
COGBCI,full,fbcsp,random_forest,13,2,42,1.0,1.0,203,51,62,
COGBCI,full,bandpower,lda,13,2,42,0.8530259365994236,0.9019607843137255,203,51,62,
COGBCI,full,bandpower,svm,13,2,42,0.5572916666666667,0.7058823529411765,203,51,62,
COGBCI,full,bandpower,decision_tree,13,2,42,0.5868055555555556,0.7254901960784313,203,51,62,
COGBCI,full,bandpower,random_forest,13,2,42,0.7642980935875217,0.8431372549019608,203,51,62,
COGBCI,full,fbcsp,lda,13,3,42,1.0,1.0,203,51,62,
COGBCI,full,fbcsp,svm,13,3,42,1.0,1.0,203,51,62,
COGBCI,full,fbcsp,decision_tree,13,3,42,1.0,1.0,203,51,62,
COGBCI,full,fbcsp,random_forest,13,3,42,1.0,1.0,203,51,62,
COGBCI,full,bandpower,lda,13,3,42,0.7348353552859619,0.8235294117647058,203,51,62,
COGBCI,full,bandpower,svm,13,3,42,0.560849598163031,0.7058823529411765,203,51,62,
COGBCI,full,bandpower,decision_tree,13,3,42,0.5889464594127807,0.7254901960784313,203,51,62,
COGBCI,full,bandpower,random_forest,13,3,42,0.6777713957495692,0.7843137254901961,203,51,62,
COGBCI,full,fbcsp,lda,13,4,42,1.0,1.0,204,50,62,
COGBCI,full,fbcsp,svm,13,4,42,1.0,1.0,204,50,62,
COGBCI,full,fbcsp,decision_tree,13,4,42,1.0,1.0,204,50,62,
COGBCI,full,fbcsp,random_forest,13,4,42,1.0,1.0,204,50,62,
COGBCI,full,bandpower,lda,13,4,42,0.8199279711884754,0.88,204,50,62,
COGBCI,full,bandpower,svm,13,4,42,0.4904076738609112,0.66,204,50,62,
COGBCI,full,bandpower,decision_tree,13,4,42,0.6096096096096096,0.74,204,50,62,
COGBCI,full,bandpower,random_forest,13,4,42,0.5206710605152786,0.68,204,50,62,
COGBCI,full,fbcsp,lda,14,0,42,0.9705372616984402,0.9803921568627451,200,51,62,
COGBCI,full,fbcsp,svm,14,0,42,0.823121387283237,0.8823529411764706,200,51,62,
COGBCI,full,fbcsp,decision_tree,14,0,42,0.9705372616984402,0.9803921568627451,200,51,62,
COGBCI,full,fbcsp,random_forest,14,0,42,1.0,1.0,200,51,62,
COGBCI,full,bandpower,lda,14,0,42,0.8239355581127733,0.8823529411764706,200,51,62,
COGBCI,full,bandpower,svm,14,0,42,0.6472622478386167,0.7647058823529411,200,51,62,
COGBCI,full,bandpower,decision_tree,14,0,42,0.7053726169844021,0.803921568627451,200,51,62,
COGBCI,full,bandpower,random_forest,14,0,42,0.5887096774193548,0.7254901960784313,200,51,62,
COGBCI,full,fbcsp,lda,14,1,42,0.97000599880024,0.98,201,50,62,
COGBCI,full,fbcsp,svm,14,1,42,0.9400479616306955,0.96,201,50,62,
COGBCI,full,fbcsp,decision_tree,14,1,42,0.9099099099099099,0.94,201,50,62,
COGBCI,full,fbcsp,random_forest,14,1,42,0.96996996996997,0.98,201,50,62,
COGBCI,full,bandpower,lda,14,1,42,0.9099099099099099,0.94,201,50,62,
COGBCI,full,bandpower,svm,14,1,42,0.7294046903187011,0.82,201,50,62,
COGBCI,full,bandpower,decision_tree,14,1,42,0.8198198198198198,0.88,201,50,62,
COGBCI,full,bandpower,random_forest,14,1,42,0.7596153846153846,0.84,201,50,62,
COGBCI,full,fbcsp,lda,14,2,42,0.9098557692307693,0.94,201,50,62,
COGBCI,full,fbcsp,svm,14,2,42,0.8500299940011997,0.9,201,50,62,
COGBCI,full,fbcsp,decision_tree,14,2,42,0.9400119976004799,0.96,201,50,62,
COGBCI,full,fbcsp,random_forest,14,2,42,0.97000599880024,0.98,201,50,62,
COGBCI,full,bandpower,lda,14,2,42,0.9399759903961584,0.96,201,50,62,
COGBCI,full,bandpower,svm,14,2,42,0.7600479904019196,0.84,201,50,62,
COGBCI,full,bandpower,decision_tree,14,2,42,0.7599039615846339,0.84,201,50,62,
COGBCI,full,bandpower,random_forest,14,2,42,0.7601918465227817,0.84,201,50,62,
COGBCI,full,fbcsp,lda,14,3,42,0.8500299940011997,0.9,201,50,62,
COGBCI,full,fbcsp,svm,14,3,42,0.8201438848920863,0.88,201,50,62,
COGBCI,full,fbcsp,decision_tree,14,3,42,0.9100179964007199,0.94,201,50,62,
COGBCI,full,fbcsp,random_forest,14,3,42,0.879951980792317,0.92,201,50,62,
COGBCI,full,bandpower,lda,14,3,42,0.8802395209580838,0.92,201,50,62,
COGBCI,full,bandpower,svm,14,3,42,0.7599039615846339,0.84,201,50,62,
COGBCI,full,bandpower,decision_tree,14,3,42,0.6096096096096095,0.74,201,50,62,
COGBCI,full,bandpower,random_forest,14,3,42,0.8199279711884754,0.88,201,50,62,
COGBCI,full,fbcsp,lda,14,4,42,0.8502097064110246,0.9,201,50,62,
COGBCI,full,fbcsp,svm,14,4,42,0.8802395209580838,0.92,201,50,62,
COGBCI,full,fbcsp,decision_tree,14,4,42,0.879951980792317,0.92,201,50,62,
COGBCI,full,fbcsp,random_forest,14,4,42,1.0,1.0,201,50,62,
COGBCI,full,bandpower,lda,14,4,42,0.8201438848920863,0.88,201,50,62,
COGBCI,full,bandpower,svm,14,4,42,0.6409335727109515,0.76,201,50,62,
COGBCI,full,bandpower,decision_tree,14,4,42,0.6696696696696696,0.78,201,50,62,
COGBCI,full,bandpower,random_forest,14,4,42,0.7604790419161677,0.84,201,50,62,
COGBCI,full,fbcsp,lda,15,0,42,1.0,1.0,197,50,62,
COGBCI,full,fbcsp,svm,15,0,42,0.879951980792317,0.92,197,50,62,
COGBCI,full,fbcsp,decision_tree,15,0,42,0.9699338544798557,0.98,197,50,62,
COGBCI,full,fbcsp,random_forest,15,0,42,1.0,1.0,197,50,62,
COGBCI,full,bandpower,lda,15,0,42,0.5805871779508689,0.72,197,50,62,
COGBCI,full,bandpower,svm,15,0,42,0.4891826923076923,0.66,197,50,62,
COGBCI,full,bandpower,decision_tree,15,0,42,0.22341696535244937,0.48,197,50,62,
COGBCI,full,bandpower,random_forest,15,0,42,0.6409335727109515,0.76,197,50,62,
COGBCI,full,fbcsp,lda,15,1,42,1.0,1.0,197,50,62,
COGBCI,full,fbcsp,svm,15,1,42,0.9397590361445783,0.96,197,50,62,
COGBCI,full,fbcsp,decision_tree,15,1,42,0.9699157641395909,0.98,197,50,62,
COGBCI,full,fbcsp,random_forest,15,1,42,1.0,1.0,197,50,62,
COGBCI,full,bandpower,lda,15,1,42,0.6686746987951808,0.78,197,50,62,
COGBCI,full,bandpower,svm,15,1,42,0.5767835550181378,0.72,197,50,62,
COGBCI,full,bandpower,decision_tree,15,1,42,0.42632850241545905,0.62,197,50,62,
COGBCI,full,bandpower,random_forest,15,1,42,0.4228432563791009,0.62,197,50,62,
COGBCI,full,fbcsp,lda,15,2,42,1.0,1.0,198,49,62,
COGBCI,full,fbcsp,svm,15,2,42,1.0,1.0,198,49,62,
COGBCI,full,fbcsp,decision_tree,15,2,42,0.9693941286695815,0.9795918367346939,198,49,62,
COGBCI,full,fbcsp,random_forest,15,2,42,1.0,1.0,198,49,62,
COGBCI,full,bandpower,lda,15,2,42,0.6329588014981273,0.7551020408163265,198,49,62,
COGBCI,full,bandpower,svm,15,2,42,0.6943231441048034,0.7959183673469388,198,49,62,
COGBCI,full,bandpower,decision_tree,15,2,42,0.5411985018726592,0.6938775510204082,198,49,62,
COGBCI,full,bandpower,random_forest,15,2,42,0.5728518057285181,0.7142857142857143,198,49,62,
COGBCI,full,fbcsp,lda,15,3,42,0.9693558474046279,0.9795918367346939,198,49,62,
COGBCI,full,fbcsp,svm,15,3,42,0.9079524107701942,0.9387755102040817,198,49,62,
COGBCI,full,fbcsp,decision_tree,15,3,42,0.9386733416770964,0.9591836734693877,198,49,62,
COGBCI,full,fbcsp,random_forest,15,3,42,1.0,1.0,198,49,62,
COGBCI,full,bandpower,lda,15,3,42,0.6327295440349782,0.7551020408163265,198,49,62,
COGBCI,full,bandpower,svm,15,3,42,0.5087719298245614,0.673469387755102,198,49,62,
COGBCI,full,bandpower,decision_tree,15,3,42,0.5391849529780565,0.6938775510204082,198,49,62,
COGBCI,full,bandpower,random_forest,15,3,42,0.5397620538509706,0.6938775510204082,198,49,62,
COGBCI,full,fbcsp,lda,15,4,42,1.0,1.0,198,49,62,
COGBCI,full,fbcsp,svm,15,4,42,0.9692404268675455,0.9795918367346939,198,49,62,
COGBCI,full,fbcsp,decision_tree,15,4,42,1.0,1.0,198,49,62,
COGBCI,full,fbcsp,random_forest,15,4,42,1.0,1.0,198,49,62,
COGBCI,full,bandpower,lda,15,4,42,0.6648009950248757,0.7755102040816326,198,49,62,
COGBCI,full,bandpower,svm,15,4,42,0.4838909541511772,0.6530612244897959,198,49,62,
COGBCI,full,bandpower,decision_tree,15,4,42,0.36047234307023,0.5714285714285714,198,49,62,
COGBCI,full,bandpower,random_forest,15,4,42,0.42566317088217154,0.6122448979591837,198,49,62,
COGBCI,full,fbcsp,lda,16,0,42,1.0,1.0,195,49,62,
COGBCI,full,fbcsp,svm,16,0,42,1.0,1.0,195,49,62,
COGBCI,full,fbcsp,decision_tree,16,0,42,1.0,1.0,195,49,62,
COGBCI,full,fbcsp,random_forest,16,0,42,1.0,1.0,195,49,62,
COGBCI,full,bandpower,lda,16,0,42,0.8469706433479076,0.8979591836734694,195,49,62,
COGBCI,full,bandpower,svm,16,0,42,0.7854909318323953,0.8571428571428571,195,49,62,
COGBCI,full,bandpower,decision_tree,16,0,42,0.8165938864628821,0.8775510204081632,195,49,62,
COGBCI,full,bandpower,random_forest,16,0,42,0.7852222917971196,0.8571428571428571,195,49,62,
COGBCI,full,fbcsp,lda,16,1,42,0.969375,0.9795918367346939,195,49,62,
COGBCI,full,fbcsp,svm,16,1,42,1.0,1.0,195,49,62,
COGBCI,full,fbcsp,decision_tree,16,1,42,1.0,1.0,195,49,62,
COGBCI,full,fbcsp,random_forest,16,1,42,1.0,1.0,195,49,62,
COGBCI,full,bandpower,lda,16,1,42,0.9693558474046279,0.9795918367346939,195,49,62,
COGBCI,full,bandpower,svm,16,1,42,0.8163647720174891,0.8775510204081632,195,49,62,
COGBCI,full,bandpower,decision_tree,16,1,42,0.8161350844277673,0.8775510204081632,195,49,62,
COGBCI,full,bandpower,random_forest,16,1,42,0.8160200250312891,0.8775510204081632,195,49,62,
COGBCI,full,fbcsp,lda,16,2,42,0.93875,0.9591836734693877,195,49,62,
COGBCI,full,fbcsp,svm,16,2,42,0.93875,0.9591836734693877,195,49,62,
COGBCI,full,fbcsp,decision_tree,16,2,42,1.0,1.0,195,49,62,
COGBCI,full,fbcsp,random_forest,16,2,42,1.0,1.0,195,49,62,
COGBCI,full,bandpower,lda,16,2,42,0.8774233896185115,0.9183673469387755,195,49,62,
COGBCI,full,bandpower,svm,16,2,42,0.7857589006870707,0.8571428571428571,195,49,62,
COGBCI,full,bandpower,decision_tree,16,2,42,0.724375,0.8163265306122449,195,49,62,
COGBCI,full,bandpower,random_forest,16,2,42,0.8161350844277673,0.8775510204081632,195,49,62,
COGBCI,full,fbcsp,lda,16,3,42,1.0,1.0,195,49,62,
COGBCI,full,fbcsp,svm,16,3,42,1.0,1.0,195,49,62,
COGBCI,full,fbcsp,decision_tree,16,3,42,1.0,1.0,195,49,62,
COGBCI,full,fbcsp,random_forest,16,3,42,1.0,1.0,195,49,62,
COGBCI,full,bandpower,lda,16,3,42,0.8163647720174891,0.8775510204081632,195,49,62,
COGBCI,full,bandpower,svm,16,3,42,0.7245471580262336,0.8163265306122449,195,49,62,
COGBCI,full,bandpower,decision_tree,16,3,42,0.7248908296943232,0.8163265306122449,195,49,62,
COGBCI,full,bandpower,random_forest,16,3,42,0.8775765146783261,0.9183673469387755,195,49,62,
COGBCI,full,fbcsp,lda,16,4,42,1.0,1.0,196,48,62,
COGBCI,full,fbcsp,svm,16,4,42,1.0,1.0,196,48,62,
COGBCI,full,fbcsp,decision_tree,16,4,42,1.0,1.0,196,48,62,
COGBCI,full,fbcsp,random_forest,16,4,42,1.0,1.0,196,48,62,
COGBCI,full,bandpower,lda,16,4,42,0.90625,0.9375,196,48,62,
COGBCI,full,bandpower,svm,16,4,42,0.875,0.9166666666666666,196,48,62,
COGBCI,full,bandpower,decision_tree,16,4,42,0.875,0.9166666666666666,196,48,62,
COGBCI,full,bandpower,random_forest,16,4,42,0.84375,0.8958333333333334,196,48,62,
COGBCI,full,fbcsp,lda,17,0,42,1.0,1.0,196,49,62,
COGBCI,full,fbcsp,svm,17,0,42,0.9693558474046279,0.9795918367346939,196,49,62,
COGBCI,full,fbcsp,decision_tree,17,0,42,0.9388264669163545,0.9591836734693877,196,49,62,
COGBCI,full,fbcsp,random_forest,17,0,42,1.0,1.0,196,49,62,
COGBCI,full,bandpower,lda,17,0,42,0.9079524107701942,0.9387755102040817,196,49,62,
COGBCI,full,bandpower,svm,17,0,42,0.6629143214509068,0.7755102040816326,196,49,62,
COGBCI,full,bandpower,decision_tree,17,0,42,0.5417705735660848,0.6938775510204082,196,49,62,
COGBCI,full,bandpower,random_forest,17,0,42,0.7548467792370231,0.8367346938775511,196,49,62,
COGBCI,full,fbcsp,lda,17,1,42,0.9388264669163545,0.9591836734693877,196,49,62,
COGBCI,full,fbcsp,svm,17,1,42,0.9081823860087446,0.9387755102040817,196,49,62,
COGBCI,full,fbcsp,decision_tree,17,1,42,0.9693558474046279,0.9795918367346939,196,49,62,
COGBCI,full,fbcsp,random_forest,17,1,42,1.0,1.0,196,49,62,
COGBCI,full,bandpower,lda,17,1,42,0.7248908296943232,0.8163265306122449,196,49,62,
COGBCI,full,bandpower,svm,17,1,42,0.7245471580262337,0.8163265306122449,196,49,62,
COGBCI,full,bandpower,decision_tree,17,1,42,0.41812499999999997,0.6122448979591837,196,49,62,
COGBCI,full,bandpower,random_forest,17,1,42,0.5715178013741412,0.7142857142857143,196,49,62,
COGBCI,full,fbcsp,lda,17,2,42,0.9693941286695815,0.9795918367346939,196,49,62,
COGBCI,full,fbcsp,svm,17,2,42,0.8778054862842893,0.9183673469387755,196,49,62,
COGBCI,full,fbcsp,decision_tree,17,2,42,1.0,1.0,196,49,62,
COGBCI,full,fbcsp,random_forest,17,2,42,1.0,1.0,196,49,62,
COGBCI,full,bandpower,lda,17,2,42,0.7245471580262336,0.8163265306122449,196,49,62,
COGBCI,full,bandpower,svm,17,2,42,0.4797001873828858,0.6530612244897959,196,49,62,
COGBCI,full,bandpower,decision_tree,17,2,42,0.4809968847352025,0.6530612244897959,196,49,62,
COGBCI,full,bandpower,random_forest,17,2,42,0.6637554585152838,0.7755102040816326,196,49,62,
COGBCI,full,fbcsp,lda,17,3,42,0.9693941286695815,0.9795918367346939,196,49,62,
COGBCI,full,fbcsp,svm,17,3,42,0.9081823860087446,0.9387755102040817,196,49,62,
COGBCI,full,fbcsp,decision_tree,17,3,42,1.0,1.0,196,49,62,
COGBCI,full,fbcsp,random_forest,17,3,42,1.0,1.0,196,49,62,
COGBCI,full,bandpower,lda,17,3,42,0.8467792370231395,0.8979591836734694,196,49,62,
COGBCI,full,bandpower,svm,17,3,42,0.5403377110694183,0.6938775510204082,196,49,62,
COGBCI,full,bandpower,decision_tree,17,3,42,0.5709818636647905,0.7142857142857143,196,49,62,
COGBCI,full,bandpower,random_forest,17,3,42,0.6941323345817727,0.7959183673469388,196,49,62,
COGBCI,full,fbcsp,lda,17,4,42,1.0,1.0,196,49,62,
COGBCI,full,fbcsp,svm,17,4,42,0.8473520249221184,0.8979591836734694,196,49,62,
COGBCI,full,fbcsp,decision_tree,17,4,42,1.0,1.0,196,49,62,
COGBCI,full,fbcsp,random_forest,17,4,42,1.0,1.0,196,49,62,
COGBCI,full,bandpower,lda,17,4,42,0.7548467792370231,0.8367346938775511,196,49,62,
COGBCI,full,bandpower,svm,17,4,42,0.6013767209011265,0.7346938775510204,196,49,62,
COGBCI,full,bandpower,decision_tree,17,4,42,0.5423412204234122,0.6938775510204082,196,49,62,
COGBCI,full,bandpower,random_forest,17,4,42,0.7860262008733624,0.8571428571428571,196,49,62,
COGBCI,full,fbcsp,lda,18,0,42,0.9133333333333333,0.9423076923076923,205,52,62,
COGBCI,full,fbcsp,svm,18,0,42,0.8266666666666667,0.8846153846153846,205,52,62,
COGBCI,full,fbcsp,decision_tree,18,0,42,1.0,1.0,205,52,62,
COGBCI,full,fbcsp,random_forest,18,0,42,1.0,1.0,205,52,62,
COGBCI,full,bandpower,lda,18,0,42,0.7405764966740577,0.8269230769230769,205,52,62,
COGBCI,full,bandpower,svm,18,0,42,0.7114317425083241,0.8076923076923077,205,52,62,
COGBCI,full,bandpower,decision_tree,18,0,42,0.5110619469026549,0.6730769230769231,205,52,62,
COGBCI,full,bandpower,random_forest,18,0,42,0.654485049833887,0.7692307692307693,205,52,62,
COGBCI,full,fbcsp,lda,18,1,42,0.9711111111111111,0.9807692307692307,205,52,62,
COGBCI,full,fbcsp,svm,18,1,42,0.9133333333333333,0.9423076923076923,205,52,62,
COGBCI,full,fbcsp,decision_tree,18,1,42,1.0,1.0,205,52,62,
COGBCI,full,fbcsp,random_forest,18,1,42,1.0,1.0,205,52,62,
COGBCI,full,bandpower,lda,18,1,42,0.8845726970033296,0.9230769230769231,205,52,62,
COGBCI,full,bandpower,svm,18,1,42,0.7397107897664071,0.8269230769230769,205,52,62,
COGBCI,full,bandpower,decision_tree,18,1,42,0.6269315673289183,0.75,205,52,62,
COGBCI,full,bandpower,random_forest,18,1,42,0.6240266963292548,0.75,205,52,62,
COGBCI,full,fbcsp,lda,18,2,42,0.9411764705882353,0.9607843137254902,206,51,62,
COGBCI,full,fbcsp,svm,18,2,42,0.9411764705882353,0.9607843137254902,206,51,62,
COGBCI,full,fbcsp,decision_tree,18,2,42,0.9411764705882353,0.9607843137254902,206,51,62,
COGBCI,full,fbcsp,random_forest,18,2,42,0.9411764705882353,0.9607843137254902,206,51,62,
COGBCI,full,bandpower,lda,18,2,42,0.8235294117647058,0.8823529411764706,206,51,62,
COGBCI,full,bandpower,svm,18,2,42,0.5882352941176471,0.7254901960784313,206,51,62,
COGBCI,full,bandpower,decision_tree,18,2,42,0.6176470588235294,0.7450980392156863,206,51,62,
COGBCI,full,bandpower,random_forest,18,2,42,0.6176470588235294,0.7450980392156863,206,51,62,
COGBCI,full,fbcsp,lda,18,3,42,0.9705882352941176,0.9803921568627451,206,51,62,
COGBCI,full,fbcsp,svm,18,3,42,0.9705882352941176,0.9803921568627451,206,51,62,
COGBCI,full,fbcsp,decision_tree,18,3,42,1.0,1.0,206,51,62,
COGBCI,full,fbcsp,random_forest,18,3,42,1.0,1.0,206,51,62,
COGBCI,full,bandpower,lda,18,3,42,0.8529411764705882,0.9019607843137255,206,51,62,
COGBCI,full,bandpower,svm,18,3,42,0.7352941176470589,0.8235294117647058,206,51,62,
COGBCI,full,bandpower,decision_tree,18,3,42,0.5294117647058824,0.6862745098039216,206,51,62,
COGBCI,full,bandpower,random_forest,18,3,42,0.6176470588235294,0.7450980392156863,206,51,62,
COGBCI,full,fbcsp,lda,18,4,42,0.9705882352941176,0.9803921568627451,206,51,62,
COGBCI,full,fbcsp,svm,18,4,42,0.9705882352941176,0.9803921568627451,206,51,62,
COGBCI,full,fbcsp,decision_tree,18,4,42,1.0,1.0,206,51,62,
COGBCI,full,fbcsp,random_forest,18,4,42,1.0,1.0,206,51,62,
COGBCI,full,bandpower,lda,18,4,42,0.8823529411764706,0.9215686274509803,206,51,62,
COGBCI,full,bandpower,svm,18,4,42,0.6764705882352942,0.7843137254901961,206,51,62,
COGBCI,full,bandpower,decision_tree,18,4,42,0.5882352941176471,0.7254901960784313,206,51,62,
COGBCI,full,bandpower,random_forest,18,4,42,0.5882352941176471,0.7254901960784313,206,51,62,
COGBCI,full,fbcsp,lda,19,0,42,1.0,1.0,199,50,62,
COGBCI,full,fbcsp,svm,19,0,42,1.0,1.0,199,50,62,
COGBCI,full,fbcsp,decision_tree,19,0,42,1.0,1.0,199,50,62,
COGBCI,full,fbcsp,random_forest,19,0,42,1.0,1.0,199,50,62,
COGBCI,full,bandpower,lda,19,0,42,0.93993993993994,0.96,199,50,62,
COGBCI,full,bandpower,svm,19,0,42,0.8499399759903962,0.9,199,50,62,
COGBCI,full,bandpower,decision_tree,19,0,42,0.9100719424460432,0.94,199,50,62,
COGBCI,full,bandpower,random_forest,19,0,42,0.9099639855942376,0.94,199,50,62,
COGBCI,full,fbcsp,lda,19,1,42,1.0,1.0,199,50,62,
COGBCI,full,fbcsp,svm,19,1,42,1.0,1.0,199,50,62,
COGBCI,full,fbcsp,decision_tree,19,1,42,1.0,1.0,199,50,62,
COGBCI,full,fbcsp,random_forest,19,1,42,1.0,1.0,199,50,62,
COGBCI,full,bandpower,lda,19,1,42,1.0,1.0,199,50,62,
COGBCI,full,bandpower,svm,19,1,42,0.9399759903961584,0.96,199,50,62,
COGBCI,full,bandpower,decision_tree,19,1,42,0.97000599880024,0.98,199,50,62,
COGBCI,full,bandpower,random_forest,19,1,42,0.93993993993994,0.96,199,50,62,
COGBCI,full,fbcsp,lda,19,2,42,1.0,1.0,199,50,62,
COGBCI,full,fbcsp,svm,19,2,42,1.0,1.0,199,50,62,
COGBCI,full,fbcsp,decision_tree,19,2,42,1.0,1.0,199,50,62,
COGBCI,full,fbcsp,random_forest,19,2,42,1.0,1.0,199,50,62,
COGBCI,full,bandpower,lda,19,2,42,1.0,1.0,199,50,62,
COGBCI,full,bandpower,svm,19,2,42,0.96996996996997,0.98,199,50,62,
COGBCI,full,bandpower,decision_tree,19,2,42,0.9399038461538461,0.96,199,50,62,
COGBCI,full,bandpower,random_forest,19,2,42,0.9399759903961584,0.96,199,50,62,
COGBCI,full,fbcsp,lda,19,3,42,1.0,1.0,199,50,62,
COGBCI,full,fbcsp,svm,19,3,42,1.0,1.0,199,50,62,
COGBCI,full,fbcsp,decision_tree,19,3,42,1.0,1.0,199,50,62,
COGBCI,full,fbcsp,random_forest,19,3,42,1.0,1.0,199,50,62,
COGBCI,full,bandpower,lda,19,3,42,1.0,1.0,199,50,62,
COGBCI,full,bandpower,svm,19,3,42,0.8496692723992785,0.9,199,50,62,
COGBCI,full,bandpower,decision_tree,19,3,42,0.9400479616306955,0.96,199,50,62,
COGBCI,full,bandpower,random_forest,19,3,42,0.8197115384615384,0.88,199,50,62,
COGBCI,full,fbcsp,lda,19,4,42,1.0,1.0,200,49,62,
COGBCI,full,fbcsp,svm,19,4,42,1.0,1.0,200,49,62,
COGBCI,full,fbcsp,decision_tree,19,4,42,1.0,1.0,200,49,62,
COGBCI,full,fbcsp,random_forest,19,4,42,1.0,1.0,200,49,62,
COGBCI,full,bandpower,lda,19,4,42,1.0,1.0,200,49,62,
COGBCI,full,bandpower,svm,19,4,42,0.908125,0.9387755102040817,200,49,62,
COGBCI,full,bandpower,decision_tree,19,4,42,0.969375,0.9795918367346939,200,49,62,
COGBCI,full,bandpower,random_forest,19,4,42,0.9080100125156445,0.9387755102040817,200,49,62,
COGBCI,full,fbcsp,lda,20,0,42,0.9705712637045586,0.9803921568627451,204,51,62,
COGBCI,full,fbcsp,svm,20,0,42,1.0,1.0,204,51,62,
COGBCI,full,fbcsp,decision_tree,20,0,42,1.0,1.0,204,51,62,
COGBCI,full,fbcsp,random_forest,20,0,42,1.0,1.0,204,51,62,
COGBCI,full,bandpower,lda,20,0,42,0.443103448275862,0.6274509803921569,204,51,62,
COGBCI,full,bandpower,svm,20,0,42,0.20220162224797222,0.47058823529411764,204,51,62,
COGBCI,full,bandpower,decision_tree,20,0,42,0.383419689119171,0.5882352941176471,204,51,62,
COGBCI,full,bandpower,random_forest,20,0,42,0.3809248554913295,0.5882352941176471,204,51,62,
COGBCI,full,fbcsp,lda,20,1,42,0.9117137911136757,0.9411764705882353,204,51,62,
COGBCI,full,fbcsp,svm,20,1,42,0.9116117850953206,0.9411764705882353,204,51,62,
COGBCI,full,fbcsp,decision_tree,20,1,42,1.0,1.0,204,51,62,
COGBCI,full,fbcsp,random_forest,20,1,42,1.0,1.0,204,51,62,
COGBCI,full,bandpower,lda,20,1,42,0.4973913043478262,0.6666666666666666,204,51,62,
COGBCI,full,bandpower,svm,20,1,42,0.23352601156069364,0.49019607843137253,204,51,62,
COGBCI,full,bandpower,decision_tree,20,1,42,0.6172055427251733,0.7450980392156863,204,51,62,
COGBCI,full,bandpower,random_forest,20,1,42,0.37949015063731173,0.5882352941176471,204,51,62,
COGBCI,full,fbcsp,lda,20,2,42,0.9705372616984402,0.9803921568627451,204,51,62,
COGBCI,full,fbcsp,svm,20,2,42,0.9705372616984402,0.9803921568627451,204,51,62,
COGBCI,full,fbcsp,decision_tree,20,2,42,0.9412442396313364,0.9607843137254902,204,51,62,
COGBCI,full,fbcsp,random_forest,20,2,42,1.0,1.0,204,51,62,
COGBCI,full,bandpower,lda,20,2,42,0.7638888888888888,0.8431372549019608,204,51,62,
COGBCI,full,bandpower,svm,20,2,42,0.4124423963133639,0.6078431372549019,204,51,62,
COGBCI,full,bandpower,decision_tree,20,2,42,0.47058823529411764,0.6470588235294118,204,51,62,
COGBCI,full,bandpower,random_forest,20,2,42,0.4411764705882353,0.6274509803921569,204,51,62,
COGBCI,full,fbcsp,lda,20,3,42,0.941108545034642,0.9607843137254902,204,51,62,
COGBCI,full,fbcsp,svm,20,3,42,0.9118155619596542,0.9411764705882353,204,51,62,
COGBCI,full,fbcsp,decision_tree,20,3,42,1.0,1.0,204,51,62,
COGBCI,full,fbcsp,random_forest,20,3,42,1.0,1.0,204,51,62,
COGBCI,full,bandpower,lda,20,3,42,0.6466512702078522,0.7647058823529411,204,51,62,
COGBCI,full,bandpower,svm,20,3,42,0.2578579743888242,0.5098039215686274,204,51,62,
COGBCI,full,bandpower,decision_tree,20,3,42,0.472110408280621,0.6470588235294118,204,51,62,
COGBCI,full,bandpower,random_forest,20,3,42,0.4668989547038328,0.6470588235294118,204,51,62,
COGBCI,full,fbcsp,lda,20,4,42,0.9705712637045586,0.9803921568627451,204,51,62,
COGBCI,full,fbcsp,svm,20,4,42,0.9411764705882353,0.9607843137254902,204,51,62,
COGBCI,full,fbcsp,decision_tree,20,4,42,1.0,1.0,204,51,62,
COGBCI,full,fbcsp,random_forest,20,4,42,1.0,1.0,204,51,62,
COGBCI,full,bandpower,lda,20,4,42,0.6466512702078522,0.7647058823529411,204,51,62,
COGBCI,full,bandpower,svm,20,4,42,0.35069444444444464,0.5686274509803921,204,51,62,
COGBCI,full,bandpower,decision_tree,20,4,42,0.5261324041811847,0.6862745098039216,204,51,62,
COGBCI,full,bandpower,random_forest,20,4,42,0.6167630057803468,0.7450980392156863,204,51,62,
COGBCI,full,fbcsp,lda,21,0,42,1.0,1.0,200,51,62,
COGBCI,full,fbcsp,svm,21,0,42,1.0,1.0,200,51,62,
COGBCI,full,fbcsp,decision_tree,21,0,42,1.0,1.0,200,51,62,
COGBCI,full,fbcsp,random_forest,21,0,42,1.0,1.0,200,51,62,
COGBCI,full,bandpower,lda,21,0,42,0.9117647058823529,0.9411764705882353,200,51,62,
COGBCI,full,bandpower,svm,21,0,42,0.5,0.6666666666666666,200,51,62,
COGBCI,full,bandpower,decision_tree,21,0,42,0.7352941176470589,0.8235294117647058,200,51,62,
COGBCI,full,bandpower,random_forest,21,0,42,0.7941176470588236,0.8627450980392157,200,51,62,
COGBCI,full,fbcsp,lda,21,1,42,0.96996996996997,0.98,201,50,62,
COGBCI,full,fbcsp,svm,21,1,42,0.96996996996997,0.98,201,50,62,
COGBCI,full,fbcsp,decision_tree,21,1,42,1.0,1.0,201,50,62,
COGBCI,full,fbcsp,random_forest,21,1,42,1.0,1.0,201,50,62,
COGBCI,full,bandpower,lda,21,1,42,0.6998799519807923,0.8,201,50,62,
COGBCI,full,bandpower,svm,21,1,42,0.3063932448733413,0.54,201,50,62,
COGBCI,full,bandpower,decision_tree,21,1,42,0.45848375451263546,0.64,201,50,62,
COGBCI,full,bandpower,random_forest,21,1,42,0.48795180722891573,0.66,201,50,62,
COGBCI,full,fbcsp,lda,21,2,42,1.0,1.0,201,50,62,
COGBCI,full,fbcsp,svm,21,2,42,0.9399038461538461,0.96,201,50,62,
COGBCI,full,fbcsp,decision_tree,21,2,42,1.0,1.0,201,50,62,
COGBCI,full,fbcsp,random_forest,21,2,42,1.0,1.0,201,50,62,
COGBCI,full,bandpower,lda,21,2,42,0.8199279711884754,0.88,201,50,62,
COGBCI,full,bandpower,svm,21,2,42,0.43011397720455913,0.62,201,50,62,
COGBCI,full,bandpower,decision_tree,21,2,42,0.6991576413959086,0.8,201,50,62,
COGBCI,full,bandpower,random_forest,21,2,42,0.6694711538461539,0.78,201,50,62,
COGBCI,full,fbcsp,lda,21,3,42,1.0,1.0,201,50,62,
COGBCI,full,fbcsp,svm,21,3,42,0.9699879951980792,0.98,201,50,62,
COGBCI,full,fbcsp,decision_tree,21,3,42,0.9699879951980792,0.98,201,50,62,
COGBCI,full,fbcsp,random_forest,21,3,42,1.0,1.0,201,50,62,
COGBCI,full,bandpower,lda,21,3,42,0.8502994011976048,0.9,201,50,62,
COGBCI,full,bandpower,svm,21,3,42,0.5508982035928143,0.7,201,50,62,
COGBCI,full,bandpower,decision_tree,21,3,42,0.6704613541042541,0.78,201,50,62,
COGBCI,full,bandpower,random_forest,21,3,42,0.7004194128220491,0.8,201,50,62,
COGBCI,full,fbcsp,lda,21,4,42,1.0,1.0,201,50,62,
COGBCI,full,fbcsp,svm,21,4,42,1.0,1.0,201,50,62,
COGBCI,full,fbcsp,decision_tree,21,4,42,1.0,1.0,201,50,62,
COGBCI,full,fbcsp,random_forest,21,4,42,1.0,1.0,201,50,62,
COGBCI,full,bandpower,lda,21,4,42,0.9400119976004799,0.96,201,50,62,
COGBCI,full,bandpower,svm,21,4,42,0.5209580838323353,0.68,201,50,62,
COGBCI,full,bandpower,decision_tree,21,4,42,0.6692723992784124,0.78,201,50,62,
COGBCI,full,bandpower,random_forest,21,4,42,0.8198198198198198,0.88,201,50,62,
COGBCI,full,fbcsp,lda,22,0,42,0.973218555714969,0.9821428571428571,222,56,62,
COGBCI,full,fbcsp,svm,22,0,42,0.89272030651341,0.9285714285714286,222,56,62,
COGBCI,full,fbcsp,decision_tree,22,0,42,0.973218555714969,0.9821428571428571,222,56,62,
COGBCI,full,fbcsp,random_forest,22,0,42,1.0,1.0,222,56,62,
COGBCI,full,bandpower,lda,22,0,42,0.8930276981852913,0.9285714285714286,222,56,62,
COGBCI,full,bandpower,svm,22,0,42,0.5719063545150502,0.7142857142857143,222,56,62,
COGBCI,full,bandpower,decision_tree,22,0,42,0.6521739130434783,0.7678571428571429,222,56,62,
COGBCI,full,bandpower,random_forest,22,0,42,0.6255969436485196,0.75,222,56,62,
COGBCI,full,fbcsp,lda,22,1,42,0.8928229665071771,0.9285714285714286,222,56,62,
COGBCI,full,fbcsp,svm,22,1,42,0.8660927785748446,0.9107142857142857,222,56,62,
COGBCI,full,fbcsp,decision_tree,22,1,42,0.9731929152704644,0.9821428571428571,222,56,62,
COGBCI,full,fbcsp,random_forest,22,1,42,1.0,1.0,222,56,62,
COGBCI,full,bandpower,lda,22,1,42,0.9464114832535885,0.9642857142857143,222,56,62,
COGBCI,full,bandpower,svm,22,1,42,0.8125298900047824,0.875,222,56,62,
COGBCI,full,bandpower,decision_tree,22,1,42,0.7590822179732313,0.8392857142857143,222,56,62,
COGBCI,full,bandpower,random_forest,22,1,42,0.7591973244147157,0.8392857142857143,222,56,62,
COGBCI,full,fbcsp,lda,22,2,42,0.8658361284139914,0.9107142857142857,222,56,62,
COGBCI,full,fbcsp,svm,22,2,42,0.785645933014354,0.8571428571428571,222,56,62,
COGBCI,full,fbcsp,decision_tree,22,2,42,1.0,1.0,222,56,62,
COGBCI,full,fbcsp,random_forest,22,2,42,1.0,1.0,222,56,62,
COGBCI,full,bandpower,lda,22,2,42,0.8119904076738609,0.875,222,56,62,
COGBCI,full,bandpower,svm,22,2,42,0.7318007662835249,0.8214285714285714,222,56,62,
COGBCI,full,bandpower,decision_tree,22,2,42,0.7314148681055156,0.8214285714285714,222,56,62,
COGBCI,full,bandpower,random_forest,22,2,42,0.7318007662835249,0.8214285714285714,222,56,62,
COGBCI,full,fbcsp,lda,22,3,42,0.8637939574046558,0.9090909090909091,223,55,62,
COGBCI,full,fbcsp,svm,22,3,42,0.8093115403665181,0.8727272727272727,223,55,62,
COGBCI,full,fbcsp,decision_tree,22,3,42,0.945382323733863,0.9636363636363636,223,55,62,
COGBCI,full,fbcsp,random_forest,22,3,42,1.0,1.0,223,55,62,
COGBCI,full,bandpower,lda,22,3,42,0.8635912698412699,0.9090909090909091,223,55,62,
COGBCI,full,bandpower,svm,22,3,42,0.5643564356435644,0.7090909090909091,223,55,62,
COGBCI,full,bandpower,decision_tree,22,3,42,0.6997518610421837,0.8,223,55,62,
COGBCI,full,bandpower,random_forest,22,3,42,0.645864289252105,0.7636363636363637,223,55,62,
COGBCI,full,fbcsp,lda,22,4,42,0.8363095238095238,0.8909090909090909,223,55,62,
COGBCI,full,fbcsp,svm,22,4,42,0.8363095238095238,0.8909090909090909,223,55,62,
COGBCI,full,fbcsp,decision_tree,22,4,42,0.972718253968254,0.9818181818181818,223,55,62,
COGBCI,full,fbcsp,random_forest,22,4,42,0.972718253968254,0.9818181818181818,223,55,62,
COGBCI,full,bandpower,lda,22,4,42,0.7817460317460317,0.8545454545454545,223,55,62,
COGBCI,full,bandpower,svm,22,4,42,0.6731054977711739,0.7818181818181819,223,55,62,
COGBCI,full,bandpower,decision_tree,22,4,42,0.6731054977711739,0.7818181818181819,223,55,62,
COGBCI,full,bandpower,random_forest,22,4,42,0.5639246778989098,0.7090909090909091,223,55,62,
COGBCI,full,fbcsp,lda,23,0,42,0.93875,0.9591836734693877,196,49,62,
COGBCI,full,fbcsp,svm,23,0,42,0.9387116948092558,0.9591836734693877,196,49,62,
COGBCI,full,fbcsp,decision_tree,23,0,42,0.93875,0.9591836734693877,196,49,62,
COGBCI,full,fbcsp,random_forest,23,0,42,0.969375,0.9795918367346939,196,49,62,
COGBCI,full,bandpower,lda,23,0,42,0.7240300375469337,0.8163265306122449,196,49,62,
COGBCI,full,bandpower,svm,23,0,42,0.44806007509386725,0.6326530612244898,196,49,62,
COGBCI,full,bandpower,decision_tree,23,0,42,0.38750000000000007,0.5918367346938775,196,49,62,
COGBCI,full,bandpower,random_forest,23,0,42,0.5701754385964912,0.7142857142857143,196,49,62,
COGBCI,full,fbcsp,lda,23,1,42,0.908125,0.9387755102040817,196,49,62,
COGBCI,full,fbcsp,svm,23,1,42,0.8467792370231395,0.8979591836734694,196,49,62,
COGBCI,full,fbcsp,decision_tree,23,1,42,0.93875,0.9591836734693877,196,49,62,
COGBCI,full,fbcsp,random_forest,23,1,42,1.0,1.0,196,49,62,
COGBCI,full,bandpower,lda,23,1,42,0.785625,0.8571428571428571,196,49,62,
COGBCI,full,bandpower,svm,23,1,42,0.6929824561403508,0.7959183673469388,196,49,62,
COGBCI,full,bandpower,decision_tree,23,1,42,0.4477144646211647,0.6326530612244898,196,49,62,
COGBCI,full,bandpower,random_forest,23,1,42,0.6018749999999999,0.7346938775510204,196,49,62,
COGBCI,full,fbcsp,lda,23,2,42,0.969375,0.9795918367346939,196,49,62,
COGBCI,full,fbcsp,svm,23,2,42,0.938788257339163,0.9591836734693877,196,49,62,
COGBCI,full,fbcsp,decision_tree,23,2,42,0.969375,0.9795918367346939,196,49,62,
COGBCI,full,fbcsp,random_forest,23,2,42,1.0,1.0,196,49,62,
COGBCI,full,bandpower,lda,23,2,42,0.8776529338327091,0.9183673469387755,196,49,62,
COGBCI,full,bandpower,svm,23,2,42,0.540625,0.6938775510204082,196,49,62,
COGBCI,full,bandpower,decision_tree,23,2,42,0.6320400500625782,0.7551020408163265,196,49,62,
COGBCI,full,bandpower,random_forest,23,2,42,0.6018749999999999,0.7346938775510204,196,49,62,
COGBCI,full,fbcsp,lda,23,3,42,1.0,1.0,196,49,62,
COGBCI,full,fbcsp,svm,23,3,42,0.969375,0.9795918367346939,196,49,62,
COGBCI,full,fbcsp,decision_tree,23,3,42,0.969375,0.9795918367346939,196,49,62,
COGBCI,full,fbcsp,random_forest,23,3,42,1.0,1.0,196,49,62,
COGBCI,full,bandpower,lda,23,3,42,0.7853566958698373,0.8571428571428571,196,49,62,
COGBCI,full,bandpower,svm,23,3,42,0.509386733416771,0.673469387755102,196,49,62,
COGBCI,full,bandpower,decision_tree,23,3,42,0.4790494058786742,0.6530612244897959,196,49,62,
COGBCI,full,bandpower,random_forest,23,3,42,0.5403377110694183,0.6938775510204082,196,49,62,
COGBCI,full,fbcsp,lda,23,4,42,1.0,1.0,196,49,62,
COGBCI,full,fbcsp,svm,23,4,42,1.0,1.0,196,49,62,
COGBCI,full,fbcsp,decision_tree,23,4,42,1.0,1.0,196,49,62,
COGBCI,full,fbcsp,random_forest,23,4,42,1.0,1.0,196,49,62,
COGBCI,full,bandpower,lda,23,4,42,0.8776529338327091,0.9183673469387755,196,49,62,
COGBCI,full,bandpower,svm,23,4,42,0.6943231441048034,0.7959183673469388,196,49,62,
COGBCI,full,bandpower,decision_tree,23,4,42,0.5409119300437227,0.6938775510204082,196,49,62,
COGBCI,full,bandpower,random_forest,23,4,42,0.7254047322540473,0.8163265306122449,196,49,62,
COGBCI,full,fbcsp,lda,24,0,42,0.971627408993576,0.9811320754716981,212,53,62,
COGBCI,full,fbcsp,svm,24,0,42,0.8863879957127545,0.9245283018867925,212,53,62,
COGBCI,full,fbcsp,decision_tree,24,0,42,1.0,1.0,212,53,62,
COGBCI,full,fbcsp,random_forest,24,0,42,1.0,1.0,212,53,62,
COGBCI,full,bandpower,lda,24,0,42,0.8009656652360515,0.8679245283018868,212,53,62,
COGBCI,full,bandpower,svm,24,0,42,0.6584317937701396,0.7735849056603774,212,53,62,
COGBCI,full,bandpower,decision_tree,24,0,42,0.4028969957081545,0.6037735849056604,212,53,62,
COGBCI,full,bandpower,random_forest,24,0,42,0.6862217438105489,0.7924528301886793,212,53,62,
COGBCI,full,fbcsp,lda,24,1,42,1.0,1.0,212,53,62,
COGBCI,full,fbcsp,svm,24,1,42,0.971627408993576,0.9811320754716981,212,53,62,
COGBCI,full,fbcsp,decision_tree,24,1,42,1.0,1.0,212,53,62,
COGBCI,full,fbcsp,random_forest,24,1,42,1.0,1.0,212,53,62,
COGBCI,full,bandpower,lda,24,1,42,0.7150537634408602,0.8113207547169812,212,53,62,
COGBCI,full,bandpower,svm,24,1,42,0.6303648068669527,0.7547169811320755,212,53,62,
COGBCI,full,bandpower,decision_tree,24,1,42,0.5753205128205128,0.7169811320754716,212,53,62,
COGBCI,full,bandpower,random_forest,24,1,42,0.7159699892818864,0.8113207547169812,212,53,62,
COGBCI,full,fbcsp,lda,24,2,42,0.971627408993576,0.9811320754716981,212,53,62,
COGBCI,full,fbcsp,svm,24,2,42,0.971627408993576,0.9811320754716981,212,53,62,
COGBCI,full,fbcsp,decision_tree,24,2,42,1.0,1.0,212,53,62,
COGBCI,full,fbcsp,random_forest,24,2,42,1.0,1.0,212,53,62,
COGBCI,full,bandpower,lda,24,2,42,0.6303648068669527,0.7547169811320755,212,53,62,
COGBCI,full,bandpower,svm,24,2,42,0.34603004291845496,0.5660377358490566,212,53,62,
COGBCI,full,bandpower,decision_tree,24,2,42,0.6032085561497326,0.7358490566037735,212,53,62,
COGBCI,full,bandpower,random_forest,24,2,42,0.6015037593984962,0.7358490566037735,212,53,62,
COGBCI,full,fbcsp,lda,24,3,42,0.971627408993576,0.9811320754716981,212,53,62,
COGBCI,full,fbcsp,svm,24,3,42,0.971627408993576,0.9811320754716981,212,53,62,
COGBCI,full,fbcsp,decision_tree,24,3,42,1.0,1.0,212,53,62,
COGBCI,full,fbcsp,random_forest,24,3,42,1.0,1.0,212,53,62,
COGBCI,full,bandpower,lda,24,3,42,0.8022388059701493,0.8679245283018868,212,53,62,
COGBCI,full,bandpower,svm,24,3,42,0.4626467449306296,0.6415094339622641,212,53,62,
COGBCI,full,bandpower,decision_tree,24,3,42,0.6036324786324786,0.7358490566037735,212,53,62,
COGBCI,full,bandpower,random_forest,24,3,42,0.6598930481283423,0.7735849056603774,212,53,62,
COGBCI,full,fbcsp,lda,24,4,42,0.9715817694369974,0.9811320754716981,212,53,62,
COGBCI,full,fbcsp,svm,24,4,42,0.9430719656283566,0.9622641509433962,212,53,62,
COGBCI,full,fbcsp,decision_tree,24,4,42,1.0,1.0,212,53,62,
COGBCI,full,fbcsp,random_forest,24,4,42,1.0,1.0,212,53,62,
COGBCI,full,bandpower,lda,24,4,42,0.8014981273408239,0.8679245283018868,212,53,62,
COGBCI,full,bandpower,svm,24,4,42,0.687566988210075,0.7924528301886793,212,53,62,
COGBCI,full,bandpower,decision_tree,24,4,42,0.4895666131621188,0.660377358490566,212,53,62,
COGBCI,full,bandpower,random_forest,24,4,42,0.6606189967982925,0.7735849056603774,212,53,62,
COGBCI,full,fbcsp,lda,25,0,42,1.0,1.0,206,52,62,
COGBCI,full,fbcsp,svm,25,0,42,1.0,1.0,206,52,62,
COGBCI,full,fbcsp,decision_tree,25,0,42,0.971159179145868,0.9807692307692307,206,52,62,
COGBCI,full,fbcsp,random_forest,25,0,42,1.0,1.0,206,52,62,
COGBCI,full,bandpower,lda,25,0,42,0.8558758314855877,0.9038461538461539,206,52,62,
COGBCI,full,bandpower,svm,25,0,42,0.4520244037714919,0.6346153846153846,206,52,62,
COGBCI,full,bandpower,decision_tree,25,0,42,0.48057713651498335,0.6538461538461539,206,52,62,
COGBCI,full,bandpower,random_forest,25,0,42,0.5390581717451524,0.6923076923076923,206,52,62,
COGBCI,full,fbcsp,lda,25,1,42,0.9711271515824542,0.9807692307692307,206,52,62,
COGBCI,full,fbcsp,svm,25,1,42,1.0,1.0,206,52,62,
COGBCI,full,fbcsp,decision_tree,25,1,42,0.8845726970033296,0.9230769230769231,206,52,62,
COGBCI,full,fbcsp,random_forest,25,1,42,0.971159179145868,0.9807692307692307,206,52,62,
COGBCI,full,bandpower,lda,25,1,42,0.48086522462562387,0.6538461538461539,206,52,62,
COGBCI,full,bandpower,svm,25,1,42,0.44988864142538965,0.6346153846153846,206,52,62,
COGBCI,full,bandpower,decision_tree,25,1,42,0.36338341680578745,0.5769230769230769,206,52,62,
COGBCI,full,bandpower,random_forest,25,1,42,0.4215795328142381,0.6153846153846154,206,52,62,
COGBCI,full,fbcsp,lda,25,2,42,0.9710789766407119,0.9807692307692307,206,52,62,
COGBCI,full,fbcsp,svm,25,2,42,0.9710789766407119,0.9807692307692307,206,52,62,
COGBCI,full,fbcsp,decision_tree,25,2,42,0.9420935412026726,0.9615384615384616,206,52,62,
COGBCI,full,fbcsp,random_forest,25,2,42,0.9710789766407119,0.9807692307692307,206,52,62,
COGBCI,full,bandpower,lda,25,2,42,0.6825749167591565,0.7884615384615384,206,52,62,
COGBCI,full,bandpower,svm,25,2,42,0.6521739130434783,0.7692307692307693,206,52,62,
COGBCI,full,bandpower,decision_tree,25,2,42,0.5367483296213809,0.6923076923076923,206,52,62,
COGBCI,full,bandpower,random_forest,25,2,42,0.5946547884187083,0.7307692307692307,206,52,62,
COGBCI,full,fbcsp,lda,25,3,42,0.9410404624277456,0.9607843137254902,207,51,62,
COGBCI,full,fbcsp,svm,25,3,42,0.9410404624277456,0.9607843137254902,207,51,62,
COGBCI,full,fbcsp,decision_tree,25,3,42,0.8228141285466126,0.8823529411764706,207,51,62,
COGBCI,full,fbcsp,random_forest,25,3,42,0.9115095430884905,0.9411764705882353,207,51,62,
COGBCI,full,bandpower,lda,25,3,42,0.6744051073708648,0.7843137254901961,207,51,62,
COGBCI,full,bandpower,svm,25,3,42,0.38128249566724426,0.5882352941176471,207,51,62,
COGBCI,full,bandpower,decision_tree,25,3,42,0.26385681293302543,0.5098039215686274,207,51,62,
COGBCI,full,bandpower,random_forest,25,3,42,0.4411764705882353,0.6274509803921569,207,51,62,
COGBCI,full,fbcsp,lda,25,4,42,1.0,1.0,207,51,62,
COGBCI,full,fbcsp,svm,25,4,42,0.9705372616984402,0.9803921568627451,207,51,62,
COGBCI,full,fbcsp,decision_tree,25,4,42,1.0,1.0,207,51,62,
COGBCI,full,fbcsp,random_forest,25,4,42,1.0,1.0,207,51,62,
COGBCI,full,bandpower,lda,25,4,42,0.5891829689298044,0.7254901960784313,207,51,62,
COGBCI,full,bandpower,svm,25,4,42,0.5887096774193548,0.7254901960784313,207,51,62,
COGBCI,full,bandpower,decision_tree,25,4,42,0.4718066743383199,0.6470588235294118,207,51,62,
COGBCI,full,bandpower,random_forest,25,4,42,0.5585689555683786,0.7058823529411765,207,51,62,
COGBCI,full,fbcsp,lda,26,0,42,0.9422222222222222,0.9615384615384616,205,52,62,
COGBCI,full,fbcsp,svm,26,0,42,0.855635757912271,0.9038461538461539,205,52,62,
COGBCI,full,fbcsp,decision_tree,26,0,42,1.0,1.0,205,52,62,
COGBCI,full,fbcsp,random_forest,26,0,42,1.0,1.0,205,52,62,
COGBCI,full,bandpower,lda,26,0,42,0.7695290858725762,0.8461538461538461,205,52,62,
COGBCI,full,bandpower,svm,26,0,42,0.6261061946902655,0.75,205,52,62,
COGBCI,full,bandpower,decision_tree,26,0,42,0.5400773908236594,0.6923076923076923,205,52,62,
COGBCI,full,bandpower,random_forest,26,0,42,0.6263128800442234,0.75,205,52,62,
COGBCI,full,fbcsp,lda,26,1,42,0.9422863485016648,0.9615384615384616,205,52,62,
COGBCI,full,fbcsp,svm,26,1,42,0.7974401780745687,0.8653846153846154,205,52,62,
COGBCI,full,fbcsp,decision_tree,26,1,42,0.8844444444444445,0.9230769230769231,205,52,62,
COGBCI,full,fbcsp,random_forest,26,1,42,0.9132851584213452,0.9423076923076923,205,52,62,
COGBCI,full,bandpower,lda,26,1,42,0.6832779623477299,0.7884615384615384,205,52,62,
COGBCI,full,bandpower,svm,26,1,42,0.5669072737368129,0.7115384615384616,205,52,62,
COGBCI,full,bandpower,decision_tree,26,1,42,0.39265850945494996,0.5961538461538461,205,52,62,
COGBCI,full,bandpower,random_forest,26,1,42,0.5088888888888888,0.6730769230769231,205,52,62,
COGBCI,full,fbcsp,lda,26,2,42,0.9407665505226481,0.9607843137254902,206,51,62,
COGBCI,full,fbcsp,svm,26,2,42,0.9109947643979057,0.9411764705882353,206,51,62,
COGBCI,full,fbcsp,decision_tree,26,2,42,1.0,1.0,206,51,62,
COGBCI,full,fbcsp,random_forest,26,2,42,1.0,1.0,206,51,62,
COGBCI,full,bandpower,lda,26,2,42,0.851138353765324,0.9019607843137255,206,51,62,
COGBCI,full,bandpower,svm,26,2,42,0.7017543859649122,0.803921568627451,206,51,62,
COGBCI,full,bandpower,decision_tree,26,2,42,0.49298245614035086,0.6666666666666666,206,51,62,
COGBCI,full,bandpower,random_forest,26,2,42,0.7320490367775832,0.8235294117647058,206,51,62,
COGBCI,full,fbcsp,lda,26,3,42,1.0,1.0,206,51,62,
COGBCI,full,fbcsp,svm,26,3,42,0.9409722222222222,0.9607843137254902,206,51,62,
COGBCI,full,fbcsp,decision_tree,26,3,42,0.9705882352941176,0.9803921568627451,206,51,62,
COGBCI,full,fbcsp,random_forest,26,3,42,1.0,1.0,206,51,62,
COGBCI,full,bandpower,lda,26,3,42,0.7653824036802761,0.8431372549019608,206,51,62,
COGBCI,full,bandpower,svm,26,3,42,0.6478711162255466,0.7647058823529411,206,51,62,
COGBCI,full,bandpower,decision_tree,26,3,42,0.49971148297749557,0.6666666666666666,206,51,62,
COGBCI,full,bandpower,random_forest,26,3,42,0.6468551644547029,0.7647058823529411,206,51,62,
COGBCI,full,fbcsp,lda,26,4,42,1.0,1.0,206,51,62,
COGBCI,full,fbcsp,svm,26,4,42,1.0,1.0,206,51,62,
COGBCI,full,fbcsp,decision_tree,26,4,42,1.0,1.0,206,51,62,
COGBCI,full,fbcsp,random_forest,26,4,42,1.0,1.0,206,51,62,
COGBCI,full,bandpower,lda,26,4,42,0.706728004600345,0.803921568627451,206,51,62,
COGBCI,full,bandpower,svm,26,4,42,0.7644341801385681,0.8431372549019608,206,51,62,
COGBCI,full,bandpower,decision_tree,26,4,42,0.4110854503464203,0.6078431372549019,206,51,62,
COGBCI,full,bandpower,random_forest,26,4,42,0.7931633835457705,0.8627450980392157,206,51,62,
COGBCI,full,fbcsp,lda,27,0,42,1.0,1.0,196,49,62,
COGBCI,full,fbcsp,svm,27,0,42,0.9693558474046279,0.9795918367346939,196,49,62,
COGBCI,full,fbcsp,decision_tree,27,0,42,0.9388264669163545,0.9591836734693877,196,49,62,
COGBCI,full,fbcsp,random_forest,27,0,42,1.0,1.0,196,49,62,
COGBCI,full,bandpower,lda,27,0,42,0.9079524107701942,0.9387755102040817,196,49,62,
COGBCI,full,bandpower,svm,27,0,42,0.6629143214509068,0.7755102040816326,196,49,62,
COGBCI,full,bandpower,decision_tree,27,0,42,0.5417705735660848,0.6938775510204082,196,49,62,
COGBCI,full,bandpower,random_forest,27,0,42,0.7548467792370231,0.8367346938775511,196,49,62,
COGBCI,full,fbcsp,lda,27,1,42,0.9388264669163545,0.9591836734693877,196,49,62,
COGBCI,full,fbcsp,svm,27,1,42,0.9081823860087446,0.9387755102040817,196,49,62,
COGBCI,full,fbcsp,decision_tree,27,1,42,0.9693558474046279,0.9795918367346939,196,49,62,
COGBCI,full,fbcsp,random_forest,27,1,42,1.0,1.0,196,49,62,
COGBCI,full,bandpower,lda,27,1,42,0.7248908296943232,0.8163265306122449,196,49,62,
COGBCI,full,bandpower,svm,27,1,42,0.7245471580262337,0.8163265306122449,196,49,62,
COGBCI,full,bandpower,decision_tree,27,1,42,0.41812499999999997,0.6122448979591837,196,49,62,
COGBCI,full,bandpower,random_forest,27,1,42,0.5715178013741412,0.7142857142857143,196,49,62,
COGBCI,full,fbcsp,lda,27,2,42,0.9693941286695815,0.9795918367346939,196,49,62,
COGBCI,full,fbcsp,svm,27,2,42,0.8778054862842893,0.9183673469387755,196,49,62,
COGBCI,full,fbcsp,decision_tree,27,2,42,1.0,1.0,196,49,62,
COGBCI,full,fbcsp,random_forest,27,2,42,1.0,1.0,196,49,62,
COGBCI,full,bandpower,lda,27,2,42,0.7245471580262336,0.8163265306122449,196,49,62,
COGBCI,full,bandpower,svm,27,2,42,0.4797001873828858,0.6530612244897959,196,49,62,
COGBCI,full,bandpower,decision_tree,27,2,42,0.4809968847352025,0.6530612244897959,196,49,62,
COGBCI,full,bandpower,random_forest,27,2,42,0.6637554585152838,0.7755102040816326,196,49,62,
COGBCI,full,fbcsp,lda,27,3,42,0.9693941286695815,0.9795918367346939,196,49,62,
COGBCI,full,fbcsp,svm,27,3,42,0.9081823860087446,0.9387755102040817,196,49,62,
COGBCI,full,fbcsp,decision_tree,27,3,42,1.0,1.0,196,49,62,
COGBCI,full,fbcsp,random_forest,27,3,42,1.0,1.0,196,49,62,
COGBCI,full,bandpower,lda,27,3,42,0.8467792370231395,0.8979591836734694,196,49,62,
COGBCI,full,bandpower,svm,27,3,42,0.5403377110694183,0.6938775510204082,196,49,62,
COGBCI,full,bandpower,decision_tree,27,3,42,0.5709818636647905,0.7142857142857143,196,49,62,
COGBCI,full,bandpower,random_forest,27,3,42,0.6941323345817727,0.7959183673469388,196,49,62,
COGBCI,full,fbcsp,lda,27,4,42,1.0,1.0,196,49,62,
COGBCI,full,fbcsp,svm,27,4,42,0.8473520249221184,0.8979591836734694,196,49,62,
COGBCI,full,fbcsp,decision_tree,27,4,42,1.0,1.0,196,49,62,
COGBCI,full,fbcsp,random_forest,27,4,42,1.0,1.0,196,49,62,
COGBCI,full,bandpower,lda,27,4,42,0.7548467792370231,0.8367346938775511,196,49,62,
COGBCI,full,bandpower,svm,27,4,42,0.6013767209011265,0.7346938775510204,196,49,62,
COGBCI,full,bandpower,decision_tree,27,4,42,0.5423412204234122,0.6938775510204082,196,49,62,
COGBCI,full,bandpower,random_forest,27,4,42,0.7860262008733624,0.8571428571428571,196,49,62,
COGBCI,full,fbcsp,lda,28,0,42,1.0,1.0,206,52,62,
COGBCI,full,fbcsp,svm,28,0,42,1.0,1.0,206,52,62,
COGBCI,full,fbcsp,decision_tree,28,0,42,0.971159179145868,0.9807692307692307,206,52,62,
COGBCI,full,fbcsp,random_forest,28,0,42,1.0,1.0,206,52,62,
COGBCI,full,bandpower,lda,28,0,42,0.8558758314855877,0.9038461538461539,206,52,62,
COGBCI,full,bandpower,svm,28,0,42,0.4520244037714919,0.6346153846153846,206,52,62,
COGBCI,full,bandpower,decision_tree,28,0,42,0.48057713651498335,0.6538461538461539,206,52,62,
COGBCI,full,bandpower,random_forest,28,0,42,0.5390581717451524,0.6923076923076923,206,52,62,
COGBCI,full,fbcsp,lda,28,1,42,0.9711271515824542,0.9807692307692307,206,52,62,
COGBCI,full,fbcsp,svm,28,1,42,1.0,1.0,206,52,62,
COGBCI,full,fbcsp,decision_tree,28,1,42,0.8845726970033296,0.9230769230769231,206,52,62,
COGBCI,full,fbcsp,random_forest,28,1,42,0.971159179145868,0.9807692307692307,206,52,62,
COGBCI,full,bandpower,lda,28,1,42,0.48086522462562387,0.6538461538461539,206,52,62,
COGBCI,full,bandpower,svm,28,1,42,0.44988864142538965,0.6346153846153846,206,52,62,
COGBCI,full,bandpower,decision_tree,28,1,42,0.36338341680578745,0.5769230769230769,206,52,62,
COGBCI,full,bandpower,random_forest,28,1,42,0.4215795328142381,0.6153846153846154,206,52,62,
COGBCI,full,fbcsp,lda,28,2,42,0.9710789766407119,0.9807692307692307,206,52,62,
COGBCI,full,fbcsp,svm,28,2,42,0.9710789766407119,0.9807692307692307,206,52,62,
COGBCI,full,fbcsp,decision_tree,28,2,42,0.9420935412026726,0.9615384615384616,206,52,62,
COGBCI,full,fbcsp,random_forest,28,2,42,0.9710789766407119,0.9807692307692307,206,52,62,
COGBCI,full,bandpower,lda,28,2,42,0.6825749167591565,0.7884615384615384,206,52,62,
COGBCI,full,bandpower,svm,28,2,42,0.6521739130434783,0.7692307692307693,206,52,62,
COGBCI,full,bandpower,decision_tree,28,2,42,0.5367483296213809,0.6923076923076923,206,52,62,
COGBCI,full,bandpower,random_forest,28,2,42,0.5946547884187083,0.7307692307692307,206,52,62,
COGBCI,full,fbcsp,lda,28,3,42,0.9410404624277456,0.9607843137254902,207,51,62,
COGBCI,full,fbcsp,svm,28,3,42,0.9410404624277456,0.9607843137254902,207,51,62,
COGBCI,full,fbcsp,decision_tree,28,3,42,0.8228141285466126,0.8823529411764706,207,51,62,
COGBCI,full,fbcsp,random_forest,28,3,42,0.9115095430884905,0.9411764705882353,207,51,62,
COGBCI,full,bandpower,lda,28,3,42,0.6744051073708648,0.7843137254901961,207,51,62,
COGBCI,full,bandpower,svm,28,3,42,0.38128249566724426,0.5882352941176471,207,51,62,
COGBCI,full,bandpower,decision_tree,28,3,42,0.26385681293302543,0.5098039215686274,207,51,62,
COGBCI,full,bandpower,random_forest,28,3,42,0.4411764705882353,0.6274509803921569,207,51,62,
COGBCI,full,fbcsp,lda,28,4,42,1.0,1.0,207,51,62,
COGBCI,full,fbcsp,svm,28,4,42,0.9705372616984402,0.9803921568627451,207,51,62,
COGBCI,full,fbcsp,decision_tree,28,4,42,1.0,1.0,207,51,62,
COGBCI,full,fbcsp,random_forest,28,4,42,1.0,1.0,207,51,62,
COGBCI,full,bandpower,lda,28,4,42,0.5891829689298044,0.7254901960784313,207,51,62,
COGBCI,full,bandpower,svm,28,4,42,0.5887096774193548,0.7254901960784313,207,51,62,
COGBCI,full,bandpower,decision_tree,28,4,42,0.4718066743383199,0.6470588235294118,207,51,62,
COGBCI,full,bandpower,random_forest,28,4,42,0.5585689555683786,0.7058823529411765,207,51,62,
COGBCI,full,fbcsp,lda,29,0,42,1.0,1.0,200,51,62,
COGBCI,full,fbcsp,svm,29,0,42,1.0,1.0,200,51,62,
COGBCI,full,fbcsp,decision_tree,29,0,42,1.0,1.0,200,51,62,
COGBCI,full,fbcsp,random_forest,29,0,42,1.0,1.0,200,51,62,
COGBCI,full,bandpower,lda,29,0,42,0.793283149971048,0.8627450980392157,200,51,62,
COGBCI,full,bandpower,svm,29,0,42,0.47150259067357514,0.6470588235294118,200,51,62,
COGBCI,full,bandpower,decision_tree,29,0,42,0.5600920069005175,0.7058823529411765,200,51,62,
COGBCI,full,bandpower,random_forest,29,0,42,0.5,0.6666666666666666,200,51,62,
COGBCI,full,fbcsp,lda,29,1,42,1.0,1.0,201,50,62,
COGBCI,full,fbcsp,svm,29,1,42,0.9699879951980792,0.98,201,50,62,
COGBCI,full,fbcsp,decision_tree,29,1,42,1.0,1.0,201,50,62,
COGBCI,full,fbcsp,random_forest,29,1,42,1.0,1.0,201,50,62,
COGBCI,full,bandpower,lda,29,1,42,0.790167865707434,0.86,201,50,62,
COGBCI,full,bandpower,svm,29,1,42,0.521531100478469,0.68,201,50,62,
COGBCI,full,bandpower,decision_tree,29,1,42,0.33655006031363077,0.56,201,50,62,
COGBCI,full,bandpower,random_forest,29,1,42,0.6706586826347306,0.78,201,50,62,
COGBCI,full,fbcsp,lda,29,2,42,1.0,1.0,201,50,62,
COGBCI,full,fbcsp,svm,29,2,42,0.96996996996997,0.98,201,50,62,
COGBCI,full,fbcsp,decision_tree,29,2,42,1.0,1.0,201,50,62,
COGBCI,full,fbcsp,random_forest,29,2,42,1.0,1.0,201,50,62,
COGBCI,full,bandpower,lda,29,2,42,0.8499399759903962,0.9,201,50,62,
COGBCI,full,bandpower,svm,29,2,42,0.5203836930455635,0.68,201,50,62,
COGBCI,full,bandpower,decision_tree,29,2,42,0.49132256134051466,0.66,201,50,62,
COGBCI,full,bandpower,random_forest,29,2,42,0.46075494307968834,0.64,201,50,62,
COGBCI,full,fbcsp,lda,29,3,42,1.0,1.0,201,50,62,
COGBCI,full,fbcsp,svm,29,3,42,0.9101258238466148,0.94,201,50,62,
COGBCI,full,fbcsp,decision_tree,29,3,42,1.0,1.0,201,50,62,
COGBCI,full,fbcsp,random_forest,29,3,42,1.0,1.0,201,50,62,
COGBCI,full,bandpower,lda,29,3,42,0.9100719424460432,0.94,201,50,62,
COGBCI,full,bandpower,svm,29,3,42,0.6394230769230769,0.76,201,50,62,
COGBCI,full,bandpower,decision_tree,29,3,42,0.4614003590664273,0.64,201,50,62,
COGBCI,full,bandpower,random_forest,29,3,42,0.7302158273381295,0.82,201,50,62,
COGBCI,full,fbcsp,lda,29,4,42,1.0,1.0,201,50,62,
COGBCI,full,fbcsp,svm,29,4,42,1.0,1.0,201,50,62,
COGBCI,full,fbcsp,decision_tree,29,4,42,1.0,1.0,201,50,62,
COGBCI,full,fbcsp,random_forest,29,4,42,1.0,1.0,201,50,62,
COGBCI,full,bandpower,lda,29,4,42,0.9099639855942376,0.94,201,50,62,
COGBCI,full,bandpower,svm,29,4,42,0.6402877697841727,0.76,201,50,62,
COGBCI,full,bandpower,decision_tree,29,4,42,0.6398559423769508,0.76,201,50,62,
COGBCI,full,bandpower,random_forest,29,4,42,0.580335731414868,0.72,201,50,62,
COGBCI,nearear,fbcsp,lda,3,0,42,0.6545307443365695,0.7704918032786885,241,61,2,
COGBCI,nearear,fbcsp,svm,3,0,42,0.901453957996769,0.9344262295081968,241,61,2,
COGBCI,nearear,fbcsp,decision_tree,3,0,42,0.5798217179902756,0.7213114754098361,241,61,2,
COGBCI,nearear,fbcsp,random_forest,3,0,42,0.8768174474959612,0.9180327868852459,241,61,2,
COGBCI,nearear,bandpower,lda,3,0,42,0.7046004842615012,0.8032786885245902,241,61,2,
COGBCI,nearear,bandpower,svm,3,0,42,0.7538337368845843,0.8360655737704918,241,61,2,
COGBCI,nearear,bandpower,decision_tree,3,0,42,0.704122877930477,0.8032786885245902,241,61,2,
COGBCI,nearear,bandpower,random_forest,3,0,42,0.7536348949919225,0.8360655737704918,241,61,2,
COGBCI,nearear,fbcsp,lda,3,1,42,0.6797253634894992,0.7868852459016393,241,61,2,
COGBCI,nearear,fbcsp,svm,3,1,42,0.8035426731078905,0.8688524590163934,241,61,2,
COGBCI,nearear,fbcsp,decision_tree,3,1,42,0.6556451612903225,0.7704918032786885,241,61,2,
COGBCI,nearear,fbcsp,random_forest,3,1,42,0.7055510860820595,0.8032786885245902,241,61,2,
COGBCI,nearear,bandpower,lda,3,1,42,0.8272653721682848,0.8852459016393442,241,61,2,
COGBCI,nearear,bandpower,svm,3,1,42,0.7784503631961259,0.8524590163934426,241,61,2,
COGBCI,nearear,bandpower,decision_tree,3,1,42,0.6548100242522232,0.7704918032786885,241,61,2,
COGBCI,nearear,bandpower,random_forest,3,1,42,0.7532362459546925,0.8360655737704918,241,61,2,
COGBCI,nearear,fbcsp,lda,3,2,42,0.575,0.7166666666666667,242,60,2,
COGBCI,nearear,fbcsp,svm,3,2,42,0.825,0.8833333333333333,242,60,2,
COGBCI,nearear,fbcsp,decision_tree,3,2,42,0.575,0.7166666666666667,242,60,2,
COGBCI,nearear,fbcsp,random_forest,3,2,42,0.825,0.8833333333333333,242,60,2,
COGBCI,nearear,bandpower,lda,3,2,42,0.625,0.75,242,60,2,
COGBCI,nearear,bandpower,svm,3,2,42,0.7,0.8,242,60,2,
COGBCI,nearear,bandpower,decision_tree,3,2,42,0.5,0.6666666666666666,242,60,2,
COGBCI,nearear,bandpower,random_forest,3,2,42,0.65,0.7666666666666667,242,60,2,
COGBCI,nearear,fbcsp,lda,3,3,42,0.5,0.6666666666666666,242,60,2,
COGBCI,nearear,fbcsp,svm,3,3,42,0.775,0.85,242,60,2,
COGBCI,nearear,fbcsp,decision_tree,3,3,42,0.55,0.7,242,60,2,
COGBCI,nearear,fbcsp,random_forest,3,3,42,0.725,0.8166666666666667,242,60,2,
COGBCI,nearear,bandpower,lda,3,3,42,0.65,0.7666666666666667,242,60,2,
COGBCI,nearear,bandpower,svm,3,3,42,0.6,0.7333333333333333,242,60,2,
COGBCI,nearear,bandpower,decision_tree,3,3,42,0.375,0.5833333333333334,242,60,2,
COGBCI,nearear,bandpower,random_forest,3,3,42,0.55,0.7,242,60,2,
COGBCI,nearear,fbcsp,lda,3,4,42,0.7,0.8,242,60,2,
COGBCI,nearear,fbcsp,svm,3,4,42,0.825,0.8833333333333333,242,60,2,
COGBCI,nearear,fbcsp,decision_tree,3,4,42,0.675,0.7833333333333333,242,60,2,
COGBCI,nearear,fbcsp,random_forest,3,4,42,0.775,0.85,242,60,2,
COGBCI,nearear,bandpower,lda,3,4,42,0.7,0.8,242,60,2,
COGBCI,nearear,bandpower,svm,3,4,42,0.675,0.7833333333333333,242,60,2,
COGBCI,nearear,bandpower,decision_tree,3,4,42,0.65,0.7666666666666667,242,60,2,
COGBCI,nearear,bandpower,random_forest,3,4,42,0.725,0.8166666666666667,242,60,2,
COGBCI,nearear,fbcsp,lda,4,0,42,0.475,0.65,240,60,2,
COGBCI,nearear,fbcsp,svm,4,0,42,0.44999999999999996,0.6333333333333333,240,60,2,
COGBCI,nearear,fbcsp,decision_tree,4,0,42,0.15000000000000002,0.43333333333333335,240,60,2,
COGBCI,nearear,fbcsp,random_forest,4,0,42,0.475,0.65,240,60,2,
COGBCI,nearear,bandpower,lda,4,0,42,0.42500000000000004,0.6166666666666667,240,60,2,
COGBCI,nearear,bandpower,svm,4,0,42,0.35,0.5666666666666667,240,60,2,
COGBCI,nearear,bandpower,decision_tree,4,0,42,0.275,0.5166666666666667,240,60,2,
COGBCI,nearear,bandpower,random_forest,4,0,42,0.4,0.6,240,60,2,
COGBCI,nearear,fbcsp,lda,4,1,42,0.55,0.7,240,60,2,
COGBCI,nearear,fbcsp,svm,4,1,42,0.575,0.7166666666666667,240,60,2,
COGBCI,nearear,fbcsp,decision_tree,4,1,42,0.25,0.5,240,60,2,
COGBCI,nearear,fbcsp,random_forest,4,1,42,0.475,0.65,240,60,2,
COGBCI,nearear,bandpower,lda,4,1,42,0.5,0.6666666666666666,240,60,2,
COGBCI,nearear,bandpower,svm,4,1,42,0.44999999999999996,0.6333333333333333,240,60,2,
COGBCI,nearear,bandpower,decision_tree,4,1,42,0.30000000000000004,0.5333333333333333,240,60,2,
COGBCI,nearear,bandpower,random_forest,4,1,42,0.4,0.6,240,60,2,
COGBCI,nearear,fbcsp,lda,4,2,42,0.4730238393977415,0.65,240,60,2,
COGBCI,nearear,fbcsp,svm,4,2,42,0.5734002509410289,0.7166666666666667,240,60,2,
COGBCI,nearear,fbcsp,decision_tree,4,2,42,0.2997082117548979,0.5333333333333333,240,60,2,
COGBCI,nearear,fbcsp,random_forest,4,2,42,0.49811794228356343,0.6666666666666666,240,60,2,
COGBCI,nearear,bandpower,lda,4,2,42,0.3491864831038799,0.5666666666666667,240,60,2,
COGBCI,nearear,bandpower,svm,4,2,42,0.3491864831038799,0.5666666666666667,240,60,2,
COGBCI,nearear,bandpower,decision_tree,4,2,42,0.2795031055900621,0.5166666666666667,240,60,2,
COGBCI,nearear,bandpower,random_forest,4,2,42,0.32696302451184056,0.55,240,60,2,
COGBCI,nearear,fbcsp,lda,4,3,42,0.575,0.7166666666666667,240,60,2,
COGBCI,nearear,fbcsp,svm,4,3,42,0.5246038365304421,0.6833333333333333,240,60,2,
COGBCI,nearear,fbcsp,decision_tree,4,3,42,0.3742177722152691,0.5833333333333334,240,60,2,
COGBCI,nearear,fbcsp,random_forest,4,3,42,0.6,0.7333333333333333,240,60,2,
COGBCI,nearear,bandpower,lda,4,3,42,0.373695198329854,0.5833333333333334,240,60,2,
COGBCI,nearear,bandpower,svm,4,3,42,0.27257525083612055,0.5166666666666667,240,60,2,
COGBCI,nearear,bandpower,decision_tree,4,3,42,0.27318295739348364,0.5166666666666667,240,60,2,
COGBCI,nearear,bandpower,random_forest,4,3,42,0.32132383745286963,0.55,240,60,2,
COGBCI,nearear,fbcsp,lda,4,4,42,0.5741127348643007,0.7166666666666667,240,60,2,
COGBCI,nearear,fbcsp,svm,4,4,42,0.5246038365304421,0.6833333333333333,240,60,2,
COGBCI,nearear,fbcsp,decision_tree,4,4,42,0.32612312811980027,0.55,240,60,2,
COGBCI,nearear,fbcsp,random_forest,4,4,42,0.4985374007521939,0.6666666666666666,240,60,2,
COGBCI,nearear,bandpower,lda,4,4,42,0.20166320166320173,0.4666666666666667,240,60,2,
COGBCI,nearear,bandpower,svm,4,4,42,0.22305764411027562,0.48333333333333334,240,60,2,
COGBCI,nearear,bandpower,decision_tree,4,4,42,0.09887359198998757,0.4,240,60,2,
COGBCI,nearear,bandpower,random_forest,4,4,42,0.17465610671112963,0.45,240,60,2,
COGBCI,nearear,fbcsp,lda,5,0,42,0.5462814339218834,0.6981132075471698,208,53,2,
COGBCI,nearear,fbcsp,svm,5,0,42,0.6598930481283423,0.7735849056603774,208,53,2,
COGBCI,nearear,fbcsp,decision_tree,5,0,42,0.2929562433297759,0.5283018867924528,208,53,2,
COGBCI,nearear,fbcsp,random_forest,5,0,42,0.4903846153846153,0.660377358490566,208,53,2,
COGBCI,nearear,bandpower,lda,5,0,42,0.12185996793158727,0.41509433962264153,208,53,2,
COGBCI,nearear,bandpower,svm,5,0,42,0.20853333333333335,0.4716981132075472,208,53,2,
COGBCI,nearear,bandpower,decision_tree,5,0,42,0.12279765082754945,0.41509433962264153,208,53,2,
COGBCI,nearear,bandpower,random_forest,5,0,42,0.20811099252934906,0.4716981132075472,208,53,2,
COGBCI,nearear,fbcsp,lda,5,1,42,0.5654596100278553,0.7115384615384616,209,52,2,
COGBCI,nearear,fbcsp,svm,5,1,42,0.5354550530429927,0.6923076923076923,209,52,2,
COGBCI,nearear,fbcsp,decision_tree,5,1,42,0.4215795328142381,0.6153846153846154,209,52,2,
COGBCI,nearear,fbcsp,random_forest,5,1,42,0.536231884057971,0.6923076923076923,209,52,2,
COGBCI,nearear,bandpower,lda,5,1,42,0.16129032258064524,0.4423076923076923,209,52,2,
COGBCI,nearear,bandpower,svm,5,1,42,0.24972253052164273,0.5,209,52,2,
COGBCI,nearear,bandpower,decision_tree,5,1,42,0.1362126245847175,0.4230769230769231,209,52,2,
COGBCI,nearear,bandpower,random_forest,5,1,42,0.1357340720221606,0.4230769230769231,209,52,2,
COGBCI,nearear,fbcsp,lda,5,2,42,0.5385468663338879,0.6923076923076923,209,52,2,
COGBCI,nearear,fbcsp,svm,5,2,42,0.6250693288962839,0.75,209,52,2,
COGBCI,nearear,fbcsp,decision_tree,5,2,42,0.539313399778516,0.6923076923076923,209,52,2,
COGBCI,nearear,fbcsp,random_forest,5,2,42,0.5666666666666667,0.7115384615384616,209,52,2,
COGBCI,nearear,bandpower,lda,5,2,42,0.2789794786466999,0.5192307692307693,209,52,2,
COGBCI,nearear,bandpower,svm,5,2,42,0.22216066481994468,0.4807692307692308,209,52,2,
COGBCI,nearear,bandpower,decision_tree,5,2,42,0.1636161952301719,0.4423076923076923,209,52,2,
COGBCI,nearear,bandpower,random_forest,5,2,42,0.22172949002217301,0.4807692307692308,209,52,2,
COGBCI,nearear,fbcsp,lda,5,3,42,0.5951056729699666,0.7307692307692307,209,52,2,
COGBCI,nearear,fbcsp,svm,5,3,42,0.6231884057971014,0.75,209,52,2,
COGBCI,nearear,fbcsp,decision_tree,5,3,42,0.5388026607538803,0.6923076923076923,209,52,2,
COGBCI,nearear,fbcsp,random_forest,5,3,42,0.6521739130434783,0.7692307692307693,209,52,2,
COGBCI,nearear,bandpower,lda,5,3,42,0.22086570477247514,0.4807692307692308,209,52,2,
COGBCI,nearear,bandpower,svm,5,3,42,0.24805339265850956,0.5,209,52,2,
COGBCI,nearear,bandpower,decision_tree,5,3,42,0.10840707964601781,0.40384615384615385,209,52,2,
COGBCI,nearear,bandpower,random_forest,5,3,42,0.2777777777777777,0.5192307692307693,209,52,2,
COGBCI,nearear,fbcsp,lda,5,4,42,0.5132158590308371,0.6730769230769231,209,52,2,
COGBCI,nearear,fbcsp,svm,5,4,42,0.654867256637168,0.7692307692307693,209,52,2,
COGBCI,nearear,fbcsp,decision_tree,5,4,42,0.48,0.6538461538461539,209,52,2,
COGBCI,nearear,fbcsp,random_forest,5,4,42,0.6548672566371682,0.7692307692307693,209,52,2,
COGBCI,nearear,bandpower,lda,5,4,42,0.39801543550165386,0.5961538461538461,209,52,2,
COGBCI,nearear,bandpower,svm,5,4,42,0.3940066592674806,0.5961538461538461,209,52,2,
COGBCI,nearear,bandpower,decision_tree,5,4,42,0.3940066592674806,0.5961538461538461,209,52,2,
COGBCI,nearear,bandpower,random_forest,5,4,42,0.4817275747508305,0.6538461538461539,209,52,2,
COGBCI,nearear,fbcsp,lda,6,0,42,0.32352941176470584,0.5490196078431373,202,51,2,
COGBCI,nearear,fbcsp,svm,6,0,42,0.4117647058823529,0.6078431372549019,202,51,2,
COGBCI,nearear,fbcsp,decision_tree,6,0,42,0.2941176470588235,0.5294117647058824,202,51,2,
COGBCI,nearear,fbcsp,random_forest,6,0,42,0.38235294117647056,0.5882352941176471,202,51,2,
COGBCI,nearear,bandpower,lda,6,0,42,0.23529411764705888,0.49019607843137253,202,51,2,
COGBCI,nearear,bandpower,svm,6,0,42,0.20588235294117652,0.47058823529411764,202,51,2,
COGBCI,nearear,bandpower,decision_tree,6,0,42,0.4117647058823529,0.6078431372549019,202,51,2,
COGBCI,nearear,bandpower,random_forest,6,0,42,0.38235294117647056,0.5882352941176471,202,51,2,
COGBCI,nearear,fbcsp,lda,6,1,42,0.4117647058823529,0.6078431372549019,202,51,2,
COGBCI,nearear,fbcsp,svm,6,1,42,0.38235294117647056,0.5882352941176471,202,51,2,
COGBCI,nearear,fbcsp,decision_tree,6,1,42,0.2647058823529411,0.5098039215686274,202,51,2,
COGBCI,nearear,fbcsp,random_forest,6,1,42,0.5588235294117647,0.7058823529411765,202,51,2,
COGBCI,nearear,bandpower,lda,6,1,42,0.20588235294117652,0.47058823529411764,202,51,2,
COGBCI,nearear,bandpower,svm,6,1,42,0.3529411764705882,0.5686274509803921,202,51,2,
COGBCI,nearear,bandpower,decision_tree,6,1,42,0.2941176470588235,0.5294117647058824,202,51,2,
COGBCI,nearear,bandpower,random_forest,6,1,42,0.38235294117647056,0.5882352941176471,202,51,2,
COGBCI,nearear,fbcsp,lda,6,2,42,0.4411764705882353,0.6274509803921569,202,51,2,
COGBCI,nearear,fbcsp,svm,6,2,42,0.38235294117647056,0.5882352941176471,202,51,2,
COGBCI,nearear,fbcsp,decision_tree,6,2,42,0.3529411764705882,0.5686274509803921,202,51,2,
COGBCI,nearear,fbcsp,random_forest,6,2,42,0.5294117647058824,0.6862745098039216,202,51,2,
COGBCI,nearear,bandpower,lda,6,2,42,0.20588235294117652,0.47058823529411764,202,51,2,
COGBCI,nearear,bandpower,svm,6,2,42,0.32352941176470584,0.5490196078431373,202,51,2,
COGBCI,nearear,bandpower,decision_tree,6,2,42,0.2647058823529411,0.5098039215686274,202,51,2,
COGBCI,nearear,bandpower,random_forest,6,2,42,0.4411764705882353,0.6274509803921569,202,51,2,
COGBCI,nearear,fbcsp,lda,6,3,42,0.4304556354916067,0.62,203,50,2,
COGBCI,nearear,fbcsp,svm,6,3,42,0.4304556354916067,0.62,203,50,2,
COGBCI,nearear,fbcsp,decision_tree,6,3,42,0.31055155875299756,0.54,203,50,2,
COGBCI,nearear,fbcsp,random_forest,6,3,42,0.3389423076923077,0.56,203,50,2,
COGBCI,nearear,bandpower,lda,6,3,42,0.2532855436081244,0.5,203,50,2,
COGBCI,nearear,bandpower,svm,6,3,42,0.1601679664067187,0.44,203,50,2,
COGBCI,nearear,bandpower,decision_tree,6,3,42,0.24969987995198084,0.5,203,50,2,
COGBCI,nearear,bandpower,random_forest,6,3,42,0.3979530403371463,0.6,203,50,2,
COGBCI,nearear,fbcsp,lda,6,4,42,0.5506291192330737,0.7,203,50,2,
COGBCI,nearear,fbcsp,svm,6,4,42,0.5200959808038392,0.68,203,50,2,
COGBCI,nearear,fbcsp,decision_tree,6,4,42,0.2501499700059987,0.5,203,50,2,
COGBCI,nearear,fbcsp,random_forest,6,4,42,0.4004796163069544,0.6,203,50,2,
COGBCI,nearear,bandpower,lda,6,4,42,0.3397358943577431,0.56,203,50,2,
COGBCI,nearear,bandpower,svm,6,4,42,0.2792792792792792,0.52,203,50,2,
COGBCI,nearear,bandpower,decision_tree,6,4,42,0.37163375224416517,0.58,203,50,2,
COGBCI,nearear,bandpower,random_forest,6,4,42,0.340922708208508,0.56,203,50,2,
COGBCI,nearear,fbcsp,lda,7,0,42,0.9711431742508324,0.9807692307692307,206,52,2,
COGBCI,nearear,fbcsp,svm,7,0,42,0.9711431742508324,0.9807692307692307,206,52,2,
COGBCI,nearear,fbcsp,decision_tree,7,0,42,0.9135254988913526,0.9423076923076923,206,52,2,
COGBCI,nearear,fbcsp,random_forest,7,0,42,1.0,1.0,206,52,2,
COGBCI,nearear,bandpower,lda,7,0,42,0.9711431742508324,0.9807692307692307,206,52,2,
COGBCI,nearear,bandpower,svm,7,0,42,1.0,1.0,206,52,2,
COGBCI,nearear,bandpower,decision_tree,7,0,42,0.9711431742508324,0.9807692307692307,206,52,2,
COGBCI,nearear,bandpower,random_forest,7,0,42,0.9711431742508324,0.9807692307692307,206,52,2,
COGBCI,nearear,fbcsp,lda,7,1,42,0.9134295227524972,0.9423076923076923,206,52,2,
COGBCI,nearear,fbcsp,svm,7,1,42,1.0,1.0,206,52,2,
COGBCI,nearear,fbcsp,decision_tree,7,1,42,0.7688888888888888,0.8461538461538461,206,52,2,
COGBCI,nearear,fbcsp,random_forest,7,1,42,1.0,1.0,206,52,2,
COGBCI,nearear,bandpower,lda,7,1,42,1.0,1.0,206,52,2,
COGBCI,nearear,bandpower,svm,7,1,42,1.0,1.0,206,52,2,
COGBCI,nearear,bandpower,decision_tree,7,1,42,1.0,1.0,206,52,2,
COGBCI,nearear,bandpower,random_forest,7,1,42,0.9711431742508324,0.9807692307692307,206,52,2,
COGBCI,nearear,fbcsp,lda,7,2,42,0.9420935412026726,0.9615384615384616,206,52,2,
COGBCI,nearear,fbcsp,svm,7,2,42,0.9420935412026726,0.9615384615384616,206,52,2,
COGBCI,nearear,fbcsp,decision_tree,7,2,42,0.7391304347826086,0.8269230769230769,206,52,2,
COGBCI,nearear,fbcsp,random_forest,7,2,42,0.9130434782608696,0.9423076923076923,206,52,2,
COGBCI,nearear,bandpower,lda,7,2,42,0.9420935412026726,0.9615384615384616,206,52,2,
COGBCI,nearear,bandpower,svm,7,2,42,0.9421579532814238,0.9615384615384616,206,52,2,
COGBCI,nearear,bandpower,decision_tree,7,2,42,0.9422222222222222,0.9615384615384616,206,52,2,
COGBCI,nearear,bandpower,random_forest,7,2,42,0.9710628825820813,0.9807692307692307,206,52,2,
COGBCI,nearear,fbcsp,lda,7,3,42,0.8820809248554913,0.9215686274509803,207,51,2,
COGBCI,nearear,fbcsp,svm,7,3,42,0.9117647058823529,0.9411764705882353,207,51,2,
COGBCI,nearear,fbcsp,decision_tree,7,3,42,0.9116117850953206,0.9411764705882353,207,51,2,
COGBCI,nearear,fbcsp,random_forest,7,3,42,0.9116117850953206,0.9411764705882353,207,51,2,
COGBCI,nearear,bandpower,lda,7,3,42,0.9115095430884904,0.9411764705882353,207,51,2,
COGBCI,nearear,bandpower,svm,7,3,42,0.941108545034642,0.9607843137254902,207,51,2,
COGBCI,nearear,bandpower,decision_tree,7,3,42,0.9705712637045586,0.9803921568627451,207,51,2,
COGBCI,nearear,bandpower,random_forest,7,3,42,0.941108545034642,0.9607843137254902,207,51,2,
COGBCI,nearear,fbcsp,lda,7,4,42,0.7649769585253456,0.8431372549019608,207,51,2,
COGBCI,nearear,fbcsp,svm,7,4,42,0.911662817551963,0.9411764705882353,207,51,2,
COGBCI,nearear,fbcsp,decision_tree,7,4,42,0.8234275822273515,0.8823529411764706,207,51,2,
COGBCI,nearear,fbcsp,random_forest,7,4,42,0.9116117850953206,0.9411764705882353,207,51,2,
COGBCI,nearear,bandpower,lda,7,4,42,0.8819444444444444,0.9215686274509803,207,51,2,
COGBCI,nearear,bandpower,svm,7,4,42,0.9115095430884904,0.9411764705882353,207,51,2,
COGBCI,nearear,bandpower,decision_tree,7,4,42,0.8821490467937608,0.9215686274509803,207,51,2,
COGBCI,nearear,bandpower,random_forest,7,4,42,0.8821490467937608,0.9215686274509803,207,51,2,
COGBCI,nearear,fbcsp,lda,8,0,42,0.7058823529411764,0.803921568627451,204,51,2,
COGBCI,nearear,fbcsp,svm,8,0,42,0.7352941176470589,0.8235294117647058,204,51,2,
COGBCI,nearear,fbcsp,decision_tree,8,0,42,0.5,0.6666666666666666,204,51,2,
COGBCI,nearear,fbcsp,random_forest,8,0,42,0.6176470588235294,0.7450980392156863,204,51,2,
COGBCI,nearear,bandpower,lda,8,0,42,0.4117647058823529,0.6078431372549019,204,51,2,
COGBCI,nearear,bandpower,svm,8,0,42,0.47058823529411764,0.6470588235294118,204,51,2,
COGBCI,nearear,bandpower,decision_tree,8,0,42,0.23529411764705888,0.49019607843137253,204,51,2,
COGBCI,nearear,bandpower,random_forest,8,0,42,0.4411764705882353,0.6274509803921569,204,51,2,
COGBCI,nearear,fbcsp,lda,8,1,42,0.6484778862722573,0.7647058823529411,204,51,2,
COGBCI,nearear,fbcsp,svm,8,1,42,0.6764705882352942,0.7843137254901961,204,51,2,
COGBCI,nearear,fbcsp,decision_tree,8,1,42,0.40835266821345706,0.6078431372549019,204,51,2,
COGBCI,nearear,fbcsp,random_forest,8,1,42,0.7651122625215889,0.8431372549019608,204,51,2,
COGBCI,nearear,bandpower,lda,8,1,42,0.26428159261396433,0.5098039215686274,204,51,2,
COGBCI,nearear,bandpower,svm,8,1,42,0.3809248554913295,0.5882352941176471,204,51,2,
COGBCI,nearear,bandpower,decision_tree,8,1,42,0.3798494499131443,0.5882352941176471,204,51,2,
COGBCI,nearear,bandpower,random_forest,8,1,42,0.3773255813953489,0.5882352941176471,204,51,2,
COGBCI,nearear,fbcsp,lda,8,2,42,0.675534991324465,0.7843137254901961,204,51,2,
COGBCI,nearear,fbcsp,svm,8,2,42,0.793879907621247,0.8627450980392157,204,51,2,
COGBCI,nearear,fbcsp,decision_tree,8,2,42,0.58799769186382,0.7254901960784313,204,51,2,
COGBCI,nearear,fbcsp,random_forest,8,2,42,0.7638888888888888,0.8431372549019608,204,51,2,
COGBCI,nearear,bandpower,lda,8,2,42,0.26385681293302543,0.5098039215686274,204,51,2,
COGBCI,nearear,bandpower,svm,8,2,42,0.498554077501446,0.6666666666666666,204,51,2,
COGBCI,nearear,bandpower,decision_tree,8,2,42,0.35144508670520236,0.5686274509803921,204,51,2,
COGBCI,nearear,bandpower,random_forest,8,2,42,0.43956043956043966,0.6274509803921569,204,51,2,
COGBCI,nearear,fbcsp,lda,8,3,42,0.646242774566474,0.7647058823529411,204,51,2,
COGBCI,nearear,fbcsp,svm,8,3,42,0.7052023121387283,0.803921568627451,204,51,2,
COGBCI,nearear,fbcsp,decision_tree,8,3,42,0.3250863060989643,0.5490196078431373,204,51,2,
COGBCI,nearear,fbcsp,random_forest,8,3,42,0.706728004600345,0.803921568627451,204,51,2,
COGBCI,nearear,bandpower,lda,8,3,42,0.44053117782909934,0.6274509803921569,204,51,2,
COGBCI,nearear,bandpower,svm,8,3,42,0.58799769186382,0.7254901960784313,204,51,2,
COGBCI,nearear,bandpower,decision_tree,8,3,42,0.32000000000000006,0.5490196078431373,204,51,2,
COGBCI,nearear,bandpower,random_forest,8,3,42,0.40835266821345706,0.6078431372549019,204,51,2,
COGBCI,nearear,fbcsp,lda,8,4,42,0.7355990783410138,0.8235294117647058,204,51,2,
COGBCI,nearear,fbcsp,svm,8,4,42,0.7947096032202415,0.8627450980392157,204,51,2,
COGBCI,nearear,fbcsp,decision_tree,8,4,42,0.4988439306358382,0.6666666666666666,204,51,2,
COGBCI,nearear,fbcsp,random_forest,8,4,42,0.7948275862068965,0.8627450980392157,204,51,2,
COGBCI,nearear,bandpower,lda,8,4,42,0.11866359447004604,0.4117647058823529,204,51,2,
COGBCI,nearear,bandpower,svm,8,4,42,0.3540587219343697,0.5686274509803921,204,51,2,
COGBCI,nearear,bandpower,decision_tree,8,4,42,0.2685025817555937,0.5098039215686274,204,51,2,
COGBCI,nearear,bandpower,random_forest,8,4,42,0.35443037974683544,0.5686274509803921,204,51,2,
COGBCI,nearear,fbcsp,lda,9,0,42,0.76850306065665,0.8461538461538461,204,52,2,
COGBCI,nearear,fbcsp,svm,9,0,42,0.9128978224455612,0.9423076923076923,204,52,2,
COGBCI,nearear,fbcsp,decision_tree,9,0,42,0.5973451327433628,0.7307692307692307,204,52,2,
COGBCI,nearear,fbcsp,random_forest,9,0,42,0.8555555555555555,0.9038461538461539,204,52,2,
COGBCI,nearear,bandpower,lda,9,0,42,0.5083426028921023,0.6730769230769231,204,52,2,
COGBCI,nearear,bandpower,svm,9,0,42,0.5652173913043479,0.7115384615384616,204,52,2,
COGBCI,nearear,bandpower,decision_tree,9,0,42,0.5367483296213809,0.6923076923076923,204,52,2,
COGBCI,nearear,bandpower,random_forest,9,0,42,0.5935231714126187,0.7307692307692307,204,52,2,
COGBCI,nearear,fbcsp,lda,9,1,42,0.7058823529411764,0.803921568627451,205,51,2,
COGBCI,nearear,fbcsp,svm,9,1,42,0.8818076477404403,0.9215686274509803,205,51,2,
COGBCI,nearear,fbcsp,decision_tree,9,1,42,0.5868055555555556,0.7254901960784313,205,51,2,
COGBCI,nearear,fbcsp,random_forest,9,1,42,0.8819444444444444,0.9215686274509803,205,51,2,
COGBCI,nearear,bandpower,lda,9,1,42,0.5877598152424942,0.7254901960784313,205,51,2,
COGBCI,nearear,bandpower,svm,9,1,42,0.5570353213665316,0.7058823529411765,205,51,2,
COGBCI,nearear,bandpower,decision_tree,9,1,42,0.4090382387022017,0.6078431372549019,205,51,2,
COGBCI,nearear,bandpower,random_forest,9,1,42,0.5280508964719491,0.6862745098039216,205,51,2,
COGBCI,nearear,fbcsp,lda,9,2,42,0.7349884526558892,0.8235294117647058,205,51,2,
COGBCI,nearear,fbcsp,svm,9,2,42,0.9115095430884905,0.9411764705882353,205,51,2,
COGBCI,nearear,fbcsp,decision_tree,9,2,42,0.8530259365994236,0.9019607843137255,205,51,2,
COGBCI,nearear,fbcsp,random_forest,9,2,42,0.9410404624277456,0.9607843137254902,205,51,2,
COGBCI,nearear,bandpower,lda,9,2,42,0.5605973578403217,0.7058823529411765,205,51,2,
COGBCI,nearear,bandpower,svm,9,2,42,0.4711981566820277,0.6470588235294118,205,51,2,
COGBCI,nearear,bandpower,decision_tree,9,2,42,0.38235294117647056,0.5882352941176471,205,51,2,
COGBCI,nearear,bandpower,random_forest,9,2,42,0.4131185270425777,0.6078431372549019,205,51,2,
COGBCI,nearear,fbcsp,lda,9,3,42,0.734375,0.8235294117647058,205,51,2,
COGBCI,nearear,fbcsp,svm,9,3,42,0.9410063620589937,0.9607843137254902,205,51,2,
COGBCI,nearear,fbcsp,decision_tree,9,3,42,0.5585689555683785,0.7058823529411765,205,51,2,
COGBCI,nearear,fbcsp,random_forest,9,3,42,0.7931633835457705,0.8627450980392157,205,51,2,
COGBCI,nearear,bandpower,lda,9,3,42,0.44149855907780977,0.6274509803921569,205,51,2,
COGBCI,nearear,bandpower,svm,9,3,42,0.5567786790266512,0.7058823529411765,205,51,2,
COGBCI,nearear,bandpower,decision_tree,9,3,42,0.4382608695652175,0.6274509803921569,205,51,2,
COGBCI,nearear,bandpower,random_forest,9,3,42,0.7934027777777778,0.8627450980392157,205,51,2,
COGBCI,nearear,fbcsp,lda,9,4,42,0.7636152954808806,0.8431372549019608,205,51,2,
COGBCI,nearear,fbcsp,svm,9,4,42,0.8811188811188811,0.9215686274509803,205,51,2,
COGBCI,nearear,fbcsp,decision_tree,9,4,42,0.6723130841121496,0.7843137254901961,205,51,2,
COGBCI,nearear,fbcsp,random_forest,9,4,42,0.8515715948777649,0.9019607843137255,205,51,2,
COGBCI,nearear,bandpower,lda,9,4,42,0.46936416184971097,0.6470588235294118,205,51,2,
COGBCI,nearear,bandpower,svm,9,4,42,0.43266978922716615,0.6274509803921569,205,51,2,
COGBCI,nearear,bandpower,decision_tree,9,4,42,0.4062863795110594,0.6078431372549019,205,51,2,
COGBCI,nearear,bandpower,random_forest,9,4,42,0.49651567944250874,0.6666666666666666,205,51,2,
COGBCI,nearear,fbcsp,lda,10,0,42,0.3456790123456789,0.5660377358490566,210,53,2,
COGBCI,nearear,fbcsp,svm,10,0,42,0.4325481798715203,0.6226415094339622,210,53,2,
COGBCI,nearear,fbcsp,decision_tree,10,0,42,0.37479892761394085,0.5849056603773585,210,53,2,
COGBCI,nearear,fbcsp,random_forest,10,0,42,0.48901981788966253,0.660377358490566,210,53,2,
COGBCI,nearear,bandpower,lda,10,0,42,0.4310252281266773,0.6226415094339622,210,53,2,
COGBCI,nearear,bandpower,svm,10,0,42,0.5166309012875536,0.6792452830188679,210,53,2,
COGBCI,nearear,bandpower,decision_tree,10,0,42,0.4901122394441476,0.660377358490566,210,53,2,
COGBCI,nearear,bandpower,random_forest,10,0,42,0.5744111349036403,0.7169811320754716,210,53,2,
COGBCI,nearear,fbcsp,lda,10,1,42,0.5757737459978655,0.7169811320754716,210,53,2,
COGBCI,nearear,fbcsp,svm,10,1,42,0.6327292110874201,0.7547169811320755,210,53,2,
COGBCI,nearear,fbcsp,decision_tree,10,1,42,0.34603004291845496,0.5660377358490566,210,53,2,
COGBCI,nearear,fbcsp,random_forest,10,1,42,0.5479744136460554,0.6981132075471698,210,53,2,
COGBCI,nearear,bandpower,lda,10,1,42,0.5753205128205128,0.7169811320754716,210,53,2,
COGBCI,nearear,bandpower,svm,10,1,42,0.6319444444444444,0.7547169811320755,210,53,2,
COGBCI,nearear,bandpower,decision_tree,10,1,42,0.5171489817792069,0.6792452830188679,210,53,2,
COGBCI,nearear,bandpower,random_forest,10,1,42,0.6885683760683761,0.7924528301886793,210,53,2,
COGBCI,nearear,fbcsp,lda,10,2,42,0.43193997856377275,0.6226415094339622,210,53,2,
COGBCI,nearear,fbcsp,svm,10,2,42,0.5474919957310564,0.6981132075471698,210,53,2,
COGBCI,nearear,fbcsp,decision_tree,10,2,42,0.43193997856377275,0.6226415094339622,210,53,2,
COGBCI,nearear,fbcsp,random_forest,10,2,42,0.6044776119402986,0.7358490566037735,210,53,2,
COGBCI,nearear,bandpower,lda,10,2,42,0.5748663101604278,0.7169811320754716,210,53,2,
COGBCI,nearear,bandpower,svm,10,2,42,0.7162740899357601,0.8113207547169812,210,53,2,
COGBCI,nearear,bandpower,decision_tree,10,2,42,0.601931330472103,0.7358490566037735,210,53,2,
COGBCI,nearear,bandpower,random_forest,10,2,42,0.6315508021390375,0.7547169811320755,210,53,2,
COGBCI,nearear,fbcsp,lda,10,3,42,0.509706045479756,0.6730769230769231,211,52,2,
COGBCI,nearear,fbcsp,svm,10,3,42,0.4814404432132965,0.6538461538461539,211,52,2,
COGBCI,nearear,fbcsp,decision_tree,10,3,42,0.3946784922394678,0.5961538461538461,211,52,2,
COGBCI,nearear,fbcsp,random_forest,10,3,42,0.5390581717451524,0.6923076923076923,211,52,2,
COGBCI,nearear,bandpower,lda,10,3,42,0.5105204872646733,0.6730769230769231,211,52,2,
COGBCI,nearear,bandpower,svm,10,3,42,0.5390581717451524,0.6923076923076923,211,52,2,
COGBCI,nearear,bandpower,decision_tree,10,3,42,0.5113322277501382,0.6730769230769231,211,52,2,
COGBCI,nearear,bandpower,random_forest,10,3,42,0.5975677169707021,0.7307692307692307,211,52,2,
COGBCI,nearear,fbcsp,lda,10,4,42,0.5661846496106786,0.7115384615384616,211,52,2,
COGBCI,nearear,fbcsp,svm,10,4,42,0.6537180910099889,0.7692307692307693,211,52,2,
COGBCI,nearear,fbcsp,decision_tree,10,4,42,0.4520244037714919,0.6346153846153846,211,52,2,
COGBCI,nearear,fbcsp,random_forest,10,4,42,0.5107913669064748,0.6730769230769231,211,52,2,
COGBCI,nearear,bandpower,lda,10,4,42,0.5099778270509978,0.6730769230769231,211,52,2,
COGBCI,nearear,bandpower,svm,10,4,42,0.6246529705719045,0.75,211,52,2,
COGBCI,nearear,bandpower,decision_tree,10,4,42,0.4802887284841755,0.6538461538461539,211,52,2,
COGBCI,nearear,bandpower,random_forest,10,4,42,0.5960044395116537,0.7307692307692307,211,52,2,
COGBCI,nearear,fbcsp,lda,11,0,42,0.26218197498921947,0.5084745762711864,233,59,2,
COGBCI,nearear,fbcsp,svm,11,0,42,0.2922022279348758,0.5254237288135594,233,59,2,
COGBCI,nearear,fbcsp,decision_tree,11,0,42,0.2906826964362388,0.5254237288135594,233,59,2,
COGBCI,nearear,fbcsp,random_forest,11,0,42,0.2906826964362387,0.5254237288135594,233,59,2,
COGBCI,nearear,bandpower,lda,11,0,42,0.17698343504795122,0.4576271186440678,233,59,2,
COGBCI,nearear,bandpower,svm,11,0,42,0.26708074534161497,0.5254237288135594,233,59,2,
COGBCI,nearear,bandpower,decision_tree,11,0,42,0.024586689275116536,0.3389830508474576,233,59,2,
COGBCI,nearear,bandpower,random_forest,11,0,42,0.15677782589865752,0.4406779661016949,233,59,2,
COGBCI,nearear,fbcsp,lda,11,1,42,0.25251201397990397,0.5084745762711864,233,59,2,
COGBCI,nearear,fbcsp,svm,11,1,42,0.41229969683845835,0.6101694915254238,233,59,2,
COGBCI,nearear,fbcsp,decision_tree,11,1,42,0.03320396722725316,0.3559322033898305,233,59,2,
COGBCI,nearear,fbcsp,random_forest,11,1,42,0.2876239758516602,0.5254237288135594,233,59,2,
COGBCI,nearear,bandpower,lda,11,1,42,0.05558025789239662,0.3898305084745763,233,59,2,
COGBCI,nearear,bandpower,svm,11,1,42,0.07149280575539563,0.4067796610169492,233,59,2,
COGBCI,nearear,bandpower,decision_tree,11,1,42,0.050456720313179604,0.3728813559322034,233,59,2,
COGBCI,nearear,bandpower,random_forest,11,1,42,0.09190853122251541,0.4067796610169492,233,59,2,
COGBCI,nearear,fbcsp,lda,11,2,42,0.26582278481012667,0.5172413793103449,234,58,2,
COGBCI,nearear,fbcsp,svm,11,2,42,0.4793536804308798,0.6551724137931034,234,58,2,
COGBCI,nearear,fbcsp,decision_tree,11,2,42,0.19009009009009026,0.46551724137931033,234,58,2,
COGBCI,nearear,fbcsp,random_forest,11,2,42,0.49909090909090903,0.6724137931034483,234,58,2,
COGBCI,nearear,bandpower,lda,11,2,42,0.16245487364620947,0.4482758620689655,234,58,2,
COGBCI,nearear,bandpower,svm,11,2,42,0.17824497257769656,0.46551724137931033,234,58,2,
COGBCI,nearear,bandpower,decision_tree,11,2,42,0.14857651245551606,0.43103448275862066,234,58,2,
COGBCI,nearear,bandpower,random_forest,11,2,42,0.30461811722912957,0.5344827586206896,234,58,2,
COGBCI,nearear,fbcsp,lda,11,3,42,0.2823685373398144,0.5172413793103449,234,58,2,
COGBCI,nearear,fbcsp,svm,11,3,42,0.4605845881310895,0.6379310344827587,234,58,2,
COGBCI,nearear,fbcsp,decision_tree,11,3,42,0.11370786516853926,0.41379310344827586,234,58,2,
COGBCI,nearear,fbcsp,random_forest,11,3,42,0.34977578475336324,0.5689655172413793,234,58,2,
COGBCI,nearear,bandpower,lda,11,3,42,0.20728929384965833,0.4827586206896552,234,58,2,
COGBCI,nearear,bandpower,svm,11,3,42,0.2881818181818182,0.5344827586206896,234,58,2,
COGBCI,nearear,bandpower,decision_tree,11,3,42,0.13822602431337228,0.43103448275862066,234,58,2,
COGBCI,nearear,bandpower,random_forest,11,3,42,0.16169828364950312,0.4482758620689655,234,58,2,
COGBCI,nearear,fbcsp,lda,11,4,42,0.21621621621621623,0.4827586206896552,234,58,2,
COGBCI,nearear,fbcsp,svm,11,4,42,0.4260008996851101,0.6206896551724138,234,58,2,
COGBCI,nearear,fbcsp,decision_tree,11,4,42,0.2433648223121907,0.5,234,58,2,
COGBCI,nearear,fbcsp,random_forest,11,4,42,0.3692795650203896,0.5862068965517241,234,58,2,
COGBCI,nearear,bandpower,lda,11,4,42,0.09040590405904059,0.41379310344827586,234,58,2,
COGBCI,nearear,bandpower,svm,11,4,42,0.14979386165826847,0.4482758620689655,234,58,2,
COGBCI,nearear,bandpower,decision_tree,11,4,42,0.0611510791366906,0.3793103448275862,234,58,2,
COGBCI,nearear,bandpower,random_forest,11,4,42,0.26315789473684215,0.5172413793103449,234,58,2,
COGBCI,nearear,fbcsp,lda,12,0,42,0.8225058004640371,0.8823529411764706,200,51,2,
COGBCI,nearear,fbcsp,svm,12,0,42,0.8818760856977418,0.9215686274509803,200,51,2,
COGBCI,nearear,fbcsp,decision_tree,12,0,42,0.7052023121387283,0.803921568627451,200,51,2,
COGBCI,nearear,fbcsp,random_forest,12,0,42,0.8229166666666666,0.8823529411764706,200,51,2,
COGBCI,nearear,bandpower,lda,12,0,42,0.5294117647058824,0.6862745098039216,200,51,2,
COGBCI,nearear,bandpower,svm,12,0,42,0.4970997679814385,0.6666666666666666,200,51,2,
COGBCI,nearear,bandpower,decision_tree,12,0,42,0.3780487804878049,0.5882352941176471,200,51,2,
COGBCI,nearear,bandpower,random_forest,12,0,42,0.615874855156431,0.7450980392156863,200,51,2,
COGBCI,nearear,fbcsp,lda,12,1,42,0.7292418772563177,0.82,201,50,2,
COGBCI,nearear,fbcsp,svm,12,1,42,0.7891566265060241,0.86,201,50,2,
COGBCI,nearear,fbcsp,decision_tree,12,1,42,0.609375,0.74,201,50,2,
COGBCI,nearear,fbcsp,random_forest,12,1,42,0.7590361445783133,0.84,201,50,2,
COGBCI,nearear,bandpower,lda,12,1,42,0.7596153846153846,0.84,201,50,2,
COGBCI,nearear,bandpower,svm,12,1,42,0.6079613992762364,0.74,201,50,2,
COGBCI,nearear,bandpower,decision_tree,12,1,42,0.5778045838359469,0.72,201,50,2,
COGBCI,nearear,bandpower,random_forest,12,1,42,0.6678743961352658,0.78,201,50,2,
COGBCI,nearear,fbcsp,lda,12,2,42,0.8192771084337349,0.88,201,50,2,
COGBCI,nearear,fbcsp,svm,12,2,42,0.8796630565583634,0.92,201,50,2,
COGBCI,nearear,fbcsp,decision_tree,12,2,42,0.5813397129186603,0.72,201,50,2,
COGBCI,nearear,fbcsp,random_forest,12,2,42,0.8495788206979543,0.9,201,50,2,
COGBCI,nearear,bandpower,lda,12,2,42,0.3130227001194744,0.54,201,50,2,
COGBCI,nearear,bandpower,svm,12,2,42,0.48795180722891573,0.66,201,50,2,
COGBCI,nearear,bandpower,decision_tree,12,2,42,0.15865384615384615,0.44,201,50,2,
COGBCI,nearear,bandpower,random_forest,12,2,42,0.578820697954272,0.72,201,50,2,
COGBCI,nearear,fbcsp,lda,12,3,42,0.8798798798798799,0.92,201,50,2,
COGBCI,nearear,fbcsp,svm,12,3,42,0.879951980792317,0.92,201,50,2,
COGBCI,nearear,fbcsp,decision_tree,12,3,42,0.6396396396396395,0.76,201,50,2,
COGBCI,nearear,fbcsp,random_forest,12,3,42,0.8498498498498499,0.9,201,50,2,
COGBCI,nearear,bandpower,lda,12,3,42,0.6096096096096095,0.74,201,50,2,
COGBCI,nearear,bandpower,svm,12,3,42,0.5490078171978352,0.7,201,50,2,
COGBCI,nearear,bandpower,decision_tree,12,3,42,0.6100779844031194,0.74,201,50,2,
COGBCI,nearear,bandpower,random_forest,12,3,42,0.4901019796040792,0.66,201,50,2,
COGBCI,nearear,fbcsp,lda,12,4,42,0.9099099099099099,0.94,201,50,2,
COGBCI,nearear,fbcsp,svm,12,4,42,0.9399038461538461,0.96,201,50,2,
COGBCI,nearear,fbcsp,decision_tree,12,4,42,0.6407185628742516,0.76,201,50,2,
COGBCI,nearear,fbcsp,random_forest,12,4,42,0.9098015634395671,0.94,201,50,2,
COGBCI,nearear,bandpower,lda,12,4,42,0.45978391356542614,0.64,201,50,2,
COGBCI,nearear,bandpower,svm,12,4,42,0.48856799037304455,0.66,201,50,2,
COGBCI,nearear,bandpower,decision_tree,12,4,42,0.16167664670658677,0.44,201,50,2,
COGBCI,nearear,bandpower,random_forest,12,4,42,0.5192307692307693,0.68,201,50,2,
COGBCI,nearear,fbcsp,lda,13,0,42,0.6470588235294117,0.7647058823529411,203,51,2,
COGBCI,nearear,fbcsp,svm,13,0,42,0.6764705882352942,0.7843137254901961,203,51,2,
COGBCI,nearear,fbcsp,decision_tree,13,0,42,0.5,0.6666666666666666,203,51,2,
COGBCI,nearear,fbcsp,random_forest,13,0,42,0.6176470588235294,0.7450980392156863,203,51,2,
COGBCI,nearear,bandpower,lda,13,0,42,0.20588235294117652,0.47058823529411764,203,51,2,
COGBCI,nearear,bandpower,svm,13,0,42,0.20588235294117652,0.47058823529411764,203,51,2,
COGBCI,nearear,bandpower,decision_tree,13,0,42,0.2941176470588235,0.5294117647058824,203,51,2,
COGBCI,nearear,bandpower,random_forest,13,0,42,0.23529411764705888,0.49019607843137253,203,51,2,
COGBCI,nearear,fbcsp,lda,13,1,42,0.8822170900692841,0.9215686274509803,203,51,2,
COGBCI,nearear,fbcsp,svm,13,1,42,0.8526863084922011,0.9019607843137255,203,51,2,
COGBCI,nearear,fbcsp,decision_tree,13,1,42,0.7046902142443543,0.803921568627451,203,51,2,
COGBCI,nearear,fbcsp,random_forest,13,1,42,0.7340672074159907,0.8235294117647058,203,51,2,
COGBCI,nearear,bandpower,lda,13,1,42,0.17121300058038302,0.45098039215686275,203,51,2,
COGBCI,nearear,bandpower,svm,13,1,42,0.2634315424610051,0.5098039215686274,203,51,2,
COGBCI,nearear,bandpower,decision_tree,13,1,42,0.2659758203799655,0.5098039215686274,203,51,2,
COGBCI,nearear,bandpower,random_forest,13,1,42,0.1460739030023095,0.43137254901960786,203,51,2,
COGBCI,nearear,fbcsp,lda,13,2,42,0.8232235701906412,0.8823529411764706,203,51,2,
COGBCI,nearear,fbcsp,svm,13,2,42,0.9115606936416185,0.9411764705882353,203,51,2,
COGBCI,nearear,fbcsp,decision_tree,13,2,42,0.6762839007501442,0.7843137254901961,203,51,2,
COGBCI,nearear,fbcsp,random_forest,13,2,42,0.8819444444444444,0.9215686274509803,203,51,2,
COGBCI,nearear,bandpower,lda,13,2,42,0.2945244956772334,0.5294117647058824,203,51,2,
COGBCI,nearear,bandpower,svm,13,2,42,0.4104046242774566,0.6078431372549019,203,51,2,
COGBCI,nearear,bandpower,decision_tree,13,2,42,0.3506944444444444,0.5686274509803921,203,51,2,
COGBCI,nearear,bandpower,random_forest,13,2,42,0.4988439306358382,0.6666666666666666,203,51,2,
COGBCI,nearear,fbcsp,lda,13,3,42,0.6466512702078522,0.7647058823529411,203,51,2,
COGBCI,nearear,fbcsp,svm,13,3,42,0.6169844020797226,0.7450980392156863,203,51,2,
COGBCI,nearear,fbcsp,decision_tree,13,3,42,0.5008635578583766,0.6666666666666666,203,51,2,
COGBCI,nearear,fbcsp,random_forest,13,3,42,0.5583140877598152,0.7058823529411765,203,51,2,
COGBCI,nearear,bandpower,lda,13,3,42,0.28919860627177707,0.5294117647058824,203,51,2,
COGBCI,nearear,bandpower,svm,13,3,42,0.29166666666666685,0.5294117647058824,203,51,2,
COGBCI,nearear,bandpower,decision_tree,13,3,42,0.289611143354614,0.5294117647058824,203,51,2,
COGBCI,nearear,bandpower,random_forest,13,3,42,0.3499420625724218,0.5686274509803921,203,51,2,
COGBCI,nearear,fbcsp,lda,13,4,42,0.5798319327731092,0.72,204,50,2,
COGBCI,nearear,fbcsp,svm,13,4,42,0.5800839832033593,0.72,204,50,2,
COGBCI,nearear,fbcsp,decision_tree,13,4,42,0.45978391356542614,0.64,204,50,2,
COGBCI,nearear,fbcsp,random_forest,13,4,42,0.6398559423769508,0.76,204,50,2,
COGBCI,nearear,bandpower,lda,13,4,42,0.2510485320551227,0.5,204,50,2,
COGBCI,nearear,bandpower,svm,13,4,42,0.1296518607442977,0.42,204,50,2,
COGBCI,nearear,bandpower,decision_tree,13,4,42,0.19210053859964094,0.46,204,50,2,
COGBCI,nearear,bandpower,random_forest,13,4,42,0.340922708208508,0.56,204,50,2,
COGBCI,nearear,fbcsp,lda,14,0,42,0.5299539170506913,0.6862745098039216,200,51,2,
COGBCI,nearear,fbcsp,svm,14,0,42,0.4690572585309428,0.6470588235294118,200,51,2,
COGBCI,nearear,fbcsp,decision_tree,14,0,42,0.4376088218224028,0.6274509803921569,200,51,2,
COGBCI,nearear,fbcsp,random_forest,14,0,42,0.5272305909617613,0.6862745098039216,200,51,2,
COGBCI,nearear,bandpower,lda,14,0,42,0.23174971031286207,0.49019607843137253,200,51,2,
COGBCI,nearear,bandpower,svm,14,0,42,0.3798494499131443,0.5882352941176471,200,51,2,
COGBCI,nearear,bandpower,decision_tree,14,0,42,0.318815331010453,0.5490196078431373,200,51,2,
COGBCI,nearear,bandpower,random_forest,14,0,42,0.35144508670520236,0.5686274509803921,200,51,2,
COGBCI,nearear,fbcsp,lda,14,1,42,0.5223880597014925,0.68,201,50,2,
COGBCI,nearear,fbcsp,svm,14,1,42,0.5517035265989241,0.7,201,50,2,
COGBCI,nearear,fbcsp,decision_tree,14,1,42,0.45848375451263534,0.64,201,50,2,
COGBCI,nearear,fbcsp,random_forest,14,1,42,0.5508982035928143,0.7,201,50,2,
COGBCI,nearear,bandpower,lda,14,1,42,0.37125748502994005,0.58,201,50,2,
COGBCI,nearear,bandpower,svm,14,1,42,0.460431654676259,0.64,201,50,2,
COGBCI,nearear,bandpower,decision_tree,14,1,42,0.2792792792792792,0.52,201,50,2,
COGBCI,nearear,bandpower,random_forest,14,1,42,0.5195195195195195,0.68,201,50,2,
COGBCI,nearear,fbcsp,lda,14,2,42,0.6103117505995204,0.74,201,50,2,
COGBCI,nearear,fbcsp,svm,14,2,42,0.6407185628742516,0.76,201,50,2,
COGBCI,nearear,fbcsp,decision_tree,14,2,42,0.4588093806374023,0.64,201,50,2,
COGBCI,nearear,fbcsp,random_forest,14,2,42,0.5798319327731092,0.72,201,50,2,
COGBCI,nearear,bandpower,lda,14,2,42,0.45848375451263546,0.64,201,50,2,
COGBCI,nearear,bandpower,svm,14,2,42,0.4001199760047991,0.6,201,50,2,
COGBCI,nearear,bandpower,decision_tree,14,2,42,0.49101796407185627,0.66,201,50,2,
COGBCI,nearear,bandpower,random_forest,14,2,42,0.4304556354916067,0.62,201,50,2,
COGBCI,nearear,fbcsp,lda,14,3,42,0.5808383233532934,0.72,201,50,2,
COGBCI,nearear,fbcsp,svm,14,3,42,0.4901019796040792,0.66,201,50,2,
COGBCI,nearear,fbcsp,decision_tree,14,3,42,0.43079688436189323,0.62,201,50,2,
COGBCI,nearear,fbcsp,random_forest,14,3,42,0.6700659868026395,0.78,201,50,2,
COGBCI,nearear,bandpower,lda,14,3,42,0.428055388320289,0.62,201,50,2,
COGBCI,nearear,bandpower,svm,14,3,42,0.4277108433734941,0.62,201,50,2,
COGBCI,nearear,bandpower,decision_tree,14,3,42,0.21875,0.48,201,50,2,
COGBCI,nearear,bandpower,random_forest,14,3,42,0.428743235117258,0.62,201,50,2,
COGBCI,nearear,fbcsp,lda,14,4,42,0.521244763614602,0.68,201,50,2,
COGBCI,nearear,fbcsp,svm,14,4,42,0.5209580838323353,0.68,201,50,2,
COGBCI,nearear,fbcsp,decision_tree,14,4,42,0.3417115499700778,0.56,201,50,2,
COGBCI,nearear,fbcsp,random_forest,14,4,42,0.552772808586762,0.7,201,50,2,
COGBCI,nearear,bandpower,lda,14,4,42,0.45945945945945943,0.64,201,50,2,
COGBCI,nearear,bandpower,svm,14,4,42,0.42977190876350546,0.62,201,50,2,
COGBCI,nearear,bandpower,decision_tree,14,4,42,0.22015596880623878,0.48,201,50,2,
COGBCI,nearear,bandpower,random_forest,14,4,42,0.3417115499700778,0.56,201,50,2,
COGBCI,nearear,fbcsp,lda,15,0,42,0.27841250751653646,0.52,197,50,2,
COGBCI,nearear,fbcsp,svm,15,0,42,0.45848375451263546,0.64,197,50,2,
COGBCI,nearear,fbcsp,decision_tree,15,0,42,0.1925837320574162,0.46,197,50,2,
COGBCI,nearear,fbcsp,random_forest,15,0,42,0.30764599638771817,0.54,197,50,2,
COGBCI,nearear,bandpower,lda,15,0,42,0.45553539019963707,0.64,197,50,2,
COGBCI,nearear,bandpower,svm,15,0,42,0.40262843488649946,0.6,197,50,2,
COGBCI,nearear,bandpower,decision_tree,15,0,42,0.21875,0.48,197,50,2,
COGBCI,nearear,bandpower,random_forest,15,0,42,0.3093093093093092,0.54,197,50,2,
COGBCI,nearear,fbcsp,lda,15,1,42,0.5476477683956573,0.7,197,50,2,
COGBCI,nearear,fbcsp,svm,15,1,42,0.4256348246674727,0.62,197,50,2,
COGBCI,nearear,fbcsp,decision_tree,15,1,42,0.3421052631578947,0.56,197,50,2,
COGBCI,nearear,fbcsp,random_forest,15,1,42,0.39686369119420983,0.6,197,50,2,
COGBCI,nearear,bandpower,lda,15,1,42,0.3004866180048662,0.54,197,50,2,
COGBCI,nearear,bandpower,svm,15,1,42,0.39540507859733975,0.6,197,50,2,
COGBCI,nearear,bandpower,decision_tree,15,1,42,0.42977190876350546,0.62,197,50,2,
COGBCI,nearear,bandpower,random_forest,15,1,42,0.3946731234866828,0.6,197,50,2,
COGBCI,nearear,fbcsp,lda,15,2,42,0.5403377110694183,0.6938775510204082,198,49,2,
COGBCI,nearear,fbcsp,svm,15,2,42,0.5709818636647905,0.7142857142857143,198,49,2,
COGBCI,nearear,fbcsp,decision_tree,15,2,42,0.449438202247191,0.6326530612244898,198,49,2,
COGBCI,nearear,fbcsp,random_forest,15,2,42,0.6318096430807765,0.7551020408163265,198,49,2,
COGBCI,nearear,bandpower,lda,15,2,42,0.48034934497816584,0.6530612244897959,198,49,2,
COGBCI,nearear,bandpower,svm,15,2,42,0.29694323144104806,0.5306122448979592,198,49,2,
COGBCI,nearear,bandpower,decision_tree,15,2,42,0.4192139737991265,0.6122448979591837,198,49,2,
COGBCI,nearear,bandpower,random_forest,15,2,42,0.4809968847352025,0.6530612244897959,198,49,2,
COGBCI,nearear,fbcsp,lda,15,3,42,0.38557993730407525,0.5918367346938775,198,49,2,
COGBCI,nearear,fbcsp,svm,15,3,42,0.38557993730407525,0.5918367346938775,198,49,2,
COGBCI,nearear,fbcsp,decision_tree,15,3,42,0.3232893910860012,0.5510204081632653,198,49,2,
COGBCI,nearear,fbcsp,random_forest,15,3,42,0.38634940513462745,0.5918367346938775,198,49,2,
COGBCI,nearear,bandpower,lda,15,3,42,0.414833438089252,0.6122448979591837,198,49,2,
COGBCI,nearear,bandpower,svm,15,3,42,0.3867334167709636,0.5918367346938775,198,49,2,
COGBCI,nearear,bandpower,decision_tree,15,3,42,0.44563167818981775,0.6326530612244898,198,49,2,
COGBCI,nearear,bandpower,random_forest,15,3,42,0.5388958594730238,0.6938775510204082,198,49,2,
COGBCI,nearear,fbcsp,lda,15,4,42,0.4152010050251257,0.6122448979591837,198,49,2,
COGBCI,nearear,fbcsp,svm,15,4,42,0.479375,0.6530612244897959,198,49,2,
COGBCI,nearear,fbcsp,decision_tree,15,4,42,0.5446096654275092,0.6938775510204082,198,49,2,
COGBCI,nearear,fbcsp,random_forest,15,4,42,0.5059861373660995,0.673469387755102,198,49,2,
COGBCI,nearear,bandpower,lda,15,4,42,0.5056746532156369,0.673469387755102,198,49,2,
COGBCI,nearear,bandpower,svm,15,4,42,0.5115264797507788,0.673469387755102,198,49,2,
COGBCI,nearear,bandpower,decision_tree,15,4,42,0.3871169480925578,0.5918367346938775,198,49,2,
COGBCI,nearear,bandpower,random_forest,15,4,42,0.5115264797507788,0.673469387755102,198,49,2,
COGBCI,nearear,fbcsp,lda,16,0,42,0.5397620538509706,0.6938775510204082,195,49,2,
COGBCI,nearear,fbcsp,svm,16,0,42,0.7543859649122807,0.8367346938775511,195,49,2,
COGBCI,nearear,fbcsp,decision_tree,16,0,42,0.507228158390949,0.673469387755102,195,49,2,
COGBCI,nearear,fbcsp,random_forest,16,0,42,0.7240300375469336,0.8163265306122449,195,49,2,
COGBCI,nearear,bandpower,lda,16,0,42,0.6639650872817955,0.7755102040816326,195,49,2,
COGBCI,nearear,bandpower,svm,16,0,42,0.7248908296943232,0.8163265306122449,195,49,2,
COGBCI,nearear,bandpower,decision_tree,16,0,42,0.5720524017467248,0.7142857142857143,195,49,2,
COGBCI,nearear,bandpower,random_forest,16,0,42,0.6637554585152838,0.7755102040816326,195,49,2,
COGBCI,nearear,fbcsp,lda,16,1,42,0.6941323345817727,0.7959183673469388,195,49,2,
COGBCI,nearear,fbcsp,svm,16,1,42,0.6931747025673136,0.7959183673469388,195,49,2,
COGBCI,nearear,fbcsp,decision_tree,16,1,42,0.44875,0.6326530612244898,195,49,2,
COGBCI,nearear,fbcsp,random_forest,16,1,42,0.7546933667083855,0.8367346938775511,195,49,2,
COGBCI,nearear,bandpower,lda,16,1,42,0.6028678304239402,0.7346938775510204,195,49,2,
COGBCI,nearear,bandpower,svm,16,1,42,0.6637554585152838,0.7755102040816326,195,49,2,
COGBCI,nearear,bandpower,decision_tree,16,1,42,0.5403377110694183,0.6938775510204082,195,49,2,
COGBCI,nearear,bandpower,random_forest,16,1,42,0.693941286695815,0.7959183673469388,195,49,2,
COGBCI,nearear,fbcsp,lda,16,2,42,0.6925972396486826,0.7959183673469388,195,49,2,
COGBCI,nearear,fbcsp,svm,16,2,42,0.7240300375469337,0.8163265306122449,195,49,2,
COGBCI,nearear,fbcsp,decision_tree,16,2,42,0.47872340425531923,0.6530612244897959,195,49,2,
COGBCI,nearear,fbcsp,random_forest,16,2,42,0.7548467792370231,0.8367346938775511,195,49,2,
COGBCI,nearear,bandpower,lda,16,2,42,0.6327295440349782,0.7551020408163265,195,49,2,
COGBCI,nearear,bandpower,svm,16,2,42,0.693941286695815,0.7959183673469388,195,49,2,
COGBCI,nearear,bandpower,decision_tree,16,2,42,0.3871169480925578,0.5918367346938775,195,49,2,
COGBCI,nearear,bandpower,random_forest,16,2,42,0.785625,0.8571428571428571,195,49,2,
COGBCI,nearear,fbcsp,lda,16,3,42,0.57125,0.7142857142857143,195,49,2,
COGBCI,nearear,fbcsp,svm,16,3,42,0.6943231441048034,0.7959183673469388,195,49,2,
COGBCI,nearear,fbcsp,decision_tree,16,3,42,0.47970018738288567,0.6530612244897959,195,49,2,
COGBCI,nearear,fbcsp,random_forest,16,3,42,0.6639650872817955,0.7755102040816326,195,49,2,
COGBCI,nearear,bandpower,lda,16,3,42,0.4202988792029887,0.6122448979591837,195,49,2,
COGBCI,nearear,bandpower,svm,16,3,42,0.6334164588528679,0.7551020408163265,195,49,2,
COGBCI,nearear,bandpower,decision_tree,16,3,42,0.6026200873362446,0.7346938775510204,195,49,2,
COGBCI,nearear,bandpower,random_forest,16,3,42,0.5414847161572052,0.6938775510204082,195,49,2,
COGBCI,nearear,fbcsp,lda,16,4,42,0.6875,0.7916666666666666,196,48,2,
COGBCI,nearear,fbcsp,svm,16,4,42,0.78125,0.8541666666666666,196,48,2,
COGBCI,nearear,fbcsp,decision_tree,16,4,42,0.4375,0.625,196,48,2,
COGBCI,nearear,fbcsp,random_forest,16,4,42,0.71875,0.8125,196,48,2,
COGBCI,nearear,bandpower,lda,16,4,42,0.75,0.8333333333333334,196,48,2,
COGBCI,nearear,bandpower,svm,16,4,42,0.84375,0.8958333333333334,196,48,2,
COGBCI,nearear,bandpower,decision_tree,16,4,42,0.625,0.75,196,48,2,
COGBCI,nearear,bandpower,random_forest,16,4,42,0.78125,0.8541666666666666,196,48,2,
COGBCI,nearear,fbcsp,lda,17,0,42,0.329184816428127,0.5510204081632653,196,49,2,
COGBCI,nearear,fbcsp,svm,17,0,42,0.41812499999999997,0.6122448979591837,196,49,2,
COGBCI,nearear,fbcsp,decision_tree,17,0,42,0.20524017467248912,0.46938775510204084,196,49,2,
COGBCI,nearear,fbcsp,random_forest,17,0,42,0.44806007509386736,0.6326530612244898,196,49,2,
COGBCI,nearear,bandpower,lda,17,0,42,0.26545908806995633,0.5102040816326531,196,49,2,
COGBCI,nearear,bandpower,svm,17,0,42,0.14250000000000007,0.42857142857142855,196,49,2,
COGBCI,nearear,bandpower,decision_tree,17,0,42,0.14303560274828242,0.42857142857142855,196,49,2,
COGBCI,nearear,bandpower,random_forest,17,0,42,0.20424734540911937,0.46938775510204084,196,49,2,
COGBCI,nearear,fbcsp,lda,17,1,42,0.14410480349344978,0.42857142857142855,196,49,2,
COGBCI,nearear,fbcsp,svm,17,1,42,0.35566687539135877,0.5714285714285714,196,49,2,
COGBCI,nearear,fbcsp,decision_tree,17,1,42,0.23580786026200862,0.4897959183673469,196,49,2,
COGBCI,nearear,fbcsp,random_forest,17,1,42,0.47872340425531923,0.6530612244897959,196,49,2,
COGBCI,nearear,bandpower,lda,17,1,42,0.26545908806995633,0.5102040816326531,196,49,2,
COGBCI,nearear,bandpower,svm,17,1,42,0.1720901126408011,0.4489795918367347,196,49,2,
COGBCI,nearear,bandpower,decision_tree,17,1,42,-0.008733624454148492,0.32653061224489793,196,49,2,
COGBCI,nearear,bandpower,random_forest,17,1,42,0.23580786026200873,0.4897959183673469,196,49,2,
COGBCI,nearear,fbcsp,lda,17,2,42,0.44874999999999987,0.6326530612244898,196,49,2,
COGBCI,nearear,fbcsp,svm,17,2,42,0.5124378109452736,0.673469387755102,196,49,2,
COGBCI,nearear,fbcsp,decision_tree,17,2,42,0.329184816428127,0.5510204081632653,196,49,2,
COGBCI,nearear,fbcsp,random_forest,17,2,42,0.5720524017467248,0.7142857142857143,196,49,2,
COGBCI,nearear,bandpower,lda,17,2,42,0.14088916718847844,0.42857142857142855,196,49,2,
COGBCI,nearear,bandpower,svm,17,2,42,0.20524017467248912,0.46938775510204084,196,49,2,
COGBCI,nearear,bandpower,decision_tree,17,2,42,0.05062500000000003,0.3673469387755102,196,49,2,
COGBCI,nearear,bandpower,random_forest,17,2,42,0.11574362165525831,0.40816326530612246,196,49,2,
COGBCI,nearear,fbcsp,lda,17,3,42,0.14249999999999985,0.42857142857142855,196,49,2,
COGBCI,nearear,fbcsp,svm,17,3,42,0.2973815461346633,0.5306122448979592,196,49,2,
COGBCI,nearear,fbcsp,decision_tree,17,3,42,0.5096935584740463,0.673469387755102,196,49,2,
COGBCI,nearear,fbcsp,random_forest,17,3,42,0.38750000000000007,0.5918367346938775,196,49,2,
COGBCI,nearear,bandpower,lda,17,3,42,0.045254556882463826,0.3673469387755102,196,49,2,
COGBCI,nearear,bandpower,svm,17,3,42,0.14035087719298245,0.42857142857142855,196,49,2,
COGBCI,nearear,bandpower,decision_tree,17,3,42,0.050031269543464596,0.3673469387755102,196,49,2,
COGBCI,nearear,bandpower,random_forest,17,3,42,0.26545908806995633,0.5102040816326531,196,49,2,
COGBCI,nearear,fbcsp,lda,17,4,42,0.26545908806995633,0.5102040816326531,196,49,2,
COGBCI,nearear,fbcsp,svm,17,4,42,0.26865671641791045,0.5102040816326531,196,49,2,
COGBCI,nearear,fbcsp,decision_tree,17,4,42,0.295625,0.5306122448979592,196,49,2,
COGBCI,nearear,fbcsp,random_forest,17,4,42,0.29650436953807735,0.5306122448979592,196,49,2,
COGBCI,nearear,bandpower,lda,17,4,42,-0.013157894736842257,0.32653061224489793,196,49,2,
COGBCI,nearear,bandpower,svm,17,4,42,0.14088916718847844,0.42857142857142855,196,49,2,
COGBCI,nearear,bandpower,decision_tree,17,4,42,-0.16084788029925168,0.22448979591836735,196,49,2,
COGBCI,nearear,bandpower,random_forest,17,4,42,0.04824561403508765,0.3673469387755102,196,49,2,
COGBCI,nearear,fbcsp,lda,18,0,42,0.7977777777777777,0.8653846153846154,205,52,2,
COGBCI,nearear,fbcsp,svm,18,0,42,0.8266666666666667,0.8846153846153846,205,52,2,
COGBCI,nearear,fbcsp,decision_tree,18,0,42,0.7405764966740577,0.8269230769230769,205,52,2,
COGBCI,nearear,fbcsp,random_forest,18,0,42,0.7977777777777777,0.8653846153846154,205,52,2,
COGBCI,nearear,bandpower,lda,18,0,42,0.507795100222717,0.6730769230769231,205,52,2,
COGBCI,nearear,bandpower,svm,18,0,42,0.45111111111111113,0.6346153846153846,205,52,2,
COGBCI,nearear,bandpower,decision_tree,18,0,42,0.2455357142857144,0.5,205,52,2,
COGBCI,nearear,bandpower,random_forest,18,0,42,0.30434782608695654,0.5384615384615384,205,52,2,
COGBCI,nearear,fbcsp,lda,18,1,42,0.7975528364849833,0.8653846153846154,205,52,2,
COGBCI,nearear,fbcsp,svm,18,1,42,0.7973273942093541,0.8653846153846154,205,52,2,
COGBCI,nearear,fbcsp,decision_tree,18,1,42,0.74,0.8269230769230769,205,52,2,
COGBCI,nearear,fbcsp,random_forest,18,1,42,0.7975528364849833,0.8653846153846154,205,52,2,
COGBCI,nearear,bandpower,lda,18,1,42,0.4794215795328143,0.6538461538461539,205,52,2,
COGBCI,nearear,bandpower,svm,18,1,42,0.3035714285714285,0.5384615384615384,205,52,2,
COGBCI,nearear,bandpower,decision_tree,18,1,42,0.2849284928492849,0.5192307692307693,205,52,2,
COGBCI,nearear,bandpower,random_forest,18,1,42,0.3637374860956619,0.5769230769230769,205,52,2,
COGBCI,nearear,fbcsp,lda,18,2,42,0.7941176470588236,0.8627450980392157,206,51,2,
COGBCI,nearear,fbcsp,svm,18,2,42,0.8235294117647058,0.8823529411764706,206,51,2,
COGBCI,nearear,fbcsp,decision_tree,18,2,42,0.6764705882352942,0.7843137254901961,206,51,2,
COGBCI,nearear,fbcsp,random_forest,18,2,42,0.8235294117647058,0.8823529411764706,206,51,2,
COGBCI,nearear,bandpower,lda,18,2,42,0.4411764705882353,0.6274509803921569,206,51,2,
COGBCI,nearear,bandpower,svm,18,2,42,0.5,0.6666666666666666,206,51,2,
COGBCI,nearear,bandpower,decision_tree,18,2,42,0.08823529411764708,0.39215686274509803,206,51,2,
COGBCI,nearear,bandpower,random_forest,18,2,42,0.32352941176470584,0.5490196078431373,206,51,2,
COGBCI,nearear,fbcsp,lda,18,3,42,0.7647058823529411,0.8431372549019608,206,51,2,
COGBCI,nearear,fbcsp,svm,18,3,42,0.7647058823529411,0.8431372549019608,206,51,2,
COGBCI,nearear,fbcsp,decision_tree,18,3,42,0.7352941176470589,0.8235294117647058,206,51,2,
COGBCI,nearear,fbcsp,random_forest,18,3,42,0.7941176470588236,0.8627450980392157,206,51,2,
COGBCI,nearear,bandpower,lda,18,3,42,0.3529411764705882,0.5686274509803921,206,51,2,
COGBCI,nearear,bandpower,svm,18,3,42,0.3529411764705882,0.5686274509803921,206,51,2,
COGBCI,nearear,bandpower,decision_tree,18,3,42,0.20588235294117652,0.47058823529411764,206,51,2,
COGBCI,nearear,bandpower,random_forest,18,3,42,0.32352941176470584,0.5490196078431373,206,51,2,
COGBCI,nearear,fbcsp,lda,18,4,42,0.8529411764705882,0.9019607843137255,206,51,2,
COGBCI,nearear,fbcsp,svm,18,4,42,0.9411764705882353,0.9607843137254902,206,51,2,
COGBCI,nearear,fbcsp,decision_tree,18,4,42,0.8529411764705882,0.9019607843137255,206,51,2,
COGBCI,nearear,fbcsp,random_forest,18,4,42,0.9411764705882353,0.9607843137254902,206,51,2,
COGBCI,nearear,bandpower,lda,18,4,42,0.47058823529411764,0.6470588235294118,206,51,2,
COGBCI,nearear,bandpower,svm,18,4,42,0.5882352941176471,0.7254901960784313,206,51,2,
COGBCI,nearear,bandpower,decision_tree,18,4,42,0.5,0.6666666666666666,206,51,2,
COGBCI,nearear,bandpower,random_forest,18,4,42,0.5,0.6666666666666666,206,51,2,
COGBCI,nearear,fbcsp,lda,19,0,42,0.6698679471788715,0.78,199,50,2,
COGBCI,nearear,fbcsp,svm,19,0,42,0.7597597597597597,0.84,199,50,2,
COGBCI,nearear,fbcsp,decision_tree,19,0,42,0.6698679471788715,0.78,199,50,2,
COGBCI,nearear,fbcsp,random_forest,19,0,42,0.6398559423769508,0.76,199,50,2,
COGBCI,nearear,bandpower,lda,19,0,42,0.6698679471788715,0.78,199,50,2,
COGBCI,nearear,bandpower,svm,19,0,42,0.60984393757503,0.74,199,50,2,
COGBCI,nearear,bandpower,decision_tree,19,0,42,0.6402877697841727,0.76,199,50,2,
COGBCI,nearear,bandpower,random_forest,19,0,42,0.60984393757503,0.74,199,50,2,
COGBCI,nearear,fbcsp,lda,19,1,42,0.8197115384615384,0.88,199,50,2,
COGBCI,nearear,fbcsp,svm,19,1,42,0.7596153846153846,0.84,199,50,2,
COGBCI,nearear,fbcsp,decision_tree,19,1,42,0.5487364620938628,0.7,199,50,2,
COGBCI,nearear,fbcsp,random_forest,19,1,42,0.5790739627179795,0.72,199,50,2,
COGBCI,nearear,bandpower,lda,19,1,42,0.7000599880023995,0.8,199,50,2,
COGBCI,nearear,bandpower,svm,19,1,42,0.6995192307692308,0.8,199,50,2,
COGBCI,nearear,bandpower,decision_tree,19,1,42,0.6392062537582681,0.76,199,50,2,
COGBCI,nearear,bandpower,random_forest,19,1,42,0.7596153846153846,0.84,199,50,2,
COGBCI,nearear,fbcsp,lda,19,2,42,0.7000599880023995,0.8,199,50,2,
COGBCI,nearear,fbcsp,svm,19,2,42,0.6698679471788715,0.78,199,50,2,
COGBCI,nearear,fbcsp,decision_tree,19,2,42,0.6100779844031194,0.74,199,50,2,
COGBCI,nearear,fbcsp,random_forest,19,2,42,0.6998799519807923,0.8,199,50,2,
COGBCI,nearear,bandpower,lda,19,2,42,0.6698679471788715,0.78,199,50,2,
COGBCI,nearear,bandpower,svm,19,2,42,0.60984393757503,0.74,199,50,2,
COGBCI,nearear,bandpower,decision_tree,19,2,42,0.6696696696696696,0.78,199,50,2,
COGBCI,nearear,bandpower,random_forest,19,2,42,0.6402877697841727,0.76,199,50,2,
COGBCI,nearear,fbcsp,lda,19,3,42,0.5793269230769231,0.72,199,50,2,
COGBCI,nearear,fbcsp,svm,19,3,42,0.6394230769230769,0.76,199,50,2,
COGBCI,nearear,fbcsp,decision_tree,19,3,42,0.6398559423769508,0.76,199,50,2,
COGBCI,nearear,fbcsp,random_forest,19,3,42,0.7295673076923077,0.82,199,50,2,
COGBCI,nearear,bandpower,lda,19,3,42,0.609375,0.74,199,50,2,
COGBCI,nearear,bandpower,svm,19,3,42,0.6394230769230769,0.76,199,50,2,
COGBCI,nearear,bandpower,decision_tree,19,3,42,0.5492788461538461,0.7,199,50,2,
COGBCI,nearear,bandpower,random_forest,19,3,42,0.6692723992784124,0.78,199,50,2,
COGBCI,nearear,fbcsp,lda,19,4,42,0.6939412866958151,0.7959183673469388,200,49,2,
COGBCI,nearear,fbcsp,svm,19,4,42,0.785625,0.8571428571428571,200,49,2,
COGBCI,nearear,fbcsp,decision_tree,19,4,42,0.7245471580262336,0.8163265306122449,200,49,2,
COGBCI,nearear,fbcsp,random_forest,19,4,42,0.6629143214509068,0.7755102040816326,200,49,2,
COGBCI,nearear,bandpower,lda,19,4,42,0.6008771929824561,0.7346938775510204,200,49,2,
COGBCI,nearear,bandpower,svm,19,4,42,0.6624921728240452,0.7755102040816326,200,49,2,
COGBCI,nearear,bandpower,decision_tree,19,4,42,0.5400500625782227,0.6938775510204082,200,49,2,
COGBCI,nearear,bandpower,random_forest,19,4,42,0.5709818636647905,0.7142857142857143,200,49,2,
COGBCI,nearear,fbcsp,lda,20,0,42,0.4994226327944573,0.6666666666666666,204,51,2,
COGBCI,nearear,fbcsp,svm,20,0,42,0.4100636205899363,0.6078431372549019,204,51,2,
COGBCI,nearear,fbcsp,decision_tree,20,0,42,0.3499420625724218,0.5686274509803921,204,51,2,
COGBCI,nearear,fbcsp,random_forest,20,0,42,0.4097222222222222,0.6078431372549019,204,51,2,
COGBCI,nearear,bandpower,lda,20,0,42,0.41480206540447495,0.6078431372549019,204,51,2,
COGBCI,nearear,bandpower,svm,20,0,42,0.292485549132948,0.5294117647058824,204,51,2,
COGBCI,nearear,bandpower,decision_tree,20,0,42,0.31999999999999995,0.5490196078431373,204,51,2,
COGBCI,nearear,bandpower,random_forest,20,0,42,0.5872832369942196,0.7254901960784313,204,51,2,
COGBCI,nearear,fbcsp,lda,20,1,42,0.3184195235328299,0.5490196078431373,204,51,2,
COGBCI,nearear,fbcsp,svm,20,1,42,0.3465346534653466,0.5686274509803921,204,51,2,
COGBCI,nearear,fbcsp,decision_tree,20,1,42,0.14360162130862764,0.43137254901960786,204,51,2,
COGBCI,nearear,fbcsp,random_forest,20,1,42,0.2858809801633606,0.5294117647058824,204,51,2,
COGBCI,nearear,bandpower,lda,20,1,42,0.46875,0.6470588235294118,204,51,2,
COGBCI,nearear,bandpower,svm,20,1,42,0.46782608695652184,0.6470588235294118,204,51,2,
COGBCI,nearear,bandpower,decision_tree,20,1,42,0.23174971031286207,0.49019607843137253,204,51,2,
COGBCI,nearear,bandpower,random_forest,20,1,42,0.43695525857059847,0.6274509803921569,204,51,2,
COGBCI,nearear,fbcsp,lda,20,2,42,0.3851894374282434,0.5882352941176471,204,51,2,
COGBCI,nearear,fbcsp,svm,20,2,42,0.528050896471949,0.6862745098039216,204,51,2,
COGBCI,nearear,fbcsp,decision_tree,20,2,42,0.44374282433983925,0.6274509803921569,204,51,2,
COGBCI,nearear,fbcsp,random_forest,20,2,42,0.4117647058823529,0.6078431372549019,204,51,2,
COGBCI,nearear,bandpower,lda,20,2,42,0.47150259067357514,0.6470588235294118,204,51,2,
COGBCI,nearear,bandpower,svm,20,2,42,0.38306451612903225,0.5882352941176471,204,51,2,
COGBCI,nearear,bandpower,decision_tree,20,2,42,0.47058823529411764,0.6470588235294118,204,51,2,
COGBCI,nearear,bandpower,random_forest,20,2,42,0.4121037463976944,0.6078431372549019,204,51,2,
COGBCI,nearear,fbcsp,lda,20,3,42,0.26639815880322204,0.5098039215686274,204,51,2,
COGBCI,nearear,fbcsp,svm,20,3,42,0.20588235294117652,0.47058823529411764,204,51,2,
COGBCI,nearear,fbcsp,decision_tree,20,3,42,0.29371032890940574,0.5294117647058824,204,51,2,
COGBCI,nearear,fbcsp,random_forest,20,3,42,0.20358588779641418,0.47058823529411764,204,51,2,
COGBCI,nearear,bandpower,lda,20,3,42,0.29289428076256496,0.5294117647058824,204,51,2,
COGBCI,nearear,bandpower,svm,20,3,42,0.3480534572922719,0.5686274509803921,204,51,2,
COGBCI,nearear,bandpower,decision_tree,20,3,42,0.14459224985540786,0.43137254901960786,204,51,2,
COGBCI,nearear,bandpower,random_forest,20,3,42,0.37696335078534027,0.5882352941176471,204,51,2,
COGBCI,nearear,fbcsp,lda,20,4,42,0.35591274397244543,0.5686274509803921,204,51,2,
COGBCI,nearear,fbcsp,svm,20,4,42,0.4117647058823529,0.6078431372549019,204,51,2,
COGBCI,nearear,fbcsp,decision_tree,20,4,42,0.4979733642154024,0.6666666666666666,204,51,2,
COGBCI,nearear,fbcsp,random_forest,20,4,42,0.6163194444444444,0.7450980392156863,204,51,2,
COGBCI,nearear,bandpower,lda,20,4,42,0.38199653779572984,0.5882352941176471,204,51,2,
COGBCI,nearear,bandpower,svm,20,4,42,0.41345600920069003,0.6078431372549019,204,51,2,
COGBCI,nearear,bandpower,decision_tree,20,4,42,0.20862068965517244,0.47058823529411764,204,51,2,
COGBCI,nearear,bandpower,random_forest,20,4,42,0.3540587219343697,0.5686274509803921,204,51,2,
COGBCI,nearear,fbcsp,lda,21,0,42,0.6470588235294117,0.7647058823529411,200,51,2,
COGBCI,nearear,fbcsp,svm,21,0,42,0.7352941176470589,0.8235294117647058,200,51,2,
COGBCI,nearear,fbcsp,decision_tree,21,0,42,0.5588235294117647,0.7058823529411765,200,51,2,
COGBCI,nearear,fbcsp,random_forest,21,0,42,0.7941176470588236,0.8627450980392157,200,51,2,
COGBCI,nearear,bandpower,lda,21,0,42,0.5882352941176471,0.7254901960784313,200,51,2,
COGBCI,nearear,bandpower,svm,21,0,42,0.5588235294117647,0.7058823529411765,200,51,2,
COGBCI,nearear,bandpower,decision_tree,21,0,42,0.5294117647058824,0.6862745098039216,200,51,2,
COGBCI,nearear,bandpower,random_forest,21,0,42,0.6764705882352942,0.7843137254901961,200,51,2,
COGBCI,nearear,fbcsp,lda,21,1,42,0.5495495495495495,0.7,201,50,2,
COGBCI,nearear,fbcsp,svm,21,1,42,0.6389891696750902,0.76,201,50,2,
COGBCI,nearear,fbcsp,decision_tree,21,1,42,0.39831528279181716,0.6,201,50,2,
COGBCI,nearear,fbcsp,random_forest,21,1,42,0.6086694762191451,0.74,201,50,2,
COGBCI,nearear,bandpower,lda,21,1,42,0.3369499698613623,0.56,201,50,2,
COGBCI,nearear,bandpower,svm,21,1,42,0.24744130042143286,0.5,201,50,2,
COGBCI,nearear,bandpower,decision_tree,21,1,42,0.42908653846153844,0.62,201,50,2,
COGBCI,nearear,bandpower,random_forest,21,1,42,0.4581577363034316,0.64,201,50,2,
COGBCI,nearear,fbcsp,lda,21,2,42,0.6396396396396395,0.76,201,50,2,
COGBCI,nearear,fbcsp,svm,21,2,42,0.578820697954272,0.72,201,50,2,
COGBCI,nearear,fbcsp,decision_tree,21,2,42,0.4294294294294294,0.62,201,50,2,
COGBCI,nearear,fbcsp,random_forest,21,2,42,0.6091401082381238,0.74,201,50,2,
COGBCI,nearear,bandpower,lda,21,2,42,0.3997599039615847,0.6,201,50,2,
COGBCI,nearear,bandpower,svm,21,2,42,0.39903846153846156,0.6,201,50,2,
COGBCI,nearear,bandpower,decision_tree,21,2,42,0.4004796163069544,0.6,201,50,2,
COGBCI,nearear,bandpower,random_forest,21,2,42,0.6993385447985567,0.8,201,50,2,
COGBCI,nearear,fbcsp,lda,21,3,42,0.5805871779508687,0.72,201,50,2,
COGBCI,nearear,fbcsp,svm,21,3,42,0.5498199279711885,0.7,201,50,2,
COGBCI,nearear,fbcsp,decision_tree,21,3,42,0.5805871779508687,0.72,201,50,2,
COGBCI,nearear,fbcsp,random_forest,21,3,42,0.60984393757503,0.74,201,50,2,
COGBCI,nearear,bandpower,lda,21,3,42,0.5492788461538461,0.7,201,50,2,
COGBCI,nearear,bandpower,svm,21,3,42,0.4891826923076923,0.66,201,50,2,
COGBCI,nearear,bandpower,decision_tree,21,3,42,0.40155595451825254,0.6,201,50,2,
COGBCI,nearear,bandpower,random_forest,21,3,42,0.6400719856028794,0.76,201,50,2,
COGBCI,nearear,fbcsp,lda,21,4,42,0.790167865707434,0.86,201,50,2,
COGBCI,nearear,fbcsp,svm,21,4,42,0.8798798798798799,0.92,201,50,2,
COGBCI,nearear,fbcsp,decision_tree,21,4,42,0.4891826923076923,0.66,201,50,2,
COGBCI,nearear,fbcsp,random_forest,21,4,42,0.8499399759903962,0.9,201,50,2,
COGBCI,nearear,bandpower,lda,21,4,42,0.5195195195195195,0.68,201,50,2,
COGBCI,nearear,bandpower,svm,21,4,42,0.6091401082381238,0.74,201,50,2,
COGBCI,nearear,bandpower,decision_tree,21,4,42,0.5506291192330737,0.7,201,50,2,
COGBCI,nearear,bandpower,random_forest,21,4,42,0.7000599880023995,0.8,201,50,2,
COGBCI,nearear,fbcsp,lda,22,0,42,0.5717017208413002,0.7142857142857143,222,56,2,
COGBCI,nearear,fbcsp,svm,22,0,42,0.5174724748683581,0.6785714285714286,222,56,2,
COGBCI,nearear,fbcsp,decision_tree,22,0,42,0.38195777351247606,0.5892857142857143,222,56,2,
COGBCI,nearear,fbcsp,random_forest,22,0,42,0.46308724832214765,0.6428571428571429,222,56,2,
COGBCI,nearear,bandpower,lda,22,0,42,0.43732057416267944,0.625,222,56,2,
COGBCI,nearear,bandpower,svm,22,0,42,0.41024413595021547,0.6071428571428571,222,56,2,
COGBCI,nearear,bandpower,decision_tree,22,0,42,0.357245337159254,0.5714285714285714,222,56,2,
COGBCI,nearear,bandpower,random_forest,22,0,42,0.46411483253588515,0.6428571428571429,222,56,2,
COGBCI,nearear,fbcsp,lda,22,1,42,0.5442795595978938,0.6964285714285714,222,56,2,
COGBCI,nearear,fbcsp,svm,22,1,42,0.46411483253588515,0.6428571428571429,222,56,2,
COGBCI,nearear,fbcsp,decision_tree,22,1,42,0.32982288176160846,0.5535714285714286,222,56,2,
COGBCI,nearear,fbcsp,random_forest,22,1,42,0.5442795595978938,0.6964285714285714,222,56,2,
COGBCI,nearear,bandpower,lda,22,1,42,0.3828461907043603,0.5892857142857143,222,56,2,
COGBCI,nearear,bandpower,svm,22,1,42,0.5440613026819923,0.6964285714285714,222,56,2,
COGBCI,nearear,bandpower,decision_tree,22,1,42,0.2501195600191296,0.5,222,56,2,
COGBCI,nearear,bandpower,random_forest,22,1,42,0.3569377990430622,0.5714285714285714,222,56,2,
COGBCI,nearear,fbcsp,lda,22,2,42,0.2486823191183518,0.5,222,56,2,
COGBCI,nearear,fbcsp,svm,22,2,42,0.43651173933876386,0.625,222,56,2,
COGBCI,nearear,fbcsp,decision_tree,22,2,42,0.25119388729703906,0.5,222,56,2,
COGBCI,nearear,fbcsp,random_forest,22,2,42,0.3854961832061069,0.5892857142857143,222,56,2,
COGBCI,nearear,bandpower,lda,22,2,42,0.24976076555023918,0.5,222,56,2,
COGBCI,nearear,bandpower,svm,22,2,42,0.3550863723608445,0.5714285714285714,222,56,2,
COGBCI,nearear,bandpower,decision_tree,22,2,42,0.22184954480114993,0.48214285714285715,222,56,2,
COGBCI,nearear,bandpower,random_forest,22,2,42,0.32789246279404716,0.5535714285714286,222,56,2,
COGBCI,nearear,fbcsp,lda,22,3,42,0.32031636183885315,0.5454545454545454,223,55,2,
COGBCI,nearear,fbcsp,svm,22,3,42,0.3209876543209875,0.5454545454545454,223,55,2,
COGBCI,nearear,fbcsp,decision_tree,22,3,42,0.18114143920595538,0.45454545454545453,223,55,2,
COGBCI,nearear,fbcsp,random_forest,22,3,42,0.4015825914935708,0.6,223,55,2,
COGBCI,nearear,bandpower,lda,22,3,42,0.4290657439446367,0.6181818181818182,223,55,2,
COGBCI,nearear,bandpower,svm,22,3,42,0.23913043478260865,0.4909090909090909,223,55,2,
COGBCI,nearear,bandpower,decision_tree,22,3,42,0.1032608695652173,0.4,223,55,2,
COGBCI,nearear,bandpower,random_forest,22,3,42,0.23800098960910454,0.4909090909090909,223,55,2,
COGBCI,nearear,fbcsp,lda,22,4,42,0.4530084535057185,0.6363636363636364,223,55,2,
COGBCI,nearear,fbcsp,svm,22,4,42,0.39950372208436735,0.6,223,55,2,
COGBCI,nearear,fbcsp,decision_tree,22,4,42,0.32065217391304346,0.5454545454545454,223,55,2,
COGBCI,nearear,fbcsp,random_forest,22,4,42,0.455175829618623,0.6363636363636364,223,55,2,
COGBCI,nearear,bandpower,lda,22,4,42,0.3740722414646216,0.5818181818181818,223,55,2,
COGBCI,nearear,bandpower,svm,22,4,42,0.40128649183572496,0.6,223,55,2,
COGBCI,nearear,bandpower,decision_tree,22,4,42,0.15552253590886567,0.43636363636363634,223,55,2,
COGBCI,nearear,bandpower,random_forest,22,4,42,0.347503707365299,0.5636363636363636,223,55,2,
COGBCI,nearear,fbcsp,lda,23,0,42,0.66354556803995,0.7755102040816326,196,49,2,
COGBCI,nearear,fbcsp,svm,23,0,42,0.724375,0.8163265306122449,196,49,2,
COGBCI,nearear,fbcsp,decision_tree,23,0,42,0.6622807017543859,0.7755102040816326,196,49,2,
COGBCI,nearear,fbcsp,random_forest,23,0,42,0.7852222917971196,0.8571428571428571,196,49,2,
COGBCI,nearear,bandpower,lda,23,0,42,0.23389618511569732,0.4897959183673469,196,49,2,
COGBCI,nearear,bandpower,svm,23,0,42,0.35526315789473684,0.5714285714285714,196,49,2,
COGBCI,nearear,bandpower,decision_tree,23,0,42,0.29694323144104817,0.5306122448979592,196,49,2,
COGBCI,nearear,bandpower,random_forest,23,0,42,0.35687500000000005,0.5714285714285714,196,49,2,
COGBCI,nearear,fbcsp,lda,23,1,42,0.5394736842105263,0.6938775510204082,196,49,2,
COGBCI,nearear,fbcsp,svm,23,1,42,0.6008771929824561,0.7346938775510204,196,49,2,
COGBCI,nearear,fbcsp,decision_tree,23,1,42,0.44667503136762865,0.6326530612244898,196,49,2,
COGBCI,nearear,fbcsp,random_forest,23,1,42,0.6925972396486826,0.7959183673469388,196,49,2,
COGBCI,nearear,bandpower,lda,23,1,42,0.4780701754385964,0.6530612244897959,196,49,2,
COGBCI,nearear,bandpower,svm,23,1,42,0.4780701754385964,0.6530612244897959,196,49,2,
COGBCI,nearear,bandpower,decision_tree,23,1,42,0.2622333751568382,0.5102040816326531,196,49,2,
COGBCI,nearear,bandpower,random_forest,23,1,42,0.38596491228070173,0.5918367346938775,196,49,2,
COGBCI,nearear,fbcsp,lda,23,2,42,0.6643835616438356,0.7755102040816326,196,49,2,
COGBCI,nearear,fbcsp,svm,23,2,42,0.93875,0.9591836734693877,196,49,2,
COGBCI,nearear,fbcsp,decision_tree,23,2,42,0.693941286695815,0.7959183673469388,196,49,2,
COGBCI,nearear,fbcsp,random_forest,23,2,42,0.9693558474046279,0.9795918367346939,196,49,2,
COGBCI,nearear,bandpower,lda,23,2,42,0.6016260162601625,0.7346938775510204,196,49,2,
COGBCI,nearear,bandpower,svm,23,2,42,0.5403377110694183,0.6938775510204082,196,49,2,
COGBCI,nearear,bandpower,decision_tree,23,2,42,0.3266708307307933,0.5510204081632653,196,49,2,
COGBCI,nearear,bandpower,random_forest,23,2,42,0.540625,0.6938775510204082,196,49,2,
COGBCI,nearear,fbcsp,lda,23,3,42,0.6325000000000001,0.7551020408163265,196,49,2,
COGBCI,nearear,fbcsp,svm,23,3,42,0.7240300375469337,0.8163265306122449,196,49,2,
COGBCI,nearear,fbcsp,decision_tree,23,3,42,0.5715178013741412,0.7142857142857143,196,49,2,
COGBCI,nearear,fbcsp,random_forest,23,3,42,0.7850877192982456,0.8571428571428571,196,49,2,
COGBCI,nearear,bandpower,lda,23,3,42,0.38673341677096373,0.5918367346938775,196,49,2,
COGBCI,nearear,bandpower,svm,23,3,42,0.4173967459324156,0.6122448979591837,196,49,2,
COGBCI,nearear,bandpower,decision_tree,23,3,42,0.2978193146417445,0.5306122448979592,196,49,2,
COGBCI,nearear,bandpower,random_forest,23,3,42,0.41776110068792993,0.6122448979591837,196,49,2,
COGBCI,nearear,fbcsp,lda,23,4,42,0.6943231441048036,0.7959183673469388,196,49,2,
COGBCI,nearear,fbcsp,svm,23,4,42,0.785625,0.8571428571428571,196,49,2,
COGBCI,nearear,fbcsp,decision_tree,23,4,42,0.6329588014981273,0.7551020408163265,196,49,2,
COGBCI,nearear,fbcsp,random_forest,23,4,42,0.724375,0.8163265306122449,196,49,2,
COGBCI,nearear,bandpower,lda,23,4,42,0.4800249687890137,0.6530612244897959,196,49,2,
COGBCI,nearear,bandpower,svm,23,4,42,0.4797001873828858,0.6530612244897959,196,49,2,
COGBCI,nearear,bandpower,decision_tree,23,4,42,0.14196372732958096,0.42857142857142855,196,49,2,
COGBCI,nearear,bandpower,random_forest,23,4,42,0.5409119300437227,0.6938775510204082,196,49,2,
COGBCI,nearear,fbcsp,lda,24,0,42,0.3212379935965849,0.5471698113207547,212,53,2,
COGBCI,nearear,fbcsp,svm,24,0,42,0.3797872340425533,0.5849056603773585,212,53,2,
COGBCI,nearear,fbcsp,decision_tree,24,0,42,0.43193997856377275,0.6226415094339622,212,53,2,
COGBCI,nearear,fbcsp,random_forest,24,0,42,0.43556975505857287,0.6226415094339622,212,53,2,
COGBCI,nearear,bandpower,lda,24,0,42,0.5474919957310564,0.6981132075471698,212,53,2,
COGBCI,nearear,bandpower,svm,24,0,42,0.48929336188436834,0.660377358490566,212,53,2,
COGBCI,nearear,bandpower,decision_tree,24,0,42,0.3495197438633937,0.5660377358490566,212,53,2,
COGBCI,nearear,bandpower,random_forest,24,0,42,0.4603429796355841,0.6415094339622641,212,53,2,
COGBCI,nearear,fbcsp,lda,24,1,42,0.48929336188436834,0.660377358490566,212,53,2,
COGBCI,nearear,fbcsp,svm,24,1,42,0.4580193756727664,0.6415094339622641,212,53,2,
COGBCI,nearear,fbcsp,decision_tree,24,1,42,0.4343649946638206,0.6226415094339622,212,53,2,
COGBCI,nearear,fbcsp,random_forest,24,1,42,0.4620726495726496,0.6415094339622641,212,53,2,
COGBCI,nearear,bandpower,lda,24,1,42,0.34743040685224835,0.5660377358490566,212,53,2,
COGBCI,nearear,bandpower,svm,24,1,42,0.4325481798715203,0.6226415094339622,212,53,2,
COGBCI,nearear,bandpower,decision_tree,24,1,42,0.094983991462113,0.39622641509433965,212,53,2,
COGBCI,nearear,bandpower,random_forest,24,1,42,0.37846481876332627,0.5849056603773585,212,53,2,
COGBCI,nearear,fbcsp,lda,24,2,42,0.29446219382321615,0.5283018867924528,212,53,2,
COGBCI,nearear,fbcsp,svm,24,2,42,0.4060832443970116,0.6037735849056604,212,53,2,
COGBCI,nearear,fbcsp,decision_tree,24,2,42,0.20895522388059706,0.4716981132075472,212,53,2,
COGBCI,nearear,fbcsp,random_forest,24,2,42,0.5455519828510182,0.6981132075471698,212,53,2,
COGBCI,nearear,bandpower,lda,24,2,42,0.17365591397849467,0.4528301886792453,212,53,2,
COGBCI,nearear,bandpower,svm,24,2,42,0.3168635875402793,0.5471698113207547,212,53,2,
COGBCI,nearear,bandpower,decision_tree,24,2,42,0.3737916219119227,0.5849056603773585,212,53,2,
COGBCI,nearear,bandpower,random_forest,24,2,42,0.3744635193133048,0.5849056603773585,212,53,2,
COGBCI,nearear,fbcsp,lda,24,3,42,0.26545842217484006,0.5094339622641509,212,53,2,
COGBCI,nearear,fbcsp,svm,24,3,42,0.48929336188436834,0.660377358490566,212,53,2,
COGBCI,nearear,fbcsp,decision_tree,24,3,42,0.26388888888888884,0.5094339622641509,212,53,2,
COGBCI,nearear,fbcsp,random_forest,24,3,42,0.6882352941176471,0.7924528301886793,212,53,2,
COGBCI,nearear,bandpower,lda,24,3,42,0.46264674493062974,0.6415094339622641,212,53,2,
COGBCI,nearear,bandpower,svm,24,3,42,0.32196162046908317,0.5471698113207547,212,53,2,
COGBCI,nearear,bandpower,decision_tree,24,3,42,0.29521276595744694,0.5283018867924528,212,53,2,
COGBCI,nearear,bandpower,random_forest,24,3,42,0.43496801705756927,0.6226415094339622,212,53,2,
COGBCI,nearear,fbcsp,lda,24,4,42,0.28954423592493295,0.5283018867924528,212,53,2,
COGBCI,nearear,fbcsp,svm,24,4,42,0.377136752136752,0.5849056603773585,212,53,2,
COGBCI,nearear,fbcsp,decision_tree,24,4,42,0.34743040685224835,0.5660377358490566,212,53,2,
COGBCI,nearear,fbcsp,random_forest,24,4,42,0.4051309460181721,0.6037735849056604,212,53,2,
COGBCI,nearear,bandpower,lda,24,4,42,0.4343649946638207,0.6226415094339622,212,53,2,
COGBCI,nearear,bandpower,svm,24,4,42,0.3758029978586723,0.5849056603773585,212,53,2,
COGBCI,nearear,bandpower,decision_tree,24,4,42,0.37879595098561536,0.5849056603773585,212,53,2,
COGBCI,nearear,bandpower,random_forest,24,4,42,0.34673097534833863,0.5660377358490566,212,53,2,
COGBCI,nearear,fbcsp,lda,25,0,42,0.5951056729699666,0.7307692307692307,206,52,2,
COGBCI,nearear,fbcsp,svm,25,0,42,0.653910149750416,0.7692307692307693,206,52,2,
COGBCI,nearear,fbcsp,decision_tree,25,0,42,0.361963190184049,0.5769230769230769,206,52,2,
COGBCI,nearear,fbcsp,random_forest,25,0,42,0.5955555555555555,0.7307692307692307,206,52,2,
COGBCI,nearear,bandpower,lda,25,0,42,0.22172949002217301,0.4807692307692308,206,52,2,
COGBCI,nearear,bandpower,svm,25,0,42,0.2505543237250555,0.5,206,52,2,
COGBCI,nearear,bandpower,decision_tree,25,0,42,0.16222222222222216,0.4423076923076923,206,52,2,
COGBCI,nearear,bandpower,random_forest,25,0,42,0.28017718715393125,0.5192307692307693,206,52,2,
COGBCI,nearear,fbcsp,lda,25,1,42,0.6533333333333333,0.7692307692307693,206,52,2,
COGBCI,nearear,fbcsp,svm,25,1,42,0.6242356864924958,0.75,206,52,2,
COGBCI,nearear,fbcsp,decision_tree,25,1,42,0.4520244037714919,0.6346153846153846,206,52,2,
COGBCI,nearear,fbcsp,random_forest,25,1,42,0.681868743047831,0.7884615384615384,206,52,2,
COGBCI,nearear,bandpower,lda,25,1,42,0.4186696478479598,0.6153846153846154,206,52,2,
COGBCI,nearear,bandpower,svm,25,1,42,0.36302895322939865,0.5769230769230769,206,52,2,
COGBCI,nearear,bandpower,decision_tree,25,1,42,0.13043478260869568,0.4230769230769231,206,52,2,
COGBCI,nearear,bandpower,random_forest,25,1,42,0.5066964285714286,0.6730769230769231,206,52,2,
COGBCI,nearear,fbcsp,lda,25,2,42,0.3885778275475924,0.5961538461538461,206,52,2,
COGBCI,nearear,fbcsp,svm,25,2,42,0.505592841163311,0.6730769230769231,206,52,2,
COGBCI,nearear,fbcsp,decision_tree,25,2,42,0.33184357541899434,0.5576923076923077,206,52,2,
COGBCI,nearear,fbcsp,random_forest,25,2,42,0.5351955307262569,0.6923076923076923,206,52,2,
COGBCI,nearear,bandpower,lda,25,2,42,0.3616071428571428,0.5769230769230769,206,52,2,
COGBCI,nearear,bandpower,svm,25,2,42,0.3051224944320712,0.5384615384615384,206,52,2,
COGBCI,nearear,bandpower,decision_tree,25,2,42,0.13429522752497225,0.4230769230769231,206,52,2,
COGBCI,nearear,bandpower,random_forest,25,2,42,0.36302895322939854,0.5769230769230769,206,52,2,
COGBCI,nearear,fbcsp,lda,25,3,42,0.5275043427909669,0.6862745098039216,207,51,2,
COGBCI,nearear,fbcsp,svm,25,3,42,0.5851249273678094,0.7254901960784313,207,51,2,
COGBCI,nearear,fbcsp,decision_tree,25,3,42,0.4093804284887087,0.6078431372549019,207,51,2,
COGBCI,nearear,fbcsp,random_forest,25,3,42,0.5272305909617613,0.6862745098039216,207,51,2,
COGBCI,nearear,bandpower,lda,25,3,42,0.29330254041570436,0.5294117647058824,207,51,2,
COGBCI,nearear,bandpower,svm,25,3,42,0.37913043478260877,0.5882352941176471,207,51,2,
COGBCI,nearear,bandpower,decision_tree,25,3,42,0.0924225028702641,0.39215686274509803,207,51,2,
COGBCI,nearear,bandpower,random_forest,25,3,42,0.20588235294117652,0.47058823529411764,207,51,2,
COGBCI,nearear,fbcsp,lda,25,4,42,0.6753472222222222,0.7843137254901961,207,51,2,
COGBCI,nearear,fbcsp,svm,25,4,42,0.6751592356687898,0.7843137254901961,207,51,2,
COGBCI,nearear,fbcsp,decision_tree,25,4,42,0.38306451612903214,0.5882352941176471,207,51,2,
COGBCI,nearear,fbcsp,random_forest,25,4,42,0.646242774566474,0.7647058823529411,207,51,2,
COGBCI,nearear,bandpower,lda,25,4,42,0.44214162348877384,0.6274509803921569,207,51,2,
COGBCI,nearear,bandpower,svm,25,4,42,0.38235294117647056,0.5882352941176471,207,51,2,
COGBCI,nearear,bandpower,decision_tree,25,4,42,0.38199653779573006,0.5882352941176471,207,51,2,
COGBCI,nearear,bandpower,random_forest,25,4,42,0.3540587219343697,0.5686274509803921,207,51,2,
COGBCI,nearear,fbcsp,lda,26,0,42,0.5091615769017213,0.6730769230769231,205,52,2,
COGBCI,nearear,fbcsp,svm,26,0,42,0.4532374100719424,0.6346153846153846,205,52,2,
COGBCI,nearear,fbcsp,decision_tree,26,0,42,0.39601769911504436,0.5961538461538461,205,52,2,
COGBCI,nearear,fbcsp,random_forest,26,0,42,0.4523281596452329,0.6346153846153846,205,52,2,
COGBCI,nearear,bandpower,lda,26,0,42,0.42604856512141276,0.6153846153846154,205,52,2,
COGBCI,nearear,bandpower,svm,26,0,42,0.42604856512141276,0.6153846153846154,205,52,2,
COGBCI,nearear,bandpower,decision_tree,26,0,42,0.27937915742793795,0.5192307692307693,205,52,2,
COGBCI,nearear,bandpower,random_forest,26,0,42,0.36690647482014394,0.5769230769230769,205,52,2,
COGBCI,nearear,fbcsp,lda,26,1,42,0.3097345132743363,0.5384615384615384,205,52,2,
COGBCI,nearear,fbcsp,svm,26,1,42,0.2522123893805309,0.5,205,52,2,
COGBCI,nearear,fbcsp,decision_tree,26,1,42,0.2777777777777779,0.5192307692307693,205,52,2,
COGBCI,nearear,fbcsp,random_forest,26,1,42,0.27937915742793795,0.5192307692307693,205,52,2,
COGBCI,nearear,bandpower,lda,26,1,42,0.3381294964028777,0.5576923076923077,205,52,2,
COGBCI,nearear,bandpower,svm,26,1,42,0.3384955752212391,0.5576923076923077,205,52,2,
COGBCI,nearear,bandpower,decision_tree,26,1,42,0.24805339265850956,0.5,205,52,2,
COGBCI,nearear,bandpower,random_forest,26,1,42,0.25096952908587267,0.5,205,52,2,
COGBCI,nearear,fbcsp,lda,26,2,42,0.44214162348877384,0.6274509803921569,206,51,2,
COGBCI,nearear,fbcsp,svm,26,2,42,0.46875,0.6470588235294118,206,51,2,
COGBCI,nearear,fbcsp,decision_tree,26,2,42,0.3211805555555556,0.5490196078431373,206,51,2,
COGBCI,nearear,fbcsp,random_forest,26,2,42,0.38235294117647056,0.5882352941176471,206,51,2,
COGBCI,nearear,bandpower,lda,26,2,42,0.38869863013698625,0.5882352941176471,206,51,2,
COGBCI,nearear,bandpower,svm,26,2,42,0.2953367875647669,0.5294117647058824,206,51,2,
COGBCI,nearear,bandpower,decision_tree,26,2,42,0.25044091710758387,0.5098039215686274,206,51,2,
COGBCI,nearear,bandpower,random_forest,26,2,42,0.28546409807355533,0.5294117647058824,206,51,2,
COGBCI,nearear,fbcsp,lda,26,3,42,0.26555299539170507,0.5098039215686274,206,51,2,
COGBCI,nearear,fbcsp,svm,26,3,42,0.5590778097982708,0.7058823529411765,206,51,2,
COGBCI,nearear,fbcsp,decision_tree,26,3,42,0.4104046242774566,0.6078431372549019,206,51,2,
COGBCI,nearear,fbcsp,random_forest,26,3,42,0.4104046242774566,0.6078431372549019,206,51,2,
COGBCI,nearear,bandpower,lda,26,3,42,0.3540587219343697,0.5686274509803921,206,51,2,
COGBCI,nearear,bandpower,svm,26,3,42,0.2941176470588235,0.5294117647058824,206,51,2,
COGBCI,nearear,bandpower,decision_tree,26,3,42,0.37877030162412983,0.5882352941176471,206,51,2,
COGBCI,nearear,bandpower,random_forest,26,3,42,0.3488102147417296,0.5686274509803921,206,51,2,
COGBCI,nearear,fbcsp,lda,26,4,42,0.23793103448275865,0.49019607843137253,206,51,2,
COGBCI,nearear,fbcsp,svm,26,4,42,0.3219653179190751,0.5490196078431373,206,51,2,
COGBCI,nearear,fbcsp,decision_tree,26,4,42,0.29289428076256496,0.5294117647058824,206,51,2,
COGBCI,nearear,fbcsp,random_forest,26,4,42,0.3227482678983834,0.5490196078431373,206,51,2,
COGBCI,nearear,bandpower,lda,26,4,42,0.3250863060989643,0.5490196078431373,206,51,2,
COGBCI,nearear,bandpower,svm,26,4,42,0.3851894374282434,0.5882352941176471,206,51,2,
COGBCI,nearear,bandpower,decision_tree,26,4,42,0.2957422324510932,0.5294117647058824,206,51,2,
COGBCI,nearear,bandpower,random_forest,26,4,42,0.4127806563039724,0.6078431372549019,206,51,2,
COGBCI,nearear,fbcsp,lda,27,0,42,0.329184816428127,0.5510204081632653,196,49,2,
COGBCI,nearear,fbcsp,svm,27,0,42,0.41812499999999997,0.6122448979591837,196,49,2,
COGBCI,nearear,fbcsp,decision_tree,27,0,42,0.20524017467248912,0.46938775510204084,196,49,2,
COGBCI,nearear,fbcsp,random_forest,27,0,42,0.44806007509386736,0.6326530612244898,196,49,2,
COGBCI,nearear,bandpower,lda,27,0,42,0.26545908806995633,0.5102040816326531,196,49,2,
COGBCI,nearear,bandpower,svm,27,0,42,0.14250000000000007,0.42857142857142855,196,49,2,
COGBCI,nearear,bandpower,decision_tree,27,0,42,0.14303560274828242,0.42857142857142855,196,49,2,
COGBCI,nearear,bandpower,random_forest,27,0,42,0.20424734540911937,0.46938775510204084,196,49,2,
COGBCI,nearear,fbcsp,lda,27,1,42,0.14410480349344978,0.42857142857142855,196,49,2,
COGBCI,nearear,fbcsp,svm,27,1,42,0.35566687539135877,0.5714285714285714,196,49,2,
COGBCI,nearear,fbcsp,decision_tree,27,1,42,0.23580786026200862,0.4897959183673469,196,49,2,
COGBCI,nearear,fbcsp,random_forest,27,1,42,0.47872340425531923,0.6530612244897959,196,49,2,
COGBCI,nearear,bandpower,lda,27,1,42,0.26545908806995633,0.5102040816326531,196,49,2,
COGBCI,nearear,bandpower,svm,27,1,42,0.1720901126408011,0.4489795918367347,196,49,2,
COGBCI,nearear,bandpower,decision_tree,27,1,42,-0.008733624454148492,0.32653061224489793,196,49,2,
COGBCI,nearear,bandpower,random_forest,27,1,42,0.23580786026200873,0.4897959183673469,196,49,2,
COGBCI,nearear,fbcsp,lda,27,2,42,0.44874999999999987,0.6326530612244898,196,49,2,
COGBCI,nearear,fbcsp,svm,27,2,42,0.5124378109452736,0.673469387755102,196,49,2,
COGBCI,nearear,fbcsp,decision_tree,27,2,42,0.329184816428127,0.5510204081632653,196,49,2,
COGBCI,nearear,fbcsp,random_forest,27,2,42,0.5720524017467248,0.7142857142857143,196,49,2,
COGBCI,nearear,bandpower,lda,27,2,42,0.14088916718847844,0.42857142857142855,196,49,2,
COGBCI,nearear,bandpower,svm,27,2,42,0.20524017467248912,0.46938775510204084,196,49,2,
COGBCI,nearear,bandpower,decision_tree,27,2,42,0.05062500000000003,0.3673469387755102,196,49,2,
COGBCI,nearear,bandpower,random_forest,27,2,42,0.11574362165525831,0.40816326530612246,196,49,2,
COGBCI,nearear,fbcsp,lda,27,3,42,0.14249999999999985,0.42857142857142855,196,49,2,
COGBCI,nearear,fbcsp,svm,27,3,42,0.2973815461346633,0.5306122448979592,196,49,2,
COGBCI,nearear,fbcsp,decision_tree,27,3,42,0.5096935584740463,0.673469387755102,196,49,2,
COGBCI,nearear,fbcsp,random_forest,27,3,42,0.38750000000000007,0.5918367346938775,196,49,2,
COGBCI,nearear,bandpower,lda,27,3,42,0.045254556882463826,0.3673469387755102,196,49,2,
COGBCI,nearear,bandpower,svm,27,3,42,0.14035087719298245,0.42857142857142855,196,49,2,
COGBCI,nearear,bandpower,decision_tree,27,3,42,0.050031269543464596,0.3673469387755102,196,49,2,
COGBCI,nearear,bandpower,random_forest,27,3,42,0.26545908806995633,0.5102040816326531,196,49,2,
COGBCI,nearear,fbcsp,lda,27,4,42,0.26545908806995633,0.5102040816326531,196,49,2,
COGBCI,nearear,fbcsp,svm,27,4,42,0.26865671641791045,0.5102040816326531,196,49,2,
COGBCI,nearear,fbcsp,decision_tree,27,4,42,0.295625,0.5306122448979592,196,49,2,
COGBCI,nearear,fbcsp,random_forest,27,4,42,0.29650436953807735,0.5306122448979592,196,49,2,
COGBCI,nearear,bandpower,lda,27,4,42,-0.013157894736842257,0.32653061224489793,196,49,2,
COGBCI,nearear,bandpower,svm,27,4,42,0.14088916718847844,0.42857142857142855,196,49,2,
COGBCI,nearear,bandpower,decision_tree,27,4,42,-0.16084788029925168,0.22448979591836735,196,49,2,
COGBCI,nearear,bandpower,random_forest,27,4,42,0.04824561403508765,0.3673469387755102,196,49,2,
COGBCI,nearear,fbcsp,lda,28,0,42,0.5951056729699666,0.7307692307692307,206,52,2,
COGBCI,nearear,fbcsp,svm,28,0,42,0.653910149750416,0.7692307692307693,206,52,2,
COGBCI,nearear,fbcsp,decision_tree,28,0,42,0.361963190184049,0.5769230769230769,206,52,2,
COGBCI,nearear,fbcsp,random_forest,28,0,42,0.5955555555555555,0.7307692307692307,206,52,2,
COGBCI,nearear,bandpower,lda,28,0,42,0.22172949002217301,0.4807692307692308,206,52,2,
COGBCI,nearear,bandpower,svm,28,0,42,0.2505543237250555,0.5,206,52,2,
COGBCI,nearear,bandpower,decision_tree,28,0,42,0.16222222222222216,0.4423076923076923,206,52,2,
COGBCI,nearear,bandpower,random_forest,28,0,42,0.28017718715393125,0.5192307692307693,206,52,2,
COGBCI,nearear,fbcsp,lda,28,1,42,0.6533333333333333,0.7692307692307693,206,52,2,
COGBCI,nearear,fbcsp,svm,28,1,42,0.6242356864924958,0.75,206,52,2,
COGBCI,nearear,fbcsp,decision_tree,28,1,42,0.4520244037714919,0.6346153846153846,206,52,2,
COGBCI,nearear,fbcsp,random_forest,28,1,42,0.681868743047831,0.7884615384615384,206,52,2,
COGBCI,nearear,bandpower,lda,28,1,42,0.4186696478479598,0.6153846153846154,206,52,2,
COGBCI,nearear,bandpower,svm,28,1,42,0.36302895322939865,0.5769230769230769,206,52,2,
COGBCI,nearear,bandpower,decision_tree,28,1,42,0.13043478260869568,0.4230769230769231,206,52,2,
COGBCI,nearear,bandpower,random_forest,28,1,42,0.5066964285714286,0.6730769230769231,206,52,2,
COGBCI,nearear,fbcsp,lda,28,2,42,0.3885778275475924,0.5961538461538461,206,52,2,
COGBCI,nearear,fbcsp,svm,28,2,42,0.505592841163311,0.6730769230769231,206,52,2,
COGBCI,nearear,fbcsp,decision_tree,28,2,42,0.33184357541899434,0.5576923076923077,206,52,2,
COGBCI,nearear,fbcsp,random_forest,28,2,42,0.5351955307262569,0.6923076923076923,206,52,2,
COGBCI,nearear,bandpower,lda,28,2,42,0.3616071428571428,0.5769230769230769,206,52,2,
COGBCI,nearear,bandpower,svm,28,2,42,0.3051224944320712,0.5384615384615384,206,52,2,
COGBCI,nearear,bandpower,decision_tree,28,2,42,0.13429522752497225,0.4230769230769231,206,52,2,
COGBCI,nearear,bandpower,random_forest,28,2,42,0.36302895322939854,0.5769230769230769,206,52,2,
COGBCI,nearear,fbcsp,lda,28,3,42,0.5275043427909669,0.6862745098039216,207,51,2,
COGBCI,nearear,fbcsp,svm,28,3,42,0.5851249273678094,0.7254901960784313,207,51,2,
COGBCI,nearear,fbcsp,decision_tree,28,3,42,0.4093804284887087,0.6078431372549019,207,51,2,
COGBCI,nearear,fbcsp,random_forest,28,3,42,0.5272305909617613,0.6862745098039216,207,51,2,
COGBCI,nearear,bandpower,lda,28,3,42,0.29330254041570436,0.5294117647058824,207,51,2,
COGBCI,nearear,bandpower,svm,28,3,42,0.37913043478260877,0.5882352941176471,207,51,2,
COGBCI,nearear,bandpower,decision_tree,28,3,42,0.0924225028702641,0.39215686274509803,207,51,2,
COGBCI,nearear,bandpower,random_forest,28,3,42,0.20588235294117652,0.47058823529411764,207,51,2,
COGBCI,nearear,fbcsp,lda,28,4,42,0.6753472222222222,0.7843137254901961,207,51,2,
COGBCI,nearear,fbcsp,svm,28,4,42,0.6751592356687898,0.7843137254901961,207,51,2,
COGBCI,nearear,fbcsp,decision_tree,28,4,42,0.38306451612903214,0.5882352941176471,207,51,2,
COGBCI,nearear,fbcsp,random_forest,28,4,42,0.646242774566474,0.7647058823529411,207,51,2,
COGBCI,nearear,bandpower,lda,28,4,42,0.44214162348877384,0.6274509803921569,207,51,2,
COGBCI,nearear,bandpower,svm,28,4,42,0.38235294117647056,0.5882352941176471,207,51,2,
COGBCI,nearear,bandpower,decision_tree,28,4,42,0.38199653779573006,0.5882352941176471,207,51,2,
COGBCI,nearear,bandpower,random_forest,28,4,42,0.3540587219343697,0.5686274509803921,207,51,2,
COGBCI,nearear,fbcsp,lda,29,0,42,0.470893371757925,0.6470588235294118,200,51,2,
COGBCI,nearear,fbcsp,svm,29,0,42,0.3848363009764504,0.5882352941176471,200,51,2,
COGBCI,nearear,fbcsp,decision_tree,29,0,42,0.26428159261396433,0.5098039215686274,200,51,2,
COGBCI,nearear,fbcsp,random_forest,29,0,42,0.5578034682080926,0.7058823529411765,200,51,2,
COGBCI,nearear,bandpower,lda,29,0,42,0.23880597014925375,0.49019607843137253,200,51,2,
COGBCI,nearear,bandpower,svm,29,0,42,0.4402079722703639,0.6274509803921569,200,51,2,
COGBCI,nearear,bandpower,decision_tree,29,0,42,0.3254744105807935,0.5490196078431373,200,51,2,
COGBCI,nearear,bandpower,random_forest,29,0,42,0.43891140706427323,0.6274509803921569,200,51,2,
COGBCI,nearear,fbcsp,lda,29,1,42,0.6103117505995204,0.74,201,50,2,
COGBCI,nearear,fbcsp,svm,29,1,42,0.5503597122302158,0.7,201,50,2,
COGBCI,nearear,fbcsp,decision_tree,29,1,42,0.2797118847539015,0.52,201,50,2,
COGBCI,nearear,fbcsp,random_forest,29,1,42,0.6398559423769508,0.76,201,50,2,
COGBCI,nearear,bandpower,lda,29,1,42,0.5174909529553678,0.68,201,50,2,
COGBCI,nearear,bandpower,svm,29,1,42,0.6060606060606061,0.74,201,50,2,
COGBCI,nearear,bandpower,decision_tree,29,1,42,0.4571773220747889,0.64,201,50,2,
COGBCI,nearear,bandpower,random_forest,29,1,42,0.5449029126213593,0.7,201,50,2,
COGBCI,nearear,fbcsp,lda,29,2,42,0.5798319327731092,0.72,201,50,2,
COGBCI,nearear,fbcsp,svm,29,2,42,0.5503597122302158,0.7,201,50,2,
COGBCI,nearear,fbcsp,decision_tree,29,2,42,0.37125748502994005,0.58,201,50,2,
COGBCI,nearear,fbcsp,random_forest,29,2,42,0.5800839832033593,0.72,201,50,2,
COGBCI,nearear,bandpower,lda,29,2,42,0.36861094407696926,0.58,201,50,2,
COGBCI,nearear,bandpower,svm,29,2,42,0.39831528279181716,0.6,201,50,2,
COGBCI,nearear,bandpower,decision_tree,29,2,42,0.33734939759036153,0.56,201,50,2,
COGBCI,nearear,bandpower,random_forest,29,2,42,0.39903846153846156,0.6,201,50,2,
COGBCI,nearear,fbcsp,lda,29,3,42,0.5200959808038392,0.68,201,50,2,
COGBCI,nearear,fbcsp,svm,29,3,42,0.5500899820035994,0.7,201,50,2,
COGBCI,nearear,fbcsp,decision_tree,29,3,42,0.27884615384615385,0.52,201,50,2,
COGBCI,nearear,fbcsp,random_forest,29,3,42,0.36936936936936926,0.58,201,50,2,
COGBCI,nearear,bandpower,lda,29,3,42,0.5500899820035992,0.7,201,50,2,
COGBCI,nearear,bandpower,svm,29,3,42,0.4591346153846154,0.64,201,50,2,
COGBCI,nearear,bandpower,decision_tree,29,3,42,0.21875,0.48,201,50,2,
COGBCI,nearear,bandpower,random_forest,29,3,42,0.33854479855682496,0.56,201,50,2,
COGBCI,nearear,fbcsp,lda,29,4,42,0.6396396396396398,0.76,201,50,2,
COGBCI,nearear,fbcsp,svm,29,4,42,0.7594708358388456,0.84,201,50,2,
COGBCI,nearear,fbcsp,decision_tree,29,4,42,0.42736588306208556,0.62,201,50,2,
COGBCI,nearear,fbcsp,random_forest,29,4,42,0.48948948948948945,0.66,201,50,2,
COGBCI,nearear,bandpower,lda,29,4,42,0.3705035971223022,0.58,201,50,2,
COGBCI,nearear,bandpower,svm,29,4,42,0.4001199760047991,0.6,201,50,2,
COGBCI,nearear,bandpower,decision_tree,29,4,42,0.430113977204559,0.62,201,50,2,
COGBCI,nearear,bandpower,random_forest,29,4,42,0.45945945945945943,0.64,201,50,2,
