dataset,method,subject,seed,kappa,accuracy,n_train,n_test,n_classes_test,y_true_seq,y_pred_seq
STEW,fbcsp,1,-1,-0.08235294117647052,0.3783783783783784,3256,74,2,low;low;low;low;low;low;low;low;low;low;low;low;low;low;low;low;low;low;low;low;low;low;low;low;low;low;low;low;low;low;low;low;low;low;low;low;low;high;high;high;high;high;high;high;high;high;high;high;high;high;high;high;high;high;high;high;high;high;high;high;high;high;high;high;high;high;high;high;high;high;high;high;high;high,high;high;high;high;high;high;high;low;high;high;high;high;high;high;high;high;high;high;high;low;high;low;high;high;high;high;high;high;high;high;high;high;high;high;high;low;low;high;medium;high;medium;medium;medium;low;low;high;high;high;high;medium;high;high;high;high;high;high;high;high;medium;high;medium;low;medium;medium;high;medium;high;medium;high;high;high;high;high;high
STEW,fbcsp,2,-1,0.2857142857142857,0.4594594594594595,3256,74,2,low;low;low;low;low;low;low;low;low;low;low;low;low;low;low;low;low;low;low;low;low;low;low;low;low;low;low;low;low;low;low;low;low;low;low;low;low;medium;medium;medium;medium;medium;medium;medium;medium;medium;medium;medium;medium;medium;medium;medium;medium;medium;medium;medium;medium;medium;medium;medium;medium;medium;medium;medium;medium;medium;medium;medium;medium;medium;medium;medium;medium;medium,low;low;low;low;low;low;low;low;high;low;low;low;low;low;low;low;high;low;low;high;low;low;low;low;low;low;low;low;low;low;low;low;high;low;low;low;medium;high;high;high;high;high;high;high;high;high;high;high;low;high;high;high;high;high;high;high;high;high;high;high;high;high;high;high;high;high;high;high;high;high;medium;medium;high;high
STEW,fbcsp,3,-1,0.25,0.5135135135135135,3256,74,2,low;low;low;low;low;low;low;low;low;low;low;low;low;low;low;low;low;low;low;low;low;low;low;low;low;low;low;low;low;low;low;low;low;low;low;low;low;medium;medium;medium;medium;medium;medium;medium;medium;medium;medium;medium;medium;medium;medium;medium;medium;medium;medium;medium;medium;medium;medium;medium;medium;medium;medium;medium;medium;medium;medium;medium;medium;medium;medium;medium;medium;medium,low;low;low;low;high;low;low;low;low;low;medium;low;high;high;low;low;low;low;low;low;low;low;low;low;low;low;low;low;low;low;low;low;low;low;low;low;low;high;high;high;medium;high;medium;high;low;high;low;low;low;low;medium;low;high;low;high;high;medium;medium;high;low;high;high;high;low;low;low;high;low;high;high;high;high;low;high
STEW,fbcsp,4,-1,0.2743362831858407,0.44594594594594594,3256,74,2,low;low;low;low;low;low;low;low;low;low;low;low;low;low;low;low;low;low;low;low;low;low;low;low;low;low;low;low;low;low;low;low;low;low;low;low;low;medium;medium;medium;medium;medium;medium;medium;medium;medium;medium;medium;medium;medium;medium;medium;medium;medium;medium;medium;medium;medium;medium;medium;medium;medium;medium;medium;medium;medium;medium;medium;medium;medium;medium;medium;medium;medium,low;low;low;low;low;low;low;low;high;low;low;low;low;high;low;medium;high;low;high;low;low;low;low;high;low;low;low;low;low;low;low;high;low;low;low;low;low;high;high;high;high;high;high;high;medium;medium;high;medium;high;high;low;high;high;high;high;high;high;high;high;high;high;high;high;high;high;high;high;high;high;high;high;high;high;high
STEW,fbcsp,6,-1,0.03125,0.16216216216216217,3256,74,2,medium;medium;medium;medium;medium;medium;medium;medium;medium;medium;medium;medium;medium;medium;medium;medium;medium;medium;medium;medium;medium;medium;medium;medium;medium;medium;medium;medium;medium;medium;medium;medium;medium;medium;medium;medium;medium;high;high;high;high;high;high;high;high;high;high;high;high;high;high;high;high;high;high;high;high;high;high;high;high;high;high;high;high;high;high;high;high;high;high;high;high;high,low;low;low;low;high;low;low;low;low;low;low;low;low;low;low;low;high;high;low;low;low;low;low;low;low;low;low;low;high;high;low;high;low;high;high;low;low;high;high;low;high;low;low;low;low;low;low;low;low;low;high;high;high;low;high;high;high;low;low;low;low;low;high;low;low;low;low;low;low;low;low;high;high;low
STEW,fbcsp,7,-1,0.05128205128205132,0.5,3256,74,2,low;low;low;low;low;low;low;low;low;low;low;low;low;low;low;low;low;low;low;low;low;low;low;low;low;low;low;low;low;low;low;low;low;low;low;low;low;medium;medium;medium;medium;medium;medium;medium;medium;medium;medium;medium;medium;medium;medium;medium;medium;medium;medium;medium;medium;medium;medium;medium;medium;medium;medium;medium;medium;medium;medium;medium;medium;medium;medium;medium;medium;medium,low;low;low;low;low;low;low;low;low;low;low;low;low;low;low;high;low;low;low;low;low;low;low;low;low;low;low;low;low;low;low;low;low;low;low;low;low;low;low;low;low;high;low;low;low;low;low;low;low;low;low;low;low;high;low;low;low;low;low;low;low;low;low;low;low;low;low;low;low;low;low;low;medium;high
STEW,fbcsp,8,-1,0.5681818181818181,0.7432432432432432,3256,74,2,low;low;low;low;low;low;low;low;low;low;low;low;low;low;low;low;low;low;low;low;low;low;low;low;low;low;low;low;low;low;low;low;low;low;low;low;low;high;high;high;high;high;high;high;high;high;high;high;high;high;high;high;high;high;high;high;high;high;high;high;high;high;high;high;high;high;high;high;high;high;high;high;high;high,low;low;low;low;low;low;low;low;low;low;low;low;low;low;low;low;low;low;low;low;low;low;low;low;low;low;low;low;low;low;low;low;low;low;low;low;low;high;low;high;high;medium;medium;high;medium;high;medium;medium;high;medium;medium;medium;low;low;high;medium;high;high;high;low;high;high;high;high;medium;high;low;high;medium;high;high;medium;medium;medium
STEW,fbcsp,9,-1,0.17500000000000004,0.5540540540540541,3256,74,2,low;low;low;low;low;low;low;low;low;low;low;low;low;low;low;low;low;low;low;low;low;low;low;low;low;low;low;low;low;low;low;low;low;low;low;low;low;high;high;high;high;high;high;high;high;high;high;high;high;high;high;high;high;high;high;high;high;high;high;high;high;high;high;high;high;high;high;high;high;high;high;high;high;high,high;low;low;medium;low;medium;low;high;low;high;low;low;low;low;low;low;low;low;low;low;low;low;low;low;low;low;low;medium;low;low;low;low;low;low;low;low;low;low;medium;high;high;low;medium;high;low;low;low;low;low;medium;low;high;high;low;low;low;low;low;high;low;low;low;high;high;low;low;low;low;high;low;low;low;low;high
STEW,fbcsp,10,-1,0.2761904761904762,0.4864864864864865,3256,74,2,low;low;low;low;low;low;low;low;low;low;low;low;low;low;low;low;low;low;low;low;low;low;low;low;low;low;low;low;low;low;low;low;low;low;low;low;low;medium;medium;medium;medium;medium;medium;medium;medium;medium;medium;medium;medium;medium;medium;medium;medium;medium;medium;medium;medium;medium;medium;medium;medium;medium;medium;medium;medium;medium;medium;medium;medium;medium;medium;medium;medium;medium,low;low;low;low;high;low;low;low;low;low;low;low;low;low;low;low;low;low;low;low;low;low;low;low;low;low;low;low;low;low;low;low;low;low;low;low;low;high;high;high;low;high;high;high;low;high;high;high;high;high;high;high;low;high;high;high;high;high;high;high;high;low;high;high;high;high;low;low;high;high;high;low;high;high
STEW,fbcsp,11,-1,0.19999999999999996,0.5135135135135135,3256,74,2,low;low;low;low;low;low;low;low;low;low;low;low;low;low;low;low;low;low;low;low;low;low;low;low;low;low;low;low;low;low;low;low;low;low;low;low;low;medium;medium;medium;medium;medium;medium;medium;medium;medium;medium;medium;medium;medium;medium;medium;medium;medium;medium;medium;medium;medium;medium;medium;medium;medium;medium;medium;medium;medium;medium;medium;medium;medium;medium;medium;medium;medium,low;low;low;low;low;low;low;low;high;low;low;low;low;low;low;low;low;low;low;low;high;low;low;low;low;low;low;low;low;low;low;low;low;low;low;low;low;low;high;low;low;high;low;high;medium;low;high;high;high;high;low;high;high;low;low;low;low;low;low;low;low;low;low;high;low;low;medium;low;high;high;high;low;high;medium
STEW,fbcsp,12,-1,0.2264150943396226,0.44594594594594594,3256,74,2,low;low;low;low;low;low;low;low;low;low;low;low;low;low;low;low;low;low;low;low;low;low;low;low;low;low;low;low;low;low;low;low;low;low;low;low;low;medium;medium;medium;medium;medium;medium;medium;medium;medium;medium;medium;medium;medium;medium;medium;medium;medium;medium;medium;medium;medium;medium;medium;medium;medium;medium;medium;medium;medium;medium;medium;medium;medium;medium;medium;medium;medium,low;low;low;low;low;low;low;low;low;low;low;low;low;low;low;low;low;low;low;low;low;high;low;medium;high;high;low;low;low;low;high;high;low;low;high;low;low;high;medium;high;high;high;high;low;high;low;high;high;high;high;medium;low;medium;high;high;high;low;low;low;low;high;high;high;high;low;high;high;high;high;high;high;high;high;high
STEW,fbcsp,13,-1,-0.11904761904761907,0.36486486486486486,3256,74,2,low;low;low;low;low;low;low;low;low;low;low;low;low;low;low;low;low;low;low;low;low;low;low;low;low;low;low;low;low;low;low;low;low;low;low;low;low;high;high;high;high;high;high;high;high;high;high;high;high;high;high;high;high;high;high;high;high;high;high;high;high;high;high;high;high;high;high;high;high;high;high;high;high;high,high;high;high;high;high;high;high;low;low;low;low;high;low;high;high;high;high;high;high;high;low;low;high;high;low;high;high;high;high;high;high;high;low;high;high;low;high;low;medium;high;medium;high;high;low;high;medium;high;medium;low;high;medium;high;medium;medium;high;low;high;high;high;high;low;low;low;high;low;low;medium;medium;high;high;high;low;high;medium
STEW,fbcsp,14,-1,0.37209302325581395,0.6351351351351351,3256,74,2,low;low;low;low;low;low;low;low;low;low;low;low;low;low;low;low;low;low;low;low;low;low;low;low;low;low;low;low;low;low;low;low;low;low;low;low;low;high;high;high;high;high;high;high;high;high;high;high;high;high;high;high;high;high;high;high;high;high;high;high;high;high;high;high;high;high;high;high;high;high;high;high;high;high,high;low;high;high;low;medium;low;low;low;low;low;low;low;low;low;low;low;low;low;low;low;high;high;low;low;low;low;low;low;low;high;low;low;medium;low;medium;low;medium;high;high;high;high;high;medium;high;medium;high;high;high;low;high;high;low;medium;low;medium;high;high;low;low;medium;medium;high;low;high;medium;low;low;high;high;high;low;high;medium
STEW,fbcsp,15,-1,0.030303030303030276,0.35135135135135137,3256,74,2,low;low;low;low;low;low;low;low;low;low;low;low;low;low;low;low;low;low;low;low;low;low;low;low;low;low;low;low;low;low;low;low;low;low;low;low;low;medium;medium;medium;medium;medium;medium;medium;medium;medium;medium;medium;medium;medium;medium;medium;medium;medium;medium;medium;medium;medium;medium;medium;medium;medium;medium;medium;medium;medium;medium;medium;medium;medium;medium;medium;medium;medium,high;low;low;low;high;high;low;high;high;low;low;low;low;low;low;low;high;low;low;low;low;low;low;low;low;low;low;high;low;low;high;medium;medium;high;low;low;high;high;low;low;low;high;low;high;low;low;low;low;high;low;low;low;low;low;high;high;low;high;low;high;low;low;low;high;high;low;high;high;high;medium;high;high;low;low
STEW,fbcsp,16,-1,0.4,0.6756756756756757,3256,74,2,low;low;low;low;low;low;low;low;low;low;low;low;low;low;low;low;low;low;low;low;low;low;low;low;low;low;low;low;low;low;low;low;low;low;low;low;low;high;high;high;high;high;high;high;high;high;high;high;high;high;high;high;high;high;high;high;high;high;high;high;high;high;high;high;high;high;high;high;high;high;high;high;high;high,low;high;high;low;low;low;low;high;high;high;high;medium;high;high;high;low;low;high;high;low;high;low;low;medium;low;low;low;low;high;low;low;medium;medium;high;high;medium;high;high;high;high;high;high;high;high;high;high;high;high;high;high;high;high;high;high;high;high;high;high;high;high;high;high;high;high;medium;high;low;high;high;high;low;high;high;high
STEW,fbcsp,17,-1,0.4698795180722891,0.7027027027027027,3256,74,2,low;low;low;low;low;low;low;low;low;low;low;low;low;low;low;low;low;low;low;low;low;low;low;low;low;low;low;low;low;low;low;low;low;low;low;low;low;high;high;high;high;high;high;high;high;high;high;high;high;high;high;high;high;high;high;high;high;high;high;high;high;high;high;high;high;high;high;high;high;high;high;high;high;high,low;low;low;low;medium;low;low;low;low;low;low;low;low;low;low;low;low;low;low;high;low;low;medium;low;low;low;low;low;high;low;medium;low;low;low;medium;low;low;medium;high;low;low;high;high;medium;high;medium;high;high;low;low;high;high;high;low;low;low;high;high;high;low;low;high;low;high;high;high;high;medium;low;high;high;high;medium;high
STEW,fbcsp,18,-1,0.23809523809523814,0.4594594594594595,3256,74,2,medium;medium;medium;medium;medium;medium;medium;medium;medium;medium;medium;medium;medium;medium;medium;medium;medium;medium;medium;medium;medium;medium;medium;medium;medium;medium;medium;medium;medium;medium;medium;medium;medium;medium;medium;medium;medium;high;high;high;high;high;high;high;high;high;high;high;high;high;high;high;high;high;high;high;high;high;high;high;high;high;high;high;high;high;high;high;high;high;high;high;high;high,high;low;medium;medium;medium;medium;medium;low;low;medium;low;medium;medium;low;low;medium;low;low;medium;low;low;low;low;low;low;low;low;low;low;low;low;low;low;low;low;low;low;low;high;medium;high;low;high;high;low;high;high;high;high;high;low;medium;high;high;high;medium;high;medium;high;high;high;low;high;high;high;medium;high;high;medium;medium;medium;high;high;high
STEW,fbcsp,19,-1,0.14942528735632188,0.5,3256,74,2,low;low;low;low;low;low;low;low;low;low;low;low;low;low;low;low;low;low;low;low;low;low;low;low;low;low;low;low;low;low;low;low;low;low;low;low;low;medium;medium;medium;medium;medium;medium;medium;medium;medium;medium;medium;medium;medium;medium;medium;medium;medium;medium;medium;medium;medium;medium;medium;medium;medium;medium;medium;medium;medium;medium;medium;medium;medium;medium;medium;medium;medium,low;low;low;low;low;low;low;low;low;low;low;low;low;low;low;low;low;low;low;low;low;low;low;low;low;low;low;low;low;high;low;low;low;low;low;low;low;low;high;medium;low;low;high;high;high;high;low;low;low;low;high;high;low;low;low;low;low;low;high;low;low;low;high;low;high;low;high;low;low;low;high;low;low;low
STEW,fbcsp,20,-1,0.22666666666666668,0.6081081081081081,3256,74,2,low;low;low;low;low;low;low;low;low;low;low;low;low;low;low;low;low;low;low;low;low;low;low;low;low;low;low;low;low;low;low;low;low;low;low;low;low;high;high;high;high;high;high;high;high;high;high;high;high;high;high;high;high;high;high;high;high;high;high;high;high;high;high;high;high;high;high;high;high;high;high;high;high;high,low;low;high;low;low;low;low;low;low;low;low;low;low;low;low;low;low;low;high;low;low;low;low;high;low;high;low;low;low;low;low;low;low;low;low;low;low;high;low;low;low;low;medium;low;high;low;high;high;low;high;low;high;low;high;low;low;low;low;high;high;low;low;high;low;low;low;low;low;low;low;low;high;low;high
STEW,fbcsp,21,-1,0.22916666666666663,0.5,3256,74,2,low;low;low;low;low;low;low;low;low;low;low;low;low;low;low;low;low;low;low;low;low;low;low;low;low;low;low;low;low;low;low;low;low;low;low;low;low;medium;medium;medium;medium;medium;medium;medium;medium;medium;medium;medium;medium;medium;medium;medium;medium;medium;medium;medium;medium;medium;medium;medium;medium;medium;medium;medium;medium;medium;medium;medium;medium;medium;medium;medium;medium;medium,low;low;low;low;low;low;low;low;low;low;low;low;low;low;high;low;high;low;low;low;low;low;low;low;low;low;low;low;low;low;low;low;low;low;low;low;low;low;low;low;high;high;low;low;high;low;high;high;high;low;high;high;high;high;high;medium;high;low;low;low;high;high;high;low;high;high;high;high;medium;high;low;low;low;low
STEW,fbcsp,22,-1,-0.06766917293233088,0.04054054054054054,3256,74,2,medium;medium;medium;medium;medium;medium;medium;medium;medium;medium;medium;medium;medium;medium;medium;medium;medium;medium;medium;medium;medium;medium;medium;medium;medium;medium;medium;medium;medium;medium;medium;medium;medium;medium;medium;medium;medium;high;high;high;high;high;high;high;high;high;high;high;high;high;high;high;high;high;high;high;high;high;high;high;high;high;high;high;high;high;high;high;high;high;high;high;high;high,low;low;low;high;low;medium;low;low;low;low;low;low;low;low;low;low;low;low;low;low;low;low;low;low;low;low;high;low;low;low;low;low;low;low;low;low;low;low;low;medium;medium;medium;medium;low;low;medium;medium;low;medium;low;medium;low;low;low;low;low;low;medium;low;low;low;low;low;low;low;low;low;low;low;high;low;medium;high;low
STEW,fbcsp,23,-1,0.922077922077922,0.9594594594594594,3256,74,2,low;low;low;low;low;low;low;low;low;low;low;low;low;low;low;low;low;low;low;low;low;low;low;low;low;low;low;low;low;low;low;low;low;low;low;low;low;medium;medium;medium;medium;medium;medium;medium;medium;medium;medium;medium;medium;medium;medium;medium;medium;medium;medium;medium;medium;medium;medium;medium;medium;medium;medium;medium;medium;medium;medium;medium;medium;medium;medium;medium;medium;medium,low;low;low;low;high;low;low;low;low;low;low;low;low;low;low;low;low;low;low;low;low;low;low;low;low;low;low;low;low;low;low;low;high;low;low;low;low;medium;medium;medium;medium;medium;medium;medium;medium;medium;medium;medium;medium;medium;medium;medium;medium;medium;medium;medium;medium;medium;medium;medium;medium;medium;medium;medium;medium;medium;medium;medium;medium;medium;medium;medium;high;medium
STEW,fbcsp,25,-1,0.023809523809523836,0.44594594594594594,3256,74,2,low;low;low;low;low;low;low;low;low;low;low;low;low;low;low;low;low;low;low;low;low;low;low;low;low;low;low;low;low;low;low;low;low;low;low;low;low;medium;medium;medium;medium;medium;medium;medium;medium;medium;medium;medium;medium;medium;medium;medium;medium;medium;medium;medium;medium;medium;medium;medium;medium;medium;medium;medium;medium;medium;medium;medium;medium;medium;medium;medium;medium;medium,low;low;low;low;low;low;low;low;low;high;high;low;low;low;high;low;low;low;low;low;low;low;low;low;high;low;low;low;low;low;low;low;low;low;high;low;low;low;high;high;low;low;low;low;high;high;low;low;low;low;low;low;low;low;low;high;low;low;low;low;low;low;low;low;low;low;low;low;medium;low;low;low;low;low
STEW,fbcsp,26,-1,0.28,0.5135135135135135,3256,74,2,low;low;low;low;low;low;low;low;low;low;low;low;low;low;low;low;low;low;low;low;low;low;low;low;low;low;low;low;low;low;low;low;low;low;low;low;low;high;high;high;high;high;high;high;high;high;high;high;high;high;high;high;high;high;high;high;high;high;high;high;high;high;high;high;high;high;high;high;high;high;high;high;high;high,low;low;low;low;low;low;low;low;low;low;low;low;low;low;low;low;low;low;low;low;high;low;low;low;low;low;low;medium;low;low;low;low;low;medium;low;low;low;medium;medium;high;low;medium;low;low;medium;medium;medium;medium;medium;medium;medium;medium;medium;medium;medium;high;medium;low;medium;low;medium;high;medium;medium;medium;high;medium;medium;low;low;low;medium;medium;low
STEW,fbcsp,27,-1,0.7894736842105263,0.8918918918918919,3256,74,2,low;low;low;low;low;low;low;low;low;low;low;low;low;low;low;low;low;low;low;low;low;low;low;low;low;low;low;low;low;low;low;low;low;low;low;low;low;medium;medium;medium;medium;medium;medium;medium;medium;medium;medium;medium;medium;medium;medium;medium;medium;medium;medium;medium;medium;medium;medium;medium;medium;medium;medium;medium;medium;medium;medium;medium;medium;medium;medium;medium;medium;medium,low;medium;medium;medium;medium;medium;low;low;low;low;low;low;low;high;low;low;low;low;low;low;medium;low;low;low;low;low;low;low;high;low;low;low;low;low;low;low;low;medium;medium;medium;medium;medium;medium;medium;medium;medium;medium;medium;medium;medium;medium;medium;medium;medium;medium;medium;medium;medium;medium;medium;medium;medium;medium;medium;medium;medium;medium;medium;medium;medium;medium;medium;medium;medium
STEW,fbcsp,28,-1,0.45882352941176474,0.6891891891891891,3256,74,2,low;low;low;low;low;low;low;low;low;low;low;low;low;low;low;low;low;low;low;low;low;low;low;low;low;low;low;low;low;low;low;low;low;low;low;low;low;high;high;high;high;high;high;high;high;high;high;high;high;high;high;high;high;high;high;high;high;high;high;high;high;high;high;high;high;high;high;high;high;high;high;high;high;high,high;high;high;low;high;low;low;medium;low;low;low;low;low;low;medium;medium;low;low;low;low;low;low;low;medium;medium;low;low;low;medium;low;low;low;medium;low;low;medium;low;high;high;high;medium;high;high;high;high;high;low;high;high;low;high;low;medium;high;low;high;high;high;high;low;low;high;high;high;high;high;low;medium;high;high;high;high;high;low
STEW,fbcsp,29,-1,0.24528301886792447,0.4594594594594595,3256,74,2,low;low;low;low;low;low;low;low;low;low;low;low;low;low;low;low;low;low;low;low;low;low;low;low;low;low;low;low;low;low;low;low;low;low;low;low;low;medium;medium;medium;medium;medium;medium;medium;medium;medium;medium;medium;medium;medium;medium;medium;medium;medium;medium;medium;medium;medium;medium;medium;medium;medium;medium;medium;medium;medium;medium;medium;medium;medium;medium;medium;medium;medium,low;low;low;low;low;low;low;low;low;low;high;low;low;low;low;low;low;low;low;low;low;low;high;high;high;high;low;low;low;low;low;low;low;low;low;low;low;medium;medium;low;low;low;high;high;high;high;high;high;high;low;high;high;low;high;high;high;low;high;high;low;high;high;high;high;high;high;high;high;high;low;high;high;high;high
STEW,fbcsp,30,-1,0.5263157894736843,0.7567567567567568,3256,74,2,low;low;low;low;low;low;low;low;low;low;low;low;low;low;low;low;low;low;low;low;low;low;low;low;low;low;low;low;low;low;low;low;low;low;low;low;low;high;high;high;high;high;high;high;high;high;high;high;high;high;high;high;high;high;high;high;high;high;high;high;high;high;high;high;high;high;high;high;high;high;high;high;high;high,low;low;high;low;high;low;high;low;low;low;low;low;high;low;low;low;high;low;high;low;high;high;high;high;high;high;low;high;high;low;high;low;low;high;low;low;low;high;high;high;high;high;high;high;high;high;high;medium;high;high;high;high;high;medium;high;high;high;high;high;high;high;high;high;high;high;high;high;high;high;high;high;high;high;high
STEW,fbcsp,31,-1,0.28846153846153844,0.5,3256,74,2,low;low;low;low;low;low;low;low;low;low;low;low;low;low;low;low;low;low;low;low;low;low;low;low;low;low;low;low;low;low;low;low;low;low;low;low;low;medium;medium;medium;medium;medium;medium;medium;medium;medium;medium;medium;medium;medium;medium;medium;medium;medium;medium;medium;medium;medium;medium;medium;medium;medium;medium;medium;medium;medium;medium;medium;medium;medium;medium;medium;medium;medium,low;low;low;low;low;low;low;low;low;low;low;low;low;low;low;high;high;medium;low;low;low;low;low;low;high;low;low;low;low;low;low;low;low;low;low;low;low;high;low;medium;high;high;high;medium;low;high;high;high;high;low;high;high;low;high;high;high;high;high;high;high;low;high;high;high;high;high;low;high;high;medium;high;high;medium;high
STEW,fbcsp,32,-1,0.52,0.7567567567567568,3256,74,2,low;low;low;low;low;low;low;low;low;low;low;low;low;low;low;low;low;low;low;low;low;low;low;low;low;low;low;low;low;low;low;low;low;low;low;low;low;high;high;high;high;high;high;high;high;high;high;high;high;high;high;high;high;high;high;high;high;high;high;high;high;high;high;high;high;high;high;high;high;high;high;high;high;high,low;low;low;low;low;low;high;low;low;low;low;low;low;high;low;low;low;low;low;low;low;low;low;low;low;low;low;low;low;low;high;low;low;low;low;high;high;high;high;high;high;high;high;high;low;high;low;high;high;high;high;high;high;high;high;high;low;low;low;low;high;low;low;high;high;low;high;low;high;high;high;low;medium;low
STEW,fbcsp,33,-1,0.21999999999999997,0.47297297297297297,3256,74,2,low;low;low;low;low;low;low;low;low;low;low;low;low;low;low;low;low;low;low;low;low;low;low;low;low;low;low;low;low;low;low;low;low;low;low;low;low;medium;medium;medium;medium;medium;medium;medium;medium;medium;medium;medium;medium;medium;medium;medium;medium;medium;medium;medium;medium;medium;medium;medium;medium;medium;medium;medium;medium;medium;medium;medium;medium;medium;medium;medium;medium;medium,low;low;low;low;low;low;low;low;low;low;low;low;low;low;low;low;low;low;low;high;low;low;low;low;low;low;low;high;low;low;low;low;low;low;low;low;high;high;low;low;high;high;low;high;low;low;high;high;low;high;low;high;high;high;low;low;high;high;high;high;high;medium;high;high;low;high;high;high;low;low;low;high;high;high
STEW,fbcsp,34,-1,0.22666666666666668,0.6081081081081081,3256,74,2,low;low;low;low;low;low;low;low;low;low;low;low;low;low;low;low;low;low;low;low;low;low;low;low;low;low;low;low;low;low;low;low;low;low;low;low;low;high;high;high;high;high;high;high;high;high;high;high;high;high;high;high;high;high;high;high;high;high;high;high;high;high;high;high;high;high;high;high;high;high;high;high;high;high,low;low;low;low;low;low;low;low;low;low;low;low;low;low;low;low;low;low;high;low;low;low;low;low;low;low;low;low;low;low;low;low;low;low;low;low;low;low;low;low;low;high;high;high;low;low;low;low;low;medium;high;high;low;low;low;low;high;low;high;high;low;high;low;low;low;low;low;low;low;low;low;low;low;low
STEW,fbcsp,35,-1,0.17333333333333334,0.581081081081081,3256,74,2,low;low;low;low;low;low;low;low;low;low;low;low;low;low;low;low;low;low;low;low;low;low;low;low;low;low;low;low;low;low;low;low;low;low;low;low;low;medium;medium;medium;medium;medium;medium;medium;medium;medium;medium;medium;medium;medium;medium;medium;medium;medium;medium;medium;medium;medium;medium;medium;medium;medium;medium;medium;medium;medium;medium;medium;medium;medium;medium;medium;medium;medium,low;low;low;low;low;low;low;low;low;low;low;low;low;low;low;low;low;low;low;high;low;low;low;low;low;low;low;low;low;low;low;low;low;low;low;low;low;low;low;low;low;medium;medium;medium;medium;low;medium;medium;low;low;low;low;low;low;low;low;low;low;low;low;low;low;low;low;medium;low;low;low;low;low;low;low;low;low
STEW,fbcsp,36,-1,0.4222222222222223,0.6486486486486487,3256,74,2,low;low;low;low;low;low;low;low;low;low;low;low;low;low;low;low;low;low;low;low;low;low;low;low;low;low;low;low;low;low;low;low;low;low;low;low;low;high;high;high;high;high;high;high;high;high;high;high;high;high;high;high;high;high;high;high;high;high;high;high;high;high;high;high;high;high;high;high;high;high;high;high;high;high,low;low;high;low;low;low;low;high;medium;low;medium;low;low;low;medium;high;low;high;low;low;medium;low;high;low;low;low;low;high;high;high;high;low;low;medium;low;low;low;medium;high;medium;high;high;high;high;high;high;high;high;high;high;high;medium;high;high;high;high;high;high;high;high;high;medium;medium;medium;medium;high;high;medium;medium;high;medium;high;medium;low
STEW,fbcsp,37,-1,0.11688311688311692,0.5405405405405406,3256,74,2,low;low;low;low;low;low;low;low;low;low;low;low;low;low;low;low;low;low;low;low;low;low;low;low;low;low;low;low;low;low;low;low;low;low;low;low;low;high;high;high;high;high;high;high;high;high;high;high;high;high;high;high;high;high;high;high;high;high;high;high;high;high;high;high;high;high;high;high;high;high;high;high;high;high,low;low;low;low;low;low;low;low;low;low;low;low;low;low;low;low;low;low;low;low;low;low;low;low;low;low;high;low;low;low;low;low;low;low;low;low;low;high;low;low;high;low;low;low;low;low;low;low;low;low;low;low;medium;medium;high;medium;high;low;low;low;low;low;low;low;low;low;low;low;low;low;low;low;low;low
STEW,fbcsp,38,-1,0.4933333333333333,0.7432432432432432,3256,74,2,low;low;low;low;low;low;low;low;low;low;low;low;low;low;low;low;low;low;low;low;low;low;low;low;low;low;low;low;low;low;low;low;low;low;low;low;low;medium;medium;medium;medium;medium;medium;medium;medium;medium;medium;medium;medium;medium;medium;medium;medium;medium;medium;medium;medium;medium;medium;medium;medium;medium;medium;medium;medium;medium;medium;medium;medium;medium;medium;medium;medium;medium,low;low;low;low;medium;low;medium;medium;low;low;low;low;low;low;low;low;medium;medium;low;low;low;low;medium;medium;low;medium;medium;medium;medium;medium;high;medium;medium;medium;medium;medium;medium;medium;medium;medium;medium;medium;medium;medium;medium;medium;medium;medium;medium;medium;medium;medium;medium;medium;medium;medium;medium;medium;medium;medium;medium;medium;medium;medium;medium;medium;medium;medium;medium;medium;medium;medium;medium;medium
STEW,fbcsp,39,-1,0.37209302325581395,0.6351351351351351,3256,74,2,low;low;low;low;low;low;low;low;low;low;low;low;low;low;low;low;low;low;low;low;low;low;low;low;low;low;low;low;low;low;low;low;low;low;low;low;low;high;high;high;high;high;high;high;high;high;high;high;high;high;high;high;high;high;high;high;high;high;high;high;high;high;high;high;high;high;high;high;high;high;high;high;high;high,low;low;low;low;low;low;low;low;medium;low;low;low;low;low;low;low;low;low;low;medium;low;medium;low;high;low;high;high;low;medium;low;low;low;low;low;low;low;low;low;high;high;high;high;low;medium;medium;medium;high;low;medium;low;medium;high;high;low;high;high;low;high;medium;low;high;high;low;high;medium;high;low;high;low;medium;high;low;low;high
STEW,fbcsp,40,-1,-0.26190476190476186,0.28378378378378377,3256,74,2,low;low;low;low;low;low;low;low;low;low;low;low;low;low;low;low;low;low;low;low;low;low;low;low;low;low;low;low;low;low;low;low;low;low;low;low;low;medium;medium;medium;medium;medium;medium;medium;medium;medium;medium;medium;medium;medium;medium;medium;medium;medium;medium;medium;medium;medium;medium;medium;medium;medium;medium;medium;medium;medium;medium;medium;medium;medium;medium;medium;medium;medium,medium;medium;medium;medium;medium;medium;medium;medium;medium;medium;medium;medium;medium;medium;medium;medium;medium;medium;medium;medium;medium;medium;medium;medium;medium;medium;medium;medium;medium;medium;medium;medium;medium;medium;medium;medium;medium;medium;medium;low;medium;medium;medium;medium;high;high;medium;medium;high;medium;medium;medium;medium;high;high;low;high;high;medium;medium;medium;low;low;high;medium;low;medium;medium;high;high;medium;medium;medium;low
STEW,fbcsp,41,-1,-0.2777777777777777,0.06756756756756757,3256,74,2,low;low;low;low;low;low;low;low;low;low;low;low;low;low;low;low;low;low;low;low;low;low;low;low;low;low;low;low;low;low;low;low;low;low;low;low;low;medium;medium;medium;medium;medium;medium;medium;medium;medium;medium;medium;medium;medium;medium;medium;medium;medium;medium;medium;medium;medium;medium;medium;medium;medium;medium;medium;medium;medium;medium;medium;medium;medium;medium;medium;medium;medium,medium;medium;medium;medium;medium;medium;medium;medium;low;low;medium;medium;medium;medium;low;medium;medium;low;medium;medium;medium;medium;medium;medium;medium;medium;medium;medium;medium;medium;low;medium;medium;medium;medium;medium;medium;high;high;high;high;high;high;high;high;high;high;high;high;high;high;high;high;high;high;high;low;high;high;low;high;high;high;high;high;low;high;high;high;high;high;high;high;high
STEW,fbcsp,43,-1,0.36585365853658536,0.6486486486486487,3256,74,2,low;low;low;low;low;low;low;low;low;low;low;low;low;low;low;low;low;low;low;low;low;low;low;low;low;low;low;low;low;low;low;low;low;low;low;low;low;high;high;high;high;high;high;high;high;high;high;high;high;high;high;high;high;high;high;high;high;high;high;high;high;high;high;high;high;high;high;high;high;high;high;high;high;high,low;low;low;high;high;low;low;low;low;high;medium;low;low;low;low;low;low;low;low;low;low;low;low;low;low;low;low;low;low;medium;low;low;low;low;low;low;medium;low;medium;high;high;low;high;high;low;medium;low;low;medium;low;low;low;low;high;low;low;high;high;high;low;low;high;high;high;high;high;medium;medium;high;low;low;high;high;high
STEW,fbcsp,44,-1,0.08235294117647063,0.47297297297297297,3256,74,2,low;low;low;low;low;low;low;low;low;low;low;low;low;low;low;low;low;low;low;low;low;low;low;low;low;low;low;low;low;low;low;low;low;low;low;low;low;high;high;high;high;high;high;high;high;high;high;high;high;high;high;high;high;high;high;high;high;high;high;high;high;high;high;high;high;high;high;high;high;high;high;high;high;high,low;low;low;low;medium;medium;medium;medium;medium;medium;medium;low;low;low;low;low;low;low;low;low;low;low;low;low;low;low;low;low;low;low;low;low;low;low;medium;low;low;low;low;medium;low;low;low;low;low;low;low;high;low;high;low;low;high;low;low;high;low;medium;low;low;low;low;high;low;low;low;high;medium;low;low;low;low;low;low
STEW,fbcsp,45,-1,0.8701298701298701,0.9324324324324325,3256,74,2,low;low;low;low;low;low;low;low;low;low;low;low;low;low;low;low;low;low;low;low;low;low;low;low;low;low;low;low;low;low;low;low;low;low;low;low;low;high;high;high;high;high;high;high;high;high;high;high;high;high;high;high;high;high;high;high;high;high;high;high;high;high;high;high;high;high;high;high;high;high;high;high;high;high,medium;low;low;low;low;low;low;low;low;low;low;low;low;low;low;low;low;low;medium;low;low;low;low;low;low;low;low;low;low;low;low;low;low;low;low;low;low;high;high;low;high;high;high;high;high;high;low;high;high;high;high;high;high;high;high;high;high;high;high;high;high;high;high;high;medium;high;high;high;high;high;high;high;high;high
STEW,fbcsp,46,-1,0.32558139534883723,0.6081081081081081,3256,74,2,low;low;low;low;low;low;low;low;low;low;low;low;low;low;low;low;low;low;low;low;low;low;low;low;low;low;low;low;low;low;low;low;low;low;low;low;low;high;high;high;high;high;high;high;high;high;high;high;high;high;high;high;high;high;high;high;high;high;high;high;high;high;high;high;high;high;high;high;high;high;high;high;high;high,low;low;medium;low;low;low;low;low;low;low;low;low;low;low;low;low;low;low;low;high;low;low;low;high;high;low;low;low;high;low;high;low;low;low;low;low;low;medium;low;medium;medium;low;low;high;high;low;medium;medium;low;high;high;high;medium;high;medium;high;low;medium;medium;high;high;low;medium;high;high;low;medium;low;high;low;low;high;high;low
STEW,fbcsp,47,-1,0.29268292682926833,0.6081081081081081,3256,74,2,low;low;low;low;low;low;low;low;low;low;low;low;low;low;low;low;low;low;low;low;low;low;low;low;low;low;low;low;low;low;low;low;low;low;low;low;low;high;high;high;high;high;high;high;high;high;high;high;high;high;high;high;high;high;high;high;high;high;high;high;high;high;high;high;high;high;high;high;high;high;high;high;high;high,high;low;low;high;low;low;low;low;low;low;high;low;low;low;low;high;high;low;high;low;high;high;high;high;high;high;medium;high;medium;high;medium;high;medium;medium;low;low;high;low;high;high;high;high;high;high;high;high;high;medium;high;high;high;high;high;high;high;high;high;high;high;high;high;medium;high;high;high;high;high;medium;low;high;low;low;high;low
STEW,fbcsp,48,-1,0.7894736842105263,0.8918918918918919,3256,74,2,low;low;low;low;low;low;low;low;low;low;low;low;low;low;low;low;low;low;low;low;low;low;low;low;low;low;low;low;low;low;low;low;low;low;low;low;low;high;high;high;high;high;high;high;high;high;high;high;high;high;high;high;high;high;high;high;high;high;high;high;high;high;high;high;high;high;high;high;high;high;high;high;high;high,high;low;low;low;low;low;high;low;low;low;low;low;low;low;low;low;high;low;low;low;low;low;low;low;low;low;low;low;low;low;low;low;low;low;low;low;low;high;high;high;high;high;high;high;high;high;high;high;high;high;low;high;high;high;high;low;low;high;high;high;high;high;high;high;high;high;high;medium;high;high;high;medium;high;high
STEW,bandpower,1,-1,0.5053763440860215,0.6891891891891891,3256,74,2,low;low;low;low;low;low;low;low;low;low;low;low;low;low;low;low;low;low;low;low;low;low;low;low;low;low;low;low;low;low;low;low;low;low;low;low;low;high;high;high;high;high;high;high;high;high;high;high;high;high;high;high;high;high;high;high;high;high;high;high;high;high;high;high;high;high;high;high;high;high;high;high;high;high,low;low;low;low;low;low;low;low;low;low;low;low;low;low;low;low;low;low;low;low;low;low;low;low;low;low;low;low;low;low;low;low;low;low;low;low;low;high;medium;medium;medium;medium;medium;medium;low;medium;medium;high;medium;medium;low;medium;high;high;medium;high;high;medium;medium;medium;high;medium;medium;medium;high;high;low;high;high;high;medium;high;high;low
STEW,bandpower,2,-1,0.3214285714285714,0.4864864864864865,3256,74,2,low;low;low;low;low;low;low;low;low;low;low;low;low;low;low;low;low;low;low;low;low;low;low;low;low;low;low;low;low;low;low;low;low;low;low;low;low;medium;medium;medium;medium;medium;medium;medium;medium;medium;medium;medium;medium;medium;medium;medium;medium;medium;medium;medium;medium;medium;medium;medium;medium;medium;medium;medium;medium;medium;medium;medium;medium;medium;medium;medium;medium;medium,low;low;low;low;low;low;low;low;high;low;low;low;low;low;low;low;low;low;low;high;low;low;low;low;low;low;low;low;low;low;low;low;low;low;low;low;low;high;high;high;high;high;high;high;high;high;high;high;high;high;high;high;high;high;high;high;high;high;high;high;high;high;high;high;high;high;high;high;high;high;medium;high;high;high
STEW,bandpower,3,-1,0.3902439024390244,0.6621621621621622,3256,74,2,low;low;low;low;low;low;low;low;low;low;low;low;low;low;low;low;low;low;low;low;low;low;low;low;low;low;low;low;low;low;low;low;low;low;low;low;low;medium;medium;medium;medium;medium;medium;medium;medium;medium;medium;medium;medium;medium;medium;medium;medium;medium;medium;medium;medium;medium;medium;medium;medium;medium;medium;medium;medium;medium;medium;medium;medium;medium;medium;medium;medium;medium,low;low;low;low;low;low;low;low;low;medium;medium;high;medium;low;low;low;low;low;low;low;low;low;low;low;low;low;low;low;low;low;low;low;medium;low;low;low;low;medium;high;high;medium;medium;low;high;low;high;low;low;low;low;medium;low;medium;low;low;medium;medium;low;medium;medium;medium;medium;high;medium;medium;low;medium;medium;medium;low;medium;high;low;high
STEW,bandpower,4,-1,0.1568627450980392,0.4189189189189189,3256,74,2,low;low;low;low;low;low;low;low;low;low;low;low;low;low;low;low;low;low;low;low;low;low;low;low;low;low;low;low;low;low;low;low;low;low;low;low;low;medium;medium;medium;medium;medium;medium;medium;medium;medium;medium;medium;medium;medium;medium;medium;medium;medium;medium;medium;medium;medium;medium;medium;medium;medium;medium;medium;medium;medium;medium;medium;medium;medium;medium;medium;medium;medium,low;high;medium;high;low;low;low;low;low;low;low;medium;low;low;low;high;low;low;low;low;low;low;low;low;low;low;low;low;low;low;low;low;high;low;low;low;low;high;high;high;high;high;low;low;low;high;low;high;high;high;low;low;high;high;high;high;high;high;low;high;high;high;high;high;high;low;high;low;low;high;low;low;high;low
STEW,bandpower,6,-1,0.042735042735042694,0.24324324324324326,3256,74,2,medium;medium;medium;medium;medium;medium;medium;medium;medium;medium;medium;medium;medium;medium;medium;medium;medium;medium;medium;medium;medium;medium;medium;medium;medium;medium;medium;medium;medium;medium;medium;medium;medium;medium;medium;medium;medium;high;high;high;high;high;high;high;high;high;high;high;high;high;high;high;high;high;high;high;high;high;high;high;high;high;high;high;high;high;high;high;high;high;high;high;high;high,low;low;low;low;high;high;low;low;low;low;low;low;low;low;low;high;high;high;low;low;low;low;low;low;low;low;low;high;low;high;low;high;high;high;high;high;high;high;high;low;high;high;high;low;high;low;high;low;low;low;high;high;high;high;low;high;low;low;low;high;low;low;high;low;high;low;low;low;low;low;high;low;high;high
STEW,bandpower,7,-1,0.15384615384615385,0.5540540540540541,3256,74,2,low;low;low;low;low;low;low;low;low;low;low;low;low;low;low;low;low;low;low;low;low;low;low;low;low;low;low;low;low;low;low;low;low;low;low;low;low;medium;medium;medium;medium;medium;medium;medium;medium;medium;medium;medium;medium;medium;medium;medium;medium;medium;medium;medium;medium;medium;medium;medium;medium;medium;medium;medium;medium;medium;medium;medium;medium;medium;medium;medium;medium;medium,low;low;low;low;low;low;low;low;low;low;low;low;low;low;low;low;low;low;low;low;low;low;low;low;low;low;low;low;low;low;low;low;low;low;low;low;low;low;high;low;low;low;low;low;high;low;high;low;low;medium;medium;low;low;high;low;low;low;low;low;low;low;low;medium;low;low;low;low;low;low;low;medium;low;low;low
STEW,bandpower,8,-1,0.42168674698795183,0.6756756756756757,3256,74,2,low;low;low;low;low;low;low;low;low;low;low;low;low;low;low;low;low;low;low;low;low;low;low;low;low;low;low;low;low;low;low;low;low;low;low;low;low;high;high;high;high;high;high;high;high;high;high;high;high;high;high;high;high;high;high;high;high;high;high;high;high;high;high;high;high;high;high;high;high;high;high;high;high;high,low;low;low;low;low;low;low;low;low;low;low;low;low;low;low;low;low;low;low;low;low;low;low;low;low;low;low;low;low;low;low;low;high;low;low;low;low;high;low;high;high;low;medium;low;high;low;medium;low;medium;high;low;medium;low;low;medium;medium;medium;high;low;medium;high;low;high;medium;high;high;low;low;high;high;high;low;high;low
STEW,bandpower,9,-1,0.15000000000000002,0.5405405405405406,3256,74,2,low;low;low;low;low;low;low;low;low;low;low;low;low;low;low;low;low;low;low;low;low;low;low;low;low;low;low;low;low;low;low;low;low;low;low;low;low;high;high;high;high;high;high;high;high;high;high;high;high;high;high;high;high;high;high;high;high;high;high;high;high;high;high;high;high;high;high;high;high;high;high;high;high;high,low;low;low;low;low;low;low;low;low;low;low;low;low;low;low;low;low;low;low;low;low;low;low;low;low;low;low;low;low;low;low;low;low;low;low;low;low;low;low;low;high;low;low;high;low;medium;low;medium;low;low;low;low;low;medium;medium;low;low;low;low;medium;low;low;medium;high;low;low;low;low;low;low;low;low;low;low
STEW,bandpower,10,-1,0.26126126126126126,0.44594594594594594,3256,74,2,low;low;low;low;low;low;low;low;low;low;low;low;low;low;low;low;low;low;low;low;low;low;low;low;low;low;low;low;low;low;low;low;low;low;low;low;low;medium;medium;medium;medium;medium;medium;medium;medium;medium;medium;medium;medium;medium;medium;medium;medium;medium;medium;medium;medium;medium;medium;medium;medium;medium;medium;medium;medium;medium;medium;medium;medium;medium;medium;medium;medium;medium,low;low;low;low;high;low;low;low;low;low;high;low;low;low;low;high;low;low;low;low;low;low;low;low;low;high;low;low;low;low;low;low;low;low;low;low;low;high;high;high;high;high;high;high;high;high;high;high;high;high;high;high;low;high;high;high;high;high;high;high;low;low;high;high;high;low;high;high;high;high;high;high;high;high
STEW,bandpower,11,-1,0.09756097560975607,0.5,3256,74,2,low;low;low;low;low;low;low;low;low;low;low;low;low;low;low;low;low;low;low;low;low;low;low;low;low;low;low;low;low;low;low;low;low;low;low;low;low;medium;medium;medium;medium;medium;medium;medium;medium;medium;medium;medium;medium;medium;medium;medium;medium;medium;medium;medium;medium;medium;medium;medium;medium;medium;medium;medium;medium;medium;medium;medium;medium;medium;medium;medium;medium;medium,low;low;low;low;low;low;low;low;low;low;low;low;low;low;low;low;low;low;low;low;low;low;low;low;low;low;low;low;low;high;low;low;low;low;low;low;low;low;high;low;low;high;high;low;high;low;low;low;low;high;low;low;medium;low;low;low;low;low;low;low;low;low;low;low;low;low;low;low;low;low;high;low;low;high
STEW,bandpower,12,-1,0.13978494623655913,0.4594594594594595,3256,74,2,low;low;low;low;low;low;low;low;low;low;low;low;low;low;low;low;low;low;low;low;low;low;low;low;low;low;low;low;low;low;low;low;low;low;low;low;low;medium;medium;medium;medium;medium;medium;medium;medium;medium;medium;medium;medium;medium;medium;medium;medium;medium;medium;medium;medium;medium;medium;medium;medium;medium;medium;medium;medium;medium;medium;medium;medium;medium;medium;medium;medium;medium,low;low;low;low;low;low;low;low;low;low;low;low;low;low;low;medium;low;low;low;low;low;low;low;low;medium;high;low;low;low;low;low;low;low;low;medium;low;low;high;high;high;low;high;low;low;low;high;low;high;low;low;high;low;low;high;high;low;low;low;low;low;low;medium;high;low;low;high;high;high;high;high;high;high;high;low
STEW,bandpower,13,-1,0.5555555555555556,0.7297297297297297,3256,74,2,low;low;low;low;low;low;low;low;low;low;low;low;low;low;low;low;low;low;low;low;low;low;low;low;low;low;low;low;low;low;low;low;low;low;low;low;low;high;high;high;high;high;high;high;high;high;high;high;high;high;high;high;high;high;high;high;high;high;high;high;high;high;high;high;high;high;high;high;high;high;high;high;high;high,medium;low;low;low;medium;medium;low;low;low;low;low;low;low;medium;low;low;low;low;low;low;low;low;low;medium;medium;low;low;low;low;medium;low;medium;medium;low;medium;low;low;medium;high;high;high;high;low;high;high;high;high;high;high;high;medium;high;high;medium;high;high;high;high;high;high;high;low;high;high;high;low;low;high;medium;high;high;high;medium;medium
STEW,bandpower,14,-1,0.43157894736842106,0.6351351351351351,3256,74,2,low;low;low;low;low;low;low;low;low;low;low;low;low;low;low;low;low;low;low;low;low;low;low;low;low;low;low;low;low;low;low;low;low;low;low;low;low;high;high;high;high;high;high;high;high;high;high;high;high;high;high;high;high;high;high;high;high;high;high;high;high;high;high;high;high;high;high;high;high;high;high;high;high;high,medium;medium;medium;medium;medium;high;medium;medium;medium;medium;medium;medium;low;high;high;medium;medium;low;low;low;low;medium;low;low;low;medium;low;medium;high;low;low;low;medium;medium;medium;high;medium;high;high;high;high;high;high;high;high;high;high;high;high;high;high;high;high;high;high;high;high;high;high;high;high;high;high;high;high;high;high;high;high;high;high;medium;low;high
STEW,bandpower,15,-1,-0.015625,0.12162162162162163,3256,74,2,low;low;low;low;low;low;low;low;low;low;low;low;low;low;low;low;low;low;low;low;low;low;low;low;low;low;low;low;low;low;low;low;low;low;low;low;low;medium;medium;medium;medium;medium;medium;medium;medium;medium;medium;medium;medium;medium;medium;medium;medium;medium;medium;medium;medium;medium;medium;medium;medium;medium;medium;medium;medium;medium;medium;medium;medium;medium;medium;medium;medium;medium,high;medium;low;high;high;high;high;high;high;high;high;high;low;low;medium;high;high;high;low;medium;low;low;medium;high;high;high;medium;high;low;medium;high;medium;medium;high;medium;high;low;high;high;low;high;high;high;high;high;medium;high;high;high;high;low;high;high;high;high;high;high;high;high;high;high;high;high;high;high;high;high;high;high;high;high;high;high;high
STEW,bandpower,16,-1,0.2987012987012987,0.6351351351351351,3256,74,2,low;low;low;low;low;low;low;low;low;low;low;low;low;low;low;low;low;low;low;low;low;low;low;low;low;low;low;low;low;low;low;low;low;low;low;low;low;high;high;high;high;high;high;high;high;high;high;high;high;high;high;high;high;high;high;high;high;high;high;high;high;high;high;high;high;high;high;high;high;high;high;high;high;high,low;high;high;low;low;low;low;high;high;high;low;low;low;low;low;low;low;low;high;low;low;low;low;high;low;low;low;low;low;high;high;low;low;low;high;low;low;high;high;high;medium;high;high;low;low;high;low;medium;high;high;high;high;low;low;low;low;high;high;high;high;low;high;low;low;low;low;low;high;high;high;medium;high;high;low
STEW,bandpower,17,-1,0.8133333333333334,0.9054054054054054,3256,74,2,low;low;low;low;low;low;low;low;low;low;low;low;low;low;low;low;low;low;low;low;low;low;low;low;low;low;low;low;low;low;low;low;low;low;low;low;low;high;high;high;high;high;high;high;high;high;high;high;high;high;high;high;high;high;high;high;high;high;high;high;high;high;high;high;high;high;high;high;high;high;high;high;high;high,low;high;low;low;low;low;low;low;low;low;low;low;low;low;low;low;low;low;low;low;low;low;low;low;low;low;low;low;high;low;low;low;low;low;low;low;low;high;high;high;high;high;high;high;high;high;high;high;high;high;high;high;low;low;low;high;high;high;high;high;low;high;high;medium;high;high;high;high;high;high;high;high;high;high
STEW,bandpower,18,-1,0.3142857142857143,0.5135135135135135,3256,74,2,medium;medium;medium;medium;medium;medium;medium;medium;medium;medium;medium;medium;medium;medium;medium;medium;medium;medium;medium;medium;medium;medium;medium;medium;medium;medium;medium;medium;medium;medium;medium;medium;medium;medium;medium;medium;medium;high;high;high;high;high;high;high;high;high;high;high;high;high;high;high;high;high;high;high;high;high;high;high;high;high;high;high;high;high;high;high;high;high;high;high;high;high,high;high;medium;low;low;medium;medium;low;low;low;low;low;low;low;low;low;low;medium;medium;low;low;high;low;low;low;low;low;low;low;low;low;low;high;low;low;low;low;low;high;high;high;high;high;high;low;high;high;high;high;medium;high;high;high;high;high;high;high;high;high;high;high;high;high;high;high;high;high;high;high;high;high;high;high;low
STEW,bandpower,19,-1,0.2857142857142857,0.527027027027027,3256,74,2,low;low;low;low;low;low;low;low;low;low;low;low;low;low;low;low;low;low;low;low;low;low;low;low;low;low;low;low;low;low;low;low;low;low;low;low;low;medium;medium;medium;medium;medium;medium;medium;medium;medium;medium;medium;medium;medium;medium;medium;medium;medium;medium;medium;medium;medium;medium;medium;medium;medium;medium;medium;medium;medium;medium;medium;medium;medium;medium;medium;medium;medium,low;low;low;low;low;low;low;low;low;low;low;low;low;low;low;low;low;low;low;low;low;low;low;low;low;low;low;low;high;high;low;low;low;low;low;low;low;high;high;low;high;high;high;high;low;low;medium;high;high;high;low;high;medium;high;high;medium;low;high;high;high;low;low;high;high;high;medium;low;low;high;high;high;high;low;low
STEW,bandpower,20,-1,0.6923076923076923,0.8378378378378378,3256,74,2,low;low;low;low;low;low;low;low;low;low;low;low;low;low;low;low;low;low;low;low;low;low;low;low;low;low;low;low;low;low;low;low;low;low;low;low;low;high;high;high;high;high;high;high;high;high;high;high;high;high;high;high;high;high;high;high;high;high;high;high;high;high;high;high;high;high;high;high;high;high;high;high;high;high,low;low;high;low;low;low;low;low;low;low;low;low;low;low;low;low;low;low;low;low;low;low;low;high;low;low;low;low;low;low;low;low;high;low;low;low;low;high;high;high;high;high;high;high;high;high;medium;high;low;high;low;high;high;high;high;medium;high;low;low;high;high;medium;high;high;high;high;low;high;medium;high;high;high;high;high
STEW,bandpower,21,-1,0.27450980392156865,0.5,3256,74,2,low;low;low;low;low;low;low;low;low;low;low;low;low;low;low;low;low;low;low;low;low;low;low;low;low;low;low;low;low;low;low;low;low;low;low;low;low;medium;medium;medium;medium;medium;medium;medium;medium;medium;medium;medium;medium;medium;medium;medium;medium;medium;medium;medium;medium;medium;medium;medium;medium;medium;medium;medium;medium;medium;medium;medium;medium;medium;medium;medium;medium;medium,low;low;low;low;low;low;low;low;low;low;low;low;low;low;low;low;low;low;low;low;low;low;low;low;low;low;low;low;low;low;low;low;high;low;low;low;low;high;low;high;high;high;low;high;high;high;high;medium;high;high;high;high;high;low;high;high;low;high;high;low;low;high;high;low;high;low;high;high;high;high;high;low;high;high
STEW,bandpower,22,-1,-0.04615384615384621,0.08108108108108109,3256,74,2,medium;medium;medium;medium;medium;medium;medium;medium;medium;medium;medium;medium;medium;medium;medium;medium;medium;medium;medium;medium;medium;medium;medium;medium;medium;medium;medium;medium;medium;medium;medium;medium;medium;medium;medium;medium;medium;high;high;high;high;high;high;high;high;high;high;high;high;high;high;high;high;high;high;high;high;high;high;high;high;high;high;high;high;high;high;high;high;high;high;high;high;high,low;low;low;low;low;low;low;low;low;low;low;low;low;low;low;low;low;low;low;low;low;low;low;low;low;low;medium;low;low;low;low;low;low;low;low;low;low;low;medium;high;low;medium;medium;medium;medium;low;low;medium;low;low;low;low;low;low;low;medium;low;medium;low;medium;low;high;low;low;high;low;medium;low;medium;high;medium;low;high;low
STEW,bandpower,23,-1,0.9466666666666667,0.972972972972973,3256,74,2,low;low;low;low;low;low;low;low;low;low;low;low;low;low;low;low;low;low;low;low;low;low;low;low;low;low;low;low;low;low;low;low;low;low;low;low;low;medium;medium;medium;medium;medium;medium;medium;medium;medium;medium;medium;medium;medium;medium;medium;medium;medium;medium;medium;medium;medium;medium;medium;medium;medium;medium;medium;medium;medium;medium;medium;medium;medium;medium;medium;medium;medium,low;low;high;low;low;low;low;low;low;low;low;low;low;low;low;low;low;low;low;low;low;low;low;low;low;low;low;low;low;low;low;low;low;low;low;low;low;medium;medium;medium;medium;medium;medium;medium;medium;medium;medium;medium;medium;medium;medium;medium;medium;medium;medium;medium;medium;medium;medium;medium;medium;medium;medium;medium;medium;medium;medium;medium;medium;medium;medium;medium;low;medium
STEW,bandpower,25,-1,0.1428571428571429,0.5540540540540541,3256,74,2,low;low;low;low;low;low;low;low;low;low;low;low;low;low;low;low;low;low;low;low;low;low;low;low;low;low;low;low;low;low;low;low;low;low;low;low;low;medium;medium;medium;medium;medium;medium;medium;medium;medium;medium;medium;medium;medium;medium;medium;medium;medium;medium;medium;medium;medium;medium;medium;medium;medium;medium;medium;medium;medium;medium;medium;medium;medium;medium;medium;medium;medium,low;low;low;low;low;low;low;low;low;low;medium;low;low;low;low;low;low;low;low;low;low;low;low;low;high;low;low;low;low;low;low;low;low;low;low;medium;low;low;low;low;low;low;high;low;high;medium;medium;low;low;low;low;low;low;low;low;medium;low;low;low;medium;low;low;low;low;low;low;medium;low;medium;low;low;medium;low;low
STEW,bandpower,26,-1,0.2421052631578947,0.5135135135135135,3256,74,2,low;low;low;low;low;low;low;low;low;low;low;low;low;low;low;low;low;low;low;low;low;low;low;low;low;low;low;low;low;low;low;low;low;low;low;low;low;high;high;high;high;high;high;high;high;high;high;high;high;high;high;high;high;high;high;high;high;high;high;high;high;high;high;high;high;high;high;high;high;high;high;high;high;high,low;low;low;low;low;low;low;low;low;low;low;low;low;low;low;low;low;low;low;low;low;low;high;low;low;low;low;low;low;low;high;low;low;low;low;low;low;low;medium;low;low;low;low;low;medium;medium;medium;medium;low;medium;medium;medium;medium;high;high;low;medium;low;low;medium;medium;high;medium;medium;low;medium;medium;medium;medium;medium;low;low;medium;medium
STEW,bandpower,27,-1,0.8133333333333334,0.9054054054054054,3256,74,2,low;low;low;low;low;low;low;low;low;low;low;low;low;low;low;low;low;low;low;low;low;low;low;low;low;low;low;low;low;low;low;low;low;low;low;low;low;medium;medium;medium;medium;medium;medium;medium;medium;medium;medium;medium;medium;medium;medium;medium;medium;medium;medium;medium;medium;medium;medium;medium;medium;medium;medium;medium;medium;medium;medium;medium;medium;medium;medium;medium;medium;medium,medium;low;medium;medium;medium;medium;low;low;low;low;low;low;low;high;low;low;low;low;medium;low;low;low;low;low;low;low;low;low;low;low;low;low;low;low;low;low;low;medium;medium;medium;medium;medium;medium;medium;medium;medium;medium;medium;medium;medium;medium;medium;medium;medium;medium;medium;medium;medium;medium;medium;medium;medium;medium;medium;medium;medium;medium;medium;medium;medium;medium;medium;medium;medium
STEW,bandpower,28,-1,0.5949367088607596,0.7837837837837838,3256,74,2,low;low;low;low;low;low;low;low;low;low;low;low;low;low;low;low;low;low;low;low;low;low;low;low;low;low;low;low;low;low;low;low;low;low;low;low;low;high;high;high;high;high;high;high;high;high;high;high;high;high;high;high;high;high;high;high;high;high;high;high;high;high;high;high;high;high;high;high;high;high;high;high;high;high,low;low;medium;low;low;low;low;low;high;low;low;low;high;low;low;medium;low;low;low;low;low;low;low;low;medium;low;high;low;low;low;low;low;low;low;low;low;low;high;high;high;high;high;high;high;high;low;low;high;high;high;high;high;high;high;low;medium;high;high;high;high;low;high;high;high;high;high;low;low;high;high;high;low;medium;low
STEW,bandpower,29,-1,0.2777777777777778,0.47297297297297297,3256,74,2,low;low;low;low;low;low;low;low;low;low;low;low;low;low;low;low;low;low;low;low;low;low;low;low;low;low;low;low;low;low;low;low;low;low;low;low;low;medium;medium;medium;medium;medium;medium;medium;medium;medium;medium;medium;medium;medium;medium;medium;medium;medium;medium;medium;medium;medium;medium;medium;medium;medium;medium;medium;medium;medium;medium;medium;medium;medium;medium;medium;medium;medium,low;low;low;low;low;low;low;low;low;low;low;low;low;low;low;low;low;low;low;low;low;low;low;low;low;high;low;low;low;low;low;low;low;low;low;low;high;low;low;high;high;high;high;high;high;high;high;high;high;low;high;low;high;high;high;high;high;high;high;high;high;high;high;high;high;high;high;high;high;high;high;low;high;high
STEW,bandpower,30,-1,0.7105263157894737,0.8513513513513513,3256,74,2,low;low;low;low;low;low;low;low;low;low;low;low;low;low;low;low;low;low;low;low;low;low;low;low;low;low;low;low;low;low;low;low;low;low;low;low;low;high;high;high;high;high;high;high;high;high;high;high;high;high;high;high;high;high;high;high;high;high;high;high;high;high;high;high;high;high;high;high;high;high;high;high;high;high,low;low;low;low;low;low;low;low;low;low;low;low;low;low;low;high;high;low;high;low;high;low;high;high;low;low;high;high;high;low;low;low;low;low;low;low;low;high;high;high;high;high;high;high;high;high;high;high;high;high;high;high;high;medium;high;high;high;high;high;high;high;high;high;high;high;high;high;high;high;high;high;high;high;medium
STEW,bandpower,31,-1,0.4639175257731959,0.6486486486486487,3256,74,2,low;low;low;low;low;low;low;low;low;low;low;low;low;low;low;low;low;low;low;low;low;low;low;low;low;low;low;low;low;low;low;low;low;low;low;low;low;medium;medium;medium;medium;medium;medium;medium;medium;medium;medium;medium;medium;medium;medium;medium;medium;medium;medium;medium;medium;medium;medium;medium;medium;medium;medium;medium;medium;medium;medium;medium;medium;medium;medium;medium;medium;medium,low;low;low;low;low;low;low;low;low;low;low;low;low;low;low;low;high;low;low;low;low;low;low;low;low;low;low;low;low;low;low;low;low;low;low;low;low;high;high;medium;high;high;high;medium;medium;high;medium;high;high;medium;high;high;low;medium;high;high;medium;high;high;high;low;high;medium;high;medium;medium;low;medium;high;high;high;high;medium;high
STEW,bandpower,32,-1,0.48051948051948057,0.7297297297297297,3256,74,2,low;low;low;low;low;low;low;low;low;low;low;low;low;low;low;low;low;low;low;low;low;low;low;low;low;low;low;low;low;low;low;low;low;low;low;low;low;high;high;high;high;high;high;high;high;high;high;high;high;high;high;high;high;high;high;high;high;high;high;high;high;high;high;high;high;high;high;high;high;high;high;high;high;high,low;low;low;high;low;low;high;low;low;high;low;high;low;high;high;low;low;low;low;low;low;low;low;low;low;low;low;low;low;low;low;high;low;low;low;low;low;high;high;high;high;high;low;high;low;high;high;high;high;low;high;medium;high;high;high;high;low;high;low;low;high;low;low;high;high;high;high;low;high;high;high;medium;medium;low
STEW,bandpower,33,-1,0.35416666666666663,0.581081081081081,3256,74,2,low;low;low;low;low;low;low;low;low;low;low;low;low;low;low;low;low;low;low;low;low;low;low;low;low;low;low;low;low;low;low;low;low;low;low;low;low;medium;medium;medium;medium;medium;medium;medium;medium;medium;medium;medium;medium;medium;medium;medium;medium;medium;medium;medium;medium;medium;medium;medium;medium;medium;medium;medium;medium;medium;medium;medium;medium;medium;medium;medium;medium;medium,low;low;low;low;low;low;low;low;low;low;low;low;low;low;low;low;low;low;low;low;low;low;low;low;low;low;low;low;low;low;low;low;low;low;low;low;low;high;high;low;high;high;medium;low;low;low;high;high;high;high;high;low;medium;high;low;low;medium;high;medium;high;low;medium;high;high;medium;high;high;high;high;low;high;high;high;high
STEW,bandpower,34,-1,0.06493506493506496,0.5135135135135135,3256,74,2,low;low;low;low;low;low;low;low;low;low;low;low;low;low;low;low;low;low;low;low;low;low;low;low;low;low;low;low;low;low;low;low;low;low;low;low;low;high;high;high;high;high;high;high;high;high;high;high;high;high;high;high;high;high;high;high;high;high;high;high;high;high;high;high;high;high;high;high;high;high;high;high;high;high,low;low;low;low;low;low;low;low;low;low;low;low;low;low;low;low;low;low;high;low;low;low;low;low;low;low;low;low;low;low;low;low;low;low;medium;low;low;low;low;high;low;low;low;low;low;low;low;low;low;low;low;high;high;low;low;low;low;low;low;low;low;low;medium;low;low;low;low;low;low;low;medium;low;low;low
STEW,bandpower,35,-1,0.16883116883116878,0.5675675675675675,3256,74,2,low;low;low;low;low;low;low;low;low;low;low;low;low;low;low;low;low;low;low;low;low;low;low;low;low;low;low;low;low;low;low;low;low;low;low;low;low;medium;medium;medium;medium;medium;medium;medium;medium;medium;medium;medium;medium;medium;medium;medium;medium;medium;medium;medium;medium;medium;medium;medium;medium;medium;medium;medium;medium;medium;medium;medium;medium;medium;medium;medium;medium;medium,low;low;low;low;low;low;low;low;low;low;low;low;low;low;low;low;low;low;low;high;low;low;low;low;low;low;low;low;low;low;low;low;low;low;low;low;low;low;low;low;medium;medium;medium;medium;medium;low;low;low;low;low;low;low;low;high;low;low;low;low;low;low;low;low;low;low;low;low;low;low;low;low;low;medium;high;low
STEW,bandpower,36,-1,0.2857142857142857,0.5945945945945946,3256,74,2,low;low;low;low;low;low;low;low;low;low;low;low;low;low;low;low;low;low;low;low;low;low;low;low;low;low;low;low;low;low;low;low;low;low;low;low;low;high;high;high;high;high;high;high;high;high;high;high;high;high;high;high;high;high;high;high;high;high;high;high;high;high;high;high;high;high;high;high;high;high;high;high;high;high,low;low;high;low;high;low;low;high;high;high;high;low;low;low;high;high;high;high;low;high;high;low;high;medium;high;low;high;high;high;high;high;low;medium;high;low;low;medium;high;high;high;high;high;high;high;high;high;high;high;medium;high;high;medium;medium;high;high;high;high;high;high;high;high;medium;medium;medium;high;high;high;high;high;medium;high;high;high;high
STEW,bandpower,37,-1,-0.0862068965517242,0.14864864864864866,3256,74,2,low;low;low;low;low;low;low;low;low;low;low;low;low;low;low;low;low;low;low;low;low;low;low;low;low;low;low;low;low;low;low;low;low;low;low;low;low;high;high;high;high;high;high;high;high;high;high;high;high;high;high;high;high;high;high;high;high;high;high;high;high;high;high;high;high;high;high;high;high;high;high;high;high;high,low;medium;low;low;medium;medium;medium;high;low;low;high;medium;medium;medium;medium;medium;medium;medium;medium;medium;medium;medium;medium;medium;medium;medium;medium;medium;medium;high;medium;medium;medium;medium;medium;medium;medium;low;high;low;low;low;medium;low;low;low;medium;low;low;medium;low;low;low;medium;high;medium;high;high;high;low;low;medium;medium;high;medium;medium;medium;low;medium;low;low;medium;medium;low
STEW,bandpower,38,-1,0.3783783783783784,0.6891891891891891,3256,74,2,low;low;low;low;low;low;low;low;low;low;low;low;low;low;low;low;low;low;low;low;low;low;low;low;low;low;low;low;low;low;low;low;low;low;low;low;low;medium;medium;medium;medium;medium;medium;medium;medium;medium;medium;medium;medium;medium;medium;medium;medium;medium;medium;medium;medium;medium;medium;medium;medium;medium;medium;medium;medium;medium;medium;medium;medium;medium;medium;medium;medium;medium,medium;medium;medium;low;medium;low;medium;medium;low;low;low;medium;low;low;medium;low;medium;medium;medium;low;medium;medium;low;medium;low;low;medium;low;medium;medium;medium;medium;medium;medium;medium;medium;low;medium;medium;medium;medium;medium;medium;medium;medium;medium;medium;medium;medium;medium;medium;medium;medium;medium;medium;medium;medium;medium;medium;medium;medium;medium;medium;medium;medium;medium;medium;medium;medium;medium;medium;medium;medium;medium
STEW,bandpower,39,-1,0.26190476190476186,0.581081081081081,3256,74,2,low;low;low;low;low;low;low;low;low;low;low;low;low;low;low;low;low;low;low;low;low;low;low;low;low;low;low;low;low;low;low;low;low;low;low;low;low;high;high;high;high;high;high;high;high;high;high;high;high;high;high;high;high;high;high;high;high;high;high;high;high;high;high;high;high;high;high;high;high;high;high;high;high;high,low;low;low;low;low;low;low;low;high;low;low;low;medium;low;low;low;low;low;low;low;low;low;medium;low;low;low;low;high;low;low;low;high;low;low;low;low;low;low;medium;high;medium;low;low;low;low;medium;medium;low;medium;low;medium;low;high;medium;low;high;low;high;high;low;high;low;high;high;low;low;low;low;low;medium;high;high;low;high
STEW,bandpower,40,-1,0.18918918918918914,0.5945945945945946,3256,74,2,low;low;low;low;low;low;low;low;low;low;low;low;low;low;low;low;low;low;low;low;low;low;low;low;low;low;low;low;low;low;low;low;low;low;low;low;low;medium;medium;medium;medium;medium;medium;medium;medium;medium;medium;medium;medium;medium;medium;medium;medium;medium;medium;medium;medium;medium;medium;medium;medium;medium;medium;medium;medium;medium;medium;medium;medium;medium;medium;medium;medium;medium,medium;medium;medium;low;medium;medium;medium;low;medium;low;medium;medium;medium;low;medium;medium;low;medium;medium;low;medium;medium;medium;medium;medium;medium;medium;medium;medium;low;low;medium;medium;low;low;low;medium;medium;medium;medium;medium;medium;medium;medium;medium;medium;medium;medium;medium;low;medium;medium;medium;low;medium;medium;medium;medium;medium;low;medium;medium;medium;medium;medium;medium;low;medium;medium;medium;medium;medium;medium;medium
STEW,bandpower,41,-1,-0.2075471698113207,0.13513513513513514,3256,74,2,low;low;low;low;low;low;low;low;low;low;low;low;low;low;low;low;low;low;low;low;low;low;low;low;low;low;low;low;low;low;low;low;low;low;low;low;low;medium;medium;medium;medium;medium;medium;medium;medium;medium;medium;medium;medium;medium;medium;medium;medium;medium;medium;medium;medium;medium;medium;medium;medium;medium;medium;medium;medium;medium;medium;medium;medium;medium;medium;medium;medium;medium,medium;medium;medium;medium;medium;medium;medium;medium;low;medium;medium;low;medium;low;medium;low;low;medium;medium;medium;medium;medium;medium;medium;medium;medium;low;medium;medium;medium;low;medium;medium;medium;medium;medium;medium;low;high;high;high;high;high;high;high;high;high;high;medium;medium;high;high;high;high;high;high;high;high;medium;high;high;high;high;high;high;high;high;high;high;high;high;high;high;low
STEW,bandpower,43,-1,0.17647058823529416,0.43243243243243246,3256,74,2,low;low;low;low;low;low;low;low;low;low;low;low;low;low;low;low;low;low;low;low;low;low;low;low;low;low;low;low;low;low;low;low;low;low;low;low;low;high;high;high;high;high;high;high;high;high;high;high;high;high;high;high;high;high;high;high;high;high;high;high;high;high;high;high;high;high;high;high;high;high;high;high;high;high,low;low;low;medium;low;medium;low;low;low;low;low;low;low;low;medium;low;low;low;low;low;low;low;low;low;low;medium;low;low;low;medium;low;low;low;low;low;low;low;medium;medium;medium;medium;low;medium;medium;medium;medium;medium;low;medium;low;medium;low;medium;low;medium;low;medium;medium;low;low;low;low;low;medium;medium;medium;medium;medium;low;low;medium;medium;medium;low
STEW,bandpower,44,-1,0.18000000000000005,0.44594594594594594,3256,74,2,low;low;low;low;low;low;low;low;low;low;low;low;low;low;low;low;low;low;low;low;low;low;low;low;low;low;low;low;low;low;low;low;low;low;low;low;low;high;high;high;high;high;high;high;high;high;high;high;high;high;high;high;high;high;high;high;high;high;high;high;high;high;high;high;high;high;high;high;high;high;high;high;high;high,low;low;low;low;low;low;medium;low;low;medium;medium;low;low;low;low;low;low;low;low;low;low;low;low;low;low;low;low;low;low;low;low;low;low;low;medium;high;low;medium;medium;medium;low;medium;medium;low;low;low;low;medium;medium;low;low;medium;medium;medium;low;medium;low;medium;low;medium;low;medium;medium;low;low;low;high;medium;medium;medium;medium;medium;medium;medium
STEW,bandpower,45,-1,0.9459459459459459,0.972972972972973,3256,74,2,low;low;low;low;low;low;low;low;low;low;low;low;low;low;low;low;low;low;low;low;low;low;low;low;low;low;low;low;low;low;low;low;low;low;low;low;low;high;high;high;high;high;high;high;high;high;high;high;high;high;high;high;high;high;high;high;high;high;high;high;high;high;high;high;high;high;high;high;high;high;high;high;high;high,low;low;low;low;low;low;low;low;low;low;low;low;low;low;low;low;low;low;low;low;low;low;low;low;low;low;low;low;low;low;low;low;low;low;low;low;low;high;high;high;high;high;high;low;high;high;high;high;high;high;high;high;high;high;high;high;high;high;high;high;high;high;high;high;high;high;high;high;high;high;high;high;low;high
STEW,bandpower,46,-1,0.4022988505747126,0.6486486486486487,3256,74,2,low;low;low;low;low;low;low;low;low;low;low;low;low;low;low;low;low;low;low;low;low;low;low;low;low;low;low;low;low;low;low;low;low;low;low;low;low;high;high;high;high;high;high;high;high;high;high;high;high;high;high;high;high;high;high;high;high;high;high;high;high;high;high;high;high;high;high;high;high;high;high;high;high;high,low;low;high;low;low;low;low;low;low;low;low;low;low;low;low;low;low;low;low;low;low;low;low;high;low;low;low;low;high;high;medium;high;low;low;low;low;low;medium;low;medium;high;high;high;high;high;low;high;high;medium;high;high;medium;high;medium;high;medium;low;medium;medium;high;high;high;high;high;high;low;medium;low;medium;low;medium;low;medium;low
STEW,bandpower,47,-1,0.1089108910891089,0.3918918918918919,3256,74,2,low;low;low;low;low;low;low;low;low;low;low;low;low;low;low;low;low;low;low;low;low;low;low;low;low;low;low;low;low;low;low;low;low;low;low;low;low;high;high;high;high;high;high;high;high;high;high;high;high;high;high;high;high;high;high;high;high;high;high;high;high;high;high;high;high;high;high;high;high;high;high;high;high;high,medium;medium;low;high;medium;low;medium;medium;medium;medium;medium;low;medium;medium;high;low;medium;low;medium;low;medium;high;medium;low;medium;medium;low;high;high;high;high;high;high;low;high;high;medium;low;high;high;high;high;medium;low;high;medium;medium;low;medium;low;high;high;low;medium;high;high;high;high;high;medium;high;high;high;high;medium;high;high;medium;high;high;low;low;medium;medium
STEW,bandpower,48,-1,0.641025641025641,0.8108108108108109,3256,74,2,low;low;low;low;low;low;low;low;low;low;low;low;low;low;low;low;low;low;low;low;low;low;low;low;low;low;low;low;low;low;low;low;low;low;low;low;low;high;high;high;high;high;high;high;high;high;high;high;high;high;high;high;high;high;high;high;high;high;high;high;high;high;high;high;high;high;high;high;high;high;high;high;high;high,medium;medium;low;low;low;low;low;low;low;low;low;low;low;low;low;low;low;low;low;low;low;low;low;low;low;low;low;low;low;low;low;low;low;low;low;low;low;low;high;high;high;high;medium;high;low;high;high;high;high;low;low;high;high;high;low;low;low;high;high;high;high;high;medium;high;high;high;low;high;low;high;high;low;high;high
STEW,ccb,1,0,0.13580246913580252,0.527027027027027,3256,74,2,low;low;low;low;low;low;low;low;low;low;low;low;low;low;low;low;low;low;low;low;low;low;low;low;low;low;low;low;low;low;low;low;low;low;low;low;low;high;high;high;high;high;high;high;high;high;high;high;high;high;high;high;high;high;high;high;high;high;high;high;high;high;high;high;high;high;high;high;high;high;high;high;high;high,low;low;high;low;low;low;low;low;low;low;low;low;low;high;low;high;high;high;high;low;low;low;high;high;high;high;high;low;low;low;low;high;high;low;high;low;low;low;medium;medium;low;high;medium;low;low;high;medium;high;low;medium;high;low;high;high;high;low;low;low;high;low;low;high;high;medium;high;high;high;medium;high;low;high;high;low;low
STEW,ccb,2,0,0.24731182795698925,0.527027027027027,3256,74,2,low;low;low;low;low;low;low;low;low;low;low;low;low;low;low;low;low;low;low;low;low;low;low;low;low;low;low;low;low;low;low;low;low;low;low;low;low;medium;medium;medium;medium;medium;medium;medium;medium;medium;medium;medium;medium;medium;medium;medium;medium;medium;medium;medium;medium;medium;medium;medium;medium;medium;medium;medium;medium;medium;medium;medium;medium;medium;medium;medium;medium;medium,low;low;low;low;low;low;low;low;low;low;low;low;low;low;low;low;low;low;low;low;high;low;low;low;low;low;low;low;low;low;low;low;low;low;low;low;high;high;high;low;low;low;low;low;high;high;low;low;high;low;high;low;medium;high;high;high;high;medium;low;low;low;medium;high;low;high;high;high;high;high;low;medium;low;high;low
STEW,ccb,3,0,0.1568627450980392,0.4189189189189189,3256,74,2,low;low;low;low;low;low;low;low;low;low;low;low;low;low;low;low;low;low;low;low;low;low;low;low;low;low;low;low;low;low;low;low;low;low;low;low;low;medium;medium;medium;medium;medium;medium;medium;medium;medium;medium;medium;medium;medium;medium;medium;medium;medium;medium;medium;medium;medium;medium;medium;medium;medium;medium;medium;medium;medium;medium;medium;medium;medium;medium;medium;medium;medium,low;low;low;low;high;low;low;medium;low;medium;high;medium;high;high;low;low;low;high;medium;medium;low;low;low;low;low;low;medium;low;low;low;low;high;high;medium;medium;low;low;low;medium;medium;medium;low;medium;high;medium;high;high;high;low;high;medium;high;high;high;high;high;medium;high;high;low;medium;medium;high;high;high;low;high;low;high;low;high;high;high;high
STEW,ccb,4,0,0.20792079207920788,0.4594594594594595,3256,74,2,low;low;low;low;low;low;low;low;low;low;low;low;low;low;low;low;low;low;low;low;low;low;low;low;low;low;low;low;low;low;low;low;low;low;low;low;low;medium;medium;medium;medium;medium;medium;medium;medium;medium;medium;medium;medium;medium;medium;medium;medium;medium;medium;medium;medium;medium;medium;medium;medium;medium;medium;medium;medium;medium;medium;medium;medium;medium;medium;medium;medium;medium,low;low;low;low;low;low;low;low;high;high;low;low;low;low;low;low;low;low;low;low;low;low;low;low;low;low;low;low;low;low;low;high;low;low;low;low;low;high;high;low;low;low;high;high;high;high;high;high;high;high;high;high;high;high;high;high;high;high;low;high;low;low;high;low;high;high;low;low;high;low;low;low;low;high
STEW,ccb,6,0,0.18095238095238098,0.4189189189189189,3256,74,2,medium;medium;medium;medium;medium;medium;medium;medium;medium;medium;medium;medium;medium;medium;medium;medium;medium;medium;medium;medium;medium;medium;medium;medium;medium;medium;medium;medium;medium;medium;medium;medium;medium;medium;medium;medium;medium;high;high;high;high;high;high;high;high;high;high;high;high;high;high;high;high;high;high;high;high;high;high;high;high;high;high;high;high;high;high;high;high;high;high;high;high;high,high;low;low;low;high;high;low;low;low;high;low;low;low;low;low;high;low;high;high;low;low;low;low;low;low;low;low;low;high;high;low;high;high;low;low;high;low;high;high;high;high;high;high;high;high;high;high;low;low;low;high;high;high;low;high;high;high;high;low;high;high;low;high;high;high;high;high;high;high;high;high;high;high;high
STEW,ccb,7,0,0.11688311688311692,0.5405405405405406,3256,74,2,low;low;low;low;low;low;low;low;low;low;low;low;low;low;low;low;low;low;low;low;low;low;low;low;low;low;low;low;low;low;low;low;low;low;low;low;low;medium;medium;medium;medium;medium;medium;medium;medium;medium;medium;medium;medium;medium;medium;medium;medium;medium;medium;medium;medium;medium;medium;medium;medium;medium;medium;medium;medium;medium;medium;medium;medium;medium;medium;medium;medium;medium,low;low;low;low;low;low;low;low;low;low;low;low;low;low;low;low;low;low;low;low;low;low;low;low;low;low;low;low;low;low;low;low;low;low;low;low;low;low;high;low;low;low;low;low;low;low;low;low;high;low;low;low;low;high;low;low;low;low;low;low;low;low;low;low;low;low;low;low;low;low;medium;medium;low;medium
STEW,ccb,8,0,0.4473684210526315,0.7162162162162162,3256,74,2,low;low;low;low;low;low;low;low;low;low;low;low;low;low;low;low;low;low;low;low;low;low;low;low;low;low;low;low;low;low;low;low;low;low;low;low;low;high;high;high;high;high;high;high;high;high;high;high;high;high;high;high;high;high;high;high;high;high;high;high;high;high;high;high;high;high;high;high;high;high;high;high;high;high,low;low;low;low;low;low;low;low;high;low;low;low;low;low;low;low;low;low;low;low;low;medium;low;low;low;low;low;low;low;low;low;low;high;low;high;low;low;high;low;high;high;low;low;high;low;high;low;low;medium;high;high;high;low;low;high;high;high;high;low;low;high;low;high;low;high;high;low;low;high;high;high;low;high;low
STEW,ccb,9,0,0.09302325581395354,0.47297297297297297,3256,74,2,low;low;low;low;low;low;low;low;low;low;low;low;low;low;low;low;low;low;low;low;low;low;low;low;low;low;low;low;low;low;low;low;low;low;low;low;low;high;high;high;high;high;high;high;high;high;high;high;high;high;high;high;high;high;high;high;high;high;high;high;high;high;high;high;high;high;high;high;high;high;high;high;high;high,low;low;low;low;low;low;low;low;low;low;low;low;low;low;low;low;low;low;medium;low;low;medium;low;low;medium;medium;low;low;low;low;low;low;low;medium;low;low;low;low;medium;low;medium;low;low;medium;low;low;low;low;low;low;low;low;low;medium;low;low;high;low;low;low;low;low;low;medium;low;high;low;medium;low;low;high;medium;low;low
STEW,ccb,10,0,0.17757009345794394,0.40540540540540543,3256,74,2,low;low;low;low;low;low;low;low;low;low;low;low;low;low;low;low;low;low;low;low;low;low;low;low;low;low;low;low;low;low;low;low;low;low;low;low;low;medium;medium;medium;medium;medium;medium;medium;medium;medium;medium;medium;medium;medium;medium;medium;medium;medium;medium;medium;medium;medium;medium;medium;medium;medium;medium;medium;medium;medium;medium;medium;medium;medium;medium;medium;medium;medium,low;low;low;low;low;low;high;low;low;low;low;low;high;low;low;low;low;low;high;low;low;low;low;low;low;low;low;high;high;high;low;low;high;low;low;low;low;high;high;low;high;high;high;high;high;high;high;low;high;high;high;low;high;high;low;high;high;high;low;high;low;high;high;high;low;high;high;low;low;high;high;low;high;low
STEW,ccb,11,0,-0.09090909090909083,0.43243243243243246,3256,74,2,low;low;low;low;low;low;low;low;low;low;low;low;low;low;low;low;low;low;low;low;low;low;low;low;low;low;low;low;low;low;low;low;low;low;low;low;low;medium;medium;medium;medium;medium;medium;medium;medium;medium;medium;medium;medium;medium;medium;medium;medium;medium;medium;medium;medium;medium;medium;medium;medium;medium;medium;medium;medium;medium;medium;medium;medium;medium;medium;medium;medium;medium,low;low;low;low;low;low;low;medium;low;low;low;low;low;low;low;low;low;low;low;high;low;low;medium;low;low;medium;low;low;low;high;low;low;low;low;low;low;low;low;low;low;low;low;low;low;high;low;low;low;low;low;low;low;low;low;low;low;low;low;low;low;low;low;low;low;low;low;low;low;low;low;low;low;low;low
STEW,ccb,12,0,0.276595744680851,0.5405405405405406,3256,74,2,low;low;low;low;low;low;low;low;low;low;low;low;low;low;low;low;low;low;low;low;low;low;low;low;low;low;low;low;low;low;low;low;low;low;low;low;low;medium;medium;medium;medium;medium;medium;medium;medium;medium;medium;medium;medium;medium;medium;medium;medium;medium;medium;medium;medium;medium;medium;medium;medium;medium;medium;medium;medium;medium;medium;medium;medium;medium;medium;medium;medium;medium,low;low;low;low;low;low;low;low;low;low;low;low;low;low;low;low;low;low;low;low;low;low;low;low;high;low;low;low;low;low;low;low;low;low;low;low;low;high;high;low;high;low;low;low;high;high;low;medium;high;high;medium;low;high;low;high;high;low;low;low;medium;low;medium;high;high;low;high;high;high;low;high;high;high;high;low
STEW,ccb,13,0,0.5844155844155844,0.7837837837837838,3256,74,2,low;low;low;low;low;low;low;low;low;low;low;low;low;low;low;low;low;low;low;low;low;low;low;low;low;low;low;low;low;low;low;low;low;low;low;low;low;high;high;high;high;high;high;high;high;high;high;high;high;high;high;high;high;high;high;high;high;high;high;high;high;high;high;high;high;high;high;high;high;high;high;high;high;high,low;low;low;low;low;low;low;low;low;low;low;low;low;low;low;low;low;low;low;low;low;low;low;low;low;low;low;low;low;low;low;low;low;low;low;low;low;low;high;low;low;low;high;high;high;high;high;high;high;high;low;high;high;low;low;high;high;low;high;low;low;low;high;high;high;high;medium;low;medium;high;high;low;high;medium
STEW,ccb,14,0,0.05128205128205132,0.5,3256,74,2,low;low;low;low;low;low;low;low;low;low;low;low;low;low;low;low;low;low;low;low;low;low;low;low;low;low;low;low;low;low;low;low;low;low;low;low;low;high;high;high;high;high;high;high;high;high;high;high;high;high;high;high;high;high;high;high;high;high;high;high;high;high;high;high;high;high;high;high;high;high;high;high;high;high,medium;high;medium;high;high;medium;high;high;high;high;high;medium;high;high;high;low;high;high;high;high;high;high;high;high;high;low;high;high;high;high;high;high;high;high;high;high;high;high;high;high;high;high;high;high;high;high;low;high;high;high;high;high;high;high;high;high;high;high;high;high;low;high;high;high;high;high;high;high;high;high;high;high;high;high
STEW,ccb,15,0,-0.040000000000000036,0.47297297297297297,3256,74,2,low;low;low;low;low;low;low;low;low;low;low;low;low;low;low;low;low;low;low;low;low;low;low;low;low;low;low;low;low;low;low;low;low;low;low;low;low;medium;medium;medium;medium;medium;medium;medium;medium;medium;medium;medium;medium;medium;medium;medium;medium;medium;medium;medium;medium;medium;medium;medium;medium;medium;medium;medium;medium;medium;medium;medium;medium;medium;medium;medium;medium;medium,low;low;low;low;low;low;low;low;low;low;low;low;low;low;low;low;low;low;low;low;low;low;low;low;low;low;low;low;low;low;low;medium;medium;low;low;low;low;low;low;low;low;low;low;low;low;low;low;low;high;low;low;low;low;low;low;low;low;low;low;low;low;low;low;low;low;low;low;low;low;low;low;low;low;low
STEW,ccb,16,0,0.33333333333333337,0.6486486486486487,3256,74,2,low;low;low;low;low;low;low;low;low;low;low;low;low;low;low;low;low;low;low;low;low;low;low;low;low;low;low;low;low;low;low;low;low;low;low;low;low;high;high;high;high;high;high;high;high;high;high;high;high;high;high;high;high;high;high;high;high;high;high;high;high;high;high;high;high;high;high;high;high;high;high;high;high;high,low;low;low;low;low;low;low;low;high;low;low;low;low;low;low;low;low;low;low;low;low;low;low;low;low;low;low;low;low;low;low;low;low;low;low;low;low;high;high;high;low;low;low;low;low;high;low;medium;high;high;medium;high;high;low;low;low;high;medium;low;high;low;low;low;low;low;medium;low;high;low;low;low;low;high;low
STEW,ccb,17,0,0.3783783783783784,0.6891891891891891,3256,74,2,low;low;low;low;low;low;low;low;low;low;low;low;low;low;low;low;low;low;low;low;low;low;low;low;low;low;low;low;low;low;low;low;low;low;low;low;low;high;high;high;high;high;high;high;high;high;high;high;high;high;high;high;high;high;high;high;high;high;high;high;high;high;high;high;high;high;high;high;high;high;high;high;high;high,high;low;low;low;high;low;low;low;low;low;low;low;high;low;low;low;low;low;low;low;low;low;low;low;low;low;low;high;high;low;low;low;high;low;low;low;low;high;high;low;low;low;low;low;high;low;high;high;low;low;high;low;high;high;high;low;high;low;high;low;high;low;high;low;high;low;high;high;low;low;high;high;high;high
STEW,ccb,18,0,0.2678571428571429,0.44594594594594594,3256,74,2,medium;medium;medium;medium;medium;medium;medium;medium;medium;medium;medium;medium;medium;medium;medium;medium;medium;medium;medium;medium;medium;medium;medium;medium;medium;medium;medium;medium;medium;medium;medium;medium;medium;medium;medium;medium;medium;high;high;high;high;high;high;high;high;high;high;high;high;high;high;high;high;high;high;high;high;high;high;high;high;high;high;high;high;high;high;high;high;high;high;high;high;high,high;high;low;medium;low;medium;medium;low;low;medium;low;medium;low;low;low;low;medium;low;medium;low;low;high;low;low;low;low;low;low;low;low;low;low;low;low;low;low;low;low;high;high;high;low;high;high;low;high;high;high;high;high;high;high;high;high;high;high;high;high;high;low;high;high;low;low;high;low;high;low;high;high;low;low;high;low
STEW,ccb,19,0,0.012987012987012991,0.4864864864864865,3256,74,2,low;low;low;low;low;low;low;low;low;low;low;low;low;low;low;low;low;low;low;low;low;low;low;low;low;low;low;low;low;low;low;low;low;low;low;low;low;medium;medium;medium;medium;medium;medium;medium;medium;medium;medium;medium;medium;medium;medium;medium;medium;medium;medium;medium;medium;medium;medium;medium;medium;medium;medium;medium;medium;medium;medium;medium;medium;medium;medium;medium;medium;medium,low;low;low;low;low;low;low;low;low;low;low;low;low;low;low;low;low;low;low;low;low;low;low;low;low;low;low;low;low;medium;low;low;low;low;low;low;low;high;low;low;low;low;low;low;low;low;low;high;low;low;low;low;low;low;low;low;low;low;low;low;low;low;low;low;low;low;low;low;high;low;low;low;low;low
STEW,ccb,20,0,0.7333333333333334,0.8648648648648649,3256,74,2,low;low;low;low;low;low;low;low;low;low;low;low;low;low;low;low;low;low;low;low;low;low;low;low;low;low;low;low;low;low;low;low;low;low;low;low;low;high;high;high;high;high;high;high;high;high;high;high;high;high;high;high;high;high;high;high;high;high;high;high;high;high;high;high;high;high;high;high;high;high;high;high;high;high,low;low;high;high;high;low;low;low;low;low;high;low;low;low;low;low;low;low;low;low;low;low;low;high;low;low;low;low;low;low;low;low;high;low;low;low;low;high;high;high;high;high;high;low;high;high;high;high;low;high;high;high;high;high;high;high;high;high;low;high;high;high;high;high;high;high;medium;high;high;high;high;high;high;high
STEW,ccb,21,0,0.19047619047619047,0.5405405405405406,3256,74,2,low;low;low;low;low;low;low;low;low;low;low;low;low;low;low;low;low;low;low;low;low;low;low;low;low;low;low;low;low;low;low;low;low;low;low;low;low;medium;medium;medium;medium;medium;medium;medium;medium;medium;medium;medium;medium;medium;medium;medium;medium;medium;medium;medium;medium;medium;medium;medium;medium;medium;medium;medium;medium;medium;medium;medium;medium;medium;medium;medium;medium;medium,low;low;low;low;low;low;low;low;low;low;low;low;low;low;low;low;low;low;low;low;low;low;low;low;low;low;low;low;low;low;low;low;low;low;low;low;low;medium;low;low;high;high;low;low;high;low;low;low;high;high;high;low;low;low;low;medium;low;low;low;low;low;low;low;low;low;low;high;low;high;high;high;low;medium;low
STEW,ccb,22,0,-0.014285714285714235,0.04054054054054054,3256,74,2,medium;medium;medium;medium;medium;medium;medium;medium;medium;medium;medium;medium;medium;medium;medium;medium;medium;medium;medium;medium;medium;medium;medium;medium;medium;medium;medium;medium;medium;medium;medium;medium;medium;medium;medium;medium;medium;high;high;high;high;high;high;high;high;high;high;high;high;high;high;high;high;high;high;high;high;high;high;high;high;high;high;high;high;high;high;high;high;high;high;high;high;high,low;low;low;low;high;low;low;low;low;low;low;low;low;low;high;low;low;high;low;low;low;low;low;low;low;low;high;low;low;low;low;low;low;low;low;low;low;low;low;low;low;high;low;low;low;low;low;low;low;low;low;low;high;low;low;low;low;low;low;low;low;low;low;low;low;low;low;low;medium;high;low;low;low;low
STEW,ccb,23,0,0.8918918918918919,0.9459459459459459,3256,74,2,low;low;low;low;low;low;low;low;low;low;low;low;low;low;low;low;low;low;low;low;low;low;low;low;low;low;low;low;low;low;low;low;low;low;low;low;low;medium;medium;medium;medium;medium;medium;medium;medium;medium;medium;medium;medium;medium;medium;medium;medium;medium;medium;medium;medium;medium;medium;medium;medium;medium;medium;medium;medium;medium;medium;medium;medium;medium;medium;medium;medium;medium,low;low;low;low;low;low;low;low;low;low;low;low;low;low;low;low;low;low;low;low;low;low;low;low;low;low;low;low;low;low;low;low;low;low;low;low;low;medium;low;medium;medium;medium;low;medium;medium;medium;medium;medium;medium;medium;medium;medium;medium;medium;medium;medium;medium;medium;medium;medium;medium;medium;medium;medium;medium;medium;medium;medium;medium;low;medium;medium;low;medium
STEW,ccb,25,0,0.07894736842105265,0.527027027027027,3256,74,2,low;low;low;low;low;low;low;low;low;low;low;low;low;low;low;low;low;low;low;low;low;low;low;low;low;low;low;low;low;low;low;low;low;low;low;low;low;medium;medium;medium;medium;medium;medium;medium;medium;medium;medium;medium;medium;medium;medium;medium;medium;medium;medium;medium;medium;medium;medium;medium;medium;medium;medium;medium;medium;medium;medium;medium;medium;medium;medium;medium;medium;medium,low;low;low;low;low;low;low;low;low;low;low;low;low;low;low;low;medium;low;low;low;low;low;low;low;medium;low;low;low;low;low;low;low;low;low;low;low;low;low;low;low;low;low;low;low;medium;low;low;low;low;low;low;low;low;low;low;high;low;low;low;medium;high;low;low;low;low;low;medium;low;medium;low;low;low;low;low
STEW,ccb,26,0,0.012987012987012991,0.4864864864864865,3256,74,2,low;low;low;low;low;low;low;low;low;low;low;low;low;low;low;low;low;low;low;low;low;low;low;low;low;low;low;low;low;low;low;low;low;low;low;low;low;high;high;high;high;high;high;high;high;high;high;high;high;high;high;high;high;high;high;high;high;high;high;high;high;high;high;high;high;high;high;high;high;high;high;high;high;high,low;low;low;low;low;low;low;low;low;low;low;low;low;low;low;low;low;low;low;low;low;low;low;low;high;low;low;low;low;low;low;low;low;low;low;low;low;low;low;low;low;low;low;medium;low;low;low;low;low;low;low;low;low;low;low;low;low;low;low;medium;low;low;low;low;low;low;low;medium;low;low;low;low;low;low
STEW,ccb,27,0,0.6578947368421053,0.8243243243243243,3256,74,2,low;low;low;low;low;low;low;low;low;low;low;low;low;low;low;low;low;low;low;low;low;low;low;low;low;low;low;low;low;low;low;low;low;low;low;low;low;medium;medium;medium;medium;medium;medium;medium;medium;medium;medium;medium;medium;medium;medium;medium;medium;medium;medium;medium;medium;medium;medium;medium;medium;medium;medium;medium;medium;medium;medium;medium;medium;medium;medium;medium;medium;medium,low;low;medium;medium;medium;low;low;low;medium;low;low;low;low;medium;low;low;low;low;low;low;low;low;low;low;low;low;low;low;high;low;low;low;low;low;low;low;low;high;medium;medium;medium;medium;medium;medium;medium;medium;low;medium;medium;medium;medium;low;medium;medium;low;low;medium;medium;medium;medium;low;medium;medium;medium;medium;medium;medium;medium;medium;low;medium;medium;medium;medium
STEW,ccb,28,0,0.1578947368421053,0.5675675675675675,3256,74,2,low;low;low;low;low;low;low;low;low;low;low;low;low;low;low;low;low;low;low;low;low;low;low;low;low;low;low;low;low;low;low;low;low;low;low;low;low;high;high;high;high;high;high;high;high;high;high;high;high;high;high;high;high;high;high;high;high;high;high;high;high;high;high;high;high;high;high;high;high;high;high;high;high;high,low;high;low;low;low;low;low;low;low;low;low;low;low;low;high;low;low;low;low;low;low;low;low;high;high;low;medium;low;low;high;high;high;medium;low;low;low;low;low;high;high;low;low;low;low;low;low;low;high;high;low;high;low;low;low;low;low;high;low;low;low;low;high;high;high;high;low;low;high;low;low;high;high;high;low
STEW,ccb,29,0,0.16666666666666663,0.4594594594594595,3256,74,2,low;low;low;low;low;low;low;low;low;low;low;low;low;low;low;low;low;low;low;low;low;low;low;low;low;low;low;low;low;low;low;low;low;low;low;low;low;medium;medium;medium;medium;medium;medium;medium;medium;medium;medium;medium;medium;medium;medium;medium;medium;medium;medium;medium;medium;medium;medium;medium;medium;medium;medium;medium;medium;medium;medium;medium;medium;medium;medium;medium;medium;medium,low;low;low;low;low;low;low;low;low;low;high;high;low;low;low;low;low;low;low;low;low;low;high;low;low;high;low;low;low;low;low;high;low;low;low;low;low;high;low;low;low;low;medium;high;low;low;low;low;low;low;high;low;low;high;low;high;high;low;low;low;high;high;high;low;high;high;high;low;high;high;high;high;medium;high
STEW,ccb,30,0,0.31034482758620685,0.5945945945945946,3256,74,2,low;low;low;low;low;low;low;low;low;low;low;low;low;low;low;low;low;low;low;low;low;low;low;low;low;low;low;low;low;low;low;low;low;low;low;low;low;high;high;high;high;high;high;high;high;high;high;high;high;high;high;high;high;high;high;high;high;high;high;high;high;high;high;high;high;high;high;high;high;high;high;high;high;high,low;low;high;low;high;low;low;low;high;low;low;low;low;low;low;low;high;high;high;low;high;low;high;high;high;high;high;high;low;high;low;low;low;low;low;low;low;high;high;high;medium;high;medium;high;high;low;medium;high;medium;high;high;low;medium;medium;high;high;high;medium;medium;high;low;high;medium;medium;high;high;high;medium;high;high;medium;high;high;medium
STEW,ccb,31,0,0.14942528735632188,0.5,3256,74,2,low;low;low;low;low;low;low;low;low;low;low;low;low;low;low;low;low;low;low;low;low;low;low;low;low;low;low;low;low;low;low;low;low;low;low;low;low;medium;medium;medium;medium;medium;medium;medium;medium;medium;medium;medium;medium;medium;medium;medium;medium;medium;medium;medium;medium;medium;medium;medium;medium;medium;medium;medium;medium;medium;medium;medium;medium;medium;medium;medium;medium;medium,low;low;low;low;low;low;low;low;low;low;low;low;low;low;low;low;high;low;low;low;low;low;low;low;low;low;low;low;low;low;low;low;low;low;low;low;low;low;high;low;high;low;high;low;low;low;low;high;high;low;low;low;low;high;low;low;low;low;high;high;low;high;high;low;high;low;low;low;medium;low;low;high;low;low
STEW,ccb,32,0,0.39473684210526316,0.6891891891891891,3256,74,2,low;low;low;low;low;low;low;low;low;low;low;low;low;low;low;low;low;low;low;low;low;low;low;low;low;low;low;low;low;low;low;low;low;low;low;low;low;high;high;high;high;high;high;high;high;high;high;high;high;high;high;high;high;high;high;high;high;high;high;high;high;high;high;high;high;high;high;high;high;high;high;high;high;high,low;low;low;high;low;low;low;low;low;high;low;high;low;high;low;low;low;high;low;low;low;low;low;low;high;low;low;low;low;low;low;low;high;low;low;low;high;high;low;high;high;high;medium;high;high;low;high;low;high;high;high;low;low;low;high;high;low;high;high;high;low;high;low;low;high;high;high;low;high;low;high;high;medium;low
STEW,ccb,33,0,0.30612244897959184,0.5405405405405406,3256,74,2,low;low;low;low;low;low;low;low;low;low;low;low;low;low;low;low;low;low;low;low;low;low;low;low;low;low;low;low;low;low;low;low;low;low;low;low;low;medium;medium;medium;medium;medium;medium;medium;medium;medium;medium;medium;medium;medium;medium;medium;medium;medium;medium;medium;medium;medium;medium;medium;medium;medium;medium;medium;medium;medium;medium;medium;medium;medium;medium;medium;medium;medium,low;medium;low;low;low;low;low;low;low;low;low;low;low;low;low;low;low;low;low;low;low;low;low;low;low;low;low;low;low;low;low;low;low;low;low;low;high;high;high;high;high;high;low;low;high;low;high;high;high;high;high;high;high;high;high;high;medium;high;low;low;high;medium;high;medium;high;high;medium;low;low;low;low;high;medium;high
STEW,ccb,34,0,0.02631578947368418,0.5,3256,74,2,low;low;low;low;low;low;low;low;low;low;low;low;low;low;low;low;low;low;low;low;low;low;low;low;low;low;low;low;low;low;low;low;low;low;low;low;low;high;high;high;high;high;high;high;high;high;high;high;high;high;high;high;high;high;high;high;high;high;high;high;high;high;high;high;high;high;high;high;high;high;high;high;high;high,low;low;low;low;low;low;low;low;low;low;low;low;low;low;low;low;low;low;high;low;low;low;low;low;low;low;low;low;low;low;low;low;high;low;medium;low;low;low;low;high;low;low;low;high;low;low;low;low;low;low;low;low;high;low;low;low;low;low;low;low;low;low;low;low;low;low;low;low;low;low;medium;low;low;low
STEW,ccb,35,0,0.09333333333333338,0.5405405405405406,3256,74,2,low;low;low;low;low;low;low;low;low;low;low;low;low;low;low;low;low;low;low;low;low;low;low;low;low;low;low;low;low;low;low;low;low;low;low;low;low;medium;medium;medium;medium;medium;medium;medium;medium;medium;medium;medium;medium;medium;medium;medium;medium;medium;medium;medium;medium;medium;medium;medium;medium;medium;medium;medium;medium;medium;medium;medium;medium;medium;medium;medium;medium;medium,low;low;low;low;low;low;low;low;low;low;low;low;low;low;low;low;low;low;low;high;low;low;low;low;low;low;low;low;low;low;low;low;low;low;low;low;low;low;low;low;low;medium;medium;medium;medium;low;low;low;low;low;low;low;low;low;low;low;low;low;low;low;low;low;low;low;low;low;low;low;low;low;low;low;low;low
STEW,ccb,36,0,0.6,0.7837837837837838,3256,74,2,low;low;low;low;low;low;low;low;low;low;low;low;low;low;low;low;low;low;low;low;low;low;low;low;low;low;low;low;low;low;low;low;low;low;low;low;low;high;high;high;high;high;high;high;high;high;high;high;high;high;high;high;high;high;high;high;high;high;high;high;high;high;high;high;high;high;high;high;high;high;high;high;high;high,low;low;low;low;low;low;low;high;low;high;medium;low;low;low;low;low;low;low;low;low;high;low;high;low;low;low;low;high;high;low;high;low;medium;high;low;low;low;high;high;medium;high;high;high;high;high;high;high;high;high;high;high;high;high;high;high;high;high;high;high;high;high;high;low;low;high;medium;high;medium;medium;high;high;high;high;high
STEW,ccb,37,0,-0.22935779816513757,0.0945945945945946,3256,74,2,low;low;low;low;low;low;low;low;low;low;low;low;low;low;low;low;low;low;low;low;low;low;low;low;low;low;low;low;low;low;low;low;low;low;low;low;low;high;high;high;high;high;high;high;high;high;high;high;high;high;high;high;high;high;high;high;high;high;high;high;high;high;high;high;high;high;high;high;high;high;high;high;high;high,low;medium;low;medium;medium;medium;medium;medium;medium;low;low;medium;medium;medium;medium;medium;medium;medium;medium;medium;medium;medium;medium;medium;medium;medium;medium;medium;low;medium;medium;medium;low;medium;medium;medium;medium;low;medium;low;low;low;low;low;low;low;low;low;low;low;low;low;low;low;high;medium;low;low;medium;low;low;low;low;medium;low;low;low;low;low;low;low;low;low;low
STEW,ccb,38,0,0.7297297297297297,0.8648648648648649,3256,74,2,low;low;low;low;low;low;low;low;low;low;low;low;low;low;low;low;low;low;low;low;low;low;low;low;low;low;low;low;low;low;low;low;low;low;low;low;low;medium;medium;medium;medium;medium;medium;medium;medium;medium;medium;medium;medium;medium;medium;medium;medium;medium;medium;medium;medium;medium;medium;medium;medium;medium;medium;medium;medium;medium;medium;medium;medium;medium;medium;medium;medium;medium,low;low;low;low;medium;low;low;low;low;low;low;low;low;low;low;low;low;low;low;low;low;medium;low;medium;low;low;low;low;low;medium;medium;low;medium;medium;medium;medium;low;medium;medium;medium;medium;medium;medium;medium;medium;medium;medium;medium;medium;medium;medium;medium;medium;medium;medium;medium;medium;medium;medium;medium;low;medium;medium;medium;medium;medium;medium;medium;medium;medium;medium;medium;medium;medium
STEW,ccb,39,0,0.5324675324675325,0.7567567567567568,3256,74,2,low;low;low;low;low;low;low;low;low;low;low;low;low;low;low;low;low;low;low;low;low;low;low;low;low;low;low;low;low;low;low;low;low;low;low;low;low;high;high;high;high;high;high;high;high;high;high;high;high;high;high;high;high;high;high;high;high;high;high;high;high;high;high;high;high;high;high;high;high;high;high;high;high;high,low;low;low;high;low;low;low;low;low;low;low;low;low;low;low;low;low;low;low;high;low;high;low;low;low;low;low;low;low;low;low;high;low;low;low;low;low;high;high;high;low;low;high;high;high;medium;high;high;medium;low;high;high;high;high;high;high;high;high;high;low;high;low;high;high;low;high;low;low;low;medium;high;low;low;high
STEW,ccb,40,0,0.1578947368421053,0.5675675675675675,3256,74,2,low;low;low;low;low;low;low;low;low;low;low;low;low;low;low;low;low;low;low;low;low;low;low;low;low;low;low;low;low;low;low;low;low;low;low;low;low;medium;medium;medium;medium;medium;medium;medium;medium;medium;medium;medium;medium;medium;medium;medium;medium;medium;medium;medium;medium;medium;medium;medium;medium;medium;medium;medium;medium;medium;medium;medium;medium;medium;medium;medium;medium;medium,low;low;low;low;low;low;low;low;low;low;low;low;low;low;medium;medium;low;low;low;low;low;low;low;low;low;low;low;low;low;low;medium;low;low;low;low;low;low;low;medium;medium;low;low;low;low;low;low;low;high;low;low;low;low;low;low;medium;low;low;high;low;low;low;medium;low;low;medium;low;medium;medium;low;low;low;medium;low;low
STEW,ccb,41,0,-0.4639175257731958,0.04054054054054054,3256,74,2,low;low;low;low;low;low;low;low;low;low;low;low;low;low;low;low;low;low;low;low;low;low;low;low;low;low;low;low;low;low;low;low;low;low;low;low;low;medium;medium;medium;medium;medium;medium;medium;medium;medium;medium;medium;medium;medium;medium;medium;medium;medium;medium;medium;medium;medium;medium;medium;medium;medium;medium;medium;medium;medium;medium;medium;medium;medium;medium;medium;medium;medium,medium;medium;medium;medium;medium;medium;medium;medium;medium;medium;medium;medium;medium;medium;medium;medium;medium;medium;medium;medium;medium;medium;medium;medium;medium;medium;medium;medium;medium;medium;low;medium;medium;medium;medium;medium;medium;high;low;high;high;high;high;low;medium;low;high;high;medium;low;high;high;high;high;high;high;low;low;high;high;low;high;high;high;low;low;high;high;low;high;low;high;high;low
STEW,ccb,43,0,0.05747126436781613,0.44594594594594594,3256,74,2,low;low;low;low;low;low;low;low;low;low;low;low;low;low;low;low;low;low;low;low;low;low;low;low;low;low;low;low;low;low;low;low;low;low;low;low;low;high;high;high;high;high;high;high;high;high;high;high;high;high;high;high;high;high;high;high;high;high;high;high;high;high;high;high;high;high;high;high;high;high;high;high;high;high,low;low;low;medium;low;medium;low;low;low;high;low;low;low;low;medium;low;low;medium;low;low;low;low;low;low;low;low;low;high;low;low;low;low;low;low;low;low;low;low;low;low;medium;low;medium;low;low;low;low;low;medium;low;medium;low;medium;high;low;medium;low;high;low;low;low;low;low;medium;low;low;low;medium;low;low;medium;low;low;low
STEW,ccb,44,0,0.16190476190476188,0.40540540540540543,3256,74,2,low;low;low;low;low;low;low;low;low;low;low;low;low;low;low;low;low;low;low;low;low;low;low;low;low;low;low;low;low;low;low;low;low;low;low;low;low;high;high;high;high;high;high;high;high;high;high;high;high;high;high;high;high;high;high;high;high;high;high;high;high;high;high;high;high;high;high;high;high;high;high;high;high;high,low;low;low;low;low;medium;medium;medium;medium;medium;medium;low;low;low;low;low;low;low;low;low;medium;low;low;low;low;low;low;low;low;low;low;low;low;low;medium;low;low;medium;medium;medium;medium;medium;medium;low;low;low;low;medium;medium;medium;low;medium;medium;low;low;medium;low;medium;medium;medium;low;medium;medium;low;low;low;high;medium;medium;medium;medium;medium;medium;low
STEW,ccb,45,0,0.972972972972973,0.9864864864864865,3256,74,2,low;low;low;low;low;low;low;low;low;low;low;low;low;low;low;low;low;low;low;low;low;low;low;low;low;low;low;low;low;low;low;low;low;low;low;low;low;high;high;high;high;high;high;high;high;high;high;high;high;high;high;high;high;high;high;high;high;high;high;high;high;high;high;high;high;high;high;high;high;high;high;high;high;high,low;low;low;low;low;low;low;low;low;low;low;low;low;low;low;low;low;low;low;low;low;low;low;low;low;low;low;low;low;low;low;low;low;low;low;low;low;high;high;high;high;high;high;high;high;high;high;high;high;high;high;high;high;high;high;high;high;high;high;high;high;high;high;high;high;high;high;high;high;high;high;high;low;high
STEW,ccb,46,0,0.2272727272727273,0.5405405405405406,3256,74,2,low;low;low;low;low;low;low;low;low;low;low;low;low;low;low;low;low;low;low;low;low;low;low;low;low;low;low;low;low;low;low;low;low;low;low;low;low;high;high;high;high;high;high;high;high;high;high;high;high;high;high;high;high;high;high;high;high;high;high;high;high;high;high;high;high;high;high;high;high;high;high;high;high;high,low;low;low;low;low;low;low;low;low;low;low;low;low;low;low;medium;low;low;low;low;low;low;low;medium;high;high;low;low;high;medium;medium;low;low;low;low;low;low;medium;low;high;medium;medium;low;high;high;high;low;high;low;medium;low;high;low;medium;low;high;low;medium;low;low;high;high;medium;medium;low;low;medium;low;low;low;medium;high;low;low
STEW,ccb,47,0,0.32432432432432434,0.6621621621621622,3256,74,2,low;low;low;low;low;low;low;low;low;low;low;low;low;low;low;low;low;low;low;low;low;low;low;low;low;low;low;low;low;low;low;low;low;low;low;low;low;high;high;high;high;high;high;high;high;high;high;high;high;high;high;high;high;high;high;high;high;high;high;high;high;high;high;high;high;high;high;high;high;high;high;high;high;high,low;high;low;high;high;high;high;low;low;high;low;low;high;low;high;low;low;high;low;low;low;low;low;low;low;low;low;low;low;high;high;low;high;low;low;low;high;high;low;high;high;low;high;low;high;high;high;low;high;high;high;high;low;high;low;high;high;low;high;high;low;low;high;high;high;high;high;high;low;low;high;high;high;low
STEW,ccb,48,0,0.4545454545454546,0.7162162162162162,3256,74,2,low;low;low;low;low;low;low;low;low;low;low;low;low;low;low;low;low;low;low;low;low;low;low;low;low;low;low;low;low;low;low;low;low;low;low;low;low;high;high;high;high;high;high;high;high;high;high;high;high;high;high;high;high;high;high;high;high;high;high;high;high;high;high;high;high;high;high;high;high;high;high;high;high;high,low;low;low;low;low;low;low;low;low;low;low;low;low;low;low;low;low;low;low;low;low;low;low;low;low;low;low;low;low;low;high;low;low;low;low;low;low;medium;high;high;low;medium;low;high;low;medium;low;low;high;high;low;high;high;high;low;low;low;low;low;high;low;high;low;high;high;high;high;low;low;high;high;low;high;low
STEW,ccb,1,1,0.3827160493827161,0.6621621621621622,3256,74,2,low;low;low;low;low;low;low;low;low;low;low;low;low;low;low;low;low;low;low;low;low;low;low;low;low;low;low;low;low;low;low;low;low;low;low;low;low;high;high;high;high;high;high;high;high;high;high;high;high;high;high;high;high;high;high;high;high;high;high;high;high;high;high;high;high;high;high;high;high;high;high;high;high;high,low;low;low;low;low;low;medium;low;low;low;low;low;low;low;low;low;low;low;low;low;low;low;low;low;low;low;low;low;low;low;low;low;low;low;low;low;low;high;high;high;medium;high;low;low;low;high;medium;medium;medium;low;low;high;low;low;high;low;low;low;high;low;high;high;high;medium;low;high;low;medium;low;high;low;low;low;low
STEW,ccb,2,1,0.3137254901960784,0.527027027027027,3256,74,2,low;low;low;low;low;low;low;low;low;low;low;low;low;low;low;low;low;low;low;low;low;low;low;low;low;low;low;low;low;low;low;low;low;low;low;low;low;medium;medium;medium;medium;medium;medium;medium;medium;medium;medium;medium;medium;medium;medium;medium;medium;medium;medium;medium;medium;medium;medium;medium;medium;medium;medium;medium;medium;medium;medium;medium;medium;medium;medium;medium;medium;medium,low;low;low;low;low;low;low;low;low;low;low;low;low;low;low;low;low;low;low;medium;low;low;low;low;low;low;low;low;low;low;low;low;low;low;low;low;low;high;high;medium;low;high;high;high;medium;high;high;medium;low;high;low;high;low;high;high;high;high;high;high;high;high;high;low;low;high;high;high;high;high;high;high;high;high;high
STEW,ccb,3,1,0.14583333333333337,0.44594594594594594,3256,74,2,low;low;low;low;low;low;low;low;low;low;low;low;low;low;low;low;low;low;low;low;low;low;low;low;low;low;low;low;low;low;low;low;low;low;low;low;low;medium;medium;medium;medium;medium;medium;medium;medium;medium;medium;medium;medium;medium;medium;medium;medium;medium;medium;medium;medium;medium;medium;medium;medium;medium;medium;medium;medium;medium;medium;medium;medium;medium;medium;medium;medium;medium,low;low;low;high;high;low;low;high;low;low;low;low;low;low;low;low;low;low;low;low;low;low;low;low;low;low;low;low;low;low;low;low;low;high;low;low;low;high;high;high;low;high;high;high;low;low;low;low;low;low;low;low;low;low;high;high;high;low;high;low;high;high;high;high;low;low;high;low;low;low;high;high;low;high
STEW,ccb,4,1,0.0736842105263158,0.40540540540540543,3256,74,2,low;low;low;low;low;low;low;low;low;low;low;low;low;low;low;low;low;low;low;low;low;low;low;low;low;low;low;low;low;low;low;low;low;low;low;low;low;medium;medium;medium;medium;medium;medium;medium;medium;medium;medium;medium;medium;medium;medium;medium;medium;medium;medium;medium;medium;medium;medium;medium;medium;medium;medium;medium;medium;medium;medium;medium;medium;medium;medium;medium;medium;medium,low;medium;low;low;high;low;low;high;low;high;low;low;low;low;low;high;low;low;low;low;low;low;low;low;low;low;low;low;low;low;low;low;high;low;low;high;low;low;high;high;low;high;low;high;low;low;low;low;high;low;low;high;high;low;low;low;low;high;low;high;high;high;high;low;low;low;low;high;low;low;low;low;high;high
STEW,ccb,6,1,0.07547169811320753,0.33783783783783783,3256,74,2,medium;medium;medium;medium;medium;medium;medium;medium;medium;medium;medium;medium;medium;medium;medium;medium;medium;medium;medium;medium;medium;medium;medium;medium;medium;medium;medium;medium;medium;medium;medium;medium;medium;medium;medium;medium;medium;high;high;high;high;high;high;high;high;high;high;high;high;high;high;high;high;high;high;high;high;high;high;high;high;high;high;high;high;high;high;high;high;high;high;high;high;high,low;low;low;low;low;low;low;low;low;high;low;high;low;high;low;high;high;high;low;high;low;low;low;high;low;low;high;high;high;high;low;high;high;high;high;low;high;high;high;high;low;high;high;low;high;high;low;high;low;low;high;high;high;high;low;high;low;low;low;high;high;low;high;high;high;high;low;high;high;high;high;high;low;high
STEW,ccb,7,1,0.0,0.4594594594594595,3256,74,2,low;low;low;low;low;low;low;low;low;low;low;low;low;low;low;low;low;low;low;low;low;low;low;low;low;low;low;low;low;low;low;low;low;low;low;low;low;medium;medium;medium;medium;medium;medium;medium;medium;medium;medium;medium;medium;medium;medium;medium;medium;medium;medium;medium;medium;medium;medium;medium;medium;medium;medium;medium;medium;medium;medium;medium;medium;medium;medium;medium;medium;medium,low;low;high;low;low;low;low;low;low;low;low;low;low;low;low;low;low;low;low;low;high;low;low;low;low;low;low;low;low;low;high;low;high;low;low;high;low;low;low;low;low;low;low;low;low;low;low;low;low;low;low;low;high;medium;low;low;low;low;low;low;low;low;medium;low;low;low;low;low;low;low;low;low;low;low
STEW,ccb,8,1,0.654320987654321,0.8108108108108109,3256,74,2,low;low;low;low;low;low;low;low;low;low;low;low;low;low;low;low;low;low;low;low;low;low;low;low;low;low;low;low;low;low;low;low;low;low;low;low;low;high;high;high;high;high;high;high;high;high;high;high;high;high;high;high;high;high;high;high;high;high;high;high;high;high;high;high;high;high;high;high;high;high;high;high;high;high,low;low;low;low;low;low;low;low;high;low;low;low;low;low;low;low;low;low;low;low;low;low;low;low;low;low;low;low;low;low;low;low;low;low;low;low;low;high;low;high;high;medium;medium;high;high;high;high;medium;high;high;high;high;medium;low;high;high;high;high;high;low;medium;medium;high;high;low;high;low;high;high;high;high;medium;high;low
STEW,ccb,9,1,0.11340206185567014,0.4189189189189189,3256,74,2,low;low;low;low;low;low;low;low;low;low;low;low;low;low;low;low;low;low;low;low;low;low;low;low;low;low;low;low;low;low;low;low;low;low;low;low;low;high;high;high;high;high;high;high;high;high;high;high;high;high;high;high;high;high;high;high;high;high;high;high;high;high;high;high;high;high;high;high;high;high;high;high;high;high,medium;low;medium;medium;medium;low;low;low;low;high;low;medium;low;medium;low;low;low;medium;low;low;low;low;medium;medium;low;low;medium;low;low;low;medium;low;low;low;low;low;low;low;medium;low;high;medium;high;high;low;medium;low;low;high;low;medium;medium;low;medium;medium;low;low;low;medium;low;low;low;low;medium;medium;high;low;low;low;high;low;medium;low;medium
STEW,ccb,10,1,0.14851485148514854,0.4189189189189189,3256,74,2,low;low;low;low;low;low;low;low;low;low;low;low;low;low;low;low;low;low;low;low;low;low;low;low;low;low;low;low;low;low;low;low;low;low;low;low;low;medium;medium;medium;medium;medium;medium;medium;medium;medium;medium;medium;medium;medium;medium;medium;medium;medium;medium;medium;medium;medium;medium;medium;medium;medium;medium;medium;medium;medium;medium;medium;medium;medium;medium;medium;medium;medium,low;low;low;high;low;low;low;low;low;high;low;low;high;low;low;low;low;high;medium;low;low;low;low;low;low;low;low;medium;low;low;low;low;low;low;low;low;low;high;high;high;high;high;low;low;high;high;high;low;high;high;high;low;low;low;high;low;high;low;high;high;low;low;high;high;high;low;low;high;low;high;low;high;high;high
STEW,ccb,11,1,0.06329113924050633,0.5,3256,74,2,low;low;low;low;low;low;low;low;low;low;low;low;low;low;low;low;low;low;low;low;low;low;low;low;low;low;low;low;low;low;low;low;low;low;low;low;low;medium;medium;medium;medium;medium;medium;medium;medium;medium;medium;medium;medium;medium;medium;medium;medium;medium;medium;medium;medium;medium;medium;medium;medium;medium;medium;medium;medium;medium;medium;medium;medium;medium;medium;medium;medium;medium,low;low;low;low;low;low;low;low;low;low;low;low;low;low;low;low;low;low;low;low;low;low;low;low;low;low;high;low;low;low;low;low;low;low;low;low;low;low;low;low;low;high;low;low;high;low;low;low;low;low;low;low;high;low;low;low;low;low;low;low;low;low;low;low;low;low;low;low;low;low;low;low;high;medium
STEW,ccb,12,1,0.06976744186046513,0.4594594594594595,3256,74,2,low;low;low;low;low;low;low;low;low;low;low;low;low;low;low;low;low;low;low;low;low;low;low;low;low;low;low;low;low;low;low;low;low;low;low;low;low;medium;medium;medium;medium;medium;medium;medium;medium;medium;medium;medium;medium;medium;medium;medium;medium;medium;medium;medium;medium;medium;medium;medium;medium;medium;medium;medium;medium;medium;medium;medium;medium;medium;medium;medium;medium;medium,low;high;low;low;low;low;low;high;low;low;high;low;low;low;low;low;low;low;low;low;low;low;low;low;low;low;low;low;low;low;low;low;low;low;low;low;low;high;high;high;low;low;low;low;low;low;low;low;low;low;high;low;low;low;low;low;low;low;low;low;low;low;low;low;low;high;low;high;high;low;high;low;high;low
STEW,ccb,13,1,0.4565217391304348,0.6621621621621622,3256,74,2,low;low;low;low;low;low;low;low;low;low;low;low;low;low;low;low;low;low;low;low;low;low;low;low;low;low;low;low;low;low;low;low;low;low;low;low;low;high;high;high;high;high;high;high;high;high;high;high;high;high;high;high;high;high;high;high;high;high;high;high;high;high;high;high;high;high;high;high;high;high;high;high;high;high,medium;low;low;medium;medium;low;low;medium;low;low;low;low;medium;low;low;medium;medium;medium;low;low;medium;low;low;low;low;medium;medium;low;low;medium;low;medium;medium;low;medium;medium;medium;low;high;high;high;high;low;high;high;high;high;high;high;high;high;high;high;low;high;high;high;high;high;high;low;high;high;high;high;low;low;high;medium;high;high;low;high;high
STEW,ccb,14,1,0.08045977011494254,0.4594594594594595,3256,74,2,low;low;low;low;low;low;low;low;low;low;low;low;low;low;low;low;low;low;low;low;low;low;low;low;low;low;low;low;low;low;low;low;low;low;low;low;low;high;high;high;high;high;high;high;high;high;high;high;high;high;high;high;high;high;high;high;high;high;high;high;high;high;high;high;high;high;high;high;high;high;high;high;high;high,medium;high;high;high;high;high;medium;high;high;low;low;high;low;high;high;low;medium;high;medium;high;medium;high;medium;high;high;low;medium;medium;high;medium;high;low;high;high;high;high;high;high;low;high;high;high;medium;high;high;high;low;high;medium;high;high;high;high;low;high;high;high;medium;high;high;low;high;medium;high;high;high;high;high;high;high;high;low;high;high
STEW,ccb,15,1,0.0714285714285714,0.2972972972972973,3256,74,2,low;low;low;low;low;low;low;low;low;low;low;low;low;low;low;low;low;low;low;low;low;low;low;low;low;low;low;low;low;low;low;low;low;low;low;low;low;medium;medium;medium;medium;medium;medium;medium;medium;medium;medium;medium;medium;medium;medium;medium;medium;medium;medium;medium;medium;medium;medium;medium;medium;medium;medium;medium;medium;medium;medium;medium;medium;medium;medium;medium;medium;medium,low;low;low;low;low;low;low;low;high;low;low;high;low;low;high;high;low;low;low;medium;low;low;low;medium;high;high;high;high;low;low;high;medium;medium;high;high;high;low;high;high;low;high;low;low;high;low;high;low;high;high;high;high;low;low;high;high;high;high;low;high;high;high;low;high;high;high;medium;high;high;high;high;low;high;high;high
STEW,ccb,16,1,0.43999999999999995,0.7162162162162162,3256,74,2,low;low;low;low;low;low;low;low;low;low;low;low;low;low;low;low;low;low;low;low;low;low;low;low;low;low;low;low;low;low;low;low;low;low;low;low;low;high;high;high;high;high;high;high;high;high;high;high;high;high;high;high;high;high;high;high;high;high;high;high;high;high;high;high;high;high;high;high;high;high;high;high;high;high,low;low;low;low;low;low;low;low;low;low;low;low;low;low;low;low;low;low;high;low;low;low;low;low;low;low;low;low;low;low;low;low;low;low;low;low;low;high;high;high;high;low;low;low;low;high;low;medium;high;high;high;high;high;low;low;low;high;high;low;high;low;low;low;low;low;high;low;low;low;low;high;low;high;high
STEW,ccb,17,1,0.2195121951219512,0.5675675675675675,3256,74,2,low;low;low;low;low;low;low;low;low;low;low;low;low;low;low;low;low;low;low;low;low;low;low;low;low;low;low;low;low;low;low;low;low;low;low;low;low;high;high;high;high;high;high;high;high;high;high;high;high;high;high;high;high;high;high;high;high;high;high;high;high;high;high;high;high;high;high;high;high;high;high;high;high;high,low;low;low;low;low;low;low;low;low;low;low;low;low;low;low;low;low;low;low;medium;low;low;low;low;high;low;low;low;low;low;low;high;low;low;low;low;low;medium;low;low;low;low;high;low;medium;high;low;high;low;low;high;medium;low;low;low;medium;low;high;high;low;low;low;low;medium;low;medium;low;low;low;low;low;medium;high;high
STEW,ccb,18,1,0.4117647058823529,0.5945945945945946,3256,74,2,medium;medium;medium;medium;medium;medium;medium;medium;medium;medium;medium;medium;medium;medium;medium;medium;medium;medium;medium;medium;medium;medium;medium;medium;medium;medium;medium;medium;medium;medium;medium;medium;medium;medium;medium;medium;medium;high;high;high;high;high;high;high;high;high;high;high;high;high;high;high;high;high;high;high;high;high;high;high;high;high;high;high;high;high;high;high;high;high;high;high;high;high,high;high;low;low;medium;medium;medium;low;medium;low;medium;medium;medium;medium;low;medium;medium;low;low;low;low;low;low;low;low;low;low;low;low;low;low;low;low;low;low;low;low;low;high;high;high;low;high;high;high;high;high;high;high;high;high;high;high;high;high;high;high;high;high;high;high;high;high;high;high;low;high;high;high;high;high;high;high;high
STEW,ccb,19,1,0.22330097087378642,0.4594594594594595,3256,74,2,low;low;low;low;low;low;low;low;low;low;low;low;low;low;low;low;low;low;low;low;low;low;low;low;low;low;low;low;low;low;low;low;low;low;low;low;low;medium;medium;medium;medium;medium;medium;medium;medium;medium;medium;medium;medium;medium;medium;medium;medium;medium;medium;medium;medium;medium;medium;medium;medium;medium;medium;medium;medium;medium;medium;medium;medium;medium;medium;medium;medium;medium,low;low;low;low;low;low;low;low;low;low;low;low;low;low;low;low;low;low;low;high;low;low;low;low;low;high;low;low;low;high;high;low;low;low;low;low;low;high;high;high;low;low;high;high;high;high;high;high;high;high;medium;low;low;low;high;high;low;high;high;high;low;high;high;high;high;low;high;low;high;high;high;low;high;low
STEW,ccb,20,1,0.6623376623376623,0.8243243243243243,3256,74,2,low;low;low;low;low;low;low;low;low;low;low;low;low;low;low;low;low;low;low;low;low;low;low;low;low;low;low;low;low;low;low;low;low;low;low;low;low;high;high;high;high;high;high;high;high;high;high;high;high;high;high;high;high;high;high;high;high;high;high;high;high;high;high;high;high;high;high;high;high;high;high;high;high;high,low;low;medium;low;low;low;high;low;low;low;low;low;low;low;low;high;low;low;low;low;low;low;low;low;low;low;low;low;low;low;low;low;high;low;low;low;low;high;high;high;medium;low;high;high;high;high;high;high;low;high;high;high;low;high;high;high;high;high;low;high;low;high;high;high;high;high;medium;high;high;high;low;high;low;high
STEW,ccb,21,1,0.2134831460674157,0.527027027027027,3256,74,2,low;low;low;low;low;low;low;low;low;low;low;low;low;low;low;low;low;low;low;low;low;low;low;low;low;low;low;low;low;low;low;low;low;low;low;low;low;medium;medium;medium;medium;medium;medium;medium;medium;medium;medium;medium;medium;medium;medium;medium;medium;medium;medium;medium;medium;medium;medium;medium;medium;medium;medium;medium;medium;medium;medium;medium;medium;medium;medium;medium;medium;medium,low;low;low;low;low;low;low;low;low;low;low;low;low;low;low;low;low;low;low;low;low;low;low;low;low;low;low;low;low;low;low;low;low;low;medium;low;low;low;low;high;high;high;low;low;high;low;medium;low;high;medium;high;low;high;low;high;high;low;high;low;low;low;medium;low;low;low;low;high;low;high;high;high;low;high;low
STEW,ccb,22,1,-0.015873015873015817,0.13513513513513514,3256,74,2,medium;medium;medium;medium;medium;medium;medium;medium;medium;medium;medium;medium;medium;medium;medium;medium;medium;medium;medium;medium;medium;medium;medium;medium;medium;medium;medium;medium;medium;medium;medium;medium;medium;medium;medium;medium;medium;high;high;high;high;high;high;high;high;high;high;high;high;high;high;high;high;high;high;high;high;high;high;high;high;high;high;high;high;high;high;high;high;high;high;high;high;high,medium;low;low;low;low;low;low;low;medium;low;low;low;low;low;low;low;low;low;high;low;high;low;low;low;low;low;low;low;low;low;high;low;high;low;high;low;low;low;low;high;medium;low;high;high;medium;low;low;medium;low;low;low;high;low;low;low;low;medium;medium;low;high;medium;low;medium;high;high;low;low;low;high;low;low;low;low;low
STEW,ccb,23,1,0.4285714285714286,0.7027027027027027,3256,74,2,low;low;low;low;low;low;low;low;low;low;low;low;low;low;low;low;low;low;low;low;low;low;low;low;low;low;low;low;low;low;low;low;low;low;low;low;low;medium;medium;medium;medium;medium;medium;medium;medium;medium;medium;medium;medium;medium;medium;medium;medium;medium;medium;medium;medium;medium;medium;medium;medium;medium;medium;medium;medium;medium;medium;medium;medium;medium;medium;medium;medium;medium,low;high;high;low;low;low;low;low;low;low;low;low;low;low;low;low;medium;low;high;low;low;low;low;low;low;low;low;low;low;low;low;low;low;low;low;low;low;low;medium;low;low;low;medium;low;low;medium;medium;medium;low;low;medium;medium;medium;medium;low;medium;medium;low;medium;medium;medium;medium;low;medium;low;low;low;low;medium;low;medium;medium;low;low
STEW,ccb,25,1,-0.027027027027026973,0.4864864864864865,3256,74,2,low;low;low;low;low;low;low;low;low;low;low;low;low;low;low;low;low;low;low;low;low;low;low;low;low;low;low;low;low;low;low;low;low;low;low;low;low;medium;medium;medium;medium;medium;medium;medium;medium;medium;medium;medium;medium;medium;medium;medium;medium;medium;medium;medium;medium;medium;medium;medium;medium;medium;medium;medium;medium;medium;medium;medium;medium;medium;medium;medium;medium;medium,low;low;low;low;low;low;low;low;low;low;medium;low;low;low;low;low;low;low;low;low;low;medium;low;low;medium;low;low;low;low;low;low;low;low;low;low;low;low;low;low;low;low;low;low;low;medium;low;low;low;low;low;low;low;low;low;low;low;low;low;low;low;low;low;low;low;low;low;low;low;medium;low;low;low;low;low
STEW,ccb,26,1,0.20430107526881724,0.5,3256,74,2,low;low;low;low;low;low;low;low;low;low;low;low;low;low;low;low;low;low;low;low;low;low;low;low;low;low;low;low;low;low;low;low;low;low;low;low;low;high;high;high;high;high;high;high;high;high;high;high;high;high;high;high;high;high;high;high;high;high;high;high;high;high;high;high;high;high;high;high;high;high;high;high;high;high,low;low;low;low;low;low;low;low;low;low;low;low;low;low;low;low;low;low;low;low;low;low;low;low;low;low;low;low;low;low;low;low;low;low;low;low;low;low;low;low;low;low;low;low;low;low;low;low;medium;medium;medium;low;low;medium;medium;medium;medium;medium;low;medium;low;low;medium;medium;low;medium;medium;medium;medium;medium;medium;low;medium;medium
STEW,ccb,27,1,0.7974683544303798,0.8918918918918919,3256,74,2,low;low;low;low;low;low;low;low;low;low;low;low;low;low;low;low;low;low;low;low;low;low;low;low;low;low;low;low;low;low;low;low;low;low;low;low;low;medium;medium;medium;medium;medium;medium;medium;medium;medium;medium;medium;medium;medium;medium;medium;medium;medium;medium;medium;medium;medium;medium;medium;medium;medium;medium;medium;medium;medium;medium;medium;medium;medium;medium;medium;medium;medium,low;low;low;medium;medium;low;low;low;low;low;low;low;low;high;low;low;low;low;low;low;low;low;low;low;low;low;low;low;low;low;low;low;low;low;low;low;low;high;high;medium;medium;medium;medium;medium;medium;medium;medium;medium;medium;medium;medium;high;medium;medium;low;medium;medium;medium;medium;medium;medium;medium;medium;medium;medium;medium;medium;medium;medium;medium;medium;medium;medium;high
STEW,ccb,28,1,0.1466666666666666,0.5675675675675675,3256,74,2,low;low;low;low;low;low;low;low;low;low;low;low;low;low;low;low;low;low;low;low;low;low;low;low;low;low;low;low;low;low;low;low;low;low;low;low;low;high;high;high;high;high;high;high;high;high;high;high;high;high;high;high;high;high;high;high;high;high;high;high;high;high;high;high;high;high;high;high;high;high;high;high;high;high,low;high;low;high;low;low;high;low;low;low;low;low;low;low;low;low;low;low;low;low;low;low;low;low;low;low;low;low;low;low;low;low;low;low;low;medium;low;low;low;low;low;low;low;high;low;low;low;high;low;high;high;low;low;low;low;low;low;low;low;low;low;low;high;high;high;high;low;low;high;low;low;low;low;low
STEW,ccb,29,1,0.13385826771653542,0.25675675675675674,3256,74,2,low;low;low;low;low;low;low;low;low;low;low;low;low;low;low;low;low;low;low;low;low;low;low;low;low;low;low;low;low;low;low;low;low;low;low;low;low;medium;medium;medium;medium;medium;medium;medium;medium;medium;medium;medium;medium;medium;medium;medium;medium;medium;medium;medium;medium;medium;medium;medium;medium;medium;medium;medium;medium;medium;medium;medium;medium;medium;medium;medium;medium;medium,low;low;low;high;high;low;medium;high;high;low;low;high;high;low;low;low;low;high;low;low;high;low;high;high;high;high;low;high;low;high;low;high;high;high;low;low;low;high;high;high;high;high;high;high;high;high;high;high;low;high;high;high;high;high;high;high;high;high;high;high;high;high;high;high;high;high;high;high;high;high;high;high;high;high
STEW,ccb,30,1,0.76,0.8783783783783784,3256,74,2,low;low;low;low;low;low;low;low;low;low;low;low;low;low;low;low;low;low;low;low;low;low;low;low;low;low;low;low;low;low;low;low;low;low;low;low;low;high;high;high;high;high;high;high;high;high;high;high;high;high;high;high;high;high;high;high;high;high;high;high;high;high;high;high;high;high;high;high;high;high;high;high;high;high,low;low;low;low;low;low;low;low;low;low;low;low;low;low;low;low;low;low;low;low;high;medium;low;low;low;low;low;low;low;high;low;low;low;low;low;low;low;high;high;high;high;high;high;high;high;low;high;low;high;high;high;high;low;high;high;high;high;high;high;high;low;low;high;high;high;high;high;low;high;high;high;high;high;high
STEW,ccb,31,1,0.21276595744680848,0.5,3256,74,2,low;low;low;low;low;low;low;low;low;low;low;low;low;low;low;low;low;low;low;low;low;low;low;low;low;low;low;low;low;low;low;low;low;low;low;low;low;medium;medium;medium;medium;medium;medium;medium;medium;medium;medium;medium;medium;medium;medium;medium;medium;medium;medium;medium;medium;medium;medium;medium;medium;medium;medium;medium;medium;medium;medium;medium;medium;medium;medium;medium;medium;medium,low;low;low;low;low;low;low;low;low;low;low;low;low;low;low;low;high;low;low;low;low;low;low;low;low;low;low;low;low;low;low;low;low;low;low;low;low;high;low;low;high;low;high;low;low;low;low;high;high;low;low;low;low;high;high;low;low;medium;high;high;low;high;high;high;high;low;high;high;high;high;high;low;high;low
STEW,ccb,32,1,0.30000000000000004,0.6216216216216216,3256,74,2,low;low;low;low;low;low;low;low;low;low;low;low;low;low;low;low;low;low;low;low;low;low;low;low;low;low;low;low;low;low;low;low;low;low;low;low;low;high;high;high;high;high;high;high;high;high;high;high;high;high;high;high;high;high;high;high;high;high;high;high;high;high;high;high;high;high;high;high;high;high;high;high;high;high,low;low;low;high;low;low;high;low;low;high;low;low;low;high;high;low;low;high;low;low;low;low;low;low;high;low;low;low;low;low;low;low;low;low;high;low;high;low;medium;low;high;low;low;high;high;low;high;low;high;high;high;low;high;low;high;medium;low;high;low;high;low;high;high;low;high;medium;high;medium;high;medium;high;high;medium;low
STEW,ccb,33,1,0.23913043478260865,0.527027027027027,3256,74,2,low;low;low;low;low;low;low;low;low;low;low;low;low;low;low;low;low;low;low;low;low;low;low;low;low;low;low;low;low;low;low;low;low;low;low;low;low;medium;medium;medium;medium;medium;medium;medium;medium;medium;medium;medium;medium;medium;medium;medium;medium;medium;medium;medium;medium;medium;medium;medium;medium;medium;medium;medium;medium;medium;medium;medium;medium;medium;medium;medium;medium;medium,low;low;low;low;low;low;low;low;low;low;low;low;low;low;low;low;low;low;low;low;low;low;low;low;low;low;low;low;low;low;low;low;low;low;low;low;high;high;high;low;high;high;low;low;high;low;high;high;low;low;high;high;low;medium;low;low;low;high;high;high;low;low;low;low;low;high;high;high;low;low;medium;medium;high;high
STEW,ccb,34,1,0.040000000000000036,0.5135135135135135,3256,74,2,low;low;low;low;low;low;low;low;low;low;low;low;low;low;low;low;low;low;low;low;low;low;low;low;low;low;low;low;low;low;low;low;low;low;low;low;low;high;high;high;high;high;high;high;high;high;high;high;high;high;high;high;high;high;high;high;high;high;high;high;high;high;high;high;high;high;high;high;high;high;high;high;high;high,low;low;medium;low;low;low;low;low;low;low;low;low;low;low;low;low;low;low;high;low;low;low;low;low;low;low;low;low;low;low;low;low;low;low;low;low;low;low;low;high;low;low;low;low;low;low;low;low;low;low;low;high;low;low;low;low;low;low;low;low;low;low;low;low;low;low;low;low;low;low;high;low;low;low
STEW,ccb,35,1,0.06666666666666665,0.527027027027027,3256,74,2,low;low;low;low;low;low;low;low;low;low;low;low;low;low;low;low;low;low;low;low;low;low;low;low;low;low;low;low;low;low;low;low;low;low;low;low;low;medium;medium;medium;medium;medium;medium;medium;medium;medium;medium;medium;medium;medium;medium;medium;medium;medium;medium;medium;medium;medium;medium;medium;medium;medium;medium;medium;medium;medium;medium;medium;medium;medium;medium;medium;medium;medium,low;low;low;low;low;low;low;low;low;low;low;low;low;low;low;low;low;low;low;high;low;low;low;low;low;low;low;low;low;low;low;low;low;low;low;low;low;low;low;low;low;medium;low;medium;low;low;medium;low;low;low;low;low;low;low;low;low;low;low;low;low;low;low;low;low;low;low;low;low;low;low;low;low;low;low
STEW,ccb,36,1,0.475,0.7162162162162162,3256,74,2,low;low;low;low;low;low;low;low;low;low;low;low;low;low;low;low;low;low;low;low;low;low;low;low;low;low;low;low;low;low;low;low;low;low;low;low;low;high;high;high;high;high;high;high;high;high;high;high;high;high;high;high;high;high;high;high;high;high;high;high;high;high;high;high;high;high;high;high;high;high;high;high;high;high,low;low;low;low;low;low;low;high;low;low;low;low;low;low;low;high;low;high;low;low;high;low;high;medium;high;low;low;low;high;medium;high;low;low;high;low;low;low;low;high;low;low;high;high;high;high;high;high;high;high;high;high;high;high;high;low;high;high;high;medium;high;high;high;high;high;high;medium;high;low;medium;high;medium;high;high;low
STEW,ccb,37,1,-0.19999999999999996,0.14864864864864866,3256,74,2,low;low;low;low;low;low;low;low;low;low;low;low;low;low;low;low;low;low;low;low;low;low;low;low;low;low;low;low;low;low;low;low;low;low;low;low;low;high;high;high;high;high;high;high;high;high;high;high;high;high;high;high;high;high;high;high;high;high;high;high;high;high;high;high;high;high;high;high;high;high;high;high;high;high,low;low;low;medium;low;medium;medium;medium;low;medium;low;medium;medium;medium;medium;low;medium;medium;low;medium;medium;medium;medium;medium;medium;medium;medium;medium;low;medium;medium;medium;low;medium;medium;medium;medium;low;medium;low;low;low;low;low;low;low;low;low;low;low;low;low;low;low;high;medium;low;low;low;low;low;low;low;medium;medium;low;low;low;low;low;low;low;low;low
STEW,ccb,38,1,0.32432432432432434,0.6621621621621622,3256,74,2,low;low;low;low;low;low;low;low;low;low;low;low;low;low;low;low;low;low;low;low;low;low;low;low;low;low;low;low;low;low;low;low;low;low;low;low;low;medium;medium;medium;medium;medium;medium;medium;medium;medium;medium;medium;medium;medium;medium;medium;medium;medium;medium;medium;medium;medium;medium;medium;medium;medium;medium;medium;medium;medium;medium;medium;medium;medium;medium;medium;medium;medium,medium;medium;medium;low;medium;low;low;low;medium;low;medium;low;medium;medium;medium;low;medium;medium;medium;medium;medium;medium;low;medium;medium;medium;low;low;medium;medium;low;medium;medium;medium;medium;medium;low;medium;medium;medium;medium;medium;medium;medium;medium;medium;medium;medium;medium;medium;medium;medium;medium;medium;medium;medium;medium;medium;medium;medium;medium;medium;medium;medium;medium;medium;medium;medium;medium;medium;medium;medium;medium;medium
STEW,ccb,39,1,0.308641975308642,0.6216216216216216,3256,74,2,low;low;low;low;low;low;low;low;low;low;low;low;low;low;low;low;low;low;low;low;low;low;low;low;low;low;low;low;low;low;low;low;low;low;low;low;low;high;high;high;high;high;high;high;high;high;high;high;high;high;high;high;high;high;high;high;high;high;high;high;high;high;high;high;high;high;high;high;high;high;high;high;high;high,low;high;low;low;low;low;low;low;low;low;low;low;low;low;low;low;low;low;low;low;low;medium;low;low;low;low;low;low;low;low;low;low;low;low;low;low;low;low;high;high;high;low;low;low;medium;medium;medium;low;medium;low;high;low;high;low;low;medium;low;high;low;low;low;high;high;low;low;low;low;low;low;medium;high;high;low;high
STEW,ccb,40,1,-0.08108108108108114,0.4594594594594595,3256,74,2,low;low;low;low;low;low;low;low;low;low;low;low;low;low;low;low;low;low;low;low;low;low;low;low;low;low;low;low;low;low;low;low;low;low;low;low;low;medium;medium;medium;medium;medium;medium;medium;medium;medium;medium;medium;medium;medium;medium;medium;medium;medium;medium;medium;medium;medium;medium;medium;medium;medium;medium;medium;medium;medium;medium;medium;medium;medium;medium;medium;medium;medium,medium;medium;medium;medium;medium;medium;medium;medium;medium;medium;low;medium;medium;medium;medium;medium;medium;medium;medium;medium;medium;medium;medium;medium;medium;medium;medium;medium;medium;medium;medium;medium;medium;medium;medium;medium;medium;low;medium;medium;medium;medium;medium;low;low;medium;medium;medium;medium;medium;medium;low;medium;medium;medium;medium;medium;medium;medium;medium;medium;medium;medium;medium;medium;medium;medium;medium;medium;medium;medium;medium;medium;medium
STEW,ccb,41,1,-0.4545454545454546,0.02702702702702703,3256,74,2,low;low;low;low;low;low;low;low;low;low;low;low;low;low;low;low;low;low;low;low;low;low;low;low;low;low;low;low;low;low;low;low;low;low;low;low;low;medium;medium;medium;medium;medium;medium;medium;medium;medium;medium;medium;medium;medium;medium;medium;medium;medium;medium;medium;medium;medium;medium;medium;medium;medium;medium;medium;medium;medium;medium;medium;medium;medium;medium;medium;medium;medium,medium;medium;medium;medium;medium;medium;medium;medium;medium;medium;medium;medium;medium;medium;medium;medium;medium;medium;medium;medium;medium;medium;medium;medium;medium;medium;medium;medium;medium;medium;medium;medium;medium;medium;medium;medium;medium;high;low;high;high;low;low;high;high;high;medium;high;low;high;high;high;high;high;high;high;high;high;high;medium;low;low;low;high;high;high;high;low;high;high;high;high;low;low
STEW,ccb,43,1,0.06172839506172845,0.4864864864864865,3256,74,2,low;low;low;low;low;low;low;low;low;low;low;low;low;low;low;low;low;low;low;low;low;low;low;low;low;low;low;low;low;low;low;low;low;low;low;low;low;high;high;high;high;high;high;high;high;high;high;high;high;high;high;high;high;high;high;high;high;high;high;high;high;high;high;high;high;high;high;high;high;high;high;high;high;high,low;high;low;low;low;low;low;low;low;low;medium;low;low;low;medium;medium;low;low;low;low;low;low;low;low;low;low;low;low;low;low;low;low;low;low;low;low;low;low;low;low;low;low;low;low;low;low;low;low;low;medium;low;low;low;low;low;low;low;low;low;high;high;medium;low;medium;low;low;low;medium;low;low;low;low;low;high
STEW,ccb,44,1,0.15463917525773196,0.44594594594594594,3256,74,2,low;low;low;low;low;low;low;low;low;low;low;low;low;low;low;low;low;low;low;low;low;low;low;low;low;low;low;low;low;low;low;low;low;low;low;low;low;high;high;high;high;high;high;high;high;high;high;high;high;high;high;high;high;high;high;high;high;high;high;high;high;high;high;high;high;high;high;high;high;high;high;high;high;high,low;low;low;low;medium;medium;medium;medium;medium;medium;medium;low;low;low;low;low;low;low;low;low;low;low;low;low;low;low;medium;low;low;low;low;low;low;low;low;medium;low;medium;medium;medium;low;low;medium;low;low;low;low;medium;medium;low;low;high;high;low;low;high;low;medium;high;medium;low;low;low;low;low;medium;high;medium;medium;medium;medium;low;medium;low
STEW,ccb,45,1,0.8933333333333333,0.9459459459459459,3256,74,2,low;low;low;low;low;low;low;low;low;low;low;low;low;low;low;low;low;low;low;low;low;low;low;low;low;low;low;low;low;low;low;low;low;low;low;low;low;high;high;high;high;high;high;high;high;high;high;high;high;high;high;high;high;high;high;high;high;high;high;high;high;high;high;high;high;high;high;high;high;high;high;high;high;high,low;low;low;low;low;low;low;low;low;low;low;low;low;low;low;low;low;low;low;low;low;low;low;low;low;low;low;medium;low;low;low;low;low;low;low;high;low;high;high;high;high;high;high;high;high;high;high;high;high;high;high;high;high;high;high;high;high;high;high;high;high;high;high;high;high;high;high;low;high;high;low;high;high;high
STEW,ccb,46,1,0.1724137931034483,0.5135135135135135,3256,74,2,low;low;low;low;low;low;low;low;low;low;low;low;low;low;low;low;low;low;low;low;low;low;low;low;low;low;low;low;low;low;low;low;low;low;low;low;low;high;high;high;high;high;high;high;high;high;high;high;high;high;high;high;high;high;high;high;high;high;high;high;high;high;high;high;high;high;high;high;high;high;high;high;high;high,low;low;low;low;low;low;low;low;low;low;low;low;low;low;low;high;low;low;low;low;low;low;low;medium;high;high;low;low;high;medium;medium;low;low;low;low;low;low;medium;low;medium;medium;medium;low;high;high;high;low;high;low;high;low;high;low;medium;low;medium;low;medium;low;low;low;high;low;medium;low;low;medium;low;low;low;medium;high;low;low
STEW,ccb,47,1,0.41463414634146345,0.6756756756756757,3256,74,2,low;low;low;low;low;low;low;low;low;low;low;low;low;low;low;low;low;low;low;low;low;low;low;low;low;low;low;low;low;low;low;low;low;low;low;low;low;high;high;high;high;high;high;high;high;high;high;high;high;high;high;high;high;high;high;high;high;high;high;high;high;high;high;high;high;high;high;high;high;high;high;high;high;high,medium;low;low;medium;low;low;low;low;low;low;medium;low;low;high;low;low;medium;low;low;low;low;high;low;low;medium;medium;low;low;low;medium;low;low;low;low;low;high;low;low;high;low;high;high;high;low;high;medium;high;low;high;low;low;high;low;high;high;high;low;high;high;high;high;high;high;high;low;low;high;high;high;low;low;high;high;low
STEW,ccb,48,1,0.40740740740740744,0.6756756756756757,3256,74,2,low;low;low;low;low;low;low;low;low;low;low;low;low;low;low;low;low;low;low;low;low;low;low;low;low;low;low;low;low;low;low;low;low;low;low;low;low;high;high;high;high;high;high;high;high;high;high;high;high;high;high;high;high;high;high;high;high;high;high;high;high;high;high;high;high;high;high;high;high;high;high;high;high;high,low;low;low;low;low;low;medium;low;low;low;low;low;low;medium;low;low;low;low;low;low;low;low;low;low;low;low;low;low;low;medium;high;low;low;low;low;low;low;low;low;medium;low;low;low;high;low;high;low;high;high;high;low;high;high;high;low;low;low;high;high;high;medium;medium;high;high;high;high;low;low;low;high;low;medium;high;low
STEW,ccb,1,2,-0.4375,0.06756756756756757,3256,74,2,low;low;low;low;low;low;low;low;low;low;low;low;low;low;low;low;low;low;low;low;low;low;low;low;low;low;low;low;low;low;low;low;low;low;low;low;low;high;high;high;high;high;high;high;high;high;high;high;high;high;high;high;high;high;high;high;high;high;high;high;high;high;high;high;high;high;high;high;high;high;high;high;high;high,high;high;high;high;high;high;high;high;high;high;high;high;high;high;high;high;high;high;high;high;high;high;high;high;high;high;high;high;high;high;high;high;high;high;high;high;high;medium;low;medium;medium;medium;low;low;low;high;medium;high;high;high;medium;medium;medium;high;medium;medium;medium;medium;medium;low;medium;low;medium;medium;medium;medium;low;medium;medium;medium;medium;low;low;low
STEW,ccb,2,2,0.28421052631578947,0.5405405405405406,3256,74,2,low;low;low;low;low;low;low;low;low;low;low;low;low;low;low;low;low;low;low;low;low;low;low;low;low;low;low;low;low;low;low;low;low;low;low;low;low;medium;medium;medium;medium;medium;medium;medium;medium;medium;medium;medium;medium;medium;medium;medium;medium;medium;medium;medium;medium;medium;medium;medium;medium;medium;medium;medium;medium;medium;medium;medium;medium;medium;medium;medium;medium;medium,low;low;low;low;low;low;low;low;low;low;low;low;low;low;low;low;low;low;low;low;low;low;low;low;low;low;low;low;low;low;low;low;low;low;low;low;low;high;high;low;low;low;high;high;medium;high;high;low;low;high;medium;low;medium;high;low;high;high;high;high;high;high;high;high;low;low;low;high;high;high;low;high;low;high;low
STEW,ccb,3,2,0.13953488372093026,0.5,3256,74,2,low;low;low;low;low;low;low;low;low;low;low;low;low;low;low;low;low;low;low;low;low;low;low;low;low;low;low;low;low;low;low;low;low;low;low;low;low;medium;medium;medium;medium;medium;medium;medium;medium;medium;medium;medium;medium;medium;medium;medium;medium;medium;medium;medium;medium;medium;medium;medium;medium;medium;medium;medium;medium;medium;medium;medium;medium;medium;medium;medium;medium;medium,low;medium;low;low;high;medium;medium;low;low;low;low;low;low;low;low;low;low;low;low;low;low;low;low;low;low;medium;low;medium;low;low;low;low;low;low;low;low;low;low;low;high;low;low;low;medium;low;low;low;low;low;medium;low;low;low;low;low;medium;high;low;high;medium;low;high;low;high;high;low;high;medium;high;high;high;high;low;medium
STEW,ccb,4,2,0.12244897959183676,0.4189189189189189,3256,74,2,low;low;low;low;low;low;low;low;low;low;low;low;low;low;low;low;low;low;low;low;low;low;low;low;low;low;low;low;low;low;low;low;low;low;low;low;low;medium;medium;medium;medium;medium;medium;medium;medium;medium;medium;medium;medium;medium;medium;medium;medium;medium;medium;medium;medium;medium;medium;medium;medium;medium;medium;medium;medium;medium;medium;medium;medium;medium;medium;medium;medium;medium,high;low;low;low;low;low;high;low;low;low;low;low;low;low;high;low;low;low;low;low;low;low;low;low;low;medium;low;high;low;low;low;low;low;high;low;low;low;low;high;low;high;low;low;high;high;high;low;low;low;low;high;low;high;low;high;high;high;low;high;low;high;low;high;high;high;high;high;low;low;low;low;low;high;high
STEW,ccb,6,2,0.03508771929824561,0.25675675675675674,3256,74,2,medium;medium;medium;medium;medium;medium;medium;medium;medium;medium;medium;medium;medium;medium;medium;medium;medium;medium;medium;medium;medium;medium;medium;medium;medium;medium;medium;medium;medium;medium;medium;medium;medium;medium;medium;medium;medium;high;high;high;high;high;high;high;high;high;high;high;high;high;high;high;high;high;high;high;high;high;high;high;high;high;high;high;high;high;high;high;high;high;high;high;high;high,low;low;low;low;high;low;low;low;low;low;low;low;low;low;low;high;high;high;high;high;low;low;low;low;low;low;low;high;high;high;high;high;high;high;high;high;low;high;high;low;high;high;low;low;low;low;high;low;low;high;high;high;high;high;high;high;high;low;low;low;low;low;high;high;high;high;low;low;low;low;low;high;low;high
STEW,ccb,7,2,0.10256410256410253,0.527027027027027,3256,74,2,low;low;low;low;low;low;low;low;low;low;low;low;low;low;low;low;low;low;low;low;low;low;low;low;low;low;low;low;low;low;low;low;low;low;low;low;low;medium;medium;medium;medium;medium;medium;medium;medium;medium;medium;medium;medium;medium;medium;medium;medium;medium;medium;medium;medium;medium;medium;medium;medium;medium;medium;medium;medium;medium;medium;medium;medium;medium;medium;medium;medium;medium,low;low;low;low;low;low;low;low;low;low;low;low;low;low;low;low;low;low;low;low;high;low;low;low;low;low;low;low;low;low;low;low;low;low;low;low;low;low;low;low;low;high;low;low;low;low;low;low;high;medium;low;high;low;medium;low;low;low;low;low;low;low;low;low;low;low;low;low;low;low;medium;low;low;low;low
STEW,ccb,8,2,0.3924050632911392,0.6756756756756757,3256,74,2,low;low;low;low;low;low;low;low;low;low;low;low;low;low;low;low;low;low;low;low;low;low;low;low;low;low;low;low;low;low;low;low;low;low;low;low;low;high;high;high;high;high;high;high;high;high;high;high;high;high;high;high;high;high;high;high;high;high;high;high;high;high;high;high;high;high;high;high;high;high;high;high;high;high,high;high;low;low;low;low;low;low;high;low;low;low;low;low;low;low;low;low;low;low;low;high;high;low;low;low;high;low;low;low;low;low;high;low;high;low;low;high;low;high;high;low;high;medium;low;high;medium;high;medium;high;low;high;high;high;high;high;high;low;low;low;high;high;high;low;high;high;medium;low;high;medium;high;high;low;low
STEW,ccb,9,2,0.19999999999999996,0.5675675675675675,3256,74,2,low;low;low;low;low;low;low;low;low;low;low;low;low;low;low;low;low;low;low;low;low;low;low;low;low;low;low;low;low;low;low;low;low;low;low;low;low;high;high;high;high;high;high;high;high;high;high;high;high;high;high;high;high;high;high;high;high;high;high;high;high;high;high;high;high;high;high;high;high;high;high;high;high;high,low;low;low;high;low;low;low;low;low;low;low;low;low;low;low;low;low;low;low;low;low;low;low;medium;low;low;low;low;low;low;low;low;low;low;low;low;low;low;medium;high;high;low;medium;high;low;high;low;low;low;low;low;low;low;medium;low;low;low;low;high;low;low;low;low;low;low;high;low;low;low;medium;low;high;low;medium
STEW,ccb,10,2,0.1382113821138211,0.28378378378378377,3256,74,2,low;low;low;low;low;low;low;low;low;low;low;low;low;low;low;low;low;low;low;low;low;low;low;low;low;low;low;low;low;low;low;low;low;low;low;low;low;medium;medium;medium;medium;medium;medium;medium;medium;medium;medium;medium;medium;medium;medium;medium;medium;medium;medium;medium;medium;medium;medium;medium;medium;medium;medium;medium;medium;medium;medium;medium;medium;medium;medium;medium;medium;medium,low;low;low;high;low;low;high;low;low;high;low;high;high;low;high;low;low;high;high;high;high;low;high;high;low;high;low;high;low;low;low;high;high;low;low;low;low;high;high;high;high;high;high;high;high;high;high;high;high;high;high;high;high;high;high;low;high;high;high;high;low;low;high;high;high;high;high;high;low;high;high;high;high;high
STEW,ccb,11,2,0.038961038961038974,0.5,3256,74,2,low;low;low;low;low;low;low;low;low;low;low;low;low;low;low;low;low;low;low;low;low;low;low;low;low;low;low;low;low;low;low;low;low;low;low;low;low;medium;medium;medium;medium;medium;medium;medium;medium;medium;medium;medium;medium;medium;medium;medium;medium;medium;medium;medium;medium;medium;medium;medium;medium;medium;medium;medium;medium;medium;medium;medium;medium;medium;medium;medium;medium;medium,low;low;low;low;low;low;low;low;low;low;low;low;low;low;low;low;low;low;low;low;low;low;low;low;low;low;low;low;low;low;high;low;low;low;low;low;low;low;low;low;low;low;low;low;high;low;low;low;low;low;low;low;high;low;low;low;low;low;low;low;low;low;low;low;low;low;low;low;low;low;low;low;low;medium
STEW,ccb,12,2,0.0714285714285714,0.47297297297297297,3256,74,2,low;low;low;low;low;low;low;low;low;low;low;low;low;low;low;low;low;low;low;low;low;low;low;low;low;low;low;low;low;low;low;low;low;low;low;low;low;medium;medium;medium;medium;medium;medium;medium;medium;medium;medium;medium;medium;medium;medium;medium;medium;medium;medium;medium;medium;medium;medium;medium;medium;medium;medium;medium;medium;medium;medium;medium;medium;medium;medium;medium;medium;medium,low;low;medium;low;low;low;low;low;low;low;medium;low;low;low;low;low;low;low;low;low;low;low;low;low;low;low;low;low;low;low;low;low;low;low;low;low;low;high;low;high;low;low;low;high;low;high;low;low;low;low;high;low;low;low;high;high;low;low;low;low;high;low;low;low;low;low;low;low;low;low;high;low;high;low
STEW,ccb,13,2,-0.27710843373493965,0.28378378378378377,3256,74,2,low;low;low;low;low;low;low;low;low;low;low;low;low;low;low;low;low;low;low;low;low;low;low;low;low;low;low;low;low;low;low;low;low;low;low;low;low;high;high;high;high;high;high;high;high;high;high;high;high;high;high;high;high;high;high;high;high;high;high;high;high;high;high;high;high;high;high;high;high;high;high;high;high;high,high;high;high;high;high;high;high;high;high;high;high;high;high;high;high;high;high;high;high;high;high;high;high;high;high;high;high;high;high;high;high;high;high;high;high;high;high;low;medium;high;high;medium;low;high;high;high;high;medium;high;medium;medium;high;high;high;high;low;high;high;high;high;low;low;high;high;medium;high;medium;high;low;medium;medium;low;high;high
STEW,ccb,14,2,0.34693877551020413,0.5675675675675675,3256,74,2,low;low;low;low;low;low;low;low;low;low;low;low;low;low;low;low;low;low;low;low;low;low;low;low;low;low;low;low;low;low;low;low;low;low;low;low;low;high;high;high;high;high;high;high;high;high;high;high;high;high;high;high;high;high;high;high;high;high;high;high;high;high;high;high;high;high;high;high;high;high;high;high;high;high,low;high;medium;low;low;medium;medium;medium;low;low;low;low;medium;high;high;medium;medium;medium;low;low;medium;high;low;low;medium;low;medium;medium;high;high;medium;medium;high;medium;medium;medium;medium;high;high;high;high;medium;high;high;high;high;high;high;high;high;high;high;high;high;high;high;medium;high;high;high;high;medium;low;high;medium;high;high;high;high;high;high;medium;high;medium
STEW,ccb,15,2,0.09243697478991597,0.2702702702702703,3256,74,2,low;low;low;low;low;low;low;low;low;low;low;low;low;low;low;low;low;low;low;low;low;low;low;low;low;low;low;low;low;low;low;low;low;low;low;low;low;medium;medium;medium;medium;medium;medium;medium;medium;medium;medium;medium;medium;medium;medium;medium;medium;medium;medium;medium;medium;medium;medium;medium;medium;medium;medium;medium;medium;medium;medium;medium;medium;medium;medium;medium;medium;medium,low;high;low;low;low;high;high;low;high;low;low;high;high;low;high;high;low;low;low;low;low;low;high;high;low;high;low;low;low;low;medium;medium;medium;high;high;high;high;high;high;low;high;high;medium;high;high;high;low;high;high;high;high;high;low;high;high;high;high;high;high;low;high;high;high;high;high;high;high;low;high;high;low;high;high;high
STEW,ccb,16,2,0.40740740740740744,0.6756756756756757,3256,74,2,low;low;low;low;low;low;low;low;low;low;low;low;low;low;low;low;low;low;low;low;low;low;low;low;low;low;low;low;low;low;low;low;low;low;low;low;low;high;high;high;high;high;high;high;high;high;high;high;high;high;high;high;high;high;high;high;high;high;high;high;high;high;high;high;high;high;high;high;high;high;high;high;high;high,low;low;low;low;low;low;low;low;low;low;low;low;low;low;low;low;low;low;low;low;low;low;low;low;low;low;low;low;low;low;low;low;low;low;low;low;low;high;high;high;high;medium;low;low;low;high;low;medium;high;medium;medium;high;medium;low;low;low;high;medium;low;high;low;high;low;low;low;medium;low;high;low;low;high;low;high;low
STEW,ccb,17,2,0.43243243243243246,0.7162162162162162,3256,74,2,low;low;low;low;low;low;low;low;low;low;low;low;low;low;low;low;low;low;low;low;low;low;low;low;low;low;low;low;low;low;low;low;low;low;low;low;low;high;high;high;high;high;high;high;high;high;high;high;high;high;high;high;high;high;high;high;high;high;high;high;high;high;high;high;high;high;high;high;high;high;high;high;high;high,low;low;low;low;low;low;low;low;low;low;low;low;low;low;low;low;low;low;low;low;low;low;low;low;high;low;low;low;high;low;low;low;high;low;low;low;low;high;low;high;high;high;low;high;low;low;low;low;high;low;high;high;low;low;low;low;high;high;high;high;low;high;low;low;low;high;low;high;low;high;high;high;low;high
STEW,ccb,18,2,0.4,0.5945945945945946,3256,74,2,medium;medium;medium;medium;medium;medium;medium;medium;medium;medium;medium;medium;medium;medium;medium;medium;medium;medium;medium;medium;medium;medium;medium;medium;medium;medium;medium;medium;medium;medium;medium;medium;medium;medium;medium;medium;medium;high;high;high;high;high;high;high;high;high;high;high;high;high;high;high;high;high;high;high;high;high;high;high;high;high;high;high;high;high;high;high;high;high;high;high;high;high,high;high;low;low;medium;low;medium;low;medium;low;medium;medium;medium;low;medium;medium;medium;medium;low;low;low;low;low;low;low;low;low;low;low;low;low;low;medium;low;low;low;low;high;high;high;high;high;high;high;high;high;high;high;high;high;high;high;high;high;high;high;high;high;high;high;high;low;high;high;high;low;medium;high;high;high;high;high;medium;high
STEW,ccb,19,2,0.11111111111111116,0.5135135135135135,3256,74,2,low;low;low;low;low;low;low;low;low;low;low;low;low;low;low;low;low;low;low;low;low;low;low;low;low;low;low;low;low;low;low;low;low;low;low;low;low;medium;medium;medium;medium;medium;medium;medium;medium;medium;medium;medium;medium;medium;medium;medium;medium;medium;medium;medium;medium;medium;medium;medium;medium;medium;medium;medium;medium;medium;medium;medium;medium;medium;medium;medium;medium;medium,low;low;low;low;low;low;low;low;low;low;low;low;low;low;low;low;low;low;low;low;low;low;low;low;low;low;low;low;low;medium;low;low;low;low;low;low;low;high;low;low;low;high;low;low;low;low;low;high;low;high;low;medium;low;low;low;medium;low;low;low;low;low;low;high;low;low;low;low;low;high;high;low;low;low;low
STEW,ccb,20,2,0.8421052631578947,0.918918918918919,3256,74,2,low;low;low;low;low;low;low;low;low;low;low;low;low;low;low;low;low;low;low;low;low;low;low;low;low;low;low;low;low;low;low;low;low;low;low;low;low;high;high;high;high;high;high;high;high;high;high;high;high;high;high;high;high;high;high;high;high;high;high;high;high;high;high;high;high;high;high;high;high;high;high;high;high;high,high;low;high;low;high;low;low;low;low;low;low;low;low;low;low;low;low;low;low;low;low;low;low;low;low;low;low;low;medium;low;low;low;low;low;low;low;low;high;high;high;high;high;high;high;high;high;medium;high;high;high;high;high;high;high;high;high;high;high;low;high;high;high;high;high;high;high;high;high;high;high;high;high;high;high
STEW,ccb,21,2,0.20481927710843373,0.5540540540540541,3256,74,2,low;low;low;low;low;low;low;low;low;low;low;low;low;low;low;low;low;low;low;low;low;low;low;low;low;low;low;low;low;low;low;low;low;low;low;low;low;medium;medium;medium;medium;medium;medium;medium;medium;medium;medium;medium;medium;medium;medium;medium;medium;medium;medium;medium;medium;medium;medium;medium;medium;medium;medium;medium;medium;medium;medium;medium;medium;medium;medium;medium;medium;medium,low;low;low;low;low;low;low;low;low;low;low;low;low;low;low;low;low;low;low;low;low;low;low;low;low;low;low;low;low;low;low;low;low;low;low;low;low;low;medium;low;high;medium;low;low;low;low;low;low;high;low;medium;low;low;low;high;high;low;high;low;high;low;low;medium;low;low;high;low;low;high;high;low;low;low;low
STEW,ccb,22,2,-0.021582733812949728,0.04054054054054054,3256,74,2,medium;medium;medium;medium;medium;medium;medium;medium;medium;medium;medium;medium;medium;medium;medium;medium;medium;medium;medium;medium;medium;medium;medium;medium;medium;medium;medium;medium;medium;medium;medium;medium;medium;medium;medium;medium;medium;high;high;high;high;high;high;high;high;high;high;high;high;high;high;high;high;high;high;high;high;high;high;high;high;high;high;high;high;high;high;high;high;high;high;high;high;high,low;low;low;medium;low;low;low;low;low;low;low;low;low;low;low;low;low;low;low;low;low;low;low;low;low;low;high;low;low;low;low;low;low;low;low;low;low;low;low;low;low;medium;low;low;low;low;low;low;low;low;low;low;low;low;low;low;medium;low;low;low;low;low;low;low;low;low;medium;low;low;medium;medium;high;high;low
STEW,ccb,23,2,0.7297297297297297,0.8648648648648649,3256,74,2,low;low;low;low;low;low;low;low;low;low;low;low;low;low;low;low;low;low;low;low;low;low;low;low;low;low;low;low;low;low;low;low;low;low;low;low;low;medium;medium;medium;medium;medium;medium;medium;medium;medium;medium;medium;medium;medium;medium;medium;medium;medium;medium;medium;medium;medium;medium;medium;medium;medium;medium;medium;medium;medium;medium;medium;medium;medium;medium;medium;medium;medium,low;low;low;low;low;low;low;low;low;low;low;low;low;low;low;low;low;low;low;low;low;low;low;low;low;low;low;low;low;low;low;low;low;low;low;low;low;medium;medium;low;medium;low;medium;medium;medium;medium;low;low;low;medium;medium;medium;low;medium;low;medium;medium;medium;medium;medium;medium;medium;low;medium;low;medium;medium;medium;medium;medium;medium;medium;low;medium
STEW,ccb,25,2,0.16883116883116878,0.5675675675675675,3256,74,2,low;low;low;low;low;low;low;low;low;low;low;low;low;low;low;low;low;low;low;low;low;low;low;low;low;low;low;low;low;low;low;low;low;low;low;low;low;medium;medium;medium;medium;medium;medium;medium;medium;medium;medium;medium;medium;medium;medium;medium;medium;medium;medium;medium;medium;medium;medium;medium;medium;medium;medium;medium;medium;medium;medium;medium;medium;medium;medium;medium;medium;medium,low;low;low;low;low;low;low;low;low;low;low;low;low;low;low;low;low;low;low;low;low;low;low;low;low;low;low;low;low;low;low;low;low;low;low;low;low;low;low;low;low;low;high;low;medium;medium;low;low;low;high;low;low;low;low;low;medium;low;low;low;medium;low;low;low;low;low;low;medium;low;low;low;low;high;low;low
STEW,ccb,26,2,0.13043478260869568,0.4594594594594595,3256,74,2,low;low;low;low;low;low;low;low;low;low;low;low;low;low;low;low;low;low;low;low;low;low;low;low;low;low;low;low;low;low;low;low;low;low;low;low;low;high;high;high;high;high;high;high;high;high;high;high;high;high;high;high;high;high;high;high;high;high;high;high;high;high;high;high;high;high;high;high;high;high;high;high;high;high,low;medium;low;low;low;low;low;low;low;low;low;low;low;low;low;low;low;low;low;low;low;low;low;low;high;low;low;low;low;low;medium;low;low;high;low;low;low;low;low;low;low;low;medium;medium;medium;medium;medium;low;low;medium;low;medium;medium;low;medium;medium;low;medium;low;medium;low;low;medium;medium;low;medium;low;low;low;low;low;high;low;medium
STEW,ccb,27,2,0.9459459459459459,0.972972972972973,3256,74,2,low;low;low;low;low;low;low;low;low;low;low;low;low;low;low;low;low;low;low;low;low;low;low;low;low;low;low;low;low;low;low;low;low;low;low;low;low;medium;medium;medium;medium;medium;medium;medium;medium;medium;medium;medium;medium;medium;medium;medium;medium;medium;medium;medium;medium;medium;medium;medium;medium;medium;medium;medium;medium;medium;medium;medium;medium;medium;medium;medium;medium;medium,low;low;low;medium;medium;low;low;low;low;low;low;low;low;low;low;low;low;low;low;low;low;low;low;low;low;low;low;low;low;low;low;low;low;low;low;low;low;medium;medium;medium;medium;medium;medium;medium;medium;medium;medium;medium;medium;medium;medium;medium;medium;medium;medium;medium;medium;medium;medium;medium;medium;medium;medium;medium;medium;medium;medium;medium;medium;medium;medium;medium;medium;medium
STEW,ccb,28,2,0.11392405063291144,0.527027027027027,3256,74,2,low;low;low;low;low;low;low;low;low;low;low;low;low;low;low;low;low;low;low;low;low;low;low;low;low;low;low;low;low;low;low;low;low;low;low;low;low;high;high;high;high;high;high;high;high;high;high;high;high;high;high;high;high;high;high;high;high;high;high;high;high;high;high;high;high;high;high;high;high;high;high;high;high;high,low;medium;medium;low;low;low;low;low;low;low;low;low;low;low;low;low;low;low;low;low;low;low;low;low;low;low;low;low;low;low;low;low;low;low;low;low;low;low;high;low;medium;low;low;medium;low;low;low;low;low;low;low;low;low;low;low;low;low;low;low;low;low;low;medium;high;high;low;low;high;low;low;low;low;low;low
STEW,ccb,29,2,0.18095238095238098,0.4189189189189189,3256,74,2,low;low;low;low;low;low;low;low;low;low;low;low;low;low;low;low;low;low;low;low;low;low;low;low;low;low;low;low;low;low;low;low;low;low;low;low;low;medium;medium;medium;medium;medium;medium;medium;medium;medium;medium;medium;medium;medium;medium;medium;medium;medium;medium;medium;medium;medium;medium;medium;medium;medium;medium;medium;medium;medium;medium;medium;medium;medium;medium;medium;medium;medium,low;low;low;low;low;low;low;low;low;low;high;low;low;low;high;low;low;low;low;low;low;low;high;low;low;high;low;low;low;low;high;high;low;low;low;low;high;high;low;low;low;high;low;high;low;low;high;high;low;low;high;low;high;high;high;high;low;low;high;high;high;high;high;medium;high;high;high;high;high;high;high;low;high;high
STEW,ccb,30,2,0.5897435897435898,0.7837837837837838,3256,74,2,low;low;low;low;low;low;low;low;low;low;low;low;low;low;low;low;low;low;low;low;low;low;low;low;low;low;low;low;low;low;low;low;low;low;low;low;low;high;high;high;high;high;high;high;high;high;high;high;high;high;high;high;high;high;high;high;high;high;high;high;high;high;high;high;high;high;high;high;high;high;high;high;high;high,low;low;high;low;high;low;low;low;low;high;low;low;low;low;low;low;high;low;high;low;high;low;high;high;high;low;low;low;high;high;low;low;low;low;low;low;low;high;high;high;high;high;high;high;high;low;medium;high;high;high;high;high;high;high;high;high;high;medium;high;high;high;high;high;medium;high;high;high;high;high;medium;high;high;high;high
STEW,ccb,31,2,0.31868131868131866,0.581081081081081,3256,74,2,low;low;low;low;low;low;low;low;low;low;low;low;low;low;low;low;low;low;low;low;low;low;low;low;low;low;low;low;low;low;low;low;low;low;low;low;low;medium;medium;medium;medium;medium;medium;medium;medium;medium;medium;medium;medium;medium;medium;medium;medium;medium;medium;medium;medium;medium;medium;medium;medium;medium;medium;medium;medium;medium;medium;medium;medium;medium;medium;medium;medium;medium,low;low;low;low;low;low;low;low;low;low;low;low;low;low;low;low;low;low;low;low;low;low;low;low;low;low;low;low;low;low;low;low;low;low;low;low;low;high;low;high;high;high;low;high;low;medium;low;high;high;low;medium;high;low;high;low;low;low;medium;low;low;low;high;high;high;high;low;low;medium;high;medium;high;high;medium;high
STEW,ccb,32,2,0.4177215189873418,0.6891891891891891,3256,74,2,low;low;low;low;low;low;low;low;low;low;low;low;low;low;low;low;low;low;low;low;low;low;low;low;low;low;low;low;low;low;low;low;low;low;low;low;low;high;high;high;high;high;high;high;high;high;high;high;high;high;high;high;high;high;high;high;high;high;high;high;high;high;high;high;high;high;high;high;high;high;high;high;high;high,low;low;high;high;low;low;low;low;low;high;low;high;low;high;low;low;low;high;low;low;low;low;low;low;high;low;low;low;low;low;low;low;high;low;low;low;high;high;high;high;high;high;high;high;high;low;high;low;high;high;high;low;medium;high;high;medium;low;high;high;high;low;high;low;low;high;medium;high;low;high;medium;high;high;medium;low
STEW,ccb,33,2,0.26436781609195403,0.5675675675675675,3256,74,2,low;low;low;low;low;low;low;low;low;low;low;low;low;low;low;low;low;low;low;low;low;low;low;low;low;low;low;low;low;low;low;low;low;low;low;low;low;medium;medium;medium;medium;medium;medium;medium;medium;medium;medium;medium;medium;medium;medium;medium;medium;medium;medium;medium;medium;medium;medium;medium;medium;medium;medium;medium;medium;medium;medium;medium;medium;medium;medium;medium;medium;medium,low;low;low;low;low;low;low;low;low;low;low;low;low;low;low;low;low;low;low;low;low;low;low;low;low;low;low;low;low;low;low;low;low;low;low;low;high;high;low;high;low;high;low;high;medium;high;high;high;low;low;low;low;low;medium;low;low;low;high;high;high;low;low;high;low;medium;medium;low;low;low;low;medium;low;medium;high
STEW,ccb,34,2,0.08108108108108103,0.5405405405405406,3256,74,2,low;low;low;low;low;low;low;low;low;low;low;low;low;low;low;low;low;low;low;low;low;low;low;low;low;low;low;low;low;low;low;low;low;low;low;low;low;high;high;high;high;high;high;high;high;high;high;high;high;high;high;high;high;high;high;high;high;high;high;high;high;high;high;high;high;high;high;high;high;high;high;high;high;high,low;low;high;low;low;low;low;low;low;low;low;low;low;low;low;low;low;high;low;low;low;low;low;low;low;low;low;low;low;low;low;low;high;low;low;low;low;low;low;low;low;high;low;high;low;low;low;low;low;low;high;low;low;high;low;low;low;low;low;low;low;low;high;high;low;low;low;low;low;low;low;low;low;low
STEW,ccb,35,2,0.14634146341463417,0.527027027027027,3256,74,2,low;low;low;low;low;low;low;low;low;low;low;low;low;low;low;low;low;low;low;low;low;low;low;low;low;low;low;low;low;low;low;low;low;low;low;low;low;medium;medium;medium;medium;medium;medium;medium;medium;medium;medium;medium;medium;medium;medium;medium;medium;medium;medium;medium;medium;medium;medium;medium;medium;medium;medium;medium;medium;medium;medium;medium;medium;medium;medium;medium;medium;medium,high;low;low;low;low;low;high;low;low;low;low;low;low;low;low;low;low;high;low;high;low;low;high;low;low;low;high;low;low;medium;low;low;low;low;low;low;low;low;low;low;low;medium;medium;medium;medium;low;low;low;medium;low;low;medium;low;low;low;high;medium;low;low;low;low;medium;high;low;low;low;medium;low;low;low;low;low;low;low
STEW,ccb,36,2,0.23456790123456794,0.581081081081081,3256,74,2,low;low;low;low;low;low;low;low;low;low;low;low;low;low;low;low;low;low;low;low;low;low;low;low;low;low;low;low;low;low;low;low;low;low;low;low;low;high;high;high;high;high;high;high;high;high;high;high;high;high;high;high;high;high;high;high;high;high;high;high;high;high;high;high;high;high;high;high;high;high;high;high;high;high,low;low;high;high;high;low;low;high;high;high;medium;medium;low;low;high;high;high;low;high;high;high;medium;high;medium;low;high;high;high;high;high;high;low;medium;high;low;high;low;high;high;high;high;high;high;high;high;high;high;high;high;high;high;high;high;high;high;high;high;high;high;high;high;high;high;low;high;high;high;medium;medium;high;low;high;low;high
STEW,ccb,37,2,-0.19999999999999996,0.06756756756756757,3256,74,2,low;low;low;low;low;low;low;low;low;low;low;low;low;low;low;low;low;low;low;low;low;low;low;low;low;low;low;low;low;low;low;low;low;low;low;low;low;high;high;high;high;high;high;high;high;high;high;high;high;high;high;high;high;high;high;high;high;high;high;high;high;high;high;high;high;high;high;high;high;high;high;high;high;high,low;medium;low;medium;medium;medium;medium;medium;medium;medium;medium;medium;medium;medium;medium;medium;medium;medium;medium;medium;medium;medium;medium;medium;medium;medium;medium;medium;medium;medium;medium;medium;medium;medium;medium;medium;medium;low;medium;low;low;low;high;medium;low;low;low;low;low;low;low;low;low;low;high;medium;low;low;medium;low;low;medium;low;high;medium;low;low;low;low;low;low;low;low;low
STEW,ccb,38,2,0.7297297297297297,0.8648648648648649,3256,74,2,low;low;low;low;low;low;low;low;low;low;low;low;low;low;low;low;low;low;low;low;low;low;low;low;low;low;low;low;low;low;low;low;low;low;low;low;low;medium;medium;medium;medium;medium;medium;medium;medium;medium;medium;medium;medium;medium;medium;medium;medium;medium;medium;medium;medium;medium;medium;medium;medium;medium;medium;medium;medium;medium;medium;medium;medium;medium;medium;medium;medium;medium,low;low;low;low;medium;low;low;medium;low;low;low;low;low;low;low;low;low;low;low;low;low;low;low;medium;low;low;low;low;low;low;medium;low;medium;medium;medium;medium;low;medium;medium;medium;medium;medium;medium;medium;medium;medium;medium;medium;medium;medium;low;medium;medium;medium;medium;medium;medium;medium;medium;medium;low;medium;medium;medium;medium;medium;medium;medium;medium;medium;medium;medium;medium;medium
STEW,ccb,39,2,0.038961038961038974,0.5,3256,74,2,low;low;low;low;low;low;low;low;low;low;low;low;low;low;low;low;low;low;low;low;low;low;low;low;low;low;low;low;low;low;low;low;low;low;low;low;low;high;high;high;high;high;high;high;high;high;high;high;high;high;high;high;high;high;high;high;high;high;high;high;high;high;high;high;high;high;high;high;high;high;high;high;high;high,low;low;low;high;low;low;low;low;high;low;low;low;low;low;low;low;low;low;low;low;high;low;low;low;low;low;low;high;low;medium;low;high;low;low;low;low;low;low;high;high;low;low;low;low;low;medium;low;low;low;low;low;low;high;high;low;low;low;low;low;low;low;low;high;low;low;medium;low;low;low;low;high;low;low;low
STEW,ccb,40,2,0.19999999999999996,0.5945945945945946,3256,74,2,low;low;low;low;low;low;low;low;low;low;low;low;low;low;low;low;low;low;low;low;low;low;low;low;low;low;low;low;low;low;low;low;low;low;low;low;low;medium;medium;medium;medium;medium;medium;medium;medium;medium;medium;medium;medium;medium;medium;medium;medium;medium;medium;medium;medium;medium;medium;medium;medium;medium;medium;medium;medium;medium;medium;medium;medium;medium;medium;medium;medium;medium,low;low;low;low;low;low;low;low;low;low;low;low;low;low;low;low;low;low;low;low;medium;low;low;low;low;medium;low;low;low;low;low;low;low;low;low;low;low;low;low;low;low;medium;low;medium;low;low;low;low;low;low;low;high;low;low;low;low;low;medium;medium;low;medium;medium;low;low;low;low;low;medium;medium;low;low;medium;low;low
STEW,ccb,41,2,-0.3999999999999999,0.05405405405405406,3256,74,2,low;low;low;low;low;low;low;low;low;low;low;low;low;low;low;low;low;low;low;low;low;low;low;low;low;low;low;low;low;low;low;low;low;low;low;low;low;medium;medium;medium;medium;medium;medium;medium;medium;medium;medium;medium;medium;medium;medium;medium;medium;medium;medium;medium;medium;medium;medium;medium;medium;medium;medium;medium;medium;medium;medium;medium;medium;medium;medium;medium;medium;medium,medium;medium;medium;medium;medium;medium;medium;medium;medium;medium;medium;medium;medium;medium;medium;medium;medium;medium;medium;medium;medium;medium;medium;medium;medium;medium;medium;medium;medium;medium;low;medium;medium;medium;medium;medium;medium;high;low;high;high;high;high;high;high;high;medium;high;low;low;high;low;high;high;high;high;high;low;medium;high;medium;high;high;high;high;low;high;high;low;high;high;high;high;low
STEW,ccb,43,2,0.022727272727272707,0.4189189189189189,3256,74,2,low;low;low;low;low;low;low;low;low;low;low;low;low;low;low;low;low;low;low;low;low;low;low;low;low;low;low;low;low;low;low;low;low;low;low;low;low;high;high;high;high;high;high;high;high;high;high;high;high;high;high;high;high;high;high;high;high;high;high;high;high;high;high;high;high;high;high;high;high;high;high;high;high;high,low;medium;low;high;low;low;low;low;medium;high;medium;medium;low;low;medium;medium;low;low;low;low;high;low;low;low;low;low;low;low;low;low;low;low;low;low;low;low;low;high;low;medium;low;low;low;low;low;low;low;low;low;medium;low;low;low;medium;low;low;low;low;low;high;high;medium;low;medium;low;medium;low;medium;low;low;low;low;low;medium
STEW,ccb,44,2,0.17307692307692313,0.4189189189189189,3256,74,2,low;low;low;low;low;low;low;low;low;low;low;low;low;low;low;low;low;low;low;low;low;low;low;low;low;low;low;low;low;low;low;low;low;low;low;low;low;high;high;high;high;high;high;high;high;high;high;high;high;high;high;high;high;high;high;high;high;high;high;high;high;high;high;high;high;high;high;high;high;high;high;high;high;high,low;low;low;low;low;medium;medium;medium;medium;medium;medium;low;low;low;low;low;low;low;low;low;medium;low;low;medium;low;low;low;low;low;low;low;low;low;low;medium;low;low;medium;medium;medium;low;medium;medium;low;low;low;low;medium;medium;high;low;high;medium;low;low;medium;low;medium;medium;medium;low;medium;medium;low;low;medium;high;medium;medium;medium;low;medium;medium;medium
STEW,ccb,45,2,0.9459459459459459,0.972972972972973,3256,74,2,low;low;low;low;low;low;low;low;low;low;low;low;low;low;low;low;low;low;low;low;low;low;low;low;low;low;low;low;low;low;low;low;low;low;low;low;low;high;high;high;high;high;high;high;high;high;high;high;high;high;high;high;high;high;high;high;high;high;high;high;high;high;high;high;high;high;high;high;high;high;high;high;high;high,high;low;low;low;low;low;low;low;low;low;low;low;low;low;low;low;low;low;low;low;low;low;low;low;low;low;low;low;low;low;low;low;low;low;low;low;low;high;high;high;high;high;high;high;high;high;high;high;high;high;high;high;high;high;high;high;high;high;high;high;high;high;high;high;high;high;high;high;high;high;high;high;low;high
STEW,ccb,46,2,0.09999999999999998,0.5135135135135135,3256,74,2,low;low;low;low;low;low;low;low;low;low;low;low;low;low;low;low;low;low;low;low;low;low;low;low;low;low;low;low;low;low;low;low;low;low;low;low;low;high;high;high;high;high;high;high;high;high;high;high;high;high;high;high;high;high;high;high;high;high;high;high;high;high;high;high;high;high;high;high;high;high;high;high;high;high,low;low;low;low;low;low;low;low;medium;low;low;low;high;low;low;high;high;low;low;low;high;high;low;high;high;medium;high;low;high;high;low;low;medium;high;low;low;low;low;low;high;high;high;low;high;high;low;high;low;high;low;medium;low;low;low;low;low;low;high;low;high;low;high;high;low;high;high;medium;low;low;low;high;medium;high;low
STEW,ccb,47,2,0.3033707865168539,0.581081081081081,3256,74,2,low;low;low;low;low;low;low;low;low;low;low;low;low;low;low;low;low;low;low;low;low;low;low;low;low;low;low;low;low;low;low;low;low;low;low;low;low;high;high;high;high;high;high;high;high;high;high;high;high;high;high;high;high;high;high;high;high;high;high;high;high;high;high;high;high;high;high;high;high;high;high;high;high;high,medium;low;high;medium;low;low;medium;low;low;low;medium;low;low;high;medium;low;high;low;low;low;low;high;medium;low;medium;medium;low;low;low;medium;low;medium;medium;low;low;medium;low;low;medium;low;high;high;medium;low;high;high;high;low;high;low;low;high;low;medium;high;high;high;high;high;high;high;high;high;high;low;low;high;high;high;low;low;high;high;low
STEW,ccb,48,2,0.5128205128205128,0.7432432432432432,3256,74,2,low;low;low;low;low;low;low;low;low;low;low;low;low;low;low;low;low;low;low;low;low;low;low;low;low;low;low;low;low;low;low;low;low;low;low;low;low;high;high;high;high;high;high;high;high;high;high;high;high;high;high;high;high;high;high;high;high;high;high;high;high;high;high;high;high;high;high;high;high;high;high;high;high;high,low;low;low;high;low;low;medium;low;low;low;low;high;low;low;low;low;low;low;low;low;low;low;low;low;low;low;low;low;low;high;low;medium;low;low;low;low;low;low;high;high;high;low;high;high;high;high;low;high;high;high;low;high;high;high;low;low;low;high;high;high;low;high;low;medium;high;low;low;medium;low;high;high;high;high;high
STEW,ccb,1,3,-0.7105263157894737,0.12162162162162163,3256,74,2,low;low;low;low;low;low;low;low;low;low;low;low;low;low;low;low;low;low;low;low;low;low;low;low;low;low;low;low;low;low;low;low;low;low;low;low;low;high;high;high;high;high;high;high;high;high;high;high;high;high;high;high;high;high;high;high;high;high;high;high;high;high;high;high;high;high;high;high;high;high;high;high;high;high,high;high;high;high;high;high;high;high;high;high;high;high;high;high;high;high;low;high;high;high;high;high;high;high;high;high;high;high;high;high;high;high;high;high;high;high;high;low;low;low;low;low;low;low;low;low;medium;high;medium;low;low;low;high;low;low;low;low;low;low;low;high;low;low;low;low;low;low;low;high;high;high;high;high;low
STEW,ccb,2,3,0.3207547169811321,0.5135135135135135,3256,74,2,low;low;low;low;low;low;low;low;low;low;low;low;low;low;low;low;low;low;low;low;low;low;low;low;low;low;low;low;low;low;low;low;low;low;low;low;low;medium;medium;medium;medium;medium;medium;medium;medium;medium;medium;medium;medium;medium;medium;medium;medium;medium;medium;medium;medium;medium;medium;medium;medium;medium;medium;medium;medium;medium;medium;medium;medium;medium;medium;medium;medium;medium,low;low;low;low;low;low;low;low;low;low;low;low;low;low;low;low;low;low;low;low;low;low;low;low;low;low;low;low;low;low;low;low;low;low;low;low;low;high;high;high;high;high;high;high;high;high;high;high;high;low;high;low;low;high;low;high;high;medium;high;high;high;high;high;high;high;high;high;high;high;high;high;high;high;high
STEW,ccb,3,3,0.07692307692307687,0.43243243243243246,3256,74,2,low;low;low;low;low;low;low;low;low;low;low;low;low;low;low;low;low;low;low;low;low;low;low;low;low;low;low;low;low;low;low;low;low;low;low;low;low;medium;medium;medium;medium;medium;medium;medium;medium;medium;medium;medium;medium;medium;medium;medium;medium;medium;medium;medium;medium;medium;medium;medium;medium;medium;medium;medium;medium;medium;medium;medium;medium;medium;medium;medium;medium;medium,medium;low;low;low;high;low;low;medium;low;medium;medium;medium;high;high;low;low;low;medium;medium;medium;low;low;low;low;low;low;medium;low;low;low;low;high;medium;medium;medium;low;medium;low;medium;medium;medium;low;low;high;medium;high;high;medium;low;low;high;medium;low;low;high;medium;high;medium;medium;low;medium;high;high;low;high;low;high;low;high;low;medium;high;medium;high
STEW,ccb,4,3,0.21568627450980393,0.4594594594594595,3256,74,2,low;low;low;low;low;low;low;low;low;low;low;low;low;low;low;low;low;low;low;low;low;low;low;low;low;low;low;low;low;low;low;low;low;low;low;low;low;medium;medium;medium;medium;medium;medium;medium;medium;medium;medium;medium;medium;medium;medium;medium;medium;medium;medium;medium;medium;medium;medium;medium;medium;medium;medium;medium;medium;medium;medium;medium;medium;medium;medium;medium;medium;medium,low;low;high;low;low;low;low;low;high;low;low;low;low;low;low;low;low;low;low;low;low;low;low;low;low;low;low;high;low;low;low;low;low;low;low;low;low;high;high;low;high;low;low;high;high;low;high;high;high;high;low;high;high;high;low;high;high;high;high;low;high;high;low;low;low;high;high;high;low;high;high;high;low;high
STEW,ccb,6,3,0.44329896907216493,0.6351351351351351,3256,74,2,medium;medium;medium;medium;medium;medium;medium;medium;medium;medium;medium;medium;medium;medium;medium;medium;medium;medium;medium;medium;medium;medium;medium;medium;medium;medium;medium;medium;medium;medium;medium;medium;medium;medium;medium;medium;medium;high;high;high;high;high;high;high;high;high;high;high;high;high;high;high;high;high;high;high;high;high;high;high;high;high;high;high;high;high;high;high;high;high;high;high;high;high,low;medium;low;low;medium;low;medium;low;medium;low;low;low;medium;low;low;medium;medium;high;medium;medium;low;low;medium;low;low;low;medium;low;medium;medium;medium;medium;medium;medium;medium;low;low;low;high;high;high;high;high;high;high;high;low;high;medium;low;high;high;high;high;low;high;high;medium;high;high;low;high;high;high;high;medium;high;high;high;high;high;high;high;high
STEW,ccb,7,3,0.024390243902439046,0.4594594594594595,3256,74,2,low;low;low;low;low;low;low;low;low;low;low;low;low;low;low;low;low;low;low;low;low;low;low;low;low;low;low;low;low;low;low;low;low;low;low;low;low;medium;medium;medium;medium;medium;medium;medium;medium;medium;medium;medium;medium;medium;medium;medium;medium;medium;medium;medium;medium;medium;medium;medium;medium;medium;medium;medium;medium;medium;medium;medium;medium;medium;medium;medium;medium;medium,low;low;low;low;low;low;low;low;low;low;low;low;low;low;low;low;low;low;low;low;high;low;low;low;low;low;low;low;low;low;high;low;high;low;low;high;low;low;low;low;low;low;low;low;low;low;low;low;low;low;low;low;high;medium;low;low;low;low;low;low;low;high;high;low;low;high;low;low;low;low;low;low;low;low
STEW,ccb,8,3,0.42105263157894735,0.7027027027027027,3256,74,2,low;low;low;low;low;low;low;low;low;low;low;low;low;low;low;low;low;low;low;low;low;low;low;low;low;low;low;low;low;low;low;low;low;low;low;low;low;high;high;high;high;high;high;high;high;high;high;high;high;high;high;high;high;high;high;high;high;high;high;high;high;high;high;high;high;high;high;high;high;high;high;high;high;high,low;high;low;low;low;low;high;low;high;low;low;low;low;low;low;low;low;low;low;low;low;high;low;low;low;low;low;low;low;low;low;low;high;low;high;low;low;high;low;high;high;medium;low;high;low;high;low;low;medium;high;high;high;low;low;high;high;high;high;low;high;high;low;high;high;high;high;low;low;high;high;high;low;low;low
STEW,ccb,9,3,0.13953488372093026,0.5,3256,74,2,low;low;low;low;low;low;low;low;low;low;low;low;low;low;low;low;low;low;low;low;low;low;low;low;low;low;low;low;low;low;low;low;low;low;low;low;low;high;high;high;high;high;high;high;high;high;high;high;high;high;high;high;high;high;high;high;high;high;high;high;high;high;high;high;high;high;high;high;high;high;high;high;high;high,low;low;low;low;low;low;low;high;low;high;low;low;low;medium;low;low;low;low;low;low;medium;low;medium;medium;low;low;low;low;low;low;low;low;low;low;low;low;low;low;medium;medium;high;low;high;medium;low;high;low;high;high;low;low;medium;low;low;low;low;low;low;low;low;medium;low;low;medium;low;high;low;low;low;medium;low;medium;low;low
STEW,ccb,10,3,0.26732673267326734,0.5,3256,74,2,low;low;low;low;low;low;low;low;low;low;low;low;low;low;low;low;low;low;low;low;low;low;low;low;low;low;low;low;low;low;low;low;low;low;low;low;low;medium;medium;medium;medium;medium;medium;medium;medium;medium;medium;medium;medium;medium;medium;medium;medium;medium;medium;medium;medium;medium;medium;medium;medium;medium;medium;medium;medium;medium;medium;medium;medium;medium;medium;medium;medium;medium,low;low;low;low;low;low;low;low;low;low;low;low;low;low;low;low;low;low;low;low;low;low;low;low;low;low;low;low;low;low;low;low;low;low;low;low;low;high;high;high;low;high;high;high;low;high;high;high;high;high;high;high;low;low;high;high;high;high;high;high;low;low;high;high;high;high;low;low;low;high;high;low;high;high
STEW,ccb,11,3,0.012658227848101222,0.47297297297297297,3256,74,2,low;low;low;low;low;low;low;low;low;low;low;low;low;low;low;low;low;low;low;low;low;low;low;low;low;low;low;low;low;low;low;low;low;low;low;low;low;medium;medium;medium;medium;medium;medium;medium;medium;medium;medium;medium;medium;medium;medium;medium;medium;medium;medium;medium;medium;medium;medium;medium;medium;medium;medium;medium;medium;medium;medium;medium;medium;medium;medium;medium;medium;medium,low;low;low;low;low;low;low;low;low;low;low;low;low;low;low;low;low;low;low;low;low;low;low;low;low;high;high;low;low;low;low;low;low;low;low;low;low;low;low;low;low;high;low;low;low;low;low;low;low;low;low;low;low;low;low;low;low;low;low;low;low;low;low;low;low;low;low;low;low;low;low;low;high;high
STEW,ccb,12,3,0.1428571428571429,0.47297297297297297,3256,74,2,low;low;low;low;low;low;low;low;low;low;low;low;low;low;low;low;low;low;low;low;low;low;low;low;low;low;low;low;low;low;low;low;low;low;low;low;low;medium;medium;medium;medium;medium;medium;medium;medium;medium;medium;medium;medium;medium;medium;medium;medium;medium;medium;medium;medium;medium;medium;medium;medium;medium;medium;medium;medium;medium;medium;medium;medium;medium;medium;medium;medium;medium,low;low;low;low;low;low;low;low;low;low;low;low;low;low;low;low;low;low;low;low;low;low;low;low;high;low;low;low;low;low;low;high;low;low;high;low;low;medium;high;high;high;low;low;low;low;low;high;high;low;high;low;low;low;low;low;low;low;low;high;low;low;low;low;low;low;high;high;high;low;high;high;low;high;high
STEW,ccb,13,3,0.575,0.7702702702702703,3256,74,2,low;low;low;low;low;low;low;low;low;low;low;low;low;low;low;low;low;low;low;low;low;low;low;low;low;low;low;low;low;low;low;low;low;low;low;low;low;high;high;high;high;high;high;high;high;high;high;high;high;high;high;high;high;high;high;high;high;high;high;high;high;high;high;high;high;high;high;high;high;high;high;high;high;high,low;low;low;low;low;low;low;low;low;low;low;low;low;low;low;low;low;low;low;low;medium;low;low;low;low;low;low;low;medium;low;low;low;low;low;low;low;low;low;high;high;low;low;high;high;high;high;high;high;high;high;low;high;high;low;low;high;high;high;high;low;low;low;high;high;high;high;medium;low;medium;high;high;low;medium;medium
STEW,ccb,14,3,0.1428571428571429,0.5540540540540541,3256,74,2,low;low;low;low;low;low;low;low;low;low;low;low;low;low;low;low;low;low;low;low;low;low;low;low;low;low;low;low;low;low;low;low;low;low;low;low;low;high;high;high;high;high;high;high;high;high;high;high;high;high;high;high;high;high;high;high;high;high;high;high;high;high;high;high;high;high;high;high;high;high;high;high;high;high,low;high;high;high;high;high;low;high;high;high;high;medium;high;high;high;high;low;high;high;high;high;high;low;high;high;high;high;high;high;medium;high;high;high;medium;high;high;high;high;high;high;high;high;high;high;high;high;high;high;high;high;high;high;high;high;high;high;high;high;high;high;high;high;high;high;high;high;high;high;high;high;high;high;high;high
STEW,ccb,15,3,0.08771929824561409,0.2972972972972973,3256,74,2,low;low;low;low;low;low;low;low;low;low;low;low;low;low;low;low;low;low;low;low;low;low;low;low;low;low;low;low;low;low;low;low;low;low;low;low;low;medium;medium;medium;medium;medium;medium;medium;medium;medium;medium;medium;medium;medium;medium;medium;medium;medium;medium;medium;medium;medium;medium;medium;medium;medium;medium;medium;medium;medium;medium;medium;medium;medium;medium;medium;medium;medium,high;high;low;low;low;low;low;low;high;low;low;high;low;high;low;low;high;low;low;medium;low;low;low;high;high;low;low;high;low;low;low;medium;medium;high;low;high;high;high;low;high;high;high;high;high;low;low;low;high;high;high;low;low;high;high;high;high;high;high;high;high;high;low;high;high;high;low;high;high;high;high;low;high;high;high
STEW,ccb,16,3,0.22499999999999998,0.581081081081081,3256,74,2,low;low;low;low;low;low;low;low;low;low;low;low;low;low;low;low;low;low;low;low;low;low;low;low;low;low;low;low;low;low;low;low;low;low;low;low;low;high;high;high;high;high;high;high;high;high;high;high;high;high;high;high;high;high;high;high;high;high;high;high;high;high;high;high;high;high;high;high;high;high;high;high;high;high,low;high;high;high;low;high;low;high;high;high;medium;high;high;low;high;low;low;high;high;low;low;high;low;medium;low;low;low;medium;low;medium;high;low;low;low;high;high;low;high;high;high;high;high;high;low;high;high;low;medium;high;high;high;high;medium;low;low;high;high;high;high;high;low;low;high;high;high;low;low;high;high;high;high;high;low;high
STEW,ccb,17,3,0.5945945945945945,0.7972972972972973,3256,74,2,low;low;low;low;low;low;low;low;low;low;low;low;low;low;low;low;low;low;low;low;low;low;low;low;low;low;low;low;low;low;low;low;low;low;low;low;low;high;high;high;high;high;high;high;high;high;high;high;high;high;high;high;high;high;high;high;high;high;high;high;high;high;high;high;high;high;high;high;high;high;high;high;high;high,high;high;low;low;low;low;high;low;high;low;low;low;low;low;low;low;high;low;low;low;low;low;high;low;low;low;low;low;high;low;low;high;high;high;low;high;low;high;high;low;high;high;high;low;high;high;high;high;high;high;high;high;high;high;high;high;high;high;high;high;high;high;high;low;high;high;high;high;high;low;high;high;high;high
STEW,ccb,18,3,0.35922330097087374,0.5540540540540541,3256,74,2,medium;medium;medium;medium;medium;medium;medium;medium;medium;medium;medium;medium;medium;medium;medium;medium;medium;medium;medium;medium;medium;medium;medium;medium;medium;medium;medium;medium;medium;medium;medium;medium;medium;medium;medium;medium;medium;high;high;high;high;high;high;high;high;high;high;high;high;high;high;high;high;high;high;high;high;high;high;high;high;high;high;high;high;high;high;high;high;high;high;high;high;high,high;high;medium;medium;medium;medium;medium;high;medium;medium;medium;medium;medium;low;medium;medium;medium;medium;medium;low;low;low;low;low;low;low;low;low;low;low;low;low;low;low;high;low;low;low;high;high;high;low;high;high;low;high;high;high;low;high;high;high;high;high;high;high;low;high;high;low;high;low;high;high;high;low;low;high;high;high;low;high;high;low
STEW,ccb,19,3,0.06172839506172845,0.4864864864864865,3256,74,2,low;low;low;low;low;low;low;low;low;low;low;low;low;low;low;low;low;low;low;low;low;low;low;low;low;low;low;low;low;low;low;low;low;low;low;low;low;medium;medium;medium;medium;medium;medium;medium;medium;medium;medium;medium;medium;medium;medium;medium;medium;medium;medium;medium;medium;medium;medium;medium;medium;medium;medium;medium;medium;medium;medium;medium;medium;medium;medium;medium;medium;medium,low;low;low;low;low;low;low;low;low;low;low;low;low;low;low;low;low;low;low;low;low;low;low;low;low;low;low;low;low;medium;low;low;low;low;low;low;low;high;high;high;low;low;low;low;low;low;low;low;low;high;low;low;high;low;low;low;high;low;low;low;low;low;low;low;low;low;high;low;low;low;low;low;low;low
STEW,ccb,20,3,0.84,0.918918918918919,3256,74,2,low;low;low;low;low;low;low;low;low;low;low;low;low;low;low;low;low;low;low;low;low;low;low;low;low;low;low;low;low;low;low;low;low;low;low;low;low;high;high;high;high;high;high;high;high;high;high;high;high;high;high;high;high;high;high;high;high;high;high;high;high;high;high;high;high;high;high;high;high;high;high;high;high;high,high;low;high;low;high;low;low;low;low;low;low;low;low;low;low;low;low;low;low;low;low;low;low;low;low;low;low;low;medium;low;low;low;low;low;low;low;low;high;high;high;high;high;high;high;high;high;high;high;high;high;high;high;high;high;high;high;high;high;low;high;high;low;high;high;high;high;high;high;high;high;high;high;high;high
STEW,ccb,21,3,0.12643678160919536,0.4864864864864865,3256,74,2,low;low;low;low;low;low;low;low;low;low;low;low;low;low;low;low;low;low;low;low;low;low;low;low;low;low;low;low;low;low;low;low;low;low;low;low;low;medium;medium;medium;medium;medium;medium;medium;medium;medium;medium;medium;medium;medium;medium;medium;medium;medium;medium;medium;medium;medium;medium;medium;medium;medium;medium;medium;medium;medium;medium;medium;medium;medium;medium;medium;medium;medium,low;low;low;low;low;low;low;low;low;low;low;low;low;low;low;low;low;low;low;low;low;low;low;low;low;low;low;low;low;low;low;low;high;low;low;low;low;low;low;low;low;high;low;low;low;low;low;low;high;low;high;high;high;low;high;low;low;high;low;low;low;low;high;low;low;high;high;low;high;high;low;low;low;low
STEW,ccb,22,3,0.01388888888888884,0.04054054054054054,3256,74,2,medium;medium;medium;medium;medium;medium;medium;medium;medium;medium;medium;medium;medium;medium;medium;medium;medium;medium;medium;medium;medium;medium;medium;medium;medium;medium;medium;medium;medium;medium;medium;medium;medium;medium;medium;medium;medium;high;high;high;high;high;high;high;high;high;high;high;high;high;high;high;high;high;high;high;high;high;high;high;high;high;high;high;high;high;high;high;high;high;high;high;high;high,low;low;low;low;low;low;low;low;low;low;low;low;low;low;low;low;low;low;low;low;low;low;low;low;low;low;low;low;low;low;low;low;low;low;low;low;low;low;low;high;low;medium;low;low;low;low;low;low;low;low;low;low;low;low;low;high;low;low;low;low;low;low;low;low;low;low;high;low;low;low;low;low;low;low
STEW,ccb,23,3,1.0,1.0,3256,74,2,low;low;low;low;low;low;low;low;low;low;low;low;low;low;low;low;low;low;low;low;low;low;low;low;low;low;low;low;low;low;low;low;low;low;low;low;low;medium;medium;medium;medium;medium;medium;medium;medium;medium;medium;medium;medium;medium;medium;medium;medium;medium;medium;medium;medium;medium;medium;medium;medium;medium;medium;medium;medium;medium;medium;medium;medium;medium;medium;medium;medium;medium,low;low;low;low;low;low;low;low;low;low;low;low;low;low;low;low;low;low;low;low;low;low;low;low;low;low;low;low;low;low;low;low;low;low;low;low;low;medium;medium;medium;medium;medium;medium;medium;medium;medium;medium;medium;medium;medium;medium;medium;medium;medium;medium;medium;medium;medium;medium;medium;medium;medium;medium;medium;medium;medium;medium;medium;medium;medium;medium;medium;medium;medium
STEW,ccb,25,3,0.16883116883116878,0.5675675675675675,3256,74,2,low;low;low;low;low;low;low;low;low;low;low;low;low;low;low;low;low;low;low;low;low;low;low;low;low;low;low;low;low;low;low;low;low;low;low;low;low;medium;medium;medium;medium;medium;medium;medium;medium;medium;medium;medium;medium;medium;medium;medium;medium;medium;medium;medium;medium;medium;medium;medium;medium;medium;medium;medium;medium;medium;medium;medium;medium;medium;medium;medium;medium;medium,low;low;low;low;low;low;low;low;low;low;low;low;low;low;low;low;medium;low;low;low;low;low;low;low;low;low;low;low;low;low;low;low;low;low;low;low;low;low;low;low;low;low;low;low;medium;medium;medium;low;low;high;low;low;low;low;low;high;low;low;low;medium;low;low;low;low;low;low;medium;low;medium;low;low;high;low;low
STEW,ccb,26,3,0.06666666666666665,0.527027027027027,3256,74,2,low;low;low;low;low;low;low;low;low;low;low;low;low;low;low;low;low;low;low;low;low;low;low;low;low;low;low;low;low;low;low;low;low;low;low;low;low;high;high;high;high;high;high;high;high;high;high;high;high;high;high;high;high;high;high;high;high;high;high;high;high;high;high;high;high;high;high;high;high;high;high;high;high;high,low;low;low;low;low;low;low;low;low;low;low;low;low;low;low;low;low;low;high;low;low;low;low;low;low;low;high;low;low;low;low;low;low;low;low;low;low;low;high;low;low;low;medium;high;low;high;low;low;low;low;low;low;low;low;low;low;low;low;low;high;low;low;low;low;low;low;low;low;low;low;low;low;low;low
STEW,ccb,27,3,0.8666666666666667,0.9324324324324325,3256,74,2,low;low;low;low;low;low;low;low;low;low;low;low;low;low;low;low;low;low;low;low;low;low;low;low;low;low;low;low;low;low;low;low;low;low;low;low;low;medium;medium;medium;medium;medium;medium;medium;medium;medium;medium;medium;medium;medium;medium;medium;medium;medium;medium;medium;medium;medium;medium;medium;medium;medium;medium;medium;medium;medium;medium;medium;medium;medium;medium;medium;medium;medium,low;low;medium;low;medium;medium;low;low;low;low;low;low;low;low;low;low;low;low;low;low;low;low;low;low;low;low;low;low;low;low;low;low;low;low;low;low;low;medium;high;medium;medium;medium;medium;medium;medium;medium;low;medium;medium;medium;medium;medium;medium;medium;medium;medium;medium;medium;medium;medium;medium;medium;medium;medium;medium;medium;medium;medium;medium;medium;medium;medium;medium;medium
STEW,ccb,28,3,0.44999999999999996,0.7027027027027027,3256,74,2,low;low;low;low;low;low;low;low;low;low;low;low;low;low;low;low;low;low;low;low;low;low;low;low;low;low;low;low;low;low;low;low;low;low;low;low;low;high;high;high;high;high;high;high;high;high;high;high;high;high;high;high;high;high;high;high;high;high;high;high;high;high;high;high;high;high;high;high;high;high;high;high;high;high,low;medium;low;low;low;low;low;low;low;low;low;low;high;low;medium;low;low;low;low;low;low;low;low;low;low;low;high;low;low;low;low;low;low;low;low;low;low;low;high;high;medium;high;medium;high;low;low;low;high;high;low;high;high;low;high;low;high;high;high;high;low;low;low;high;high;high;high;low;medium;low;medium;high;low;high;low
STEW,ccb,29,3,0.19626168224299068,0.4189189189189189,3256,74,2,low;low;low;low;low;low;low;low;low;low;low;low;low;low;low;low;low;low;low;low;low;low;low;low;low;low;low;low;low;low;low;low;low;low;low;low;low;medium;medium;medium;medium;medium;medium;medium;medium;medium;medium;medium;medium;medium;medium;medium;medium;medium;medium;medium;medium;medium;medium;medium;medium;medium;medium;medium;medium;medium;medium;medium;medium;medium;medium;medium;medium;medium,low;low;low;low;low;high;low;low;low;low;high;low;low;low;high;low;low;low;low;low;low;low;high;low;high;high;low;low;low;low;high;high;low;low;low;low;high;high;low;low;low;high;low;high;low;low;high;high;low;low;high;high;medium;high;high;high;high;low;medium;high;high;high;high;medium;high;high;high;high;high;high;high;low;high;high
STEW,ccb,30,3,0.6756756756756757,0.8378378378378378,3256,74,2,low;low;low;low;low;low;low;low;low;low;low;low;low;low;low;low;low;low;low;low;low;low;low;low;low;low;low;low;low;low;low;low;low;low;low;low;low;high;high;high;high;high;high;high;high;high;high;high;high;high;high;high;high;high;high;high;high;high;high;high;high;high;high;high;high;high;high;high;high;high;high;high;high;high,low;low;high;low;low;low;low;low;low;low;low;low;low;low;low;low;high;low;high;low;high;low;high;high;low;low;low;high;high;high;low;low;low;low;low;low;low;high;high;high;high;high;high;high;high;low;high;high;low;high;high;high;low;high;high;high;high;high;high;high;high;high;high;high;high;high;high;high;high;high;high;high;high;high
STEW,ccb,31,3,0.2421052631578947,0.5135135135135135,3256,74,2,low;low;low;low;low;low;low;low;low;low;low;low;low;low;low;low;low;low;low;low;low;low;low;low;low;low;low;low;low;low;low;low;low;low;low;low;low;medium;medium;medium;medium;medium;medium;medium;medium;medium;medium;medium;medium;medium;medium;medium;medium;medium;medium;medium;medium;medium;medium;medium;medium;medium;medium;medium;medium;medium;medium;medium;medium;medium;medium;medium;medium;medium,low;low;low;low;low;low;low;low;low;low;low;low;low;low;low;low;low;low;low;low;low;low;low;low;low;low;low;low;low;low;low;low;low;low;low;low;low;high;low;low;high;high;high;high;high;high;low;high;high;low;low;low;low;high;low;low;low;high;high;low;low;low;high;low;medium;high;high;high;high;high;low;high;high;high
STEW,ccb,32,3,0.19999999999999996,0.5945945945945946,3256,74,2,low;low;low;low;low;low;low;low;low;low;low;low;low;low;low;low;low;low;low;low;low;low;low;low;low;low;low;low;low;low;low;low;low;low;low;low;low;high;high;high;high;high;high;high;high;high;high;high;high;high;high;high;high;high;high;high;high;high;high;high;high;high;high;high;high;high;high;high;high;high;high;high;high;high,low;low;low;high;low;high;high;low;low;high;low;high;low;high;high;low;low;low;low;low;low;low;high;low;low;low;low;low;low;low;high;low;low;low;low;low;low;high;high;low;high;high;low;high;low;low;low;high;high;low;high;high;low;low;low;high;low;low;low;low;high;low;low;low;high;low;high;low;high;high;high;low;medium;low
STEW,ccb,33,3,0.3267326732673267,0.5405405405405406,3256,74,2,low;low;low;low;low;low;low;low;low;low;low;low;low;low;low;low;low;low;low;low;low;low;low;low;low;low;low;low;low;low;low;low;low;low;low;low;low;medium;medium;medium;medium;medium;medium;medium;medium;medium;medium;medium;medium;medium;medium;medium;medium;medium;medium;medium;medium;medium;medium;medium;medium;medium;medium;medium;medium;medium;medium;medium;medium;medium;medium;medium;medium;medium,low;medium;low;low;low;low;low;low;low;low;high;low;low;low;low;high;low;low;low;low;low;low;low;low;low;low;low;low;low;low;low;low;low;low;low;low;high;high;high;high;high;high;low;low;high;low;high;high;high;high;high;high;high;high;high;high;medium;high;high;high;medium;medium;high;medium;high;high;medium;low;low;low;high;high;medium;medium
STEW,ccb,34,3,0.09090909090909094,0.527027027027027,3256,74,2,low;low;low;low;low;low;low;low;low;low;low;low;low;low;low;low;low;low;low;low;low;low;low;low;low;low;low;low;low;low;low;low;low;low;low;low;low;high;high;high;high;high;high;high;high;high;high;high;high;high;high;high;high;high;high;high;high;high;high;high;high;high;high;high;high;high;high;high;high;high;high;high;high;high,low;low;low;low;low;medium;low;low;low;low;low;low;low;low;low;low;low;low;high;low;low;low;low;low;low;low;low;low;low;low;low;low;low;low;low;low;low;low;low;high;low;low;low;low;low;low;low;medium;low;low;low;medium;high;low;low;low;low;low;low;low;low;low;low;low;low;high;low;low;low;low;high;low;low;low
STEW,ccb,35,3,0.1466666666666666,0.5675675675675675,3256,74,2,low;low;low;low;low;low;low;low;low;low;low;low;low;low;low;low;low;low;low;low;low;low;low;low;low;low;low;low;low;low;low;low;low;low;low;low;low;medium;medium;medium;medium;medium;medium;medium;medium;medium;medium;medium;medium;medium;medium;medium;medium;medium;medium;medium;medium;medium;medium;medium;medium;medium;medium;medium;medium;medium;medium;medium;medium;medium;medium;medium;medium;medium,low;low;low;low;low;low;low;low;low;low;low;low;low;low;low;low;low;low;low;high;low;low;low;low;low;low;low;low;low;low;low;low;low;low;low;low;low;low;low;low;medium;medium;medium;medium;medium;low;medium;low;low;low;low;low;low;low;low;low;low;low;low;low;low;low;low;low;low;low;low;low;low;low;low;low;low;low
STEW,ccb,36,3,0.6,0.7837837837837838,3256,74,2,low;low;low;low;low;low;low;low;low;low;low;low;low;low;low;low;low;low;low;low;low;low;low;low;low;low;low;low;low;low;low;low;low;low;low;low;low;high;high;high;high;high;high;high;high;high;high;high;high;high;high;high;high;high;high;high;high;high;high;high;high;high;high;high;high;high;high;high;high;high;high;high;high;high,low;low;low;low;low;low;low;low;high;low;medium;low;low;low;low;low;low;low;low;low;high;low;high;low;low;low;low;high;high;low;high;low;medium;low;low;low;low;high;high;high;high;high;high;high;high;high;high;medium;high;high;high;medium;high;high;high;high;high;high;high;high;high;medium;high;medium;high;high;high;low;low;high;high;high;low;low
STEW,ccb,37,3,-0.18518518518518512,0.13513513513513514,3256,74,2,low;low;low;low;low;low;low;low;low;low;low;low;low;low;low;low;low;low;low;low;low;low;low;low;low;low;low;low;low;low;low;low;low;low;low;low;low;high;high;high;high;high;high;high;high;high;high;high;high;high;high;high;high;high;high;high;high;high;high;high;high;high;high;high;high;high;high;high;high;high;high;high;high;high,low;medium;medium;low;medium;medium;medium;medium;medium;medium;low;medium;medium;medium;medium;medium;medium;medium;medium;medium;low;medium;medium;medium;medium;medium;medium;medium;medium;medium;medium;low;medium;medium;medium;medium;medium;low;high;low;low;low;low;medium;low;low;low;low;low;medium;low;low;low;low;high;high;low;low;low;low;low;low;low;high;low;low;low;low;high;low;low;low;low;low
STEW,ccb,38,3,0.7027027027027026,0.8513513513513513,3256,74,2,low;low;low;low;low;low;low;low;low;low;low;low;low;low;low;low;low;low;low;low;low;low;low;low;low;low;low;low;low;low;low;low;low;low;low;low;low;medium;medium;medium;medium;medium;medium;medium;medium;medium;medium;medium;medium;medium;medium;medium;medium;medium;medium;medium;medium;medium;medium;medium;medium;medium;medium;medium;medium;medium;medium;medium;medium;medium;medium;medium;medium;medium,low;low;medium;low;low;low;medium;low;low;low;low;low;low;low;low;low;low;low;medium;low;medium;low;low;medium;low;low;medium;low;low;low;medium;low;medium;medium;medium;medium;low;medium;medium;medium;medium;medium;medium;medium;medium;medium;medium;medium;medium;medium;medium;medium;medium;medium;medium;medium;medium;medium;medium;medium;medium;medium;medium;medium;medium;medium;medium;medium;medium;medium;medium;medium;medium;medium
STEW,ccb,39,3,0.23076923076923073,0.5945945945945946,3256,74,2,low;low;low;low;low;low;low;low;low;low;low;low;low;low;low;low;low;low;low;low;low;low;low;low;low;low;low;low;low;low;low;low;low;low;low;low;low;high;high;high;high;high;high;high;high;high;high;high;high;high;high;high;high;high;high;high;high;high;high;high;high;high;high;high;high;high;high;high;high;high;high;high;high;high,low;low;low;low;low;low;low;low;high;low;low;low;low;low;low;low;low;low;low;low;medium;low;low;low;low;low;low;high;low;low;low;high;low;low;low;low;low;low;high;high;low;low;low;high;low;medium;low;low;low;low;low;high;high;high;low;medium;low;low;high;low;low;low;high;low;low;low;low;high;low;medium;high;low;low;high
STEW,ccb,40,3,-0.21621621621621623,0.3918918918918919,3256,74,2,low;low;low;low;low;low;low;low;low;low;low;low;low;low;low;low;low;low;low;low;low;low;low;low;low;low;low;low;low;low;low;low;low;low;low;low;low;medium;medium;medium;medium;medium;medium;medium;medium;medium;medium;medium;medium;medium;medium;medium;medium;medium;medium;medium;medium;medium;medium;medium;medium;medium;medium;medium;medium;medium;medium;medium;medium;medium;medium;medium;medium;medium,medium;medium;medium;medium;medium;medium;medium;medium;medium;medium;medium;medium;medium;medium;medium;medium;medium;medium;medium;medium;medium;medium;medium;medium;medium;medium;medium;medium;medium;medium;medium;medium;medium;medium;medium;medium;medium;medium;low;medium;medium;medium;medium;medium;low;medium;medium;medium;low;low;medium;medium;medium;medium;medium;medium;medium;medium;medium;medium;medium;medium;low;medium;medium;medium;low;low;medium;medium;medium;medium;low;medium
STEW,ccb,41,3,-0.4509803921568627,0.0,3256,74,2,low;low;low;low;low;low;low;low;low;low;low;low;low;low;low;low;low;low;low;low;low;low;low;low;low;low;low;low;low;low;low;low;low;low;low;low;low;medium;medium;medium;medium;medium;medium;medium;medium;medium;medium;medium;medium;medium;medium;medium;medium;medium;medium;medium;medium;medium;medium;medium;medium;medium;medium;medium;medium;medium;medium;medium;medium;medium;medium;medium;medium;medium,medium;medium;medium;medium;medium;medium;medium;medium;medium;medium;medium;medium;medium;medium;medium;medium;medium;medium;medium;medium;medium;medium;medium;medium;medium;medium;medium;medium;medium;medium;medium;medium;medium;medium;medium;medium;medium;low;high;low;high;high;high;high;low;high;high;high;low;high;high;high;high;high;high;high;high;high;high;low;high;high;low;high;high;high;high;high;low;high;high;low;high;low
STEW,ccb,43,3,-0.1282051282051282,0.40540540540540543,3256,74,2,low;low;low;low;low;low;low;low;low;low;low;low;low;low;low;low;low;low;low;low;low;low;low;low;low;low;low;low;low;low;low;low;low;low;low;low;low;high;high;high;high;high;high;high;high;high;high;high;high;high;high;high;high;high;high;high;high;high;high;high;high;high;high;high;high;high;high;high;high;high;high;high;high;high,low;medium;low;high;low;low;high;low;high;high;high;low;low;low;low;low;low;low;low;low;low;low;low;low;medium;low;low;low;low;low;low;low;low;low;low;low;low;low;low;medium;medium;low;low;low;low;low;low;low;low;low;low;low;low;low;low;low;low;low;low;low;low;low;low;low;low;low;low;low;low;low;low;low;low;low
STEW,ccb,44,3,0.052631578947368474,0.3918918918918919,3256,74,2,low;low;low;low;low;low;low;low;low;low;low;low;low;low;low;low;low;low;low;low;low;low;low;low;low;low;low;low;low;low;low;low;low;low;low;low;low;high;high;high;high;high;high;high;high;high;high;high;high;high;high;high;high;high;high;high;high;high;high;high;high;high;high;high;high;high;high;high;high;high;high;high;high;high,low;low;low;low;medium;medium;medium;medium;medium;medium;medium;low;low;low;low;low;low;low;low;low;medium;low;low;low;low;low;low;low;low;low;low;low;low;low;medium;low;low;medium;medium;medium;low;low;low;low;low;low;low;medium;medium;medium;low;low;medium;low;medium;low;low;medium;low;low;low;low;low;low;low;low;high;medium;medium;low;low;low;medium;low
STEW,ccb,45,3,0.6136363636363636,0.7702702702702703,3256,74,2,low;low;low;low;low;low;low;low;low;low;low;low;low;low;low;low;low;low;low;low;low;low;low;low;low;low;low;low;low;low;low;low;low;low;low;low;low;high;high;high;high;high;high;high;high;high;high;high;high;high;high;high;high;high;high;high;high;high;high;high;high;high;high;high;high;high;high;high;high;high;high;high;high;high,low;low;low;low;low;low;low;low;low;low;low;low;low;low;low;low;low;low;low;low;low;low;low;low;low;low;low;low;low;low;low;low;low;low;low;low;low;medium;high;low;medium;medium;medium;medium;high;high;low;high;medium;medium;low;medium;high;high;high;high;high;high;high;high;high;medium;medium;high;high;medium;high;medium;high;high;high;high;medium;medium
STEW,ccb,46,3,0.275,0.6081081081081081,3256,74,2,low;low;low;low;low;low;low;low;low;low;low;low;low;low;low;low;low;low;low;low;low;low;low;low;low;low;low;low;low;low;low;low;low;low;low;low;low;high;high;high;high;high;high;high;high;high;high;high;high;high;high;high;high;high;high;high;high;high;high;high;high;high;high;high;high;high;high;high;high;high;high;high;high;high,low;low;low;low;low;low;low;low;low;low;low;low;medium;medium;low;low;low;low;low;low;low;low;low;low;high;low;high;low;low;high;high;low;medium;high;low;low;high;high;low;low;high;high;low;high;low;low;low;low;medium;low;low;high;high;low;high;low;high;medium;low;high;high;high;high;low;high;high;medium;high;low;low;high;high;low;low
STEW,ccb,47,3,0.0,0.4864864864864865,3256,74,2,low;low;low;low;low;low;low;low;low;low;low;low;low;low;low;low;low;low;low;low;low;low;low;low;low;low;low;low;low;low;low;low;low;low;low;low;low;high;high;high;high;high;high;high;high;high;high;high;high;high;high;high;high;high;high;high;high;high;high;high;high;high;high;high;high;high;high;high;high;high;high;high;high;high,high;low;high;high;low;high;high;low;low;high;high;low;high;high;high;low;low;low;low;low;high;high;high;low;low;high;low;low;low;low;low;low;high;high;low;low;low;high;high;high;high;low;low;low;high;low;high;low;low;low;low;low;medium;low;medium;high;high;high;low;high;low;low;high;high;low;high;low;low;low;low;low;high;high;low
STEW,ccb,48,3,0.7692307692307692,0.8783783783783784,3256,74,2,low;low;low;low;low;low;low;low;low;low;low;low;low;low;low;low;low;low;low;low;low;low;low;low;low;low;low;low;low;low;low;low;low;low;low;low;low;high;high;high;high;high;high;high;high;high;high;high;high;high;high;high;high;high;high;high;high;high;high;high;high;high;high;high;high;high;high;high;high;high;high;high;high;high,low;low;low;low;low;low;high;low;low;low;low;low;low;low;low;low;low;low;low;low;low;low;low;low;low;low;low;high;low;low;low;low;low;low;low;low;low;medium;high;high;high;high;high;high;low;high;medium;high;high;high;high;high;high;high;high;low;high;high;high;high;medium;high;high;low;high;high;high;medium;high;high;high;high;high;high
STEW,ccb,1,42,0.4,0.6756756756756757,3256,74,2,low;low;low;low;low;low;low;low;low;low;low;low;low;low;low;low;low;low;low;low;low;low;low;low;low;low;low;low;low;low;low;low;low;low;low;low;low;high;high;high;high;high;high;high;high;high;high;high;high;high;high;high;high;high;high;high;high;high;high;high;high;high;high;high;high;high;high;high;high;high;high;high;high;high,low;low;low;low;low;low;high;low;low;low;low;low;low;low;low;low;low;low;low;low;low;low;low;low;low;low;low;low;low;low;low;low;low;low;high;low;low;high;low;high;medium;high;low;low;medium;medium;medium;high;high;low;high;low;high;low;high;low;low;medium;low;low;high;low;low;low;high;high;low;medium;high;low;high;high;high;low
STEW,ccb,2,42,0.2952380952380952,0.5,3256,74,2,low;low;low;low;low;low;low;low;low;low;low;low;low;low;low;low;low;low;low;low;low;low;low;low;low;low;low;low;low;low;low;low;low;low;low;low;low;medium;medium;medium;medium;medium;medium;medium;medium;medium;medium;medium;medium;medium;medium;medium;medium;medium;medium;medium;medium;medium;medium;medium;medium;medium;medium;medium;medium;medium;medium;medium;medium;medium;medium;medium;medium;medium,low;low;low;low;low;low;low;low;low;low;low;low;low;low;low;low;low;low;low;low;low;low;low;low;low;low;low;low;low;low;low;low;low;low;low;low;low;high;high;high;high;high;high;high;low;high;high;low;high;low;low;low;high;high;high;high;high;high;high;high;high;high;high;high;high;high;high;low;high;high;high;high;high;high
STEW,ccb,3,42,0.28421052631578947,0.5405405405405406,3256,74,2,low;low;low;low;low;low;low;low;low;low;low;low;low;low;low;low;low;low;low;low;low;low;low;low;low;low;low;low;low;low;low;low;low;low;low;low;low;medium;medium;medium;medium;medium;medium;medium;medium;medium;medium;medium;medium;medium;medium;medium;medium;medium;medium;medium;medium;medium;medium;medium;medium;medium;medium;medium;medium;medium;medium;medium;medium;medium;medium;medium;medium;medium,low;low;low;low;high;low;low;medium;low;medium;medium;high;high;high;low;low;low;low;low;low;low;low;low;low;low;low;low;low;low;low;low;low;low;low;low;low;low;low;medium;medium;medium;high;medium;high;low;high;high;low;low;low;high;medium;high;low;high;medium;high;medium;medium;low;high;high;high;low;high;low;high;low;high;high;medium;high;medium;high
STEW,ccb,4,42,0.11578947368421055,0.43243243243243246,3256,74,2,low;low;low;low;low;low;low;low;low;low;low;low;low;low;low;low;low;low;low;low;low;low;low;low;low;low;low;low;low;low;low;low;low;low;low;low;low;medium;medium;medium;medium;medium;medium;medium;medium;medium;medium;medium;medium;medium;medium;medium;medium;medium;medium;medium;medium;medium;medium;medium;medium;medium;medium;medium;medium;medium;medium;medium;medium;medium;medium;medium;medium;medium,medium;low;low;medium;low;low;high;low;medium;low;low;low;low;low;low;low;high;low;low;low;low;low;low;low;low;high;low;low;low;low;low;high;low;low;low;low;low;low;high;low;high;high;low;low;high;high;high;low;high;low;low;low;high;low;high;medium;high;high;low;low;high;low;low;low;high;low;high;high;low;high;medium;low;high;low
STEW,ccb,6,42,0.040000000000000036,0.1891891891891892,3256,74,2,medium;medium;medium;medium;medium;medium;medium;medium;medium;medium;medium;medium;medium;medium;medium;medium;medium;medium;medium;medium;medium;medium;medium;medium;medium;medium;medium;medium;medium;medium;medium;medium;medium;medium;medium;medium;medium;high;high;high;high;high;high;high;high;high;high;high;high;high;high;high;high;high;high;high;high;high;high;high;high;high;high;high;high;high;high;high;high;high;high;high;high;high,low;low;low;low;low;low;high;low;low;low;high;low;low;high;low;low;low;low;low;high;low;low;low;low;low;low;low;low;high;low;low;low;low;low;high;high;low;low;high;high;low;medium;high;low;low;low;low;low;low;high;high;high;high;low;low;high;low;low;low;low;high;low;high;low;medium;low;low;low;low;low;high;high;high;high
STEW,ccb,7,42,0.19999999999999996,0.5675675675675675,3256,74,2,low;low;low;low;low;low;low;low;low;low;low;low;low;low;low;low;low;low;low;low;low;low;low;low;low;low;low;low;low;low;low;low;low;low;low;low;low;medium;medium;medium;medium;medium;medium;medium;medium;medium;medium;medium;medium;medium;medium;medium;medium;medium;medium;medium;medium;medium;medium;medium;medium;medium;medium;medium;medium;medium;medium;medium;medium;medium;medium;medium;medium;medium,low;low;low;low;low;low;low;low;low;low;low;low;low;low;low;high;low;low;low;low;low;low;low;low;low;low;low;low;low;low;low;low;low;low;low;low;low;low;low;low;high;medium;low;low;high;low;high;low;low;medium;medium;low;low;high;high;low;low;low;low;low;low;low;low;low;low;low;medium;low;low;low;low;low;medium;medium
STEW,ccb,8,42,0.5,0.7297297297297297,3256,74,2,low;low;low;low;low;low;low;low;low;low;low;low;low;low;low;low;low;low;low;low;low;low;low;low;low;low;low;low;low;low;low;low;low;low;low;low;low;high;high;high;high;high;high;high;high;high;high;high;high;high;high;high;high;high;high;high;high;high;high;high;high;high;high;high;high;high;high;high;high;high;high;high;high;high,low;low;low;low;low;low;low;low;low;low;low;low;low;low;low;low;low;low;low;low;low;high;low;low;low;low;low;low;low;low;low;low;high;low;low;low;low;low;medium;high;high;high;medium;high;medium;low;high;high;medium;high;low;high;low;low;high;medium;high;high;high;low;high;high;high;medium;low;low;low;low;high;high;high;low;high;low
STEW,ccb,9,42,0.10588235294117643,0.4864864864864865,3256,74,2,low;low;low;low;low;low;low;low;low;low;low;low;low;low;low;low;low;low;low;low;low;low;low;low;low;low;low;low;low;low;low;low;low;low;low;low;low;high;high;high;high;high;high;high;high;high;high;high;high;high;high;high;high;high;high;high;high;high;high;high;high;high;high;high;high;high;high;high;high;high;high;high;high;high,low;low;low;low;low;low;low;high;low;high;low;low;low;low;low;low;low;low;low;low;low;low;low;medium;low;low;low;low;low;low;medium;low;low;low;low;low;low;low;medium;medium;high;low;high;medium;low;high;low;medium;low;low;low;low;medium;low;low;low;medium;low;medium;low;low;low;low;medium;low;low;low;low;low;medium;low;low;low;low
STEW,ccb,10,42,0.08333333333333337,0.25675675675675674,3256,74,2,low;low;low;low;low;low;low;low;low;low;low;low;low;low;low;low;low;low;low;low;low;low;low;low;low;low;low;low;low;low;low;low;low;low;low;low;low;medium;medium;medium;medium;medium;medium;medium;medium;medium;medium;medium;medium;medium;medium;medium;medium;medium;medium;medium;medium;medium;medium;medium;medium;medium;medium;medium;medium;medium;medium;medium;medium;medium;medium;medium;medium;medium,high;high;low;low;high;low;high;low;high;high;low;high;high;high;high;low;low;high;high;low;low;high;low;low;low;low;low;low;low;high;low;high;high;low;high;low;high;high;high;high;high;high;high;low;high;low;high;high;high;high;high;high;low;high;high;low;high;low;high;high;low;low;high;high;high;high;low;high;low;high;high;high;high;high
STEW,ccb,11,42,0.03614457831325302,0.4594594594594595,3256,74,2,low;low;low;low;low;low;low;low;low;low;low;low;low;low;low;low;low;low;low;low;low;low;low;low;low;low;low;low;low;low;low;low;low;low;low;low;low;medium;medium;medium;medium;medium;medium;medium;medium;medium;medium;medium;medium;medium;medium;medium;medium;medium;medium;medium;medium;medium;medium;medium;medium;medium;medium;medium;medium;medium;medium;medium;medium;medium;medium;medium;medium;medium,low;low;low;low;low;low;high;low;low;low;low;low;low;low;low;low;low;low;low;low;low;low;low;low;low;high;high;low;low;low;low;low;low;low;low;high;low;low;low;low;low;high;low;medium;high;low;low;low;low;low;low;low;high;low;low;low;low;low;low;low;low;low;low;low;low;low;low;low;low;low;low;low;high;high
STEW,ccb,12,42,0.24489795918367352,0.5,3256,74,2,low;low;low;low;low;low;low;low;low;low;low;low;low;low;low;low;low;low;low;low;low;low;low;low;low;low;low;low;low;low;low;low;low;low;low;low;low;medium;medium;medium;medium;medium;medium;medium;medium;medium;medium;medium;medium;medium;medium;medium;medium;medium;medium;medium;medium;medium;medium;medium;medium;medium;medium;medium;medium;medium;medium;medium;medium;medium;medium;medium;medium;medium,low;low;low;low;low;low;low;low;low;low;low;low;low;low;low;low;low;low;low;low;low;low;low;low;low;high;low;low;low;low;low;high;low;low;high;low;low;high;high;high;high;high;low;low;high;high;low;medium;low;low;high;low;high;low;low;high;high;low;low;medium;low;medium;high;low;high;high;high;high;high;high;high;high;high;low
STEW,ccb,13,42,0.5632183908045977,0.7432432432432432,3256,74,2,low;low;low;low;low;low;low;low;low;low;low;low;low;low;low;low;low;low;low;low;low;low;low;low;low;low;low;low;low;low;low;low;low;low;low;low;low;high;high;high;high;high;high;high;high;high;high;high;high;high;high;high;high;high;high;high;high;high;high;high;high;high;high;high;high;high;high;high;high;high;high;high;high;high,low;low;low;low;medium;low;low;low;low;low;low;low;low;low;low;low;low;medium;low;low;low;low;low;medium;medium;medium;low;low;low;low;low;medium;low;low;medium;low;low;high;high;high;high;high;low;high;high;high;high;high;high;high;medium;high;high;medium;high;medium;high;high;high;high;low;low;high;high;high;low;low;low;medium;high;high;high;medium;medium
STEW,ccb,14,42,0.052631578947368474,0.5135135135135135,3256,74,2,low;low;low;low;low;low;low;low;low;low;low;low;low;low;low;low;low;low;low;low;low;low;low;low;low;low;low;low;low;low;low;low;low;low;low;low;low;high;high;high;high;high;high;high;high;high;high;high;high;high;high;high;high;high;high;high;high;high;high;high;high;high;high;high;high;high;high;high;high;high;high;high;high;high,medium;high;high;high;high;high;high;high;high;high;medium;high;high;high;high;high;high;high;high;high;high;high;low;high;high;high;high;high;high;high;high;high;high;high;high;high;high;high;high;high;high;high;high;high;high;high;high;high;high;high;high;high;high;high;high;high;high;high;high;high;high;high;high;high;high;high;high;high;high;high;high;high;high;high
STEW,ccb,15,42,-0.09090909090909083,0.43243243243243246,3256,74,2,low;low;low;low;low;low;low;low;low;low;low;low;low;low;low;low;low;low;low;low;low;low;low;low;low;low;low;low;low;low;low;low;low;low;low;low;low;medium;medium;medium;medium;medium;medium;medium;medium;medium;medium;medium;medium;medium;medium;medium;medium;medium;medium;medium;medium;medium;medium;medium;medium;medium;medium;medium;medium;medium;medium;medium;medium;medium;medium;medium;medium;medium,low;low;low;low;low;low;low;high;low;low;low;low;low;low;low;high;high;low;low;low;low;low;low;low;low;low;low;low;low;low;low;medium;medium;low;low;low;low;low;low;low;low;low;low;low;low;low;low;low;low;low;low;low;low;low;low;low;low;low;low;low;low;low;low;low;low;low;low;low;low;low;low;low;low;low
STEW,ccb,16,42,0.1063829787234043,0.43243243243243246,3256,74,2,low;low;low;low;low;low;low;low;low;low;low;low;low;low;low;low;low;low;low;low;low;low;low;low;low;low;low;low;low;low;low;low;low;low;low;low;low;high;high;high;high;high;high;high;high;high;high;high;high;high;high;high;high;high;high;high;high;high;high;high;high;high;high;high;high;high;high;high;high;high;high;high;high;high,medium;high;high;medium;low;high;low;high;high;low;medium;medium;high;low;medium;low;low;high;high;low;medium;low;low;medium;low;high;low;low;high;medium;medium;high;low;low;medium;medium;low;medium;medium;medium;high;high;low;low;low;high;low;medium;high;high;medium;high;medium;low;medium;high;low;high;high;high;high;low;medium;high;low;low;low;low;high;high;high;medium;high;high
STEW,ccb,17,42,0.6,0.7972972972972973,3256,74,2,low;low;low;low;low;low;low;low;low;low;low;low;low;low;low;low;low;low;low;low;low;low;low;low;low;low;low;low;low;low;low;low;low;low;low;low;low;high;high;high;high;high;high;high;high;high;high;high;high;high;high;high;high;high;high;high;high;high;high;high;high;high;high;high;high;high;high;high;high;high;high;high;high;high,low;high;low;low;low;low;low;low;low;low;low;low;low;low;low;low;low;low;low;low;low;low;low;low;high;low;low;low;low;low;low;low;low;low;low;low;low;medium;high;high;high;low;high;high;high;high;low;high;low;low;high;high;high;low;low;high;high;high;high;low;low;high;high;low;high;high;high;low;low;high;low;high;high;high
STEW,ccb,18,42,0.3027522935779816,0.4864864864864865,3256,74,2,medium;medium;medium;medium;medium;medium;medium;medium;medium;medium;medium;medium;medium;medium;medium;medium;medium;medium;medium;medium;medium;medium;medium;medium;medium;medium;medium;medium;medium;medium;medium;medium;medium;medium;medium;medium;medium;high;high;high;high;high;high;high;high;high;high;high;high;high;high;high;high;high;high;high;high;high;high;high;high;high;high;high;high;high;high;high;high;high;high;high;high;high,high;low;low;low;low;low;low;low;low;low;low;low;low;low;low;low;low;low;low;low;low;low;low;low;low;low;low;low;high;low;low;low;high;low;low;low;low;low;high;high;high;high;high;high;high;high;high;high;high;high;high;high;high;high;high;high;high;high;high;high;high;high;high;high;high;high;high;high;high;high;high;high;high;high
STEW,ccb,19,42,0.025000000000000022,0.47297297297297297,3256,74,2,low;low;low;low;low;low;low;low;low;low;low;low;low;low;low;low;low;low;low;low;low;low;low;low;low;low;low;low;low;low;low;low;low;low;low;low;low;medium;medium;medium;medium;medium;medium;medium;medium;medium;medium;medium;medium;medium;medium;medium;medium;medium;medium;medium;medium;medium;medium;medium;medium;medium;medium;medium;medium;medium;medium;medium;medium;medium;medium;medium;medium;medium,low;low;low;low;low;low;low;low;low;low;low;low;low;low;low;low;low;low;low;low;low;low;low;low;low;low;low;low;low;medium;medium;low;low;low;low;low;medium;low;high;low;low;low;high;low;high;high;low;low;low;low;low;medium;low;low;low;low;low;low;low;low;low;low;low;low;low;low;low;low;low;high;low;low;high;low
STEW,ccb,20,42,0.6842105263157895,0.8378378378378378,3256,74,2,low;low;low;low;low;low;low;low;low;low;low;low;low;low;low;low;low;low;low;low;low;low;low;low;low;low;low;low;low;low;low;low;low;low;low;low;low;high;high;high;high;high;high;high;high;high;high;high;high;high;high;high;high;high;high;high;high;high;high;high;high;high;high;high;high;high;high;high;high;high;high;high;high;high,low;low;high;low;low;low;high;low;low;low;low;low;low;low;low;high;high;low;high;low;low;low;low;low;low;low;low;low;high;low;low;low;low;low;low;high;low;high;high;high;low;low;high;high;high;high;high;high;high;high;high;high;high;high;high;high;high;high;high;high;high;medium;high;high;high;high;medium;high;high;high;low;high;high;high
STEW,ccb,21,42,0.07317073170731703,0.4864864864864865,3256,74,2,low;low;low;low;low;low;low;low;low;low;low;low;low;low;low;low;low;low;low;low;low;low;low;low;low;low;low;low;low;low;low;low;low;low;low;low;low;medium;medium;medium;medium;medium;medium;medium;medium;medium;medium;medium;medium;medium;medium;medium;medium;medium;medium;medium;medium;medium;medium;medium;medium;medium;medium;medium;medium;medium;medium;medium;medium;medium;medium;medium;medium;medium,low;low;low;low;low;low;low;low;low;low;low;low;low;low;low;low;low;low;low;low;low;low;low;low;low;low;low;low;low;low;low;low;high;low;low;low;low;low;low;low;low;high;low;low;low;low;low;low;high;low;high;high;high;low;low;low;low;low;low;low;low;low;low;low;low;low;high;low;low;high;low;low;low;low
STEW,ccb,22,42,0.01538461538461533,0.13513513513513514,3256,74,2,medium;medium;medium;medium;medium;medium;medium;medium;medium;medium;medium;medium;medium;medium;medium;medium;medium;medium;medium;medium;medium;medium;medium;medium;medium;medium;medium;medium;medium;medium;medium;medium;medium;medium;medium;medium;medium;high;high;high;high;high;high;high;high;high;high;high;high;high;high;high;high;high;high;high;high;high;high;high;high;high;high;high;high;high;high;high;high;high;high;high;high;high,low;low;low;low;low;low;low;low;medium;low;low;low;low;low;low;low;low;low;low;low;low;low;low;low;low;low;low;low;low;low;medium;low;medium;low;high;low;low;low;low;medium;low;medium;high;high;low;medium;low;medium;low;high;low;low;low;low;low;low;low;medium;low;high;low;low;medium;high;high;low;low;low;high;low;low;low;medium;low
STEW,ccb,23,42,0.8108108108108107,0.9054054054054054,3256,74,2,low;low;low;low;low;low;low;low;low;low;low;low;low;low;low;low;low;low;low;low;low;low;low;low;low;low;low;low;low;low;low;low;low;low;low;low;low;medium;medium;medium;medium;medium;medium;medium;medium;medium;medium;medium;medium;medium;medium;medium;medium;medium;medium;medium;medium;medium;medium;medium;medium;medium;medium;medium;medium;medium;medium;medium;medium;medium;medium;medium;medium;medium,low;low;low;low;low;low;low;low;low;low;low;low;low;low;low;low;low;low;low;low;low;low;low;low;low;low;low;low;low;low;low;low;low;low;low;low;low;medium;medium;medium;medium;medium;medium;medium;medium;medium;medium;low;medium;medium;medium;low;medium;medium;medium;medium;medium;medium;medium;medium;medium;medium;low;medium;low;low;low;medium;medium;medium;medium;medium;medium;low
STEW,ccb,25,42,0.16455696202531644,0.5540540540540541,3256,74,2,low;low;low;low;low;low;low;low;low;low;low;low;low;low;low;low;low;low;low;low;low;low;low;low;low;low;low;low;low;low;low;low;low;low;low;low;low;medium;medium;medium;medium;medium;medium;medium;medium;medium;medium;medium;medium;medium;medium;medium;medium;medium;medium;medium;medium;medium;medium;medium;medium;medium;medium;medium;medium;medium;medium;medium;medium;medium;medium;medium;medium;medium,low;low;low;low;low;low;low;low;low;low;low;low;low;low;low;low;low;low;low;low;low;low;low;low;low;low;low;low;low;low;low;low;low;low;low;low;low;low;low;low;low;low;high;low;medium;medium;low;low;low;high;low;low;low;low;low;high;low;low;low;medium;high;low;low;low;low;low;medium;low;low;low;low;high;low;low
STEW,ccb,26,42,0.22935779816513757,0.43243243243243246,3256,74,2,low;low;low;low;low;low;low;low;low;low;low;low;low;low;low;low;low;low;low;low;low;low;low;low;low;low;low;low;low;low;low;low;low;low;low;low;low;high;high;high;high;high;high;high;high;high;high;high;high;high;high;high;high;high;high;high;high;high;high;high;high;high;high;high;high;high;high;high;high;high;high;high;high;high,low;low;low;low;low;low;low;low;low;low;low;low;low;low;low;low;low;low;low;low;low;low;high;low;high;low;low;low;low;low;medium;low;low;high;medium;low;low;low;medium;low;medium;medium;medium;medium;medium;medium;medium;medium;medium;medium;medium;medium;medium;medium;medium;medium;medium;medium;low;medium;medium;medium;medium;medium;medium;medium;medium;low;medium;medium;medium;medium;medium;medium
STEW,ccb,27,42,0.8441558441558441,0.918918918918919,3256,74,2,low;low;low;low;low;low;low;low;low;low;low;low;low;low;low;low;low;low;low;low;low;low;low;low;low;low;low;low;low;low;low;low;low;low;low;low;low;medium;medium;medium;medium;medium;medium;medium;medium;medium;medium;medium;medium;medium;medium;medium;medium;medium;medium;medium;medium;medium;medium;medium;medium;medium;medium;medium;medium;medium;medium;medium;medium;medium;medium;medium;medium;medium,low;low;low;medium;medium;low;high;low;low;low;low;low;low;low;low;low;low;low;low;low;low;low;low;low;low;high;low;low;high;low;low;low;low;low;low;low;low;medium;medium;medium;medium;medium;medium;medium;medium;medium;medium;medium;medium;medium;medium;medium;medium;medium;medium;medium;medium;medium;medium;low;medium;medium;medium;medium;medium;medium;medium;medium;medium;medium;medium;medium;medium;medium
STEW,ccb,28,42,-0.040000000000000036,0.47297297297297297,3256,74,2,low;low;low;low;low;low;low;low;low;low;low;low;low;low;low;low;low;low;low;low;low;low;low;low;low;low;low;low;low;low;low;low;low;low;low;low;low;high;high;high;high;high;high;high;high;high;high;high;high;high;high;high;high;high;high;high;high;high;high;high;high;high;high;high;high;high;high;high;high;high;high;high;high;high,low;low;high;low;high;high;low;high;low;low;low;low;low;low;low;low;low;low;high;low;high;low;low;low;low;low;low;low;low;high;low;high;high;low;low;low;low;low;low;low;low;low;low;low;low;low;low;low;low;low;high;low;low;low;low;high;low;low;low;low;high;low;high;low;medium;low;low;high;low;high;low;high;low;low
STEW,ccb,29,42,0.23076923076923073,0.3918918918918919,3256,74,2,low;low;low;low;low;low;low;low;low;low;low;low;low;low;low;low;low;low;low;low;low;low;low;low;low;low;low;low;low;low;low;low;low;low;low;low;low;medium;medium;medium;medium;medium;medium;medium;medium;medium;medium;medium;medium;medium;medium;medium;medium;medium;medium;medium;medium;medium;medium;medium;medium;medium;medium;medium;medium;medium;medium;medium;medium;medium;medium;medium;medium;medium,low;low;low;low;low;low;low;high;low;low;low;low;low;low;high;low;low;low;low;low;low;low;high;high;high;high;low;low;low;low;high;low;low;low;high;low;low;high;high;high;high;high;high;high;high;high;high;high;high;high;high;high;high;high;high;high;low;high;high;high;high;high;high;high;high;high;high;high;high;low;high;high;high;high
STEW,ccb,30,42,0.4545454545454546,0.7162162162162162,3256,74,2,low;low;low;low;low;low;low;low;low;low;low;low;low;low;low;low;low;low;low;low;low;low;low;low;low;low;low;low;low;low;low;low;low;low;low;low;low;high;high;high;high;high;high;high;high;high;high;high;high;high;high;high;high;high;high;high;high;high;high;high;high;high;high;high;high;high;high;high;high;high;high;high;high;high,low;low;high;high;high;low;low;low;high;high;low;low;low;low;low;high;high;medium;high;low;high;low;high;high;high;high;high;high;high;high;low;low;low;low;low;low;medium;high;high;high;high;high;high;high;high;low;high;high;high;high;high;high;high;high;high;high;high;high;high;high;high;high;high;medium;high;high;high;high;high;high;high;high;high;high
STEW,ccb,31,42,0.23711340206185572,0.5,3256,74,2,low;low;low;low;low;low;low;low;low;low;low;low;low;low;low;low;low;low;low;low;low;low;low;low;low;low;low;low;low;low;low;low;low;low;low;low;low;medium;medium;medium;medium;medium;medium;medium;medium;medium;medium;medium;medium;medium;medium;medium;medium;medium;medium;medium;medium;medium;medium;medium;medium;medium;medium;medium;medium;medium;medium;medium;medium;medium;medium;medium;medium;medium,low;low;low;low;low;low;low;low;low;low;low;low;low;low;low;high;high;low;low;low;low;low;low;low;low;low;low;low;low;low;low;low;low;low;low;low;low;high;low;low;high;high;high;low;low;high;low;high;high;low;low;low;low;high;high;low;low;medium;high;high;low;high;high;high;high;low;medium;high;high;high;high;low;high;high
STEW,ccb,32,42,0.15384615384615385,0.5540540540540541,3256,74,2,low;low;low;low;low;low;low;low;low;low;low;low;low;low;low;low;low;low;low;low;low;low;low;low;low;low;low;low;low;low;low;low;low;low;low;low;low;high;high;high;high;high;high;high;high;high;high;high;high;high;high;high;high;high;high;high;high;high;high;high;high;high;high;high;high;high;high;high;high;high;high;high;high;high,medium;low;low;high;low;high;high;high;low;high;low;low;low;high;high;low;low;high;low;low;low;low;high;low;high;low;low;low;low;low;low;low;low;low;low;low;high;high;high;low;high;high;low;high;low;medium;low;high;high;medium;high;medium;low;high;low;high;low;high;low;low;low;low;low;low;high;low;high;low;high;high;high;low;low;low
STEW,ccb,33,42,0.2525252525252525,0.5,3256,74,2,low;low;low;low;low;low;low;low;low;low;low;low;low;low;low;low;low;low;low;low;low;low;low;low;low;low;low;low;low;low;low;low;low;low;low;low;low;medium;medium;medium;medium;medium;medium;medium;medium;medium;medium;medium;medium;medium;medium;medium;medium;medium;medium;medium;medium;medium;medium;medium;medium;medium;medium;medium;medium;medium;medium;medium;medium;medium;medium;medium;medium;medium,low;low;low;low;low;low;low;low;low;low;high;low;low;low;low;low;low;low;low;low;low;low;low;low;low;low;low;low;low;low;low;low;low;low;high;low;high;high;high;low;high;high;high;low;high;low;high;high;high;low;high;high;low;high;low;low;medium;high;high;high;low;high;high;low;low;medium;high;high;high;low;low;medium;high;high
STEW,ccb,34,42,0.03614457831325302,0.4594594594594595,3256,74,2,low;low;low;low;low;low;low;low;low;low;low;low;low;low;low;low;low;low;low;low;low;low;low;low;low;low;low;low;low;low;low;low;low;low;low;low;low;high;high;high;high;high;high;high;high;high;high;high;high;high;high;high;high;high;high;high;high;high;high;high;high;high;high;high;high;high;high;high;high;high;high;high;high;high,low;low;high;low;low;low;low;low;low;medium;low;low;low;low;low;low;low;high;high;low;low;low;low;low;low;low;low;low;low;low;low;low;low;low;high;low;low;low;low;medium;low;low;low;medium;high;low;low;low;medium;low;medium;medium;medium;low;low;low;low;low;low;low;low;low;medium;medium;low;low;low;high;low;low;low;low;low;low
STEW,ccb,35,42,-0.10526315789473695,0.43243243243243246,3256,74,2,low;low;low;low;low;low;low;low;low;low;low;low;low;low;low;low;low;low;low;low;low;low;low;low;low;low;low;low;low;low;low;low;low;low;low;low;low;medium;medium;medium;medium;medium;medium;medium;medium;medium;medium;medium;medium;medium;medium;medium;medium;medium;medium;medium;medium;medium;medium;medium;medium;medium;medium;medium;medium;medium;medium;medium;medium;medium;medium;medium;medium;medium,low;low;low;low;low;low;low;low;low;low;low;low;low;low;low;medium;low;medium;low;high;low;low;low;low;medium;low;medium;low;low;medium;low;low;low;low;low;low;low;low;low;low;low;medium;low;low;low;low;low;low;low;low;low;low;low;low;low;high;low;low;low;low;low;low;low;low;low;low;low;low;low;low;low;low;low;low
STEW,ccb,36,42,0.3555555555555555,0.6081081081081081,3256,74,2,low;low;low;low;low;low;low;low;low;low;low;low;low;low;low;low;low;low;low;low;low;low;low;low;low;low;low;low;low;low;low;low;low;low;low;low;low;high;high;high;high;high;high;high;high;high;high;high;high;high;high;high;high;high;high;high;high;high;high;high;high;high;high;high;high;high;high;high;high;high;high;high;high;high,low;low;high;low;low;low;low;high;low;low;low;low;medium;low;low;medium;low;high;low;medium;high;medium;high;medium;high;low;medium;low;high;medium;high;low;medium;high;low;low;low;low;high;medium;medium;medium;high;high;high;high;medium;high;high;high;high;high;high;high;high;high;high;high;medium;high;high;high;high;high;high;medium;high;low;low;high;medium;medium;high;low
STEW,ccb,37,42,-0.2068965517241379,0.05405405405405406,3256,74,2,low;low;low;low;low;low;low;low;low;low;low;low;low;low;low;low;low;low;low;low;low;low;low;low;low;low;low;low;low;low;low;low;low;low;low;low;low;high;high;high;high;high;high;high;high;high;high;high;high;high;high;high;high;high;high;high;high;high;high;high;high;high;high;high;high;high;high;high;high;high;high;high;high;high,low;medium;medium;medium;low;medium;medium;medium;medium;medium;medium;medium;medium;medium;medium;medium;medium;medium;medium;medium;medium;medium;medium;medium;medium;medium;medium;medium;medium;medium;medium;medium;medium;medium;medium;medium;medium;low;medium;low;low;low;medium;medium;low;low;low;low;low;medium;low;low;low;low;high;medium;low;low;medium;low;low;medium;low;high;low;low;low;low;low;low;low;low;low;low
STEW,ccb,38,42,0.3513513513513513,0.6756756756756757,3256,74,2,low;low;low;low;low;low;low;low;low;low;low;low;low;low;low;low;low;low;low;low;low;low;low;low;low;low;low;low;low;low;low;low;low;low;low;low;low;medium;medium;medium;medium;medium;medium;medium;medium;medium;medium;medium;medium;medium;medium;medium;medium;medium;medium;medium;medium;medium;medium;medium;medium;medium;medium;medium;medium;medium;medium;medium;medium;medium;medium;medium;medium;medium,low;low;low;low;low;low;low;low;low;low;low;low;low;low;low;low;medium;low;low;low;low;low;low;low;low;low;low;low;low;low;low;low;low;low;low;low;low;medium;low;low;medium;medium;low;low;low;medium;low;low;low;medium;medium;low;low;medium;medium;medium;medium;low;low;low;low;low;low;medium;medium;medium;low;low;medium;low;low;low;low;low
STEW,ccb,39,42,0.19999999999999996,0.5135135135135135,3256,74,2,low;low;low;low;low;low;low;low;low;low;low;low;low;low;low;low;low;low;low;low;low;low;low;low;low;low;low;low;low;low;low;low;low;low;low;low;low;high;high;high;high;high;high;high;high;high;high;high;high;high;high;high;high;high;high;high;high;high;high;high;high;high;high;high;high;high;high;high;high;high;high;high;high;high,low;medium;low;low;low;low;low;low;low;low;low;low;low;low;low;low;low;low;low;low;low;medium;medium;low;medium;low;low;high;low;low;low;low;low;low;low;low;low;low;medium;high;medium;low;low;low;medium;medium;medium;low;medium;low;high;medium;medium;low;low;medium;low;medium;high;low;low;high;high;low;low;low;low;low;low;low;high;medium;low;medium
STEW,ccb,40,42,0.027027027027026973,0.5135135135135135,3256,74,2,low;low;low;low;low;low;low;low;low;low;low;low;low;low;low;low;low;low;low;low;low;low;low;low;low;low;low;low;low;low;low;low;low;low;low;low;low;medium;medium;medium;medium;medium;medium;medium;medium;medium;medium;medium;medium;medium;medium;medium;medium;medium;medium;medium;medium;medium;medium;medium;medium;medium;medium;medium;medium;medium;medium;medium;medium;medium;medium;medium;medium;medium,medium;medium;medium;low;low;low;low;low;low;low;low;medium;low;low;low;medium;low;low;low;low;low;low;low;low;medium;low;low;low;medium;medium;low;low;medium;low;low;low;low;medium;low;low;medium;low;low;low;low;medium;low;medium;low;low;medium;medium;low;low;medium;medium;low;low;low;low;low;low;low;medium;low;low;low;low;low;low;low;low;medium;low
STEW,ccb,41,42,-0.894736842105263,0.02702702702702703,3256,74,2,low;low;low;low;low;low;low;low;low;low;low;low;low;low;low;low;low;low;low;low;low;low;low;low;low;low;low;low;low;low;low;low;low;low;low;low;low;medium;medium;medium;medium;medium;medium;medium;medium;medium;medium;medium;medium;medium;medium;medium;medium;medium;medium;medium;medium;medium;medium;medium;medium;medium;medium;medium;medium;medium;medium;medium;medium;medium;medium;medium;medium;medium,medium;medium;medium;medium;medium;medium;medium;medium;medium;medium;medium;medium;medium;medium;medium;medium;medium;medium;medium;medium;medium;medium;medium;medium;medium;medium;low;medium;medium;medium;medium;medium;medium;medium;medium;medium;medium;low;low;low;low;low;high;low;low;low;low;low;low;low;low;medium;low;low;low;low;low;low;low;low;low;low;low;low;low;low;low;low;low;low;low;high;low;low
STEW,ccb,43,42,-0.030303030303030276,0.3108108108108108,3256,74,2,low;low;low;low;low;low;low;low;low;low;low;low;low;low;low;low;low;low;low;low;low;low;low;low;low;low;low;low;low;low;low;low;low;low;low;low;low;high;high;high;high;high;high;high;high;high;high;high;high;high;high;high;high;high;high;high;high;high;high;high;high;high;high;high;high;high;high;high;high;high;high;high;high;high,low;medium;low;medium;low;low;low;low;medium;medium;low;low;low;high;medium;low;low;low;medium;low;high;low;low;medium;medium;high;low;medium;medium;low;low;high;low;low;low;low;low;medium;medium;low;medium;medium;low;low;low;low;low;medium;medium;medium;low;medium;low;medium;low;low;medium;low;low;low;low;medium;medium;low;low;medium;medium;low;medium;low;low;low;low;low
STEW,ccb,44,42,0.17894736842105263,0.47297297297297297,3256,74,2,low;low;low;low;low;low;low;low;low;low;low;low;low;low;low;low;low;low;low;low;low;low;low;low;low;low;low;low;low;low;low;low;low;low;low;low;low;high;high;high;high;high;high;high;high;high;high;high;high;high;high;high;high;high;high;high;high;high;high;high;high;high;high;high;high;high;high;high;high;high;high;high;high;high,low;low;low;low;medium;low;medium;low;low;low;medium;low;low;low;low;low;low;low;low;low;low;low;low;low;low;low;low;low;low;low;low;low;low;low;low;low;low;medium;medium;medium;medium;low;medium;low;low;low;low;medium;medium;low;low;low;medium;low;low;low;low;medium;medium;medium;low;low;high;low;low;medium;medium;medium;medium;low;medium;low;medium;medium
STEW,ccb,45,42,0.84,0.918918918918919,3256,74,2,low;low;low;low;low;low;low;low;low;low;low;low;low;low;low;low;low;low;low;low;low;low;low;low;low;low;low;low;low;low;low;low;low;low;low;low;low;high;high;high;high;high;high;high;high;high;high;high;high;high;high;high;high;high;high;high;high;high;high;high;high;high;high;high;high;high;high;high;high;high;high;high;high;high,high;low;low;medium;low;low;low;low;low;low;low;low;low;low;low;low;low;low;low;low;low;low;low;low;low;low;low;low;low;low;low;low;low;low;low;low;low;high;high;low;high;high;high;low;high;high;high;high;high;high;high;high;high;high;high;high;high;high;high;high;high;high;high;high;high;high;high;high;high;high;high;high;low;low
STEW,ccb,46,42,0.0,0.44594594594594594,3256,74,2,low;low;low;low;low;low;low;low;low;low;low;low;low;low;low;low;low;low;low;low;low;low;low;low;low;low;low;low;low;low;low;low;low;low;low;low;low;high;high;high;high;high;high;high;high;high;high;high;high;high;high;high;high;high;high;high;high;high;high;high;high;high;high;high;high;high;high;high;high;high;high;high;high;high,low;low;low;low;low;low;low;low;low;low;low;low;low;medium;low;high;high;low;low;low;medium;low;low;low;high;high;low;low;high;low;low;low;low;low;low;low;low;medium;low;medium;low;low;low;low;low;low;low;low;low;low;medium;low;low;medium;low;low;low;medium;low;low;high;low;low;low;high;low;medium;low;high;low;low;low;low;low
STEW,ccb,47,42,0.18181818181818177,0.5135135135135135,3256,74,2,low;low;low;low;low;low;low;low;low;low;low;low;low;low;low;low;low;low;low;low;low;low;low;low;low;low;low;low;low;low;low;low;low;low;low;low;low;high;high;high;high;high;high;high;high;high;high;high;high;high;high;high;high;high;high;high;high;high;high;high;high;high;high;high;high;high;high;high;high;high;high;high;high;high,medium;low;low;medium;low;low;low;low;low;low;low;low;low;low;low;low;medium;low;low;low;high;high;high;low;medium;medium;low;medium;low;medium;low;low;low;low;low;low;low;low;high;low;low;high;low;low;low;medium;medium;low;high;low;low;high;low;medium;high;high;low;low;medium;medium;high;low;high;high;low;high;medium;low;high;low;low;low;medium;low
STEW,ccb,48,42,0.7692307692307692,0.8783783783783784,3256,74,2,low;low;low;low;low;low;low;low;low;low;low;low;low;low;low;low;low;low;low;low;low;low;low;low;low;low;low;low;low;low;low;low;low;low;low;low;low;high;high;high;high;high;high;high;high;high;high;high;high;high;high;high;high;high;high;high;high;high;high;high;high;high;high;high;high;high;high;high;high;high;high;high;high;high,high;high;low;low;low;low;high;low;low;low;low;medium;low;low;low;low;medium;low;low;low;low;low;low;low;low;low;low;low;low;low;low;low;low;low;low;low;low;high;high;high;high;high;high;high;high;high;high;high;high;medium;high;high;high;high;high;low;high;high;high;high;high;high;medium;high;high;high;high;high;high;high;high;low;high;high
