dataset,protocol,montage,method,feature_family,classifier,subject,seed,kappa,accuracy,n_train,n_test,n_channels,n_arms_surviving,final_regret,error
COGBCI-PVT,within,nearear,fixed,fbcsp,lda,1,-1,-0.11111111111111116,0.4444444444444444,72,18,2,0,0.0,
COGBCI-PVT,within,nearear,fixed,fbcsp,svm,1,-1,-0.33333333333333326,0.3333333333333333,72,18,2,0,0.0,
COGBCI-PVT,within,nearear,fixed,fbcsp,decision_tree,1,-1,0.0,0.5,72,18,2,0,0.0,
COGBCI-PVT,within,nearear,fixed,fbcsp,random_forest,1,-1,-0.33333333333333326,0.3333333333333333,72,18,2,0,0.0,
COGBCI-PVT,within,nearear,fixed,bandpower,lda,1,-1,0.0,0.5,72,18,2,0,0.0,
COGBCI-PVT,within,nearear,fixed,bandpower,svm,1,-1,0.0,0.5,72,18,2,0,0.0,
COGBCI-PVT,within,nearear,fixed,bandpower,decision_tree,1,-1,0.0,0.5,72,18,2,0,0.0,
COGBCI-PVT,within,nearear,fixed,bandpower,random_forest,1,-1,-0.33333333333333326,0.3333333333333333,72,18,2,0,0.0,
COGBCI-PVT,within,nearear,ccb,,,1,0,-0.5555555555555556,0.2222222222222222,72,18,2,45,18.0,
COGBCI-PVT,within,nearear,ccb,,,1,1,-0.22222222222222232,0.3888888888888889,72,18,2,36,26.0,
COGBCI-PVT,within,nearear,ccb,,,1,2,0.2222222222222222,0.6111111111111112,72,18,2,54,29.0,
COGBCI-PVT,within,nearear,ccb,,,1,3,0.0,0.5,72,18,2,67,24.0,
COGBCI-PVT,within,nearear,ccb,,,1,42,-0.11111111111111116,0.4444444444444444,72,18,2,35,31.0,
COGBCI-PVT,cross,nearear,fixed,fbcsp,lda,1,-1,0.011111111111111072,0.5055555555555555,90,180,2,0,0.0,
COGBCI-PVT,cross,nearear,fixed,fbcsp,svm,1,-1,0.0,0.5,90,180,2,0,0.0,
COGBCI-PVT,cross,nearear,fixed,fbcsp,decision_tree,1,-1,-0.06666666666666665,0.4666666666666667,90,180,2,0,0.0,
COGBCI-PVT,cross,nearear,fixed,fbcsp,random_forest,1,-1,0.033333333333333326,0.5166666666666667,90,180,2,0,0.0,
COGBCI-PVT,cross,nearear,fixed,bandpower,lda,1,-1,0.1444444444444445,0.5722222222222222,90,180,2,0,0.0,
COGBCI-PVT,cross,nearear,fixed,bandpower,svm,1,-1,0.1333333333333333,0.5666666666666667,90,180,2,0,0.0,
COGBCI-PVT,cross,nearear,fixed,bandpower,decision_tree,1,-1,-0.03333333333333344,0.48333333333333334,90,180,2,0,0.0,
COGBCI-PVT,cross,nearear,fixed,bandpower,random_forest,1,-1,0.0888888888888889,0.5444444444444444,90,180,2,0,0.0,
COGBCI-PVT,cross,nearear,ccb,,,1,0,-0.04444444444444451,0.4777777777777778,90,180,2,44,29.0,
COGBCI-PVT,cross,nearear,ccb,,,1,1,-0.011111111111111072,0.49444444444444446,90,180,2,45,34.0,
COGBCI-PVT,cross,nearear,ccb,,,1,2,-0.011111111111111072,0.49444444444444446,90,180,2,23,24.0,
COGBCI-PVT,cross,nearear,ccb,,,1,3,0.09999999999999998,0.55,90,180,2,27,30.0,
COGBCI-PVT,cross,nearear,ccb,,,1,42,-0.011111111111111072,0.49444444444444446,90,180,2,29,35.0,
COGBCI-PVT,within,nearear,fixed,fbcsp,lda,2,-1,0.11111111111111116,0.5555555555555556,72,18,2,0,0.0,
COGBCI-PVT,within,nearear,fixed,fbcsp,svm,2,-1,0.11111111111111116,0.5555555555555556,72,18,2,0,0.0,
COGBCI-PVT,within,nearear,fixed,fbcsp,decision_tree,2,-1,-0.11111111111111116,0.4444444444444444,72,18,2,0,0.0,
COGBCI-PVT,within,nearear,fixed,fbcsp,random_forest,2,-1,0.11111111111111116,0.5555555555555556,72,18,2,0,0.0,
COGBCI-PVT,within,nearear,fixed,bandpower,lda,2,-1,-0.4444444444444444,0.2777777777777778,72,18,2,0,0.0,
COGBCI-PVT,within,nearear,fixed,bandpower,svm,2,-1,-0.11111111111111116,0.4444444444444444,72,18,2,0,0.0,
COGBCI-PVT,within,nearear,fixed,bandpower,decision_tree,2,-1,0.11111111111111116,0.5555555555555556,72,18,2,0,0.0,
COGBCI-PVT,within,nearear,fixed,bandpower,random_forest,2,-1,-0.33333333333333326,0.3333333333333333,72,18,2,0,0.0,
COGBCI-PVT,within,nearear,ccb,,,2,0,0.11111111111111116,0.5555555555555556,72,18,2,24,21.0,
COGBCI-PVT,within,nearear,ccb,,,2,1,-0.33333333333333326,0.3333333333333333,72,18,2,28,24.0,
COGBCI-PVT,within,nearear,ccb,,,2,2,0.0,0.5,72,18,2,25,22.0,
COGBCI-PVT,within,nearear,ccb,,,2,3,-0.11111111111111116,0.4444444444444444,72,18,2,41,26.0,
COGBCI-PVT,within,nearear,ccb,,,2,42,-0.11111111111111116,0.4444444444444444,72,18,2,24,25.0,
COGBCI-PVT,cross,nearear,fixed,fbcsp,lda,2,-1,-0.04444444444444451,0.4777777777777778,90,180,2,0,0.0,
COGBCI-PVT,cross,nearear,fixed,fbcsp,svm,2,-1,-0.0888888888888888,0.45555555555555555,90,180,2,0,0.0,
COGBCI-PVT,cross,nearear,fixed,fbcsp,decision_tree,2,-1,0.1333333333333333,0.5666666666666667,90,180,2,0,0.0,
COGBCI-PVT,cross,nearear,fixed,fbcsp,random_forest,2,-1,-0.0888888888888888,0.45555555555555555,90,180,2,0,0.0,
COGBCI-PVT,cross,nearear,fixed,bandpower,lda,2,-1,0.033333333333333326,0.5166666666666667,90,180,2,0,0.0,
COGBCI-PVT,cross,nearear,fixed,bandpower,svm,2,-1,-0.11111111111111116,0.4444444444444444,90,180,2,0,0.0,
COGBCI-PVT,cross,nearear,fixed,bandpower,decision_tree,2,-1,-0.10000000000000009,0.45,90,180,2,0,0.0,
COGBCI-PVT,cross,nearear,fixed,bandpower,random_forest,2,-1,-0.06666666666666665,0.4666666666666667,90,180,2,0,0.0,
COGBCI-PVT,cross,nearear,ccb,,,2,0,0.1444444444444445,0.5722222222222222,90,180,2,54,33.0,
COGBCI-PVT,cross,nearear,ccb,,,2,1,-0.022222222222222143,0.4888888888888889,90,180,2,33,31.0,
COGBCI-PVT,cross,nearear,ccb,,,2,2,0.033333333333333326,0.5166666666666667,90,180,2,35,29.0,
COGBCI-PVT,cross,nearear,ccb,,,2,3,0.033333333333333326,0.5166666666666667,90,180,2,24,32.0,
COGBCI-PVT,cross,nearear,ccb,,,2,42,-0.1333333333333333,0.43333333333333335,90,180,2,44,29.0,
COGBCI-PVT,within,nearear,fixed,fbcsp,lda,3,-1,0.0,0.5,72,18,2,0,0.0,
COGBCI-PVT,within,nearear,fixed,fbcsp,svm,3,-1,0.11111111111111116,0.5555555555555556,72,18,2,0,0.0,
COGBCI-PVT,within,nearear,fixed,fbcsp,decision_tree,3,-1,0.11111111111111116,0.5555555555555556,72,18,2,0,0.0,
COGBCI-PVT,within,nearear,fixed,fbcsp,random_forest,3,-1,0.0,0.5,72,18,2,0,0.0,
COGBCI-PVT,within,nearear,fixed,bandpower,lda,3,-1,0.11111111111111116,0.5555555555555556,72,18,2,0,0.0,
COGBCI-PVT,within,nearear,fixed,bandpower,svm,3,-1,0.0,0.5,72,18,2,0,0.0,
COGBCI-PVT,within,nearear,fixed,bandpower,decision_tree,3,-1,0.2222222222222222,0.6111111111111112,72,18,2,0,0.0,
COGBCI-PVT,within,nearear,fixed,bandpower,random_forest,3,-1,0.33333333333333337,0.6666666666666666,72,18,2,0,0.0,
COGBCI-PVT,within,nearear,ccb,,,3,0,0.0,0.5,72,18,2,83,29.0,
COGBCI-PVT,within,nearear,ccb,,,3,1,0.11111111111111116,0.5555555555555556,72,18,2,31,22.0,
COGBCI-PVT,within,nearear,ccb,,,3,2,-0.11111111111111116,0.4444444444444444,72,18,2,21,18.0,
COGBCI-PVT,within,nearear,ccb,,,3,3,0.0,0.5,72,18,2,51,20.0,
COGBCI-PVT,within,nearear,ccb,,,3,42,-0.22222222222222232,0.3888888888888889,72,18,2,9,12.0,
COGBCI-PVT,cross,nearear,fixed,fbcsp,lda,3,-1,0.0,0.5,90,180,2,0,0.0,
COGBCI-PVT,cross,nearear,fixed,fbcsp,svm,3,-1,0.0,0.5,90,180,2,0,0.0,
COGBCI-PVT,cross,nearear,fixed,fbcsp,decision_tree,3,-1,0.011111111111111072,0.5055555555555555,90,180,2,0,0.0,
COGBCI-PVT,cross,nearear,fixed,fbcsp,random_forest,3,-1,0.11111111111111116,0.5555555555555556,90,180,2,0,0.0,
COGBCI-PVT,cross,nearear,fixed,bandpower,lda,3,-1,0.011111111111111072,0.5055555555555555,90,180,2,0,0.0,
COGBCI-PVT,cross,nearear,fixed,bandpower,svm,3,-1,0.022222222222222254,0.5111111111111111,90,180,2,0,0.0,
COGBCI-PVT,cross,nearear,fixed,bandpower,decision_tree,3,-1,0.11111111111111116,0.5555555555555556,90,180,2,0,0.0,
COGBCI-PVT,cross,nearear,fixed,bandpower,random_forest,3,-1,0.011111111111111072,0.5055555555555555,90,180,2,0,0.0,
COGBCI-PVT,cross,nearear,ccb,,,3,0,0.0,0.5,90,180,2,24,29.0,
COGBCI-PVT,cross,nearear,ccb,,,3,1,0.0,0.5,90,180,2,42,29.0,
COGBCI-PVT,cross,nearear,ccb,,,3,2,0.0,0.5,90,180,2,24,29.0,
COGBCI-PVT,cross,nearear,ccb,,,3,3,0.0,0.5,90,180,2,8,29.0,
COGBCI-PVT,cross,nearear,ccb,,,3,42,0.0,0.5,90,180,2,46,27.0,
COGBCI-PVT,within,nearear,fixed,fbcsp,lda,4,-1,-0.22222222222222232,0.3888888888888889,72,18,2,0,0.0,
COGBCI-PVT,within,nearear,fixed,fbcsp,svm,4,-1,-0.33333333333333326,0.3333333333333333,72,18,2,0,0.0,
COGBCI-PVT,within,nearear,fixed,fbcsp,decision_tree,4,-1,-0.11111111111111116,0.4444444444444444,72,18,2,0,0.0,
COGBCI-PVT,within,nearear,fixed,fbcsp,random_forest,4,-1,-0.33333333333333326,0.3333333333333333,72,18,2,0,0.0,
COGBCI-PVT,within,nearear,fixed,bandpower,lda,4,-1,-0.22222222222222232,0.3888888888888889,72,18,2,0,0.0,
COGBCI-PVT,within,nearear,fixed,bandpower,svm,4,-1,-0.33333333333333326,0.3333333333333333,72,18,2,0,0.0,
COGBCI-PVT,within,nearear,fixed,bandpower,decision_tree,4,-1,-0.11111111111111116,0.4444444444444444,72,18,2,0,0.0,
COGBCI-PVT,within,nearear,fixed,bandpower,random_forest,4,-1,-0.22222222222222232,0.3888888888888889,72,18,2,0,0.0,
COGBCI-PVT,within,nearear,ccb,,,4,0,-0.11111111111111116,0.4444444444444444,72,18,2,42,25.0,
COGBCI-PVT,within,nearear,ccb,,,4,1,0.33333333333333337,0.6666666666666666,72,18,2,24,23.0,
COGBCI-PVT,within,nearear,ccb,,,4,2,0.2222222222222222,0.6111111111111112,72,18,2,39,26.0,
COGBCI-PVT,within,nearear,ccb,,,4,3,-0.33333333333333326,0.3333333333333333,72,18,2,28,26.0,
COGBCI-PVT,within,nearear,ccb,,,4,42,-0.22222222222222232,0.3888888888888889,72,18,2,43,27.0,
COGBCI-PVT,cross,nearear,fixed,fbcsp,lda,4,-1,-0.05555555555555558,0.4722222222222222,90,180,2,0,0.0,
COGBCI-PVT,cross,nearear,fixed,fbcsp,svm,4,-1,-0.03333333333333344,0.48333333333333334,90,180,2,0,0.0,
COGBCI-PVT,cross,nearear,fixed,fbcsp,decision_tree,4,-1,-0.07777777777777772,0.46111111111111114,90,180,2,0,0.0,
COGBCI-PVT,cross,nearear,fixed,fbcsp,random_forest,4,-1,-0.06666666666666665,0.4666666666666667,90,180,2,0,0.0,
COGBCI-PVT,cross,nearear,fixed,bandpower,lda,4,-1,0.033333333333333326,0.5166666666666667,90,180,2,0,0.0,
COGBCI-PVT,cross,nearear,fixed,bandpower,svm,4,-1,0.022222222222222254,0.5111111111111111,90,180,2,0,0.0,
COGBCI-PVT,cross,nearear,fixed,bandpower,decision_tree,4,-1,-0.03333333333333344,0.48333333333333334,90,180,2,0,0.0,
COGBCI-PVT,cross,nearear,fixed,bandpower,random_forest,4,-1,0.0444444444444444,0.5222222222222223,90,180,2,0,0.0,
COGBCI-PVT,cross,nearear,ccb,,,4,0,-0.07777777777777772,0.46111111111111114,90,180,2,35,29.0,
COGBCI-PVT,cross,nearear,ccb,,,4,1,0.033333333333333326,0.5166666666666667,90,180,2,34,35.0,
COGBCI-PVT,cross,nearear,ccb,,,4,2,-0.022222222222222143,0.4888888888888889,90,180,2,51,38.0,
COGBCI-PVT,cross,nearear,ccb,,,4,3,0.011111111111111072,0.5055555555555555,90,180,2,27,32.0,
COGBCI-PVT,cross,nearear,ccb,,,4,42,0.0,0.5,90,180,2,35,34.0,
COGBCI-PVT,within,nearear,fixed,fbcsp,lda,5,-1,0.2222222222222222,0.6111111111111112,72,18,2,0,0.0,
COGBCI-PVT,within,nearear,fixed,fbcsp,svm,5,-1,0.11111111111111116,0.5555555555555556,72,18,2,0,0.0,
COGBCI-PVT,within,nearear,fixed,fbcsp,decision_tree,5,-1,0.2222222222222222,0.6111111111111112,72,18,2,0,0.0,
COGBCI-PVT,within,nearear,fixed,fbcsp,random_forest,5,-1,0.2222222222222222,0.6111111111111112,72,18,2,0,0.0,
COGBCI-PVT,within,nearear,fixed,bandpower,lda,5,-1,0.0,0.5,72,18,2,0,0.0,
COGBCI-PVT,within,nearear,fixed,bandpower,svm,5,-1,0.11111111111111116,0.5555555555555556,72,18,2,0,0.0,
COGBCI-PVT,within,nearear,fixed,bandpower,decision_tree,5,-1,0.0,0.5,72,18,2,0,0.0,
COGBCI-PVT,within,nearear,fixed,bandpower,random_forest,5,-1,0.33333333333333337,0.6666666666666666,72,18,2,0,0.0,
COGBCI-PVT,within,nearear,ccb,,,5,0,0.2222222222222222,0.6111111111111112,72,18,2,37,20.0,
COGBCI-PVT,within,nearear,ccb,,,5,1,-0.11111111111111116,0.4444444444444444,72,18,2,37,29.0,
COGBCI-PVT,within,nearear,ccb,,,5,2,-0.11111111111111116,0.4444444444444444,72,18,2,41,22.0,
COGBCI-PVT,within,nearear,ccb,,,5,3,0.2222222222222222,0.6111111111111112,72,18,2,44,21.0,
COGBCI-PVT,within,nearear,ccb,,,5,42,0.0,0.5,72,18,2,27,30.0,
COGBCI-PVT,cross,nearear,fixed,fbcsp,lda,5,-1,0.011111111111111072,0.5055555555555555,90,180,2,0,0.0,
COGBCI-PVT,cross,nearear,fixed,fbcsp,svm,5,-1,0.022222222222222254,0.5111111111111111,90,180,2,0,0.0,
COGBCI-PVT,cross,nearear,fixed,fbcsp,decision_tree,5,-1,-0.03333333333333344,0.48333333333333334,90,180,2,0,0.0,
COGBCI-PVT,cross,nearear,fixed,fbcsp,random_forest,5,-1,0.06666666666666665,0.5333333333333333,90,180,2,0,0.0,
COGBCI-PVT,cross,nearear,fixed,bandpower,lda,5,-1,-0.05555555555555558,0.4722222222222222,90,180,2,0,0.0,
COGBCI-PVT,cross,nearear,fixed,bandpower,svm,5,-1,-0.022222222222222143,0.4888888888888889,90,180,2,0,0.0,
COGBCI-PVT,cross,nearear,fixed,bandpower,decision_tree,5,-1,-0.011111111111111072,0.49444444444444446,90,180,2,0,0.0,
COGBCI-PVT,cross,nearear,fixed,bandpower,random_forest,5,-1,0.011111111111111072,0.5055555555555555,90,180,2,0,0.0,
COGBCI-PVT,cross,nearear,ccb,,,5,0,0.0444444444444444,0.5222222222222223,90,180,2,51,33.0,
COGBCI-PVT,cross,nearear,ccb,,,5,1,0.011111111111111072,0.5055555555555555,90,180,2,41,29.0,
COGBCI-PVT,cross,nearear,ccb,,,5,2,-0.011111111111111072,0.49444444444444446,90,180,2,27,31.0,
COGBCI-PVT,cross,nearear,ccb,,,5,3,-0.0888888888888888,0.45555555555555555,90,180,2,54,32.0,
COGBCI-PVT,cross,nearear,ccb,,,5,42,0.0,0.5,90,180,2,58,28.0,
COGBCI-PVT,within,nearear,fixed,fbcsp,lda,6,-1,-0.22222222222222232,0.3888888888888889,72,18,2,0,0.0,
COGBCI-PVT,within,nearear,fixed,fbcsp,svm,6,-1,-0.22222222222222232,0.3888888888888889,72,18,2,0,0.0,
COGBCI-PVT,within,nearear,fixed,fbcsp,decision_tree,6,-1,0.0,0.5,72,18,2,0,0.0,
COGBCI-PVT,within,nearear,fixed,fbcsp,random_forest,6,-1,0.11111111111111116,0.5555555555555556,72,18,2,0,0.0,
COGBCI-PVT,within,nearear,fixed,bandpower,lda,6,-1,0.2222222222222222,0.6111111111111112,72,18,2,0,0.0,
COGBCI-PVT,within,nearear,fixed,bandpower,svm,6,-1,-0.22222222222222232,0.3888888888888889,72,18,2,0,0.0,
COGBCI-PVT,within,nearear,fixed,bandpower,decision_tree,6,-1,0.0,0.5,72,18,2,0,0.0,
COGBCI-PVT,within,nearear,fixed,bandpower,random_forest,6,-1,-0.11111111111111116,0.4444444444444444,72,18,2,0,0.0,
COGBCI-PVT,within,nearear,ccb,,,6,0,0.2222222222222222,0.6111111111111112,72,18,2,52,23.0,
COGBCI-PVT,within,nearear,ccb,,,6,1,0.0,0.5,72,18,2,34,25.0,
COGBCI-PVT,within,nearear,ccb,,,6,2,0.0,0.5,72,18,2,28,26.0,
COGBCI-PVT,within,nearear,ccb,,,6,3,0.2222222222222222,0.6111111111111112,72,18,2,35,26.0,
COGBCI-PVT,within,nearear,ccb,,,6,42,-0.11111111111111116,0.4444444444444444,72,18,2,38,18.0,
COGBCI-PVT,cross,nearear,fixed,fbcsp,lda,6,-1,0.011111111111111072,0.5055555555555555,90,180,2,0,0.0,
COGBCI-PVT,cross,nearear,fixed,fbcsp,svm,6,-1,0.0444444444444444,0.5222222222222223,90,180,2,0,0.0,
COGBCI-PVT,cross,nearear,fixed,fbcsp,decision_tree,6,-1,-0.03333333333333344,0.48333333333333334,90,180,2,0,0.0,
COGBCI-PVT,cross,nearear,fixed,fbcsp,random_forest,6,-1,0.0888888888888889,0.5444444444444444,90,180,2,0,0.0,
COGBCI-PVT,cross,nearear,fixed,bandpower,lda,6,-1,0.011111111111111072,0.5055555555555555,90,180,2,0,0.0,
COGBCI-PVT,cross,nearear,fixed,bandpower,svm,6,-1,0.0888888888888889,0.5444444444444444,90,180,2,0,0.0,
COGBCI-PVT,cross,nearear,fixed,bandpower,decision_tree,6,-1,-0.07777777777777772,0.46111111111111114,90,180,2,0,0.0,
COGBCI-PVT,cross,nearear,fixed,bandpower,random_forest,6,-1,0.0444444444444444,0.5222222222222223,90,180,2,0,0.0,
COGBCI-PVT,cross,nearear,ccb,,,6,0,-0.011111111111111072,0.49444444444444446,90,180,2,36,32.0,
COGBCI-PVT,cross,nearear,ccb,,,6,1,-0.03333333333333344,0.48333333333333334,90,180,2,17,33.0,
COGBCI-PVT,cross,nearear,ccb,,,6,2,-0.011111111111111072,0.49444444444444446,90,180,2,37,36.0,
COGBCI-PVT,cross,nearear,ccb,,,6,3,-0.011111111111111072,0.49444444444444446,90,180,2,21,23.0,
COGBCI-PVT,cross,nearear,ccb,,,6,42,0.011111111111111072,0.5055555555555555,90,180,2,46,37.0,
COGBCI-PVT,within,nearear,fixed,fbcsp,lda,7,-1,0.4444444444444444,0.7222222222222222,72,18,2,0,0.0,
COGBCI-PVT,within,nearear,fixed,fbcsp,svm,7,-1,0.11111111111111116,0.5555555555555556,72,18,2,0,0.0,
COGBCI-PVT,within,nearear,fixed,fbcsp,decision_tree,7,-1,0.2222222222222222,0.6111111111111112,72,18,2,0,0.0,
COGBCI-PVT,within,nearear,fixed,fbcsp,random_forest,7,-1,0.33333333333333337,0.6666666666666666,72,18,2,0,0.0,
COGBCI-PVT,within,nearear,fixed,bandpower,lda,7,-1,0.4444444444444444,0.7222222222222222,72,18,2,0,0.0,
COGBCI-PVT,within,nearear,fixed,bandpower,svm,7,-1,0.2222222222222222,0.6111111111111112,72,18,2,0,0.0,
COGBCI-PVT,within,nearear,fixed,bandpower,decision_tree,7,-1,0.11111111111111116,0.5555555555555556,72,18,2,0,0.0,
COGBCI-PVT,within,nearear,fixed,bandpower,random_forest,7,-1,0.33333333333333337,0.6666666666666666,72,18,2,0,0.0,
COGBCI-PVT,within,nearear,ccb,,,7,0,0.0,0.5,72,18,2,47,24.0,
COGBCI-PVT,within,nearear,ccb,,,7,1,-0.11111111111111116,0.4444444444444444,72,18,2,56,29.0,
COGBCI-PVT,within,nearear,ccb,,,7,2,0.0,0.5,72,18,2,51,22.0,
COGBCI-PVT,within,nearear,ccb,,,7,3,-0.33333333333333326,0.3333333333333333,72,18,2,45,20.0,
COGBCI-PVT,within,nearear,ccb,,,7,42,0.11111111111111116,0.5555555555555556,72,18,2,31,25.0,
COGBCI-PVT,cross,nearear,fixed,fbcsp,lda,7,-1,0.033333333333333326,0.5166666666666667,90,180,2,0,0.0,
COGBCI-PVT,cross,nearear,fixed,fbcsp,svm,7,-1,0.0,0.5,90,180,2,0,0.0,
COGBCI-PVT,cross,nearear,fixed,fbcsp,decision_tree,7,-1,-0.022222222222222143,0.4888888888888889,90,180,2,0,0.0,
COGBCI-PVT,cross,nearear,fixed,fbcsp,random_forest,7,-1,-0.04444444444444451,0.4777777777777778,90,180,2,0,0.0,
COGBCI-PVT,cross,nearear,fixed,bandpower,lda,7,-1,0.06666666666666665,0.5333333333333333,90,180,2,0,0.0,
COGBCI-PVT,cross,nearear,fixed,bandpower,svm,7,-1,0.05555555555555558,0.5277777777777778,90,180,2,0,0.0,
COGBCI-PVT,cross,nearear,fixed,bandpower,decision_tree,7,-1,0.0,0.5,90,180,2,0,0.0,
COGBCI-PVT,cross,nearear,fixed,bandpower,random_forest,7,-1,0.0,0.5,90,180,2,0,0.0,
COGBCI-PVT,cross,nearear,ccb,,,7,0,-0.03333333333333344,0.48333333333333334,90,180,2,39,24.0,
COGBCI-PVT,cross,nearear,ccb,,,7,1,0.011111111111111072,0.5055555555555555,90,180,2,56,32.0,
COGBCI-PVT,cross,nearear,ccb,,,7,2,0.0,0.5,90,180,2,28,32.0,
COGBCI-PVT,cross,nearear,ccb,,,7,3,0.0,0.5,90,180,2,38,25.0,
COGBCI-PVT,cross,nearear,ccb,,,7,42,-0.03333333333333344,0.48333333333333334,90,180,2,38,28.0,
COGBCI-PVT,within,nearear,fixed,fbcsp,lda,8,-1,0.4444444444444444,0.7222222222222222,72,18,2,0,0.0,
COGBCI-PVT,within,nearear,fixed,fbcsp,svm,8,-1,0.0,0.5,72,18,2,0,0.0,
COGBCI-PVT,within,nearear,fixed,fbcsp,decision_tree,8,-1,0.0,0.5,72,18,2,0,0.0,
COGBCI-PVT,within,nearear,fixed,fbcsp,random_forest,8,-1,0.0,0.5,72,18,2,0,0.0,
COGBCI-PVT,within,nearear,fixed,bandpower,lda,8,-1,0.2222222222222222,0.6111111111111112,72,18,2,0,0.0,
COGBCI-PVT,within,nearear,fixed,bandpower,svm,8,-1,-0.11111111111111116,0.4444444444444444,72,18,2,0,0.0,
COGBCI-PVT,within,nearear,fixed,bandpower,decision_tree,8,-1,0.33333333333333337,0.6666666666666666,72,18,2,0,0.0,
COGBCI-PVT,within,nearear,fixed,bandpower,random_forest,8,-1,-0.11111111111111116,0.4444444444444444,72,18,2,0,0.0,
COGBCI-PVT,within,nearear,ccb,,,8,0,-0.22222222222222232,0.3888888888888889,72,18,2,30,32.0,
COGBCI-PVT,within,nearear,ccb,,,8,1,0.0,0.5,72,18,2,21,30.0,
COGBCI-PVT,within,nearear,ccb,,,8,2,0.0,0.5,72,18,2,46,33.0,
COGBCI-PVT,within,nearear,ccb,,,8,3,-0.11111111111111116,0.4444444444444444,72,18,2,59,25.0,
COGBCI-PVT,within,nearear,ccb,,,8,42,0.33333333333333337,0.6666666666666666,72,18,2,37,24.0,
COGBCI-PVT,cross,nearear,fixed,fbcsp,lda,8,-1,-0.03333333333333344,0.48333333333333334,90,180,2,0,0.0,
COGBCI-PVT,cross,nearear,fixed,fbcsp,svm,8,-1,0.0,0.5,90,180,2,0,0.0,
COGBCI-PVT,cross,nearear,fixed,fbcsp,decision_tree,8,-1,0.011111111111111072,0.5055555555555555,90,180,2,0,0.0,
COGBCI-PVT,cross,nearear,fixed,fbcsp,random_forest,8,-1,-0.03333333333333344,0.48333333333333334,90,180,2,0,0.0,
COGBCI-PVT,cross,nearear,fixed,bandpower,lda,8,-1,0.0,0.5,90,180,2,0,0.0,
COGBCI-PVT,cross,nearear,fixed,bandpower,svm,8,-1,-0.04444444444444451,0.4777777777777778,90,180,2,0,0.0,
COGBCI-PVT,cross,nearear,fixed,bandpower,decision_tree,8,-1,0.18888888888888888,0.5944444444444444,90,180,2,0,0.0,
COGBCI-PVT,cross,nearear,fixed,bandpower,random_forest,8,-1,-0.011111111111111072,0.49444444444444446,90,180,2,0,0.0,
COGBCI-PVT,cross,nearear,ccb,,,8,0,-0.03333333333333344,0.48333333333333334,90,180,2,62,28.0,
COGBCI-PVT,cross,nearear,ccb,,,8,1,0.0,0.5,90,180,2,36,30.0,
COGBCI-PVT,cross,nearear,ccb,,,8,2,0.011111111111111072,0.5055555555555555,90,180,2,22,32.0,
COGBCI-PVT,cross,nearear,ccb,,,8,3,-0.12222222222222223,0.4388888888888889,90,180,2,34,38.0,
COGBCI-PVT,cross,nearear,ccb,,,8,42,-0.05555555555555558,0.4722222222222222,90,180,2,52,31.0,
COGBCI-PVT,within,nearear,fixed,fbcsp,lda,9,-1,-0.11111111111111116,0.4444444444444444,72,18,2,0,0.0,
COGBCI-PVT,within,nearear,fixed,fbcsp,svm,9,-1,-0.11111111111111116,0.4444444444444444,72,18,2,0,0.0,
COGBCI-PVT,within,nearear,fixed,fbcsp,decision_tree,9,-1,0.2222222222222222,0.6111111111111112,72,18,2,0,0.0,
COGBCI-PVT,within,nearear,fixed,fbcsp,random_forest,9,-1,0.0,0.5,72,18,2,0,0.0,
COGBCI-PVT,within,nearear,fixed,bandpower,lda,9,-1,0.0,0.5,72,18,2,0,0.0,
COGBCI-PVT,within,nearear,fixed,bandpower,svm,9,-1,0.11111111111111116,0.5555555555555556,72,18,2,0,0.0,
COGBCI-PVT,within,nearear,fixed,bandpower,decision_tree,9,-1,0.2222222222222222,0.6111111111111112,72,18,2,0,0.0,
COGBCI-PVT,within,nearear,fixed,bandpower,random_forest,9,-1,0.2222222222222222,0.6111111111111112,72,18,2,0,0.0,
COGBCI-PVT,within,nearear,ccb,,,9,0,0.33333333333333337,0.6666666666666666,72,18,2,47,26.0,
COGBCI-PVT,within,nearear,ccb,,,9,1,-0.22222222222222232,0.3888888888888889,72,18,2,50,27.0,
COGBCI-PVT,within,nearear,ccb,,,9,2,0.11111111111111116,0.5555555555555556,72,18,2,38,22.0,
COGBCI-PVT,within,nearear,ccb,,,9,3,-0.22222222222222232,0.3888888888888889,72,18,2,43,26.0,
COGBCI-PVT,within,nearear,ccb,,,9,42,0.11111111111111116,0.5555555555555556,72,18,2,33,25.0,
COGBCI-PVT,cross,nearear,fixed,fbcsp,lda,9,-1,0.011111111111111072,0.5055555555555555,90,180,2,0,0.0,
COGBCI-PVT,cross,nearear,fixed,fbcsp,svm,9,-1,0.0444444444444444,0.5222222222222223,90,180,2,0,0.0,
COGBCI-PVT,cross,nearear,fixed,fbcsp,decision_tree,9,-1,-0.022222222222222143,0.4888888888888889,90,180,2,0,0.0,
COGBCI-PVT,cross,nearear,fixed,fbcsp,random_forest,9,-1,0.0,0.5,90,180,2,0,0.0,
COGBCI-PVT,cross,nearear,fixed,bandpower,lda,9,-1,0.06666666666666665,0.5333333333333333,90,180,2,0,0.0,
COGBCI-PVT,cross,nearear,fixed,bandpower,svm,9,-1,0.033333333333333326,0.5166666666666667,90,180,2,0,0.0,
COGBCI-PVT,cross,nearear,fixed,bandpower,decision_tree,9,-1,-0.03333333333333344,0.48333333333333334,90,180,2,0,0.0,
COGBCI-PVT,cross,nearear,fixed,bandpower,random_forest,9,-1,0.0,0.5,90,180,2,0,0.0,
COGBCI-PVT,cross,nearear,ccb,,,9,0,-0.011111111111111072,0.49444444444444446,90,180,2,48,33.0,
COGBCI-PVT,cross,nearear,ccb,,,9,1,0.09999999999999998,0.55,90,180,2,19,31.0,
COGBCI-PVT,cross,nearear,ccb,,,9,2,0.033333333333333326,0.5166666666666667,90,180,2,40,31.0,
COGBCI-PVT,cross,nearear,ccb,,,9,3,0.0,0.5,90,180,2,37,29.0,
COGBCI-PVT,cross,nearear,ccb,,,9,42,0.011111111111111072,0.5055555555555555,90,180,2,53,33.0,
COGBCI-PVT,within,nearear,fixed,fbcsp,lda,10,-1,-0.11111111111111116,0.4444444444444444,72,18,2,0,0.0,
COGBCI-PVT,within,nearear,fixed,fbcsp,svm,10,-1,-0.11111111111111116,0.4444444444444444,72,18,2,0,0.0,
COGBCI-PVT,within,nearear,fixed,fbcsp,decision_tree,10,-1,-0.11111111111111116,0.4444444444444444,72,18,2,0,0.0,
COGBCI-PVT,within,nearear,fixed,fbcsp,random_forest,10,-1,-0.11111111111111116,0.4444444444444444,72,18,2,0,0.0,
COGBCI-PVT,within,nearear,fixed,bandpower,lda,10,-1,0.4444444444444444,0.7222222222222222,72,18,2,0,0.0,
COGBCI-PVT,within,nearear,fixed,bandpower,svm,10,-1,0.11111111111111116,0.5555555555555556,72,18,2,0,0.0,
COGBCI-PVT,within,nearear,fixed,bandpower,decision_tree,10,-1,-0.11111111111111116,0.4444444444444444,72,18,2,0,0.0,
COGBCI-PVT,within,nearear,fixed,bandpower,random_forest,10,-1,0.11111111111111116,0.5555555555555556,72,18,2,0,0.0,
COGBCI-PVT,within,nearear,ccb,,,10,0,-0.22222222222222232,0.3888888888888889,72,18,2,34,25.0,
COGBCI-PVT,within,nearear,ccb,,,10,1,0.4444444444444444,0.7222222222222222,72,18,2,19,25.0,
COGBCI-PVT,within,nearear,ccb,,,10,2,0.2222222222222222,0.6111111111111112,72,18,2,42,24.0,
COGBCI-PVT,within,nearear,ccb,,,10,3,-0.5555555555555556,0.2222222222222222,72,18,2,47,31.0,
COGBCI-PVT,within,nearear,ccb,,,10,42,-0.11111111111111116,0.4444444444444444,72,18,2,37,25.0,
COGBCI-PVT,cross,nearear,fixed,fbcsp,lda,10,-1,0.033333333333333326,0.5166666666666667,90,180,2,0,0.0,
COGBCI-PVT,cross,nearear,fixed,fbcsp,svm,10,-1,0.06666666666666665,0.5333333333333333,90,180,2,0,0.0,
COGBCI-PVT,cross,nearear,fixed,fbcsp,decision_tree,10,-1,0.033333333333333326,0.5166666666666667,90,180,2,0,0.0,
COGBCI-PVT,cross,nearear,fixed,fbcsp,random_forest,10,-1,0.0888888888888889,0.5444444444444444,90,180,2,0,0.0,
COGBCI-PVT,cross,nearear,fixed,bandpower,lda,10,-1,0.022222222222222254,0.5111111111111111,90,180,2,0,0.0,
COGBCI-PVT,cross,nearear,fixed,bandpower,svm,10,-1,0.011111111111111072,0.5055555555555555,90,180,2,0,0.0,
COGBCI-PVT,cross,nearear,fixed,bandpower,decision_tree,10,-1,0.011111111111111072,0.5055555555555555,90,180,2,0,0.0,
COGBCI-PVT,cross,nearear,fixed,bandpower,random_forest,10,-1,0.0888888888888889,0.5444444444444444,90,180,2,0,0.0,
COGBCI-PVT,cross,nearear,ccb,,,10,0,-0.05555555555555558,0.4722222222222222,90,180,2,30,32.0,
COGBCI-PVT,cross,nearear,ccb,,,10,1,-0.03333333333333344,0.48333333333333334,90,180,2,22,32.0,
COGBCI-PVT,cross,nearear,ccb,,,10,2,0.0,0.5,90,180,2,31,33.0,
COGBCI-PVT,cross,nearear,ccb,,,10,3,0.011111111111111072,0.5055555555555555,90,180,2,21,22.0,
COGBCI-PVT,cross,nearear,ccb,,,10,42,-0.011111111111111072,0.49444444444444446,90,180,2,38,34.0,
COGBCI-PVT,within,nearear,fixed,fbcsp,lda,11,-1,0.2222222222222222,0.6111111111111112,72,18,2,0,0.0,
COGBCI-PVT,within,nearear,fixed,fbcsp,svm,11,-1,0.11111111111111116,0.5555555555555556,72,18,2,0,0.0,
COGBCI-PVT,within,nearear,fixed,fbcsp,decision_tree,11,-1,0.2222222222222222,0.6111111111111112,72,18,2,0,0.0,
COGBCI-PVT,within,nearear,fixed,fbcsp,random_forest,11,-1,-0.11111111111111116,0.4444444444444444,72,18,2,0,0.0,
COGBCI-PVT,within,nearear,fixed,bandpower,lda,11,-1,-0.22222222222222232,0.3888888888888889,72,18,2,0,0.0,
COGBCI-PVT,within,nearear,fixed,bandpower,svm,11,-1,-0.22222222222222232,0.3888888888888889,72,18,2,0,0.0,
COGBCI-PVT,within,nearear,fixed,bandpower,decision_tree,11,-1,-0.33333333333333326,0.3333333333333333,72,18,2,0,0.0,
COGBCI-PVT,within,nearear,fixed,bandpower,random_forest,11,-1,0.11111111111111116,0.5555555555555556,72,18,2,0,0.0,
COGBCI-PVT,within,nearear,ccb,,,11,0,0.0,0.5,72,18,2,48,23.0,
COGBCI-PVT,within,nearear,ccb,,,11,1,0.33333333333333337,0.6666666666666666,72,18,2,24,27.0,
COGBCI-PVT,within,nearear,ccb,,,11,2,0.0,0.5,72,18,2,22,25.0,
COGBCI-PVT,within,nearear,ccb,,,11,3,0.11111111111111116,0.5555555555555556,72,18,2,68,25.0,
COGBCI-PVT,within,nearear,ccb,,,11,42,0.0,0.5,72,18,2,27,17.0,
COGBCI-PVT,cross,nearear,fixed,fbcsp,lda,11,-1,0.05555555555555558,0.5277777777777778,90,180,2,0,0.0,
COGBCI-PVT,cross,nearear,fixed,fbcsp,svm,11,-1,0.033333333333333326,0.5166666666666667,90,180,2,0,0.0,
COGBCI-PVT,cross,nearear,fixed,fbcsp,decision_tree,11,-1,-0.06666666666666665,0.4666666666666667,90,180,2,0,0.0,
COGBCI-PVT,cross,nearear,fixed,fbcsp,random_forest,11,-1,0.07777777777777772,0.5388888888888889,90,180,2,0,0.0,
COGBCI-PVT,cross,nearear,fixed,bandpower,lda,11,-1,0.09999999999999998,0.55,90,180,2,0,0.0,
COGBCI-PVT,cross,nearear,fixed,bandpower,svm,11,-1,0.2222222222222222,0.6111111111111112,90,180,2,0,0.0,
COGBCI-PVT,cross,nearear,fixed,bandpower,decision_tree,11,-1,0.0444444444444444,0.5222222222222223,90,180,2,0,0.0,
COGBCI-PVT,cross,nearear,fixed,bandpower,random_forest,11,-1,0.24444444444444446,0.6222222222222222,90,180,2,0,0.0,
COGBCI-PVT,cross,nearear,ccb,,,11,0,-0.06666666666666665,0.4666666666666667,90,180,2,42,38.0,
COGBCI-PVT,cross,nearear,ccb,,,11,1,-0.03333333333333344,0.48333333333333334,90,180,2,42,33.0,
COGBCI-PVT,cross,nearear,ccb,,,11,2,-0.03333333333333344,0.48333333333333334,90,180,2,32,34.0,
COGBCI-PVT,cross,nearear,ccb,,,11,3,0.11111111111111116,0.5555555555555556,90,180,2,18,30.0,
COGBCI-PVT,cross,nearear,ccb,,,11,42,-0.04444444444444451,0.4777777777777778,90,180,2,35,26.0,
COGBCI-PVT,within,nearear,fixed,fbcsp,lda,12,-1,-0.11111111111111116,0.4444444444444444,72,18,2,0,0.0,
COGBCI-PVT,within,nearear,fixed,fbcsp,svm,12,-1,-0.4444444444444444,0.2777777777777778,72,18,2,0,0.0,
COGBCI-PVT,within,nearear,fixed,fbcsp,decision_tree,12,-1,-0.33333333333333326,0.3333333333333333,72,18,2,0,0.0,
COGBCI-PVT,within,nearear,fixed,fbcsp,random_forest,12,-1,-0.11111111111111116,0.4444444444444444,72,18,2,0,0.0,
COGBCI-PVT,within,nearear,fixed,bandpower,lda,12,-1,0.0,0.5,72,18,2,0,0.0,
COGBCI-PVT,within,nearear,fixed,bandpower,svm,12,-1,0.0,0.5,72,18,2,0,0.0,
COGBCI-PVT,within,nearear,fixed,bandpower,decision_tree,12,-1,0.33333333333333337,0.6666666666666666,72,18,2,0,0.0,
COGBCI-PVT,within,nearear,fixed,bandpower,random_forest,12,-1,0.0,0.5,72,18,2,0,0.0,
COGBCI-PVT,within,nearear,ccb,,,12,0,-0.22222222222222232,0.3888888888888889,72,18,2,57,23.0,
COGBCI-PVT,within,nearear,ccb,,,12,1,0.0,0.5,72,18,2,42,20.0,
COGBCI-PVT,within,nearear,ccb,,,12,2,0.0,0.5,72,18,2,38,26.0,
COGBCI-PVT,within,nearear,ccb,,,12,3,0.0,0.5,72,18,2,48,22.0,
COGBCI-PVT,within,nearear,ccb,,,12,42,0.0,0.5,72,18,2,31,17.0,
COGBCI-PVT,cross,nearear,fixed,fbcsp,lda,12,-1,0.033333333333333326,0.5166666666666667,90,180,2,0,0.0,
COGBCI-PVT,cross,nearear,fixed,fbcsp,svm,12,-1,-0.022222222222222143,0.4888888888888889,90,180,2,0,0.0,
COGBCI-PVT,cross,nearear,fixed,fbcsp,decision_tree,12,-1,0.022222222222222254,0.5111111111111111,90,180,2,0,0.0,
COGBCI-PVT,cross,nearear,fixed,fbcsp,random_forest,12,-1,0.011111111111111072,0.5055555555555555,90,180,2,0,0.0,
COGBCI-PVT,cross,nearear,fixed,bandpower,lda,12,-1,-0.04444444444444451,0.4777777777777778,90,180,2,0,0.0,
COGBCI-PVT,cross,nearear,fixed,bandpower,svm,12,-1,-0.03333333333333344,0.48333333333333334,90,180,2,0,0.0,
COGBCI-PVT,cross,nearear,fixed,bandpower,decision_tree,12,-1,0.06666666666666665,0.5333333333333333,90,180,2,0,0.0,
COGBCI-PVT,cross,nearear,fixed,bandpower,random_forest,12,-1,0.0444444444444444,0.5222222222222223,90,180,2,0,0.0,
COGBCI-PVT,cross,nearear,ccb,,,12,0,0.011111111111111072,0.5055555555555555,90,180,2,22,28.0,
COGBCI-PVT,cross,nearear,ccb,,,12,1,-0.022222222222222143,0.4888888888888889,90,180,2,29,23.0,
COGBCI-PVT,cross,nearear,ccb,,,12,2,-0.022222222222222143,0.4888888888888889,90,180,2,36,27.0,
COGBCI-PVT,cross,nearear,ccb,,,12,3,-0.07777777777777772,0.46111111111111114,90,180,2,56,26.0,
COGBCI-PVT,cross,nearear,ccb,,,12,42,0.022222222222222254,0.5111111111111111,90,180,2,92,30.0,
COGBCI-PVT,within,nearear,fixed,fbcsp,lda,13,-1,0.11111111111111116,0.5555555555555556,72,18,2,0,0.0,
COGBCI-PVT,within,nearear,fixed,fbcsp,svm,13,-1,0.0,0.5,72,18,2,0,0.0,
COGBCI-PVT,within,nearear,fixed,fbcsp,decision_tree,13,-1,0.33333333333333337,0.6666666666666666,72,18,2,0,0.0,
COGBCI-PVT,within,nearear,fixed,fbcsp,random_forest,13,-1,-0.22222222222222232,0.3888888888888889,72,18,2,0,0.0,
COGBCI-PVT,within,nearear,fixed,bandpower,lda,13,-1,0.11111111111111116,0.5555555555555556,72,18,2,0,0.0,
COGBCI-PVT,within,nearear,fixed,bandpower,svm,13,-1,0.0,0.5,72,18,2,0,0.0,
COGBCI-PVT,within,nearear,fixed,bandpower,decision_tree,13,-1,-0.22222222222222232,0.3888888888888889,72,18,2,0,0.0,
COGBCI-PVT,within,nearear,fixed,bandpower,random_forest,13,-1,-0.33333333333333326,0.3333333333333333,72,18,2,0,0.0,
COGBCI-PVT,within,nearear,ccb,,,13,0,0.0,0.5,72,18,2,40,25.0,
COGBCI-PVT,within,nearear,ccb,,,13,1,0.2222222222222222,0.6111111111111112,72,18,2,51,19.0,
COGBCI-PVT,within,nearear,ccb,,,13,2,0.0,0.5,72,18,2,16,19.0,
COGBCI-PVT,within,nearear,ccb,,,13,3,-0.11111111111111116,0.4444444444444444,72,18,2,66,24.0,
COGBCI-PVT,within,nearear,ccb,,,13,42,0.11111111111111116,0.5555555555555556,72,18,2,53,21.0,
COGBCI-PVT,cross,nearear,fixed,fbcsp,lda,13,-1,0.022222222222222254,0.5111111111111111,90,180,2,0,0.0,
COGBCI-PVT,cross,nearear,fixed,fbcsp,svm,13,-1,0.0,0.5,90,180,2,0,0.0,
COGBCI-PVT,cross,nearear,fixed,fbcsp,decision_tree,13,-1,0.0,0.5,90,180,2,0,0.0,
COGBCI-PVT,cross,nearear,fixed,fbcsp,random_forest,13,-1,0.033333333333333326,0.5166666666666667,90,180,2,0,0.0,
COGBCI-PVT,cross,nearear,fixed,bandpower,lda,13,-1,-0.03333333333333344,0.48333333333333334,90,180,2,0,0.0,
COGBCI-PVT,cross,nearear,fixed,bandpower,svm,13,-1,-0.11111111111111116,0.4444444444444444,90,180,2,0,0.0,
COGBCI-PVT,cross,nearear,fixed,bandpower,decision_tree,13,-1,-0.07777777777777772,0.46111111111111114,90,180,2,0,0.0,
COGBCI-PVT,cross,nearear,fixed,bandpower,random_forest,13,-1,-0.07777777777777772,0.46111111111111114,90,180,2,0,0.0,
COGBCI-PVT,cross,nearear,ccb,,,13,0,0.022222222222222254,0.5111111111111111,90,180,2,8,28.0,
COGBCI-PVT,cross,nearear,ccb,,,13,1,0.022222222222222254,0.5111111111111111,90,180,2,14,34.0,
COGBCI-PVT,cross,nearear,ccb,,,13,2,0.033333333333333326,0.5166666666666667,90,180,2,48,24.0,
COGBCI-PVT,cross,nearear,ccb,,,13,3,0.06666666666666665,0.5333333333333333,90,180,2,42,31.0,
COGBCI-PVT,cross,nearear,ccb,,,13,42,0.06666666666666665,0.5333333333333333,90,180,2,72,33.0,
COGBCI-PVT,within,nearear,fixed,fbcsp,lda,14,-1,-0.22222222222222232,0.3888888888888889,72,18,2,0,0.0,
COGBCI-PVT,within,nearear,fixed,fbcsp,svm,14,-1,0.0,0.5,72,18,2,0,0.0,
COGBCI-PVT,within,nearear,fixed,fbcsp,decision_tree,14,-1,-0.22222222222222232,0.3888888888888889,72,18,2,0,0.0,
COGBCI-PVT,within,nearear,fixed,fbcsp,random_forest,14,-1,-0.4444444444444444,0.2777777777777778,72,18,2,0,0.0,
COGBCI-PVT,within,nearear,fixed,bandpower,lda,14,-1,-0.22222222222222232,0.3888888888888889,72,18,2,0,0.0,
COGBCI-PVT,within,nearear,fixed,bandpower,svm,14,-1,-0.11111111111111116,0.4444444444444444,72,18,2,0,0.0,
COGBCI-PVT,within,nearear,fixed,bandpower,decision_tree,14,-1,-0.11111111111111116,0.4444444444444444,72,18,2,0,0.0,
COGBCI-PVT,within,nearear,fixed,bandpower,random_forest,14,-1,0.2222222222222222,0.6111111111111112,72,18,2,0,0.0,
COGBCI-PVT,within,nearear,ccb,,,14,0,0.33333333333333337,0.6666666666666666,72,18,2,38,31.0,
COGBCI-PVT,within,nearear,ccb,,,14,1,0.11111111111111116,0.5555555555555556,72,18,2,22,20.0,
COGBCI-PVT,within,nearear,ccb,,,14,2,-0.11111111111111116,0.4444444444444444,72,18,2,38,27.0,
COGBCI-PVT,within,nearear,ccb,,,14,3,-0.11111111111111116,0.4444444444444444,72,18,2,44,27.0,
COGBCI-PVT,within,nearear,ccb,,,14,42,-0.11111111111111116,0.4444444444444444,72,18,2,30,24.0,
COGBCI-PVT,cross,nearear,fixed,fbcsp,lda,14,-1,0.011111111111111072,0.5055555555555555,90,180,2,0,0.0,
COGBCI-PVT,cross,nearear,fixed,fbcsp,svm,14,-1,0.0444444444444444,0.5222222222222223,90,180,2,0,0.0,
COGBCI-PVT,cross,nearear,fixed,fbcsp,decision_tree,14,-1,0.09999999999999998,0.55,90,180,2,0,0.0,
COGBCI-PVT,cross,nearear,fixed,fbcsp,random_forest,14,-1,0.022222222222222254,0.5111111111111111,90,180,2,0,0.0,
COGBCI-PVT,cross,nearear,fixed,bandpower,lda,14,-1,-0.07777777777777772,0.46111111111111114,90,180,2,0,0.0,
COGBCI-PVT,cross,nearear,fixed,bandpower,svm,14,-1,-0.03333333333333344,0.48333333333333334,90,180,2,0,0.0,
COGBCI-PVT,cross,nearear,fixed,bandpower,decision_tree,14,-1,0.0,0.5,90,180,2,0,0.0,
COGBCI-PVT,cross,nearear,fixed,bandpower,random_forest,14,-1,-0.06666666666666665,0.4666666666666667,90,180,2,0,0.0,
COGBCI-PVT,cross,nearear,ccb,,,14,0,-0.05555555555555558,0.4722222222222222,90,180,2,44,32.0,
COGBCI-PVT,cross,nearear,ccb,,,14,1,0.022222222222222254,0.5111111111111111,90,180,2,23,28.0,
COGBCI-PVT,cross,nearear,ccb,,,14,2,0.07777777777777772,0.5388888888888889,90,180,2,50,29.0,
COGBCI-PVT,cross,nearear,ccb,,,14,3,0.0888888888888889,0.5444444444444444,90,180,2,38,37.0,
COGBCI-PVT,cross,nearear,ccb,,,14,42,0.022222222222222254,0.5111111111111111,90,180,2,26,29.0,
COGBCI-PVT,within,nearear,fixed,fbcsp,lda,15,-1,-0.11111111111111116,0.4444444444444444,72,18,2,0,0.0,
COGBCI-PVT,within,nearear,fixed,fbcsp,svm,15,-1,0.2222222222222222,0.6111111111111112,72,18,2,0,0.0,
COGBCI-PVT,within,nearear,fixed,fbcsp,decision_tree,15,-1,-0.11111111111111116,0.4444444444444444,72,18,2,0,0.0,
COGBCI-PVT,within,nearear,fixed,fbcsp,random_forest,15,-1,0.2222222222222222,0.6111111111111112,72,18,2,0,0.0,
COGBCI-PVT,within,nearear,fixed,bandpower,lda,15,-1,0.11111111111111116,0.5555555555555556,72,18,2,0,0.0,
COGBCI-PVT,within,nearear,fixed,bandpower,svm,15,-1,0.2222222222222222,0.6111111111111112,72,18,2,0,0.0,
COGBCI-PVT,within,nearear,fixed,bandpower,decision_tree,15,-1,0.11111111111111116,0.5555555555555556,72,18,2,0,0.0,
COGBCI-PVT,within,nearear,fixed,bandpower,random_forest,15,-1,-0.11111111111111116,0.4444444444444444,72,18,2,0,0.0,
COGBCI-PVT,within,nearear,ccb,,,15,0,-0.33333333333333326,0.3333333333333333,72,18,2,45,20.0,
COGBCI-PVT,within,nearear,ccb,,,15,1,0.0,0.5,72,18,2,45,28.0,
COGBCI-PVT,within,nearear,ccb,,,15,2,-0.5555555555555556,0.2222222222222222,72,18,2,61,20.0,
COGBCI-PVT,within,nearear,ccb,,,15,3,0.0,0.5,72,18,2,39,22.0,
COGBCI-PVT,within,nearear,ccb,,,15,42,0.2222222222222222,0.6111111111111112,72,18,2,11,19.0,
COGBCI-PVT,cross,nearear,fixed,fbcsp,lda,15,-1,-0.011111111111111072,0.49444444444444446,90,180,2,0,0.0,
COGBCI-PVT,cross,nearear,fixed,fbcsp,svm,15,-1,0.022222222222222254,0.5111111111111111,90,180,2,0,0.0,
COGBCI-PVT,cross,nearear,fixed,fbcsp,decision_tree,15,-1,-0.05555555555555558,0.4722222222222222,90,180,2,0,0.0,
COGBCI-PVT,cross,nearear,fixed,fbcsp,random_forest,15,-1,0.0444444444444444,0.5222222222222223,90,180,2,0,0.0,
COGBCI-PVT,cross,nearear,fixed,bandpower,lda,15,-1,0.09999999999999998,0.55,90,180,2,0,0.0,
COGBCI-PVT,cross,nearear,fixed,bandpower,svm,15,-1,0.11111111111111116,0.5555555555555556,90,180,2,0,0.0,
COGBCI-PVT,cross,nearear,fixed,bandpower,decision_tree,15,-1,-0.022222222222222143,0.4888888888888889,90,180,2,0,0.0,
COGBCI-PVT,cross,nearear,fixed,bandpower,random_forest,15,-1,0.05555555555555558,0.5277777777777778,90,180,2,0,0.0,
COGBCI-PVT,cross,nearear,ccb,,,15,0,0.033333333333333326,0.5166666666666667,90,180,2,47,31.0,
COGBCI-PVT,cross,nearear,ccb,,,15,1,-0.15555555555555545,0.4222222222222222,90,180,2,33,32.0,
COGBCI-PVT,cross,nearear,ccb,,,15,2,-0.011111111111111072,0.49444444444444446,90,180,2,23,33.0,
COGBCI-PVT,cross,nearear,ccb,,,15,3,-0.022222222222222143,0.4888888888888889,90,180,2,27,32.0,
COGBCI-PVT,cross,nearear,ccb,,,15,42,0.022222222222222254,0.5111111111111111,90,180,2,35,37.0,
COGBCI-PVT,within,nearear,fixed,fbcsp,lda,16,-1,0.2222222222222222,0.6111111111111112,72,18,2,0,0.0,
COGBCI-PVT,within,nearear,fixed,fbcsp,svm,16,-1,0.0,0.5,72,18,2,0,0.0,
COGBCI-PVT,within,nearear,fixed,fbcsp,decision_tree,16,-1,-0.11111111111111116,0.4444444444444444,72,18,2,0,0.0,
COGBCI-PVT,within,nearear,fixed,fbcsp,random_forest,16,-1,0.0,0.5,72,18,2,0,0.0,
COGBCI-PVT,within,nearear,fixed,bandpower,lda,16,-1,0.2222222222222222,0.6111111111111112,72,18,2,0,0.0,
COGBCI-PVT,within,nearear,fixed,bandpower,svm,16,-1,0.2222222222222222,0.6111111111111112,72,18,2,0,0.0,
COGBCI-PVT,within,nearear,fixed,bandpower,decision_tree,16,-1,0.0,0.5,72,18,2,0,0.0,
COGBCI-PVT,within,nearear,fixed,bandpower,random_forest,16,-1,0.11111111111111116,0.5555555555555556,72,18,2,0,0.0,
COGBCI-PVT,within,nearear,ccb,,,16,0,-0.11111111111111116,0.4444444444444444,72,18,2,60,28.0,
COGBCI-PVT,within,nearear,ccb,,,16,1,0.11111111111111116,0.5555555555555556,72,18,2,68,25.0,
COGBCI-PVT,within,nearear,ccb,,,16,2,-0.11111111111111116,0.4444444444444444,72,18,2,28,24.0,
COGBCI-PVT,within,nearear,ccb,,,16,3,0.2222222222222222,0.6111111111111112,72,18,2,38,24.0,
COGBCI-PVT,within,nearear,ccb,,,16,42,0.11111111111111116,0.5555555555555556,72,18,2,47,18.0,
COGBCI-PVT,cross,nearear,fixed,fbcsp,lda,16,-1,0.0,0.5,90,180,2,0,0.0,
COGBCI-PVT,cross,nearear,fixed,fbcsp,svm,16,-1,0.0,0.5,90,180,2,0,0.0,
COGBCI-PVT,cross,nearear,fixed,fbcsp,decision_tree,16,-1,0.0,0.5,90,180,2,0,0.0,
COGBCI-PVT,cross,nearear,fixed,fbcsp,random_forest,16,-1,-0.10000000000000009,0.45,90,180,2,0,0.0,
COGBCI-PVT,cross,nearear,fixed,bandpower,lda,16,-1,0.05555555555555558,0.5277777777777778,90,180,2,0,0.0,
COGBCI-PVT,cross,nearear,fixed,bandpower,svm,16,-1,0.15555555555555556,0.5777777777777777,90,180,2,0,0.0,
COGBCI-PVT,cross,nearear,fixed,bandpower,decision_tree,16,-1,0.09999999999999998,0.55,90,180,2,0,0.0,
COGBCI-PVT,cross,nearear,fixed,bandpower,random_forest,16,-1,-0.022222222222222143,0.4888888888888889,90,180,2,0,0.0,
COGBCI-PVT,cross,nearear,ccb,,,16,0,0.0,0.5,90,180,2,24,26.0,
COGBCI-PVT,cross,nearear,ccb,,,16,1,0.06666666666666665,0.5333333333333333,90,180,2,37,29.0,
COGBCI-PVT,cross,nearear,ccb,,,16,2,-0.05555555555555558,0.4722222222222222,90,180,2,36,30.0,
COGBCI-PVT,cross,nearear,ccb,,,16,3,0.0,0.5,90,180,2,46,36.0,
COGBCI-PVT,cross,nearear,ccb,,,16,42,0.0,0.5,90,180,2,53,25.0,
COGBCI-PVT,within,nearear,fixed,fbcsp,lda,17,-1,0.11111111111111116,0.5555555555555556,72,18,2,0,0.0,
COGBCI-PVT,within,nearear,fixed,fbcsp,svm,17,-1,-0.22222222222222232,0.3888888888888889,72,18,2,0,0.0,
COGBCI-PVT,within,nearear,fixed,fbcsp,decision_tree,17,-1,0.2222222222222222,0.6111111111111112,72,18,2,0,0.0,
COGBCI-PVT,within,nearear,fixed,fbcsp,random_forest,17,-1,0.0,0.5,72,18,2,0,0.0,
COGBCI-PVT,within,nearear,fixed,bandpower,lda,17,-1,-0.11111111111111116,0.4444444444444444,72,18,2,0,0.0,
COGBCI-PVT,within,nearear,fixed,bandpower,svm,17,-1,-0.11111111111111116,0.4444444444444444,72,18,2,0,0.0,
COGBCI-PVT,within,nearear,fixed,bandpower,decision_tree,17,-1,-0.5555555555555556,0.2222222222222222,72,18,2,0,0.0,
COGBCI-PVT,within,nearear,fixed,bandpower,random_forest,17,-1,-0.11111111111111116,0.4444444444444444,72,18,2,0,0.0,
COGBCI-PVT,within,nearear,ccb,,,17,0,-0.4444444444444444,0.2777777777777778,72,18,2,45,25.0,
COGBCI-PVT,within,nearear,ccb,,,17,1,-0.22222222222222232,0.3888888888888889,72,18,2,66,20.0,
COGBCI-PVT,within,nearear,ccb,,,17,2,-0.22222222222222232,0.3888888888888889,72,18,2,34,24.0,
COGBCI-PVT,within,nearear,ccb,,,17,3,-0.22222222222222232,0.3888888888888889,72,18,2,92,19.0,
COGBCI-PVT,within,nearear,ccb,,,17,42,0.2222222222222222,0.6111111111111112,72,18,2,38,21.0,
COGBCI-PVT,cross,nearear,fixed,fbcsp,lda,17,-1,-0.011111111111111072,0.49444444444444446,90,180,2,0,0.0,
COGBCI-PVT,cross,nearear,fixed,fbcsp,svm,17,-1,-0.011111111111111072,0.49444444444444446,90,180,2,0,0.0,
COGBCI-PVT,cross,nearear,fixed,fbcsp,decision_tree,17,-1,-0.0888888888888888,0.45555555555555555,90,180,2,0,0.0,
COGBCI-PVT,cross,nearear,fixed,fbcsp,random_forest,17,-1,-0.022222222222222143,0.4888888888888889,90,180,2,0,0.0,
COGBCI-PVT,cross,nearear,fixed,bandpower,lda,17,-1,-0.03333333333333344,0.48333333333333334,90,180,2,0,0.0,
COGBCI-PVT,cross,nearear,fixed,bandpower,svm,17,-1,0.033333333333333326,0.5166666666666667,90,180,2,0,0.0,
COGBCI-PVT,cross,nearear,fixed,bandpower,decision_tree,17,-1,-0.022222222222222143,0.4888888888888889,90,180,2,0,0.0,
COGBCI-PVT,cross,nearear,fixed,bandpower,random_forest,17,-1,-0.07777777777777772,0.46111111111111114,90,180,2,0,0.0,
COGBCI-PVT,cross,nearear,ccb,,,17,0,0.0,0.5,90,180,2,81,28.0,
COGBCI-PVT,cross,nearear,ccb,,,17,1,-0.03333333333333344,0.48333333333333334,90,180,2,51,31.0,
COGBCI-PVT,cross,nearear,ccb,,,17,2,-0.022222222222222143,0.4888888888888889,90,180,2,22,27.0,
COGBCI-PVT,cross,nearear,ccb,,,17,3,-0.022222222222222143,0.4888888888888889,90,180,2,31,30.0,
COGBCI-PVT,cross,nearear,ccb,,,17,42,-0.011111111111111072,0.49444444444444446,90,180,2,28,22.0,
COGBCI-PVT,within,nearear,fixed,fbcsp,lda,18,-1,0.11111111111111116,0.5555555555555556,72,18,2,0,0.0,
COGBCI-PVT,within,nearear,fixed,fbcsp,svm,18,-1,0.0,0.5,72,18,2,0,0.0,
COGBCI-PVT,within,nearear,fixed,fbcsp,decision_tree,18,-1,0.0,0.5,72,18,2,0,0.0,
COGBCI-PVT,within,nearear,fixed,fbcsp,random_forest,18,-1,-0.22222222222222232,0.3888888888888889,72,18,2,0,0.0,
COGBCI-PVT,within,nearear,fixed,bandpower,lda,18,-1,0.11111111111111116,0.5555555555555556,72,18,2,0,0.0,
COGBCI-PVT,within,nearear,fixed,bandpower,svm,18,-1,0.0,0.5,72,18,2,0,0.0,
COGBCI-PVT,within,nearear,fixed,bandpower,decision_tree,18,-1,0.33333333333333337,0.6666666666666666,72,18,2,0,0.0,
COGBCI-PVT,within,nearear,fixed,bandpower,random_forest,18,-1,0.11111111111111116,0.5555555555555556,72,18,2,0,0.0,
COGBCI-PVT,within,nearear,ccb,,,18,0,-0.22222222222222232,0.3888888888888889,72,18,2,32,22.0,
COGBCI-PVT,within,nearear,ccb,,,18,1,-0.33333333333333326,0.3333333333333333,72,18,2,22,24.0,
COGBCI-PVT,within,nearear,ccb,,,18,2,0.11111111111111116,0.5555555555555556,72,18,2,31,23.0,
COGBCI-PVT,within,nearear,ccb,,,18,3,0.33333333333333337,0.6666666666666666,72,18,2,27,22.0,
COGBCI-PVT,within,nearear,ccb,,,18,42,0.11111111111111116,0.5555555555555556,72,18,2,18,18.0,
COGBCI-PVT,cross,nearear,fixed,fbcsp,lda,18,-1,-0.022222222222222143,0.4888888888888889,90,180,2,0,0.0,
COGBCI-PVT,cross,nearear,fixed,fbcsp,svm,18,-1,0.022222222222222254,0.5111111111111111,90,180,2,0,0.0,
COGBCI-PVT,cross,nearear,fixed,fbcsp,decision_tree,18,-1,0.033333333333333326,0.5166666666666667,90,180,2,0,0.0,
COGBCI-PVT,cross,nearear,fixed,fbcsp,random_forest,18,-1,0.05555555555555558,0.5277777777777778,90,180,2,0,0.0,
COGBCI-PVT,cross,nearear,fixed,bandpower,lda,18,-1,-0.05555555555555558,0.4722222222222222,90,180,2,0,0.0,
COGBCI-PVT,cross,nearear,fixed,bandpower,svm,18,-1,0.011111111111111072,0.5055555555555555,90,180,2,0,0.0,
COGBCI-PVT,cross,nearear,fixed,bandpower,decision_tree,18,-1,-0.10000000000000009,0.45,90,180,2,0,0.0,
COGBCI-PVT,cross,nearear,fixed,bandpower,random_forest,18,-1,-0.06666666666666665,0.4666666666666667,90,180,2,0,0.0,
COGBCI-PVT,cross,nearear,ccb,,,18,0,0.022222222222222254,0.5111111111111111,90,180,2,61,31.0,
COGBCI-PVT,cross,nearear,ccb,,,18,1,0.05555555555555558,0.5277777777777778,90,180,2,66,31.0,
COGBCI-PVT,cross,nearear,ccb,,,18,2,0.0444444444444444,0.5222222222222223,90,180,2,28,27.0,
COGBCI-PVT,cross,nearear,ccb,,,18,3,0.033333333333333326,0.5166666666666667,90,180,2,32,34.0,
COGBCI-PVT,cross,nearear,ccb,,,18,42,-0.04444444444444451,0.4777777777777778,90,180,2,24,30.0,
COGBCI-PVT,within,nearear,fixed,fbcsp,lda,19,-1,-0.11111111111111116,0.4444444444444444,72,18,2,0,0.0,
COGBCI-PVT,within,nearear,fixed,fbcsp,svm,19,-1,-0.22222222222222232,0.3888888888888889,72,18,2,0,0.0,
COGBCI-PVT,within,nearear,fixed,fbcsp,decision_tree,19,-1,-0.22222222222222232,0.3888888888888889,72,18,2,0,0.0,
COGBCI-PVT,within,nearear,fixed,fbcsp,random_forest,19,-1,-0.33333333333333326,0.3333333333333333,72,18,2,0,0.0,
COGBCI-PVT,within,nearear,fixed,bandpower,lda,19,-1,0.0,0.5,72,18,2,0,0.0,
COGBCI-PVT,within,nearear,fixed,bandpower,svm,19,-1,0.11111111111111116,0.5555555555555556,72,18,2,0,0.0,
COGBCI-PVT,within,nearear,fixed,bandpower,decision_tree,19,-1,-0.22222222222222232,0.3888888888888889,72,18,2,0,0.0,
COGBCI-PVT,within,nearear,fixed,bandpower,random_forest,19,-1,-0.11111111111111116,0.4444444444444444,72,18,2,0,0.0,
COGBCI-PVT,within,nearear,ccb,,,19,0,0.2222222222222222,0.6111111111111112,72,18,2,35,20.0,
COGBCI-PVT,within,nearear,ccb,,,19,1,-0.22222222222222232,0.3888888888888889,72,18,2,27,19.0,
COGBCI-PVT,within,nearear,ccb,,,19,2,0.33333333333333337,0.6666666666666666,72,18,2,47,23.0,
COGBCI-PVT,within,nearear,ccb,,,19,3,0.33333333333333337,0.6666666666666666,72,18,2,49,24.0,
COGBCI-PVT,within,nearear,ccb,,,19,42,-0.11111111111111116,0.4444444444444444,72,18,2,28,22.0,
COGBCI-PVT,cross,nearear,fixed,fbcsp,lda,19,-1,0.0444444444444444,0.5222222222222223,90,180,2,0,0.0,
COGBCI-PVT,cross,nearear,fixed,fbcsp,svm,19,-1,0.022222222222222254,0.5111111111111111,90,180,2,0,0.0,
COGBCI-PVT,cross,nearear,fixed,fbcsp,decision_tree,19,-1,-0.04444444444444451,0.4777777777777778,90,180,2,0,0.0,
COGBCI-PVT,cross,nearear,fixed,fbcsp,random_forest,19,-1,0.0444444444444444,0.5222222222222223,90,180,2,0,0.0,
COGBCI-PVT,cross,nearear,fixed,bandpower,lda,19,-1,0.11111111111111116,0.5555555555555556,90,180,2,0,0.0,
COGBCI-PVT,cross,nearear,fixed,bandpower,svm,19,-1,0.05555555555555558,0.5277777777777778,90,180,2,0,0.0,
COGBCI-PVT,cross,nearear,fixed,bandpower,decision_tree,19,-1,0.033333333333333326,0.5166666666666667,90,180,2,0,0.0,
COGBCI-PVT,cross,nearear,fixed,bandpower,random_forest,19,-1,-0.05555555555555558,0.4722222222222222,90,180,2,0,0.0,
COGBCI-PVT,cross,nearear,ccb,,,19,0,0.0,0.5,90,180,2,49,31.0,
COGBCI-PVT,cross,nearear,ccb,,,19,1,0.09999999999999998,0.55,90,180,2,41,25.0,
COGBCI-PVT,cross,nearear,ccb,,,19,2,0.12222222222222223,0.5611111111111111,90,180,2,46,32.0,
COGBCI-PVT,cross,nearear,ccb,,,19,3,0.0,0.5,90,180,2,34,35.0,
COGBCI-PVT,cross,nearear,ccb,,,19,42,0.07777777777777772,0.5388888888888889,90,180,2,34,34.0,
COGBCI-PVT,within,nearear,fixed,fbcsp,lda,20,-1,0.0,0.5,72,18,2,0,0.0,
COGBCI-PVT,within,nearear,fixed,fbcsp,svm,20,-1,0.0,0.5,72,18,2,0,0.0,
COGBCI-PVT,within,nearear,fixed,fbcsp,decision_tree,20,-1,-0.11111111111111116,0.4444444444444444,72,18,2,0,0.0,
COGBCI-PVT,within,nearear,fixed,fbcsp,random_forest,20,-1,-0.4444444444444444,0.2777777777777778,72,18,2,0,0.0,
COGBCI-PVT,within,nearear,fixed,bandpower,lda,20,-1,-0.22222222222222232,0.3888888888888889,72,18,2,0,0.0,
COGBCI-PVT,within,nearear,fixed,bandpower,svm,20,-1,0.11111111111111116,0.5555555555555556,72,18,2,0,0.0,
COGBCI-PVT,within,nearear,fixed,bandpower,decision_tree,20,-1,-0.22222222222222232,0.3888888888888889,72,18,2,0,0.0,
COGBCI-PVT,within,nearear,fixed,bandpower,random_forest,20,-1,0.2222222222222222,0.6111111111111112,72,18,2,0,0.0,
COGBCI-PVT,within,nearear,ccb,,,20,0,-0.22222222222222232,0.3888888888888889,72,18,2,74,28.0,
COGBCI-PVT,within,nearear,ccb,,,20,1,-0.11111111111111116,0.4444444444444444,72,18,2,32,20.0,
COGBCI-PVT,within,nearear,ccb,,,20,2,0.0,0.5,72,18,2,20,15.0,
COGBCI-PVT,within,nearear,ccb,,,20,3,-0.33333333333333326,0.3333333333333333,72,18,2,30,25.0,
COGBCI-PVT,within,nearear,ccb,,,20,42,0.0,0.5,72,18,2,60,24.0,
COGBCI-PVT,cross,nearear,fixed,fbcsp,lda,20,-1,-0.07777777777777772,0.46111111111111114,90,180,2,0,0.0,
COGBCI-PVT,cross,nearear,fixed,fbcsp,svm,20,-1,-0.07777777777777772,0.46111111111111114,90,180,2,0,0.0,
COGBCI-PVT,cross,nearear,fixed,fbcsp,decision_tree,20,-1,0.033333333333333326,0.5166666666666667,90,180,2,0,0.0,
COGBCI-PVT,cross,nearear,fixed,fbcsp,random_forest,20,-1,-0.07777777777777772,0.46111111111111114,90,180,2,0,0.0,
COGBCI-PVT,cross,nearear,fixed,bandpower,lda,20,-1,0.07777777777777772,0.5388888888888889,90,180,2,0,0.0,
COGBCI-PVT,cross,nearear,fixed,bandpower,svm,20,-1,-0.05555555555555558,0.4722222222222222,90,180,2,0,0.0,
COGBCI-PVT,cross,nearear,fixed,bandpower,decision_tree,20,-1,-0.04444444444444451,0.4777777777777778,90,180,2,0,0.0,
COGBCI-PVT,cross,nearear,fixed,bandpower,random_forest,20,-1,0.0444444444444444,0.5222222222222223,90,180,2,0,0.0,
COGBCI-PVT,cross,nearear,ccb,,,20,0,-0.011111111111111072,0.49444444444444446,90,180,2,16,24.0,
COGBCI-PVT,cross,nearear,ccb,,,20,1,0.0,0.5,90,180,2,46,31.0,
COGBCI-PVT,cross,nearear,ccb,,,20,2,0.0,0.5,90,180,2,34,29.0,
COGBCI-PVT,cross,nearear,ccb,,,20,3,-0.05555555555555558,0.4722222222222222,90,180,2,16,23.0,
COGBCI-PVT,cross,nearear,ccb,,,20,42,0.05555555555555558,0.5277777777777778,90,180,2,67,24.0,
COGBCI-PVT,within,nearear,fixed,fbcsp,lda,21,-1,0.11111111111111116,0.5555555555555556,72,18,2,0,0.0,
COGBCI-PVT,within,nearear,fixed,fbcsp,svm,21,-1,0.2222222222222222,0.6111111111111112,72,18,2,0,0.0,
COGBCI-PVT,within,nearear,fixed,fbcsp,decision_tree,21,-1,0.0,0.5,72,18,2,0,0.0,
COGBCI-PVT,within,nearear,fixed,fbcsp,random_forest,21,-1,0.11111111111111116,0.5555555555555556,72,18,2,0,0.0,
COGBCI-PVT,within,nearear,fixed,bandpower,lda,21,-1,0.4444444444444444,0.7222222222222222,72,18,2,0,0.0,
COGBCI-PVT,within,nearear,fixed,bandpower,svm,21,-1,0.6666666666666667,0.8333333333333334,72,18,2,0,0.0,
COGBCI-PVT,within,nearear,fixed,bandpower,decision_tree,21,-1,0.4444444444444444,0.7222222222222222,72,18,2,0,0.0,
COGBCI-PVT,within,nearear,fixed,bandpower,random_forest,21,-1,0.33333333333333337,0.6666666666666666,72,18,2,0,0.0,
COGBCI-PVT,within,nearear,ccb,,,21,0,-0.22222222222222232,0.3888888888888889,72,18,2,43,26.0,
COGBCI-PVT,within,nearear,ccb,,,21,1,-0.22222222222222232,0.3888888888888889,72,18,2,47,22.0,
COGBCI-PVT,within,nearear,ccb,,,21,2,0.11111111111111116,0.5555555555555556,72,18,2,48,22.0,
COGBCI-PVT,within,nearear,ccb,,,21,3,-0.22222222222222232,0.3888888888888889,72,18,2,36,23.0,
COGBCI-PVT,within,nearear,ccb,,,21,42,-0.11111111111111116,0.4444444444444444,72,18,2,44,24.0,
COGBCI-PVT,cross,nearear,fixed,fbcsp,lda,21,-1,0.0444444444444444,0.5222222222222223,90,180,2,0,0.0,
COGBCI-PVT,cross,nearear,fixed,fbcsp,svm,21,-1,0.033333333333333326,0.5166666666666667,90,180,2,0,0.0,
COGBCI-PVT,cross,nearear,fixed,fbcsp,decision_tree,21,-1,0.0,0.5,90,180,2,0,0.0,
COGBCI-PVT,cross,nearear,fixed,fbcsp,random_forest,21,-1,-0.03333333333333344,0.48333333333333334,90,180,2,0,0.0,
COGBCI-PVT,cross,nearear,fixed,bandpower,lda,21,-1,0.09999999999999998,0.55,90,180,2,0,0.0,
COGBCI-PVT,cross,nearear,fixed,bandpower,svm,21,-1,0.06666666666666665,0.5333333333333333,90,180,2,0,0.0,
COGBCI-PVT,cross,nearear,fixed,bandpower,decision_tree,21,-1,-0.022222222222222143,0.4888888888888889,90,180,2,0,0.0,
COGBCI-PVT,cross,nearear,fixed,bandpower,random_forest,21,-1,0.1444444444444445,0.5722222222222222,90,180,2,0,0.0,
COGBCI-PVT,cross,nearear,ccb,,,21,0,0.0444444444444444,0.5222222222222223,90,180,2,30,32.0,
COGBCI-PVT,cross,nearear,ccb,,,21,1,0.011111111111111072,0.5055555555555555,90,180,2,40,30.0,
COGBCI-PVT,cross,nearear,ccb,,,21,2,0.022222222222222254,0.5111111111111111,90,180,2,37,27.0,
COGBCI-PVT,cross,nearear,ccb,,,21,3,-0.04444444444444451,0.4777777777777778,90,180,2,60,32.0,
COGBCI-PVT,cross,nearear,ccb,,,21,42,0.0,0.5,90,180,2,45,34.0,
COGBCI-PVT,within,nearear,fixed,fbcsp,lda,22,-1,0.0,0.5,72,18,2,0,0.0,
COGBCI-PVT,within,nearear,fixed,fbcsp,svm,22,-1,0.2222222222222222,0.6111111111111112,72,18,2,0,0.0,
COGBCI-PVT,within,nearear,fixed,fbcsp,decision_tree,22,-1,-0.11111111111111116,0.4444444444444444,72,18,2,0,0.0,
COGBCI-PVT,within,nearear,fixed,fbcsp,random_forest,22,-1,0.2222222222222222,0.6111111111111112,72,18,2,0,0.0,
COGBCI-PVT,within,nearear,fixed,bandpower,lda,22,-1,-0.11111111111111116,0.4444444444444444,72,18,2,0,0.0,
COGBCI-PVT,within,nearear,fixed,bandpower,svm,22,-1,0.0,0.5,72,18,2,0,0.0,
COGBCI-PVT,within,nearear,fixed,bandpower,decision_tree,22,-1,0.33333333333333337,0.6666666666666666,72,18,2,0,0.0,
COGBCI-PVT,within,nearear,fixed,bandpower,random_forest,22,-1,0.0,0.5,72,18,2,0,0.0,
COGBCI-PVT,within,nearear,ccb,,,22,0,0.0,0.5,72,18,2,39,19.0,
COGBCI-PVT,within,nearear,ccb,,,22,1,-0.11111111111111116,0.4444444444444444,72,18,2,6,18.0,
COGBCI-PVT,within,nearear,ccb,,,22,2,0.0,0.5,72,18,2,31,23.0,
COGBCI-PVT,within,nearear,ccb,,,22,3,0.33333333333333337,0.6666666666666666,72,18,2,69,29.0,
COGBCI-PVT,within,nearear,ccb,,,22,42,-0.11111111111111116,0.4444444444444444,72,18,2,35,21.0,
COGBCI-PVT,cross,nearear,fixed,fbcsp,lda,22,-1,-0.03333333333333344,0.48333333333333334,90,180,2,0,0.0,
COGBCI-PVT,cross,nearear,fixed,fbcsp,svm,22,-1,0.0,0.5,90,180,2,0,0.0,
COGBCI-PVT,cross,nearear,fixed,fbcsp,decision_tree,22,-1,0.022222222222222254,0.5111111111111111,90,180,2,0,0.0,
COGBCI-PVT,cross,nearear,fixed,fbcsp,random_forest,22,-1,0.11111111111111116,0.5555555555555556,90,180,2,0,0.0,
COGBCI-PVT,cross,nearear,fixed,bandpower,lda,22,-1,0.09999999999999998,0.55,90,180,2,0,0.0,
COGBCI-PVT,cross,nearear,fixed,bandpower,svm,22,-1,0.1444444444444445,0.5722222222222222,90,180,2,0,0.0,
COGBCI-PVT,cross,nearear,fixed,bandpower,decision_tree,22,-1,-0.06666666666666665,0.4666666666666667,90,180,2,0,0.0,
COGBCI-PVT,cross,nearear,fixed,bandpower,random_forest,22,-1,0.0,0.5,90,180,2,0,0.0,
COGBCI-PVT,cross,nearear,ccb,,,22,0,-0.03333333333333344,0.48333333333333334,90,180,2,47,30.0,
COGBCI-PVT,cross,nearear,ccb,,,22,1,-0.04444444444444451,0.4777777777777778,90,180,2,17,18.0,
COGBCI-PVT,cross,nearear,ccb,,,22,2,0.011111111111111072,0.5055555555555555,90,180,2,18,30.0,
COGBCI-PVT,cross,nearear,ccb,,,22,3,0.011111111111111072,0.5055555555555555,90,180,2,26,19.0,
COGBCI-PVT,cross,nearear,ccb,,,22,42,0.09999999999999998,0.55,90,180,2,52,31.0,
COGBCI-PVT,within,nearear,fixed,fbcsp,lda,23,-1,0.11111111111111116,0.5555555555555556,72,18,2,0,0.0,
COGBCI-PVT,within,nearear,fixed,fbcsp,svm,23,-1,0.11111111111111116,0.5555555555555556,72,18,2,0,0.0,
COGBCI-PVT,within,nearear,fixed,fbcsp,decision_tree,23,-1,-0.33333333333333326,0.3333333333333333,72,18,2,0,0.0,
COGBCI-PVT,within,nearear,fixed,fbcsp,random_forest,23,-1,0.2222222222222222,0.6111111111111112,72,18,2,0,0.0,
COGBCI-PVT,within,nearear,fixed,bandpower,lda,23,-1,0.11111111111111116,0.5555555555555556,72,18,2,0,0.0,
COGBCI-PVT,within,nearear,fixed,bandpower,svm,23,-1,-0.11111111111111116,0.4444444444444444,72,18,2,0,0.0,
COGBCI-PVT,within,nearear,fixed,bandpower,decision_tree,23,-1,-0.11111111111111116,0.4444444444444444,72,18,2,0,0.0,
COGBCI-PVT,within,nearear,fixed,bandpower,random_forest,23,-1,0.33333333333333337,0.6666666666666666,72,18,2,0,0.0,
COGBCI-PVT,within,nearear,ccb,,,23,0,0.2222222222222222,0.6111111111111112,72,18,2,37,30.0,
COGBCI-PVT,within,nearear,ccb,,,23,1,0.2222222222222222,0.6111111111111112,72,18,2,36,26.0,
COGBCI-PVT,within,nearear,ccb,,,23,2,0.0,0.5,72,18,2,34,26.0,
COGBCI-PVT,within,nearear,ccb,,,23,3,-0.11111111111111116,0.4444444444444444,72,18,2,45,25.0,
COGBCI-PVT,within,nearear,ccb,,,23,42,0.11111111111111116,0.5555555555555556,72,18,2,14,21.0,
COGBCI-PVT,cross,nearear,fixed,fbcsp,lda,23,-1,0.0,0.5,90,180,2,0,0.0,
COGBCI-PVT,cross,nearear,fixed,fbcsp,svm,23,-1,0.0,0.5,90,180,2,0,0.0,
COGBCI-PVT,cross,nearear,fixed,fbcsp,decision_tree,23,-1,-0.05555555555555558,0.4722222222222222,90,180,2,0,0.0,
COGBCI-PVT,cross,nearear,fixed,fbcsp,random_forest,23,-1,-0.022222222222222143,0.4888888888888889,90,180,2,0,0.0,
COGBCI-PVT,cross,nearear,fixed,bandpower,lda,23,-1,-0.022222222222222143,0.4888888888888889,90,180,2,0,0.0,
COGBCI-PVT,cross,nearear,fixed,bandpower,svm,23,-1,-0.022222222222222143,0.4888888888888889,90,180,2,0,0.0,
COGBCI-PVT,cross,nearear,fixed,bandpower,decision_tree,23,-1,0.022222222222222254,0.5111111111111111,90,180,2,0,0.0,
COGBCI-PVT,cross,nearear,fixed,bandpower,random_forest,23,-1,-0.011111111111111072,0.49444444444444446,90,180,2,0,0.0,
COGBCI-PVT,cross,nearear,ccb,,,23,0,-0.07777777777777772,0.46111111111111114,90,180,2,38,35.0,
COGBCI-PVT,cross,nearear,ccb,,,23,1,0.0888888888888889,0.5444444444444444,90,180,2,34,33.0,
COGBCI-PVT,cross,nearear,ccb,,,23,2,0.011111111111111072,0.5055555555555555,90,180,2,24,31.0,
COGBCI-PVT,cross,nearear,ccb,,,23,3,-0.011111111111111072,0.49444444444444446,90,180,2,14,16.0,
COGBCI-PVT,cross,nearear,ccb,,,23,42,0.0,0.5,90,180,2,40,28.0,
COGBCI-PVT,within,nearear,fixed,fbcsp,lda,24,-1,0.11111111111111116,0.5555555555555556,72,18,2,0,0.0,
COGBCI-PVT,within,nearear,fixed,fbcsp,svm,24,-1,0.11111111111111116,0.5555555555555556,72,18,2,0,0.0,
COGBCI-PVT,within,nearear,fixed,fbcsp,decision_tree,24,-1,0.2222222222222222,0.6111111111111112,72,18,2,0,0.0,
COGBCI-PVT,within,nearear,fixed,fbcsp,random_forest,24,-1,0.33333333333333337,0.6666666666666666,72,18,2,0,0.0,
COGBCI-PVT,within,nearear,fixed,bandpower,lda,24,-1,-0.11111111111111116,0.4444444444444444,72,18,2,0,0.0,
COGBCI-PVT,within,nearear,fixed,bandpower,svm,24,-1,0.11111111111111116,0.5555555555555556,72,18,2,0,0.0,
COGBCI-PVT,within,nearear,fixed,bandpower,decision_tree,24,-1,0.2222222222222222,0.6111111111111112,72,18,2,0,0.0,
COGBCI-PVT,within,nearear,fixed,bandpower,random_forest,24,-1,0.11111111111111116,0.5555555555555556,72,18,2,0,0.0,
COGBCI-PVT,within,nearear,ccb,,,24,0,0.2222222222222222,0.6111111111111112,72,18,2,76,25.0,
COGBCI-PVT,within,nearear,ccb,,,24,1,-0.33333333333333326,0.3333333333333333,72,18,2,14,18.0,
COGBCI-PVT,within,nearear,ccb,,,24,2,0.0,0.5,72,18,2,14,22.0,
COGBCI-PVT,within,nearear,ccb,,,24,3,0.0,0.5,72,18,2,42,29.0,
COGBCI-PVT,within,nearear,ccb,,,24,42,-0.22222222222222232,0.3888888888888889,72,18,2,98,17.0,
COGBCI-PVT,cross,nearear,fixed,fbcsp,lda,24,-1,0.022222222222222254,0.5111111111111111,90,180,2,0,0.0,
COGBCI-PVT,cross,nearear,fixed,fbcsp,svm,24,-1,0.033333333333333326,0.5166666666666667,90,180,2,0,0.0,
COGBCI-PVT,cross,nearear,fixed,fbcsp,decision_tree,24,-1,-0.04444444444444451,0.4777777777777778,90,180,2,0,0.0,
COGBCI-PVT,cross,nearear,fixed,fbcsp,random_forest,24,-1,0.0,0.5,90,180,2,0,0.0,
COGBCI-PVT,cross,nearear,fixed,bandpower,lda,24,-1,0.0,0.5,90,180,2,0,0.0,
COGBCI-PVT,cross,nearear,fixed,bandpower,svm,24,-1,0.0888888888888889,0.5444444444444444,90,180,2,0,0.0,
COGBCI-PVT,cross,nearear,fixed,bandpower,decision_tree,24,-1,0.06666666666666665,0.5333333333333333,90,180,2,0,0.0,
COGBCI-PVT,cross,nearear,fixed,bandpower,random_forest,24,-1,0.011111111111111072,0.5055555555555555,90,180,2,0,0.0,
COGBCI-PVT,cross,nearear,ccb,,,24,0,0.0,0.5,90,180,2,28,28.0,
COGBCI-PVT,cross,nearear,ccb,,,24,1,0.022222222222222254,0.5111111111111111,90,180,2,32,28.0,
COGBCI-PVT,cross,nearear,ccb,,,24,2,0.011111111111111072,0.5055555555555555,90,180,2,25,36.0,
COGBCI-PVT,cross,nearear,ccb,,,24,3,-0.022222222222222143,0.4888888888888889,90,180,2,36,32.0,
COGBCI-PVT,cross,nearear,ccb,,,24,42,0.011111111111111072,0.5055555555555555,90,180,2,30,30.0,
COGBCI-PVT,within,nearear,fixed,fbcsp,lda,25,-1,-0.22222222222222232,0.3888888888888889,72,18,2,0,0.0,
COGBCI-PVT,within,nearear,fixed,fbcsp,svm,25,-1,-0.22222222222222232,0.3888888888888889,72,18,2,0,0.0,
COGBCI-PVT,within,nearear,fixed,fbcsp,decision_tree,25,-1,-0.22222222222222232,0.3888888888888889,72,18,2,0,0.0,
COGBCI-PVT,within,nearear,fixed,fbcsp,random_forest,25,-1,-0.22222222222222232,0.3888888888888889,72,18,2,0,0.0,
COGBCI-PVT,within,nearear,fixed,bandpower,lda,25,-1,0.5555555555555556,0.7777777777777778,72,18,2,0,0.0,
COGBCI-PVT,within,nearear,fixed,bandpower,svm,25,-1,0.6666666666666667,0.8333333333333334,72,18,2,0,0.0,
COGBCI-PVT,within,nearear,fixed,bandpower,decision_tree,25,-1,-0.4444444444444444,0.2777777777777778,72,18,2,0,0.0,
COGBCI-PVT,within,nearear,fixed,bandpower,random_forest,25,-1,0.4444444444444444,0.7222222222222222,72,18,2,0,0.0,
COGBCI-PVT,within,nearear,ccb,,,25,0,-0.4444444444444444,0.2777777777777778,72,18,2,44,23.0,
COGBCI-PVT,within,nearear,ccb,,,25,1,0.33333333333333337,0.6666666666666666,72,18,2,32,31.0,
COGBCI-PVT,within,nearear,ccb,,,25,2,-0.11111111111111116,0.4444444444444444,72,18,2,33,24.0,
COGBCI-PVT,within,nearear,ccb,,,25,3,0.33333333333333337,0.6666666666666666,72,18,2,48,29.0,
COGBCI-PVT,within,nearear,ccb,,,25,42,-0.11111111111111116,0.4444444444444444,72,18,2,23,19.0,
COGBCI-PVT,cross,nearear,fixed,fbcsp,lda,25,-1,0.09999999999999998,0.55,90,180,2,0,0.0,
COGBCI-PVT,cross,nearear,fixed,fbcsp,svm,25,-1,-0.011111111111111072,0.49444444444444446,90,180,2,0,0.0,
COGBCI-PVT,cross,nearear,fixed,fbcsp,decision_tree,25,-1,0.022222222222222254,0.5111111111111111,90,180,2,0,0.0,
COGBCI-PVT,cross,nearear,fixed,fbcsp,random_forest,25,-1,0.11111111111111116,0.5555555555555556,90,180,2,0,0.0,
COGBCI-PVT,cross,nearear,fixed,bandpower,lda,25,-1,-0.022222222222222143,0.4888888888888889,90,180,2,0,0.0,
COGBCI-PVT,cross,nearear,fixed,bandpower,svm,25,-1,-0.04444444444444451,0.4777777777777778,90,180,2,0,0.0,
COGBCI-PVT,cross,nearear,fixed,bandpower,decision_tree,25,-1,0.09999999999999998,0.55,90,180,2,0,0.0,
COGBCI-PVT,cross,nearear,fixed,bandpower,random_forest,25,-1,0.1444444444444445,0.5722222222222222,90,180,2,0,0.0,
COGBCI-PVT,cross,nearear,ccb,,,25,0,0.05555555555555558,0.5277777777777778,90,180,2,48,32.0,
COGBCI-PVT,cross,nearear,ccb,,,25,1,-0.03333333333333344,0.48333333333333334,90,180,2,54,29.0,
COGBCI-PVT,cross,nearear,ccb,,,25,2,0.0444444444444444,0.5222222222222223,90,180,2,23,32.0,
COGBCI-PVT,cross,nearear,ccb,,,25,3,-0.022222222222222143,0.4888888888888889,90,180,2,33,30.0,
COGBCI-PVT,cross,nearear,ccb,,,25,42,0.0,0.5,90,180,2,25,33.0,
COGBCI-PVT,within,nearear,fixed,fbcsp,lda,26,-1,0.0,0.5,72,18,2,0,0.0,
COGBCI-PVT,within,nearear,fixed,fbcsp,svm,26,-1,-0.22222222222222232,0.3888888888888889,72,18,2,0,0.0,
COGBCI-PVT,within,nearear,fixed,fbcsp,decision_tree,26,-1,-0.33333333333333326,0.3333333333333333,72,18,2,0,0.0,
COGBCI-PVT,within,nearear,fixed,fbcsp,random_forest,26,-1,0.0,0.5,72,18,2,0,0.0,
COGBCI-PVT,within,nearear,fixed,bandpower,lda,26,-1,0.0,0.5,72,18,2,0,0.0,
COGBCI-PVT,within,nearear,fixed,bandpower,svm,26,-1,-0.22222222222222232,0.3888888888888889,72,18,2,0,0.0,
COGBCI-PVT,within,nearear,fixed,bandpower,decision_tree,26,-1,0.0,0.5,72,18,2,0,0.0,
COGBCI-PVT,within,nearear,fixed,bandpower,random_forest,26,-1,-0.22222222222222232,0.3888888888888889,72,18,2,0,0.0,
COGBCI-PVT,within,nearear,ccb,,,26,0,0.0,0.5,72,18,2,48,28.0,
COGBCI-PVT,within,nearear,ccb,,,26,1,-0.22222222222222232,0.3888888888888889,72,18,2,47,22.0,
COGBCI-PVT,within,nearear,ccb,,,26,2,0.33333333333333337,0.6666666666666666,72,18,2,52,26.0,
COGBCI-PVT,within,nearear,ccb,,,26,3,-0.22222222222222232,0.3888888888888889,72,18,2,36,24.0,
COGBCI-PVT,within,nearear,ccb,,,26,42,0.0,0.5,72,18,2,16,16.0,
COGBCI-PVT,cross,nearear,fixed,fbcsp,lda,26,-1,-0.011111111111111072,0.49444444444444446,90,180,2,0,0.0,
COGBCI-PVT,cross,nearear,fixed,fbcsp,svm,26,-1,0.033333333333333326,0.5166666666666667,90,180,2,0,0.0,
COGBCI-PVT,cross,nearear,fixed,fbcsp,decision_tree,26,-1,0.0,0.5,90,180,2,0,0.0,
COGBCI-PVT,cross,nearear,fixed,fbcsp,random_forest,26,-1,0.022222222222222254,0.5111111111111111,90,180,2,0,0.0,
COGBCI-PVT,cross,nearear,fixed,bandpower,lda,26,-1,-0.022222222222222143,0.4888888888888889,90,180,2,0,0.0,
COGBCI-PVT,cross,nearear,fixed,bandpower,svm,26,-1,0.022222222222222254,0.5111111111111111,90,180,2,0,0.0,
COGBCI-PVT,cross,nearear,fixed,bandpower,decision_tree,26,-1,-0.05555555555555558,0.4722222222222222,90,180,2,0,0.0,
COGBCI-PVT,cross,nearear,fixed,bandpower,random_forest,26,-1,0.0,0.5,90,180,2,0,0.0,
COGBCI-PVT,cross,nearear,ccb,,,26,0,0.09999999999999998,0.55,90,180,2,48,23.0,
COGBCI-PVT,cross,nearear,ccb,,,26,1,0.033333333333333326,0.5166666666666667,90,180,2,42,32.0,
COGBCI-PVT,cross,nearear,ccb,,,26,2,-0.022222222222222143,0.4888888888888889,90,180,2,47,36.0,
COGBCI-PVT,cross,nearear,ccb,,,26,3,-0.011111111111111072,0.49444444444444446,90,180,2,32,32.0,
COGBCI-PVT,cross,nearear,ccb,,,26,42,0.07777777777777772,0.5388888888888889,90,180,2,47,29.0,
COGBCI-PVT,within,nearear,fixed,fbcsp,lda,27,-1,0.11111111111111116,0.5555555555555556,72,18,2,0,0.0,
COGBCI-PVT,within,nearear,fixed,fbcsp,svm,27,-1,-0.22222222222222232,0.3888888888888889,72,18,2,0,0.0,
COGBCI-PVT,within,nearear,fixed,fbcsp,decision_tree,27,-1,0.2222222222222222,0.6111111111111112,72,18,2,0,0.0,
COGBCI-PVT,within,nearear,fixed,fbcsp,random_forest,27,-1,0.0,0.5,72,18,2,0,0.0,
COGBCI-PVT,within,nearear,fixed,bandpower,lda,27,-1,-0.11111111111111116,0.4444444444444444,72,18,2,0,0.0,
COGBCI-PVT,within,nearear,fixed,bandpower,svm,27,-1,-0.11111111111111116,0.4444444444444444,72,18,2,0,0.0,
COGBCI-PVT,within,nearear,fixed,bandpower,decision_tree,27,-1,-0.5555555555555556,0.2222222222222222,72,18,2,0,0.0,
COGBCI-PVT,within,nearear,fixed,bandpower,random_forest,27,-1,-0.11111111111111116,0.4444444444444444,72,18,2,0,0.0,
COGBCI-PVT,within,nearear,ccb,,,27,0,-0.4444444444444444,0.2777777777777778,72,18,2,45,25.0,
COGBCI-PVT,within,nearear,ccb,,,27,1,-0.22222222222222232,0.3888888888888889,72,18,2,66,20.0,
COGBCI-PVT,within,nearear,ccb,,,27,2,-0.22222222222222232,0.3888888888888889,72,18,2,34,24.0,
COGBCI-PVT,within,nearear,ccb,,,27,3,-0.22222222222222232,0.3888888888888889,72,18,2,92,19.0,
COGBCI-PVT,within,nearear,ccb,,,27,42,0.2222222222222222,0.6111111111111112,72,18,2,38,21.0,
COGBCI-PVT,cross,nearear,fixed,fbcsp,lda,27,-1,-0.011111111111111072,0.49444444444444446,90,180,2,0,0.0,
COGBCI-PVT,cross,nearear,fixed,fbcsp,svm,27,-1,-0.011111111111111072,0.49444444444444446,90,180,2,0,0.0,
COGBCI-PVT,cross,nearear,fixed,fbcsp,decision_tree,27,-1,-0.0888888888888888,0.45555555555555555,90,180,2,0,0.0,
COGBCI-PVT,cross,nearear,fixed,fbcsp,random_forest,27,-1,-0.022222222222222143,0.4888888888888889,90,180,2,0,0.0,
COGBCI-PVT,cross,nearear,fixed,bandpower,lda,27,-1,-0.03333333333333344,0.48333333333333334,90,180,2,0,0.0,
COGBCI-PVT,cross,nearear,fixed,bandpower,svm,27,-1,0.033333333333333326,0.5166666666666667,90,180,2,0,0.0,
COGBCI-PVT,cross,nearear,fixed,bandpower,decision_tree,27,-1,-0.022222222222222143,0.4888888888888889,90,180,2,0,0.0,
COGBCI-PVT,cross,nearear,fixed,bandpower,random_forest,27,-1,-0.07777777777777772,0.46111111111111114,90,180,2,0,0.0,
COGBCI-PVT,cross,nearear,ccb,,,27,0,0.0,0.5,90,180,2,81,28.0,
COGBCI-PVT,cross,nearear,ccb,,,27,1,-0.03333333333333344,0.48333333333333334,90,180,2,51,31.0,
COGBCI-PVT,cross,nearear,ccb,,,27,2,-0.022222222222222143,0.4888888888888889,90,180,2,22,27.0,
COGBCI-PVT,cross,nearear,ccb,,,27,3,-0.022222222222222143,0.4888888888888889,90,180,2,31,30.0,
COGBCI-PVT,cross,nearear,ccb,,,27,42,-0.011111111111111072,0.49444444444444446,90,180,2,28,22.0,
COGBCI-PVT,within,nearear,fixed,fbcsp,lda,28,-1,-0.22222222222222232,0.3888888888888889,72,18,2,0,0.0,
COGBCI-PVT,within,nearear,fixed,fbcsp,svm,28,-1,-0.22222222222222232,0.3888888888888889,72,18,2,0,0.0,
COGBCI-PVT,within,nearear,fixed,fbcsp,decision_tree,28,-1,-0.22222222222222232,0.3888888888888889,72,18,2,0,0.0,
COGBCI-PVT,within,nearear,fixed,fbcsp,random_forest,28,-1,-0.22222222222222232,0.3888888888888889,72,18,2,0,0.0,
COGBCI-PVT,within,nearear,fixed,bandpower,lda,28,-1,0.5555555555555556,0.7777777777777778,72,18,2,0,0.0,
COGBCI-PVT,within,nearear,fixed,bandpower,svm,28,-1,0.6666666666666667,0.8333333333333334,72,18,2,0,0.0,
COGBCI-PVT,within,nearear,fixed,bandpower,decision_tree,28,-1,-0.4444444444444444,0.2777777777777778,72,18,2,0,0.0,
COGBCI-PVT,within,nearear,fixed,bandpower,random_forest,28,-1,0.4444444444444444,0.7222222222222222,72,18,2,0,0.0,
COGBCI-PVT,within,nearear,ccb,,,28,0,-0.4444444444444444,0.2777777777777778,72,18,2,44,23.0,
COGBCI-PVT,within,nearear,ccb,,,28,1,0.33333333333333337,0.6666666666666666,72,18,2,32,31.0,
COGBCI-PVT,within,nearear,ccb,,,28,2,-0.11111111111111116,0.4444444444444444,72,18,2,33,24.0,
COGBCI-PVT,within,nearear,ccb,,,28,3,0.33333333333333337,0.6666666666666666,72,18,2,48,29.0,
COGBCI-PVT,within,nearear,ccb,,,28,42,-0.11111111111111116,0.4444444444444444,72,18,2,23,19.0,
COGBCI-PVT,cross,nearear,fixed,fbcsp,lda,28,-1,0.07777777777777772,0.5388888888888889,90,180,2,0,0.0,
COGBCI-PVT,cross,nearear,fixed,fbcsp,svm,28,-1,0.0,0.5,90,180,2,0,0.0,
COGBCI-PVT,cross,nearear,fixed,fbcsp,decision_tree,28,-1,0.0,0.5,90,180,2,0,0.0,
COGBCI-PVT,cross,nearear,fixed,fbcsp,random_forest,28,-1,0.05555555555555558,0.5277777777777778,90,180,2,0,0.0,
COGBCI-PVT,cross,nearear,fixed,bandpower,lda,28,-1,0.022222222222222254,0.5111111111111111,90,180,2,0,0.0,
COGBCI-PVT,cross,nearear,fixed,bandpower,svm,28,-1,-0.011111111111111072,0.49444444444444446,90,180,2,0,0.0,
COGBCI-PVT,cross,nearear,fixed,bandpower,decision_tree,28,-1,-0.06666666666666665,0.4666666666666667,90,180,2,0,0.0,
COGBCI-PVT,cross,nearear,fixed,bandpower,random_forest,28,-1,-0.011111111111111072,0.49444444444444446,90,180,2,0,0.0,
COGBCI-PVT,cross,nearear,ccb,,,28,0,0.0,0.5,90,180,2,48,32.0,
COGBCI-PVT,cross,nearear,ccb,,,28,1,-0.10000000000000009,0.45,90,180,2,54,29.0,
COGBCI-PVT,cross,nearear,ccb,,,28,2,0.011111111111111072,0.5055555555555555,90,180,2,23,32.0,
COGBCI-PVT,cross,nearear,ccb,,,28,3,0.05555555555555558,0.5277777777777778,90,180,2,33,30.0,
COGBCI-PVT,cross,nearear,ccb,,,28,42,0.033333333333333326,0.5166666666666667,90,180,2,25,33.0,
COGBCI-PVT,within,nearear,fixed,fbcsp,lda,29,-1,0.33333333333333337,0.6666666666666666,72,18,2,0,0.0,
COGBCI-PVT,within,nearear,fixed,fbcsp,svm,29,-1,0.33333333333333337,0.6666666666666666,72,18,2,0,0.0,
COGBCI-PVT,within,nearear,fixed,fbcsp,decision_tree,29,-1,0.2222222222222222,0.6111111111111112,72,18,2,0,0.0,
COGBCI-PVT,within,nearear,fixed,fbcsp,random_forest,29,-1,0.0,0.5,72,18,2,0,0.0,
COGBCI-PVT,within,nearear,fixed,bandpower,lda,29,-1,0.0,0.5,72,18,2,0,0.0,
COGBCI-PVT,within,nearear,fixed,bandpower,svm,29,-1,-0.11111111111111116,0.4444444444444444,72,18,2,0,0.0,
COGBCI-PVT,within,nearear,fixed,bandpower,decision_tree,29,-1,-0.22222222222222232,0.3888888888888889,72,18,2,0,0.0,
COGBCI-PVT,within,nearear,fixed,bandpower,random_forest,29,-1,-0.22222222222222232,0.3888888888888889,72,18,2,0,0.0,
COGBCI-PVT,within,nearear,ccb,,,29,0,0.11111111111111116,0.5555555555555556,72,18,2,24,26.0,
COGBCI-PVT,within,nearear,ccb,,,29,1,0.11111111111111116,0.5555555555555556,72,18,2,54,26.0,
COGBCI-PVT,within,nearear,ccb,,,29,2,-0.11111111111111116,0.4444444444444444,72,18,2,32,23.0,
COGBCI-PVT,within,nearear,ccb,,,29,3,-0.11111111111111116,0.4444444444444444,72,18,2,40,24.0,
COGBCI-PVT,within,nearear,ccb,,,29,42,0.0,0.5,72,18,2,26,18.0,
COGBCI-PVT,cross,nearear,fixed,fbcsp,lda,29,-1,0.022222222222222254,0.5111111111111111,90,180,2,0,0.0,
COGBCI-PVT,cross,nearear,fixed,fbcsp,svm,29,-1,0.0,0.5,90,180,2,0,0.0,
COGBCI-PVT,cross,nearear,fixed,fbcsp,decision_tree,29,-1,-0.07777777777777772,0.46111111111111114,90,180,2,0,0.0,
COGBCI-PVT,cross,nearear,fixed,fbcsp,random_forest,29,-1,0.0444444444444444,0.5222222222222223,90,180,2,0,0.0,
COGBCI-PVT,cross,nearear,fixed,bandpower,lda,29,-1,-0.011111111111111072,0.49444444444444446,90,180,2,0,0.0,
COGBCI-PVT,cross,nearear,fixed,bandpower,svm,29,-1,0.05555555555555558,0.5277777777777778,90,180,2,0,0.0,
COGBCI-PVT,cross,nearear,fixed,bandpower,decision_tree,29,-1,-0.022222222222222143,0.4888888888888889,90,180,2,0,0.0,
COGBCI-PVT,cross,nearear,fixed,bandpower,random_forest,29,-1,-0.05555555555555558,0.4722222222222222,90,180,2,0,0.0,
COGBCI-PVT,cross,nearear,ccb,,,29,0,-0.07777777777777772,0.46111111111111114,90,180,2,27,28.0,
COGBCI-PVT,cross,nearear,ccb,,,29,1,-0.022222222222222143,0.4888888888888889,90,180,2,41,33.0,
COGBCI-PVT,cross,nearear,ccb,,,29,2,-0.011111111111111072,0.49444444444444446,90,180,2,21,26.0,
COGBCI-PVT,cross,nearear,ccb,,,29,3,-0.011111111111111072,0.49444444444444446,90,180,2,42,29.0,
COGBCI-PVT,cross,nearear,ccb,,,29,42,-0.03333333333333344,0.48333333333333334,90,180,2,30,27.0,
COGBCI-PVT,within,full,fixed,fbcsp,lda,1,-1,-0.4444444444444444,0.2777777777777778,72,18,62,0,0.0,
COGBCI-PVT,within,full,fixed,fbcsp,svm,1,-1,-0.22222222222222232,0.3888888888888889,72,18,62,0,0.0,
COGBCI-PVT,within,full,fixed,fbcsp,decision_tree,1,-1,-0.4444444444444444,0.2777777777777778,72,18,62,0,0.0,
COGBCI-PVT,within,full,fixed,fbcsp,random_forest,1,-1,-0.33333333333333326,0.3333333333333333,72,18,62,0,0.0,
COGBCI-PVT,within,full,fixed,bandpower,lda,1,-1,0.4444444444444444,0.7222222222222222,72,18,62,0,0.0,
COGBCI-PVT,within,full,fixed,bandpower,svm,1,-1,0.11111111111111116,0.5555555555555556,72,18,62,0,0.0,
COGBCI-PVT,within,full,fixed,bandpower,decision_tree,1,-1,0.33333333333333337,0.6666666666666666,72,18,62,0,0.0,
COGBCI-PVT,within,full,fixed,bandpower,random_forest,1,-1,0.11111111111111116,0.5555555555555556,72,18,62,0,0.0,
COGBCI-PVT,within,full,ccb,,,1,0,0.2222222222222222,0.6111111111111112,72,18,62,27,24.0,
COGBCI-PVT,within,full,ccb,,,1,1,-0.11111111111111116,0.4444444444444444,72,18,62,30,22.0,
COGBCI-PVT,within,full,ccb,,,1,2,0.0,0.5,72,18,62,26,21.0,
COGBCI-PVT,within,full,ccb,,,1,3,0.2222222222222222,0.6111111111111112,72,18,62,22,18.0,
COGBCI-PVT,within,full,ccb,,,1,42,0.0,0.5,72,18,62,32,18.0,
COGBCI-PVT,cross,full,fixed,fbcsp,lda,1,-1,0.0,0.5,90,180,62,0,0.0,
COGBCI-PVT,cross,full,fixed,fbcsp,svm,1,-1,0.0,0.5,90,180,62,0,0.0,
COGBCI-PVT,cross,full,fixed,fbcsp,decision_tree,1,-1,-0.0888888888888888,0.45555555555555555,90,180,62,0,0.0,
COGBCI-PVT,cross,full,fixed,fbcsp,random_forest,1,-1,0.0,0.5,90,180,62,0,0.0,
COGBCI-PVT,cross,full,fixed,bandpower,lda,1,-1,-0.11111111111111116,0.4444444444444444,90,180,62,0,0.0,
COGBCI-PVT,cross,full,fixed,bandpower,svm,1,-1,0.11111111111111116,0.5555555555555556,90,180,62,0,0.0,
COGBCI-PVT,cross,full,fixed,bandpower,decision_tree,1,-1,-0.11111111111111116,0.4444444444444444,90,180,62,0,0.0,
COGBCI-PVT,cross,full,fixed,bandpower,random_forest,1,-1,0.0444444444444444,0.5222222222222223,90,180,62,0,0.0,
COGBCI-PVT,cross,full,ccb,,,1,0,0.011111111111111072,0.5055555555555555,90,180,62,24,35.0,
COGBCI-PVT,cross,full,ccb,,,1,1,-0.03333333333333344,0.48333333333333334,90,180,62,21,35.0,
COGBCI-PVT,cross,full,ccb,,,1,2,0.07777777777777772,0.5388888888888889,90,180,62,15,28.0,
COGBCI-PVT,cross,full,ccb,,,1,3,0.033333333333333326,0.5166666666666667,90,180,62,19,28.0,
COGBCI-PVT,cross,full,ccb,,,1,42,-0.0888888888888888,0.45555555555555555,90,180,62,16,30.0,
COGBCI-PVT,within,full,fixed,fbcsp,lda,2,-1,-0.33333333333333326,0.3333333333333333,72,18,62,0,0.0,
COGBCI-PVT,within,full,fixed,fbcsp,svm,2,-1,-0.22222222222222232,0.3888888888888889,72,18,62,0,0.0,
COGBCI-PVT,within,full,fixed,fbcsp,decision_tree,2,-1,-0.4444444444444444,0.2777777777777778,72,18,62,0,0.0,
COGBCI-PVT,within,full,fixed,fbcsp,random_forest,2,-1,-0.33333333333333326,0.3333333333333333,72,18,62,0,0.0,
COGBCI-PVT,within,full,fixed,bandpower,lda,2,-1,-0.22222222222222232,0.3888888888888889,72,18,62,0,0.0,
COGBCI-PVT,within,full,fixed,bandpower,svm,2,-1,-0.11111111111111116,0.4444444444444444,72,18,62,0,0.0,
COGBCI-PVT,within,full,fixed,bandpower,decision_tree,2,-1,-0.33333333333333326,0.3333333333333333,72,18,62,0,0.0,
COGBCI-PVT,within,full,fixed,bandpower,random_forest,2,-1,0.0,0.5,72,18,62,0,0.0,
COGBCI-PVT,within,full,ccb,,,2,0,0.11111111111111116,0.5555555555555556,72,18,62,12,25.0,
COGBCI-PVT,within,full,ccb,,,2,1,0.2222222222222222,0.6111111111111112,72,18,62,17,29.0,
COGBCI-PVT,within,full,ccb,,,2,2,0.4444444444444444,0.7222222222222222,72,18,62,22,20.0,
COGBCI-PVT,within,full,ccb,,,2,3,-0.11111111111111116,0.4444444444444444,72,18,62,21,17.0,
COGBCI-PVT,within,full,ccb,,,2,42,-0.33333333333333326,0.3333333333333333,72,18,62,11,18.0,
COGBCI-PVT,cross,full,fixed,fbcsp,lda,2,-1,0.022222222222222254,0.5111111111111111,90,180,62,0,0.0,
COGBCI-PVT,cross,full,fixed,fbcsp,svm,2,-1,0.0,0.5,90,180,62,0,0.0,
COGBCI-PVT,cross,full,fixed,fbcsp,decision_tree,2,-1,0.0,0.5,90,180,62,0,0.0,
COGBCI-PVT,cross,full,fixed,fbcsp,random_forest,2,-1,-0.03333333333333344,0.48333333333333334,90,180,62,0,0.0,
COGBCI-PVT,cross,full,fixed,bandpower,lda,2,-1,0.05555555555555558,0.5277777777777778,90,180,62,0,0.0,
COGBCI-PVT,cross,full,fixed,bandpower,svm,2,-1,0.022222222222222254,0.5111111111111111,90,180,62,0,0.0,
COGBCI-PVT,cross,full,fixed,bandpower,decision_tree,2,-1,-0.03333333333333344,0.48333333333333334,90,180,62,0,0.0,
COGBCI-PVT,cross,full,fixed,bandpower,random_forest,2,-1,-0.011111111111111072,0.49444444444444446,90,180,62,0,0.0,
COGBCI-PVT,cross,full,ccb,,,2,0,-0.04444444444444451,0.4777777777777778,90,180,62,31,28.0,
COGBCI-PVT,cross,full,ccb,,,2,1,0.0,0.5,90,180,62,40,27.0,
COGBCI-PVT,cross,full,ccb,,,2,2,0.0,0.5,90,180,62,20,29.0,
COGBCI-PVT,cross,full,ccb,,,2,3,-0.022222222222222143,0.4888888888888889,90,180,62,24,29.0,
COGBCI-PVT,cross,full,ccb,,,2,42,-0.03333333333333344,0.48333333333333334,90,180,62,30,32.0,
COGBCI-PVT,within,full,fixed,fbcsp,lda,3,-1,-0.11111111111111116,0.4444444444444444,72,18,62,0,0.0,
COGBCI-PVT,within,full,fixed,fbcsp,svm,3,-1,0.0,0.5,72,18,62,0,0.0,
COGBCI-PVT,within,full,fixed,fbcsp,decision_tree,3,-1,-0.33333333333333326,0.3333333333333333,72,18,62,0,0.0,
COGBCI-PVT,within,full,fixed,fbcsp,random_forest,3,-1,0.0,0.5,72,18,62,0,0.0,
COGBCI-PVT,within,full,fixed,bandpower,lda,3,-1,-0.11111111111111116,0.4444444444444444,72,18,62,0,0.0,
COGBCI-PVT,within,full,fixed,bandpower,svm,3,-1,-0.11111111111111116,0.4444444444444444,72,18,62,0,0.0,
COGBCI-PVT,within,full,fixed,bandpower,decision_tree,3,-1,0.11111111111111116,0.5555555555555556,72,18,62,0,0.0,
COGBCI-PVT,within,full,fixed,bandpower,random_forest,3,-1,-0.22222222222222232,0.3888888888888889,72,18,62,0,0.0,
COGBCI-PVT,within,full,ccb,,,3,0,0.2222222222222222,0.6111111111111112,72,18,62,31,29.0,
COGBCI-PVT,within,full,ccb,,,3,1,-0.11111111111111116,0.4444444444444444,72,18,62,16,24.0,
COGBCI-PVT,within,full,ccb,,,3,2,-0.11111111111111116,0.4444444444444444,72,18,62,16,18.0,
COGBCI-PVT,within,full,ccb,,,3,3,0.11111111111111116,0.5555555555555556,72,18,62,24,27.0,
COGBCI-PVT,within,full,ccb,,,3,42,0.33333333333333337,0.6666666666666666,72,18,62,13,24.0,
COGBCI-PVT,cross,full,fixed,fbcsp,lda,3,-1,0.0,0.5,90,180,62,0,0.0,
COGBCI-PVT,cross,full,fixed,fbcsp,svm,3,-1,0.0,0.5,90,180,62,0,0.0,
COGBCI-PVT,cross,full,fixed,fbcsp,decision_tree,3,-1,0.0,0.5,90,180,62,0,0.0,
COGBCI-PVT,cross,full,fixed,fbcsp,random_forest,3,-1,0.0,0.5,90,180,62,0,0.0,
COGBCI-PVT,cross,full,fixed,bandpower,lda,3,-1,-0.03333333333333344,0.48333333333333334,90,180,62,0,0.0,
COGBCI-PVT,cross,full,fixed,bandpower,svm,3,-1,0.0,0.5,90,180,62,0,0.0,
COGBCI-PVT,cross,full,fixed,bandpower,decision_tree,3,-1,0.011111111111111072,0.5055555555555555,90,180,62,0,0.0,
COGBCI-PVT,cross,full,fixed,bandpower,random_forest,3,-1,0.022222222222222254,0.5111111111111111,90,180,62,0,0.0,
COGBCI-PVT,cross,full,ccb,,,3,0,-0.0888888888888888,0.45555555555555555,90,180,62,10,21.0,
COGBCI-PVT,cross,full,ccb,,,3,1,-0.06666666666666665,0.4666666666666667,90,180,62,28,29.0,
COGBCI-PVT,cross,full,ccb,,,3,2,-0.06666666666666665,0.4666666666666667,90,180,62,16,37.0,
COGBCI-PVT,cross,full,ccb,,,3,3,-0.03333333333333344,0.48333333333333334,90,180,62,14,34.0,
COGBCI-PVT,cross,full,ccb,,,3,42,-0.07777777777777772,0.46111111111111114,90,180,62,27,35.0,
COGBCI-PVT,within,full,fixed,fbcsp,lda,4,-1,-0.11111111111111116,0.4444444444444444,72,18,62,0,0.0,
COGBCI-PVT,within,full,fixed,fbcsp,svm,4,-1,0.0,0.5,72,18,62,0,0.0,
COGBCI-PVT,within,full,fixed,fbcsp,decision_tree,4,-1,0.0,0.5,72,18,62,0,0.0,
COGBCI-PVT,within,full,fixed,fbcsp,random_forest,4,-1,-0.11111111111111116,0.4444444444444444,72,18,62,0,0.0,
COGBCI-PVT,within,full,fixed,bandpower,lda,4,-1,-0.11111111111111116,0.4444444444444444,72,18,62,0,0.0,
COGBCI-PVT,within,full,fixed,bandpower,svm,4,-1,0.0,0.5,72,18,62,0,0.0,
COGBCI-PVT,within,full,fixed,bandpower,decision_tree,4,-1,-0.11111111111111116,0.4444444444444444,72,18,62,0,0.0,
COGBCI-PVT,within,full,fixed,bandpower,random_forest,4,-1,-0.33333333333333326,0.3333333333333333,72,18,62,0,0.0,
COGBCI-PVT,within,full,ccb,,,4,0,0.2222222222222222,0.6111111111111112,72,18,62,24,28.0,
COGBCI-PVT,within,full,ccb,,,4,1,0.4444444444444444,0.7222222222222222,72,18,62,13,21.0,
COGBCI-PVT,within,full,ccb,,,4,2,0.11111111111111116,0.5555555555555556,72,18,62,25,24.0,
COGBCI-PVT,within,full,ccb,,,4,3,0.33333333333333337,0.6666666666666666,72,18,62,23,20.0,
COGBCI-PVT,within,full,ccb,,,4,42,-0.11111111111111116,0.4444444444444444,72,18,62,21,30.0,
COGBCI-PVT,cross,full,fixed,fbcsp,lda,4,-1,0.033333333333333326,0.5166666666666667,90,180,62,0,0.0,
COGBCI-PVT,cross,full,fixed,fbcsp,svm,4,-1,0.0,0.5,90,180,62,0,0.0,
COGBCI-PVT,cross,full,fixed,fbcsp,decision_tree,4,-1,0.0,0.5,90,180,62,0,0.0,
COGBCI-PVT,cross,full,fixed,fbcsp,random_forest,4,-1,0.0,0.5,90,180,62,0,0.0,
COGBCI-PVT,cross,full,fixed,bandpower,lda,4,-1,0.0,0.5,90,180,62,0,0.0,
COGBCI-PVT,cross,full,fixed,bandpower,svm,4,-1,-0.04444444444444451,0.4777777777777778,90,180,62,0,0.0,
COGBCI-PVT,cross,full,fixed,bandpower,decision_tree,4,-1,0.022222222222222254,0.5111111111111111,90,180,62,0,0.0,
COGBCI-PVT,cross,full,fixed,bandpower,random_forest,4,-1,-0.011111111111111072,0.49444444444444446,90,180,62,0,0.0,
COGBCI-PVT,cross,full,ccb,,,4,0,0.05555555555555558,0.5277777777777778,90,180,62,20,26.0,
COGBCI-PVT,cross,full,ccb,,,4,1,-0.03333333333333344,0.48333333333333334,90,180,62,15,27.0,
COGBCI-PVT,cross,full,ccb,,,4,2,0.022222222222222254,0.5111111111111111,90,180,62,26,36.0,
COGBCI-PVT,cross,full,ccb,,,4,3,-0.022222222222222143,0.4888888888888889,90,180,62,29,36.0,
COGBCI-PVT,cross,full,ccb,,,4,42,0.011111111111111072,0.5055555555555555,90,180,62,30,28.0,
COGBCI-PVT,within,full,fixed,fbcsp,lda,5,-1,0.0,0.5,72,18,62,0,0.0,
COGBCI-PVT,within,full,fixed,fbcsp,svm,5,-1,0.0,0.5,72,18,62,0,0.0,
COGBCI-PVT,within,full,fixed,fbcsp,decision_tree,5,-1,-0.11111111111111116,0.4444444444444444,72,18,62,0,0.0,
COGBCI-PVT,within,full,fixed,fbcsp,random_forest,5,-1,-0.22222222222222232,0.3888888888888889,72,18,62,0,0.0,
COGBCI-PVT,within,full,fixed,bandpower,lda,5,-1,-0.33333333333333326,0.3333333333333333,72,18,62,0,0.0,
COGBCI-PVT,within,full,fixed,bandpower,svm,5,-1,0.33333333333333337,0.6666666666666666,72,18,62,0,0.0,
COGBCI-PVT,within,full,fixed,bandpower,decision_tree,5,-1,0.0,0.5,72,18,62,0,0.0,
COGBCI-PVT,within,full,fixed,bandpower,random_forest,5,-1,0.0,0.5,72,18,62,0,0.0,
COGBCI-PVT,within,full,ccb,,,5,0,0.33333333333333337,0.6666666666666666,72,18,62,22,27.0,
COGBCI-PVT,within,full,ccb,,,5,1,0.0,0.5,72,18,62,25,25.0,
COGBCI-PVT,within,full,ccb,,,5,2,-0.22222222222222232,0.3888888888888889,72,18,62,20,23.0,
COGBCI-PVT,within,full,ccb,,,5,3,0.11111111111111116,0.5555555555555556,72,18,62,21,18.0,
COGBCI-PVT,within,full,ccb,,,5,42,0.0,0.5,72,18,62,18,28.0,
COGBCI-PVT,cross,full,fixed,fbcsp,lda,5,-1,0.011111111111111072,0.5055555555555555,90,180,62,0,0.0,
COGBCI-PVT,cross,full,fixed,fbcsp,svm,5,-1,0.0,0.5,90,180,62,0,0.0,
COGBCI-PVT,cross,full,fixed,fbcsp,decision_tree,5,-1,-0.07777777777777772,0.46111111111111114,90,180,62,0,0.0,
COGBCI-PVT,cross,full,fixed,fbcsp,random_forest,5,-1,0.0,0.5,90,180,62,0,0.0,
COGBCI-PVT,cross,full,fixed,bandpower,lda,5,-1,-0.011111111111111072,0.49444444444444446,90,180,62,0,0.0,
COGBCI-PVT,cross,full,fixed,bandpower,svm,5,-1,0.05555555555555558,0.5277777777777778,90,180,62,0,0.0,
COGBCI-PVT,cross,full,fixed,bandpower,decision_tree,5,-1,0.033333333333333326,0.5166666666666667,90,180,62,0,0.0,
COGBCI-PVT,cross,full,fixed,bandpower,random_forest,5,-1,0.033333333333333326,0.5166666666666667,90,180,62,0,0.0,
COGBCI-PVT,cross,full,ccb,,,5,0,-0.14444444444444438,0.42777777777777776,90,180,62,28,29.0,
COGBCI-PVT,cross,full,ccb,,,5,1,-0.06666666666666665,0.4666666666666667,90,180,62,32,32.0,
COGBCI-PVT,cross,full,ccb,,,5,2,-0.011111111111111072,0.49444444444444446,90,180,62,23,30.0,
COGBCI-PVT,cross,full,ccb,,,5,3,0.011111111111111072,0.5055555555555555,90,180,62,31,34.0,
COGBCI-PVT,cross,full,ccb,,,5,42,-0.03333333333333344,0.48333333333333334,90,180,62,24,33.0,
COGBCI-PVT,within,full,fixed,fbcsp,lda,6,-1,0.11111111111111116,0.5555555555555556,72,18,62,0,0.0,
COGBCI-PVT,within,full,fixed,fbcsp,svm,6,-1,0.11111111111111116,0.5555555555555556,72,18,62,0,0.0,
COGBCI-PVT,within,full,fixed,fbcsp,decision_tree,6,-1,0.0,0.5,72,18,62,0,0.0,
COGBCI-PVT,within,full,fixed,fbcsp,random_forest,6,-1,-0.11111111111111116,0.4444444444444444,72,18,62,0,0.0,
COGBCI-PVT,within,full,fixed,bandpower,lda,6,-1,-0.22222222222222232,0.3888888888888889,72,18,62,0,0.0,
COGBCI-PVT,within,full,fixed,bandpower,svm,6,-1,-0.22222222222222232,0.3888888888888889,72,18,62,0,0.0,
COGBCI-PVT,within,full,fixed,bandpower,decision_tree,6,-1,-0.4444444444444444,0.2777777777777778,72,18,62,0,0.0,
COGBCI-PVT,within,full,fixed,bandpower,random_forest,6,-1,0.0,0.5,72,18,62,0,0.0,
COGBCI-PVT,within,full,ccb,,,6,0,0.11111111111111116,0.5555555555555556,72,18,62,18,26.0,
COGBCI-PVT,within,full,ccb,,,6,1,0.4444444444444444,0.7222222222222222,72,18,62,13,21.0,
COGBCI-PVT,within,full,ccb,,,6,2,-0.33333333333333326,0.3333333333333333,72,18,62,28,33.0,
COGBCI-PVT,within,full,ccb,,,6,3,0.4444444444444444,0.7222222222222222,72,18,62,34,23.0,
COGBCI-PVT,within,full,ccb,,,6,42,0.33333333333333337,0.6666666666666666,72,18,62,24,20.0,
COGBCI-PVT,cross,full,fixed,fbcsp,lda,6,-1,-0.022222222222222143,0.4888888888888889,90,180,62,0,0.0,
COGBCI-PVT,cross,full,fixed,fbcsp,svm,6,-1,0.0,0.5,90,180,62,0,0.0,
COGBCI-PVT,cross,full,fixed,fbcsp,decision_tree,6,-1,-0.12222222222222223,0.4388888888888889,90,180,62,0,0.0,
COGBCI-PVT,cross,full,fixed,fbcsp,random_forest,6,-1,-0.04444444444444451,0.4777777777777778,90,180,62,0,0.0,
COGBCI-PVT,cross,full,fixed,bandpower,lda,6,-1,0.0444444444444444,0.5222222222222223,90,180,62,0,0.0,
COGBCI-PVT,cross,full,fixed,bandpower,svm,6,-1,-0.05555555555555558,0.4722222222222222,90,180,62,0,0.0,
COGBCI-PVT,cross,full,fixed,bandpower,decision_tree,6,-1,-0.06666666666666665,0.4666666666666667,90,180,62,0,0.0,
COGBCI-PVT,cross,full,fixed,bandpower,random_forest,6,-1,0.011111111111111072,0.5055555555555555,90,180,62,0,0.0,
COGBCI-PVT,cross,full,ccb,,,6,0,0.0,0.5,90,180,62,26,32.0,
COGBCI-PVT,cross,full,ccb,,,6,1,-0.022222222222222143,0.4888888888888889,90,180,62,22,35.0,
COGBCI-PVT,cross,full,ccb,,,6,2,0.011111111111111072,0.5055555555555555,90,180,62,18,34.0,
COGBCI-PVT,cross,full,ccb,,,6,3,-0.03333333333333344,0.48333333333333334,90,180,62,25,35.0,
COGBCI-PVT,cross,full,ccb,,,6,42,-0.05555555555555558,0.4722222222222222,90,180,62,21,37.0,
COGBCI-PVT,within,full,fixed,fbcsp,lda,7,-1,-0.11111111111111116,0.4444444444444444,72,18,62,0,0.0,
COGBCI-PVT,within,full,fixed,fbcsp,svm,7,-1,0.11111111111111116,0.5555555555555556,72,18,62,0,0.0,
COGBCI-PVT,within,full,fixed,fbcsp,decision_tree,7,-1,-0.11111111111111116,0.4444444444444444,72,18,62,0,0.0,
COGBCI-PVT,within,full,fixed,fbcsp,random_forest,7,-1,-0.22222222222222232,0.3888888888888889,72,18,62,0,0.0,
COGBCI-PVT,within,full,fixed,bandpower,lda,7,-1,-0.33333333333333326,0.3333333333333333,72,18,62,0,0.0,
COGBCI-PVT,within,full,fixed,bandpower,svm,7,-1,0.11111111111111116,0.5555555555555556,72,18,62,0,0.0,
COGBCI-PVT,within,full,fixed,bandpower,decision_tree,7,-1,-0.11111111111111116,0.4444444444444444,72,18,62,0,0.0,
COGBCI-PVT,within,full,fixed,bandpower,random_forest,7,-1,0.2222222222222222,0.6111111111111112,72,18,62,0,0.0,
COGBCI-PVT,within,full,ccb,,,7,0,-0.4444444444444444,0.2777777777777778,72,18,62,25,27.0,
COGBCI-PVT,within,full,ccb,,,7,1,0.0,0.5,72,18,62,23,28.0,
COGBCI-PVT,within,full,ccb,,,7,2,-0.11111111111111116,0.4444444444444444,72,18,62,45,28.0,
COGBCI-PVT,within,full,ccb,,,7,3,-0.22222222222222232,0.3888888888888889,72,18,62,30,27.0,
COGBCI-PVT,within,full,ccb,,,7,42,-0.22222222222222232,0.3888888888888889,72,18,62,21,24.0,
COGBCI-PVT,cross,full,fixed,fbcsp,lda,7,-1,0.0,0.5,90,180,62,0,0.0,
COGBCI-PVT,cross,full,fixed,fbcsp,svm,7,-1,0.0,0.5,90,180,62,0,0.0,
COGBCI-PVT,cross,full,fixed,fbcsp,decision_tree,7,-1,-0.011111111111111072,0.49444444444444446,90,180,62,0,0.0,
COGBCI-PVT,cross,full,fixed,fbcsp,random_forest,7,-1,0.0,0.5,90,180,62,0,0.0,
COGBCI-PVT,cross,full,fixed,bandpower,lda,7,-1,0.07777777777777772,0.5388888888888889,90,180,62,0,0.0,
COGBCI-PVT,cross,full,fixed,bandpower,svm,7,-1,0.07777777777777772,0.5388888888888889,90,180,62,0,0.0,
COGBCI-PVT,cross,full,fixed,bandpower,decision_tree,7,-1,0.022222222222222254,0.5111111111111111,90,180,62,0,0.0,
COGBCI-PVT,cross,full,fixed,bandpower,random_forest,7,-1,0.07777777777777772,0.5388888888888889,90,180,62,0,0.0,
COGBCI-PVT,cross,full,ccb,,,7,0,-0.03333333333333344,0.48333333333333334,90,180,62,26,30.0,
COGBCI-PVT,cross,full,ccb,,,7,1,0.033333333333333326,0.5166666666666667,90,180,62,24,40.0,
COGBCI-PVT,cross,full,ccb,,,7,2,0.05555555555555558,0.5277777777777778,90,180,62,22,27.0,
COGBCI-PVT,cross,full,ccb,,,7,3,-0.03333333333333344,0.48333333333333334,90,180,62,27,29.0,
COGBCI-PVT,cross,full,ccb,,,7,42,0.0,0.5,90,180,62,30,41.0,
COGBCI-PVT,within,full,fixed,fbcsp,lda,8,-1,0.0,0.5,72,18,62,0,0.0,
COGBCI-PVT,within,full,fixed,fbcsp,svm,8,-1,0.11111111111111116,0.5555555555555556,72,18,62,0,0.0,
COGBCI-PVT,within,full,fixed,fbcsp,decision_tree,8,-1,0.2222222222222222,0.6111111111111112,72,18,62,0,0.0,
COGBCI-PVT,within,full,fixed,fbcsp,random_forest,8,-1,0.11111111111111116,0.5555555555555556,72,18,62,0,0.0,
COGBCI-PVT,within,full,fixed,bandpower,lda,8,-1,-0.6666666666666667,0.16666666666666666,72,18,62,0,0.0,
COGBCI-PVT,within,full,fixed,bandpower,svm,8,-1,0.0,0.5,72,18,62,0,0.0,
COGBCI-PVT,within,full,fixed,bandpower,decision_tree,8,-1,0.0,0.5,72,18,62,0,0.0,
COGBCI-PVT,within,full,fixed,bandpower,random_forest,8,-1,-0.11111111111111116,0.4444444444444444,72,18,62,0,0.0,
COGBCI-PVT,within,full,ccb,,,8,0,0.11111111111111116,0.5555555555555556,72,18,62,18,26.0,
COGBCI-PVT,within,full,ccb,,,8,1,0.11111111111111116,0.5555555555555556,72,18,62,22,32.0,
COGBCI-PVT,within,full,ccb,,,8,2,0.11111111111111116,0.5555555555555556,72,18,62,22,28.0,
COGBCI-PVT,within,full,ccb,,,8,3,-0.22222222222222232,0.3888888888888889,72,18,62,28,25.0,
COGBCI-PVT,within,full,ccb,,,8,42,-0.11111111111111116,0.4444444444444444,72,18,62,29,29.0,
COGBCI-PVT,cross,full,fixed,fbcsp,lda,8,-1,0.0,0.5,90,180,62,0,0.0,
COGBCI-PVT,cross,full,fixed,fbcsp,svm,8,-1,0.0,0.5,90,180,62,0,0.0,
COGBCI-PVT,cross,full,fixed,fbcsp,decision_tree,8,-1,0.011111111111111072,0.5055555555555555,90,180,62,0,0.0,
COGBCI-PVT,cross,full,fixed,fbcsp,random_forest,8,-1,0.0,0.5,90,180,62,0,0.0,
COGBCI-PVT,cross,full,fixed,bandpower,lda,8,-1,-0.011111111111111072,0.49444444444444446,90,180,62,0,0.0,
COGBCI-PVT,cross,full,fixed,bandpower,svm,8,-1,-0.011111111111111072,0.49444444444444446,90,180,62,0,0.0,
COGBCI-PVT,cross,full,fixed,bandpower,decision_tree,8,-1,-0.011111111111111072,0.49444444444444446,90,180,62,0,0.0,
COGBCI-PVT,cross,full,fixed,bandpower,random_forest,8,-1,0.0,0.5,90,180,62,0,0.0,
COGBCI-PVT,cross,full,ccb,,,8,0,-0.07777777777777772,0.46111111111111114,90,180,62,25,32.0,
COGBCI-PVT,cross,full,ccb,,,8,1,-0.04444444444444451,0.4777777777777778,90,180,62,17,35.0,
COGBCI-PVT,cross,full,ccb,,,8,2,-0.04444444444444451,0.4777777777777778,90,180,62,13,29.0,
COGBCI-PVT,cross,full,ccb,,,8,3,-0.011111111111111072,0.49444444444444446,90,180,62,20,27.0,
COGBCI-PVT,cross,full,ccb,,,8,42,-0.05555555555555558,0.4722222222222222,90,180,62,34,21.0,
COGBCI-PVT,within,full,fixed,fbcsp,lda,9,-1,-0.33333333333333326,0.3333333333333333,72,18,62,0,0.0,
COGBCI-PVT,within,full,fixed,fbcsp,svm,9,-1,-0.33333333333333326,0.3333333333333333,72,18,62,0,0.0,
COGBCI-PVT,within,full,fixed,fbcsp,decision_tree,9,-1,0.0,0.5,72,18,62,0,0.0,
COGBCI-PVT,within,full,fixed,fbcsp,random_forest,9,-1,-0.22222222222222232,0.3888888888888889,72,18,62,0,0.0,
COGBCI-PVT,within,full,fixed,bandpower,lda,9,-1,-0.6666666666666667,0.16666666666666666,72,18,62,0,0.0,
COGBCI-PVT,within,full,fixed,bandpower,svm,9,-1,0.0,0.5,72,18,62,0,0.0,
COGBCI-PVT,within,full,fixed,bandpower,decision_tree,9,-1,-0.22222222222222232,0.3888888888888889,72,18,62,0,0.0,
COGBCI-PVT,within,full,fixed,bandpower,random_forest,9,-1,0.11111111111111116,0.5555555555555556,72,18,62,0,0.0,
COGBCI-PVT,within,full,ccb,,,9,0,0.2222222222222222,0.6111111111111112,72,18,62,15,27.0,
COGBCI-PVT,within,full,ccb,,,9,1,0.0,0.5,72,18,62,16,21.0,
COGBCI-PVT,within,full,ccb,,,9,2,-0.11111111111111116,0.4444444444444444,72,18,62,21,26.0,
COGBCI-PVT,within,full,ccb,,,9,3,-0.11111111111111116,0.4444444444444444,72,18,62,23,28.0,
COGBCI-PVT,within,full,ccb,,,9,42,-0.22222222222222232,0.3888888888888889,72,18,62,26,27.0,
COGBCI-PVT,cross,full,fixed,fbcsp,lda,9,-1,0.0,0.5,90,180,62,0,0.0,
COGBCI-PVT,cross,full,fixed,fbcsp,svm,9,-1,0.0,0.5,90,180,62,0,0.0,
COGBCI-PVT,cross,full,fixed,fbcsp,decision_tree,9,-1,0.0,0.5,90,180,62,0,0.0,
COGBCI-PVT,cross,full,fixed,fbcsp,random_forest,9,-1,0.0,0.5,90,180,62,0,0.0,
COGBCI-PVT,cross,full,fixed,bandpower,lda,9,-1,0.011111111111111072,0.5055555555555555,90,180,62,0,0.0,
COGBCI-PVT,cross,full,fixed,bandpower,svm,9,-1,-0.11111111111111116,0.4444444444444444,90,180,62,0,0.0,
COGBCI-PVT,cross,full,fixed,bandpower,decision_tree,9,-1,0.0444444444444444,0.5222222222222223,90,180,62,0,0.0,
COGBCI-PVT,cross,full,fixed,bandpower,random_forest,9,-1,-0.011111111111111072,0.49444444444444446,90,180,62,0,0.0,
COGBCI-PVT,cross,full,ccb,,,9,0,0.022222222222222254,0.5111111111111111,90,180,62,27,31.0,
COGBCI-PVT,cross,full,ccb,,,9,1,-0.0888888888888888,0.45555555555555555,90,180,62,21,32.0,
COGBCI-PVT,cross,full,ccb,,,9,2,-0.04444444444444451,0.4777777777777778,90,180,62,24,34.0,
COGBCI-PVT,cross,full,ccb,,,9,3,-0.03333333333333344,0.48333333333333334,90,180,62,29,36.0,
COGBCI-PVT,cross,full,ccb,,,9,42,-0.05555555555555558,0.4722222222222222,90,180,62,27,36.0,
COGBCI-PVT,within,full,fixed,fbcsp,lda,10,-1,-0.22222222222222232,0.3888888888888889,72,18,62,0,0.0,
COGBCI-PVT,within,full,fixed,fbcsp,svm,10,-1,-0.22222222222222232,0.3888888888888889,72,18,62,0,0.0,
COGBCI-PVT,within,full,fixed,fbcsp,decision_tree,10,-1,-0.33333333333333326,0.3333333333333333,72,18,62,0,0.0,
COGBCI-PVT,within,full,fixed,fbcsp,random_forest,10,-1,-0.11111111111111116,0.4444444444444444,72,18,62,0,0.0,
COGBCI-PVT,within,full,fixed,bandpower,lda,10,-1,-0.11111111111111116,0.4444444444444444,72,18,62,0,0.0,
COGBCI-PVT,within,full,fixed,bandpower,svm,10,-1,-0.22222222222222232,0.3888888888888889,72,18,62,0,0.0,
COGBCI-PVT,within,full,fixed,bandpower,decision_tree,10,-1,0.2222222222222222,0.6111111111111112,72,18,62,0,0.0,
COGBCI-PVT,within,full,fixed,bandpower,random_forest,10,-1,0.11111111111111116,0.5555555555555556,72,18,62,0,0.0,
COGBCI-PVT,within,full,ccb,,,10,0,-0.11111111111111116,0.4444444444444444,72,18,62,24,28.0,
COGBCI-PVT,within,full,ccb,,,10,1,0.0,0.5,72,18,62,6,27.0,
COGBCI-PVT,within,full,ccb,,,10,2,0.2222222222222222,0.6111111111111112,72,18,62,26,20.0,
COGBCI-PVT,within,full,ccb,,,10,3,-0.11111111111111116,0.4444444444444444,72,18,62,31,30.0,
COGBCI-PVT,within,full,ccb,,,10,42,0.11111111111111116,0.5555555555555556,72,18,62,17,24.0,
COGBCI-PVT,cross,full,fixed,fbcsp,lda,10,-1,0.0,0.5,90,180,62,0,0.0,
COGBCI-PVT,cross,full,fixed,fbcsp,svm,10,-1,0.0,0.5,90,180,62,0,0.0,
COGBCI-PVT,cross,full,fixed,fbcsp,decision_tree,10,-1,0.022222222222222254,0.5111111111111111,90,180,62,0,0.0,
COGBCI-PVT,cross,full,fixed,fbcsp,random_forest,10,-1,0.05555555555555558,0.5277777777777778,90,180,62,0,0.0,
COGBCI-PVT,cross,full,fixed,bandpower,lda,10,-1,0.07777777777777772,0.5388888888888889,90,180,62,0,0.0,
COGBCI-PVT,cross,full,fixed,bandpower,svm,10,-1,0.06666666666666665,0.5333333333333333,90,180,62,0,0.0,
COGBCI-PVT,cross,full,fixed,bandpower,decision_tree,10,-1,0.011111111111111072,0.5055555555555555,90,180,62,0,0.0,
COGBCI-PVT,cross,full,fixed,bandpower,random_forest,10,-1,0.0888888888888889,0.5444444444444444,90,180,62,0,0.0,
COGBCI-PVT,cross,full,ccb,,,10,0,0.0888888888888889,0.5444444444444444,90,180,62,23,37.0,
COGBCI-PVT,cross,full,ccb,,,10,1,0.0,0.5,90,180,62,25,32.0,
COGBCI-PVT,cross,full,ccb,,,10,2,0.09999999999999998,0.55,90,180,62,28,36.0,
COGBCI-PVT,cross,full,ccb,,,10,3,0.011111111111111072,0.5055555555555555,90,180,62,18,36.0,
COGBCI-PVT,cross,full,ccb,,,10,42,0.1444444444444445,0.5722222222222222,90,180,62,31,31.0,
COGBCI-PVT,within,full,fixed,fbcsp,lda,11,-1,-0.22222222222222232,0.3888888888888889,72,18,62,0,0.0,
COGBCI-PVT,within,full,fixed,fbcsp,svm,11,-1,-0.33333333333333326,0.3333333333333333,72,18,62,0,0.0,
COGBCI-PVT,within,full,fixed,fbcsp,decision_tree,11,-1,0.0,0.5,72,18,62,0,0.0,
COGBCI-PVT,within,full,fixed,fbcsp,random_forest,11,-1,-0.33333333333333326,0.3333333333333333,72,18,62,0,0.0,
COGBCI-PVT,within,full,fixed,bandpower,lda,11,-1,-0.11111111111111116,0.4444444444444444,72,18,62,0,0.0,
COGBCI-PVT,within,full,fixed,bandpower,svm,11,-1,0.2222222222222222,0.6111111111111112,72,18,62,0,0.0,
COGBCI-PVT,within,full,fixed,bandpower,decision_tree,11,-1,0.0,0.5,72,18,62,0,0.0,
COGBCI-PVT,within,full,fixed,bandpower,random_forest,11,-1,0.2222222222222222,0.6111111111111112,72,18,62,0,0.0,
COGBCI-PVT,within,full,ccb,,,11,0,0.11111111111111116,0.5555555555555556,72,18,62,11,21.0,
COGBCI-PVT,within,full,ccb,,,11,1,0.0,0.5,72,18,62,15,17.0,
COGBCI-PVT,within,full,ccb,,,11,2,-0.22222222222222232,0.3888888888888889,72,18,62,24,24.0,
COGBCI-PVT,within,full,ccb,,,11,3,0.0,0.5,72,18,62,39,27.0,
COGBCI-PVT,within,full,ccb,,,11,42,-0.11111111111111116,0.4444444444444444,72,18,62,17,20.0,
COGBCI-PVT,cross,full,fixed,fbcsp,lda,11,-1,0.011111111111111072,0.5055555555555555,90,180,62,0,0.0,
COGBCI-PVT,cross,full,fixed,fbcsp,svm,11,-1,0.0,0.5,90,180,62,0,0.0,
COGBCI-PVT,cross,full,fixed,fbcsp,decision_tree,11,-1,0.0,0.5,90,180,62,0,0.0,
COGBCI-PVT,cross,full,fixed,fbcsp,random_forest,11,-1,0.0,0.5,90,180,62,0,0.0,
COGBCI-PVT,cross,full,fixed,bandpower,lda,11,-1,0.033333333333333326,0.5166666666666667,90,180,62,0,0.0,
COGBCI-PVT,cross,full,fixed,bandpower,svm,11,-1,0.0444444444444444,0.5222222222222223,90,180,62,0,0.0,
COGBCI-PVT,cross,full,fixed,bandpower,decision_tree,11,-1,0.05555555555555558,0.5277777777777778,90,180,62,0,0.0,
COGBCI-PVT,cross,full,fixed,bandpower,random_forest,11,-1,0.07777777777777772,0.5388888888888889,90,180,62,0,0.0,
COGBCI-PVT,cross,full,ccb,,,11,0,-0.03333333333333344,0.48333333333333334,90,180,62,18,36.0,
COGBCI-PVT,cross,full,ccb,,,11,1,-0.04444444444444451,0.4777777777777778,90,180,62,16,31.0,
COGBCI-PVT,cross,full,ccb,,,11,2,-0.04444444444444451,0.4777777777777778,90,180,62,25,32.0,
COGBCI-PVT,cross,full,ccb,,,11,3,-0.03333333333333344,0.48333333333333334,90,180,62,20,35.0,
COGBCI-PVT,cross,full,ccb,,,11,42,0.011111111111111072,0.5055555555555555,90,180,62,17,34.0,
COGBCI-PVT,within,full,fixed,fbcsp,lda,12,-1,-0.22222222222222232,0.3888888888888889,72,18,62,0,0.0,
COGBCI-PVT,within,full,fixed,fbcsp,svm,12,-1,-0.22222222222222232,0.3888888888888889,72,18,62,0,0.0,
COGBCI-PVT,within,full,fixed,fbcsp,decision_tree,12,-1,0.0,0.5,72,18,62,0,0.0,
COGBCI-PVT,within,full,fixed,fbcsp,random_forest,12,-1,0.11111111111111116,0.5555555555555556,72,18,62,0,0.0,
COGBCI-PVT,within,full,fixed,bandpower,lda,12,-1,0.0,0.5,72,18,62,0,0.0,
COGBCI-PVT,within,full,fixed,bandpower,svm,12,-1,0.11111111111111116,0.5555555555555556,72,18,62,0,0.0,
COGBCI-PVT,within,full,fixed,bandpower,decision_tree,12,-1,0.0,0.5,72,18,62,0,0.0,
COGBCI-PVT,within,full,fixed,bandpower,random_forest,12,-1,0.2222222222222222,0.6111111111111112,72,18,62,0,0.0,
COGBCI-PVT,within,full,ccb,,,12,0,-0.22222222222222232,0.3888888888888889,72,18,62,20,25.0,
COGBCI-PVT,within,full,ccb,,,12,1,-0.11111111111111116,0.4444444444444444,72,18,62,25,27.0,
COGBCI-PVT,within,full,ccb,,,12,2,-0.11111111111111116,0.4444444444444444,72,18,62,36,20.0,
COGBCI-PVT,within,full,ccb,,,12,3,0.33333333333333337,0.6666666666666666,72,18,62,24,22.0,
COGBCI-PVT,within,full,ccb,,,12,42,0.11111111111111116,0.5555555555555556,72,18,62,22,28.0,
COGBCI-PVT,cross,full,fixed,fbcsp,lda,12,-1,0.0,0.5,90,180,62,0,0.0,
COGBCI-PVT,cross,full,fixed,fbcsp,svm,12,-1,0.0,0.5,90,180,62,0,0.0,
COGBCI-PVT,cross,full,fixed,fbcsp,decision_tree,12,-1,0.0,0.5,90,180,62,0,0.0,
COGBCI-PVT,cross,full,fixed,fbcsp,random_forest,12,-1,0.011111111111111072,0.5055555555555555,90,180,62,0,0.0,
COGBCI-PVT,cross,full,fixed,bandpower,lda,12,-1,-0.03333333333333344,0.48333333333333334,90,180,62,0,0.0,
COGBCI-PVT,cross,full,fixed,bandpower,svm,12,-1,-0.10000000000000009,0.45,90,180,62,0,0.0,
COGBCI-PVT,cross,full,fixed,bandpower,decision_tree,12,-1,0.033333333333333326,0.5166666666666667,90,180,62,0,0.0,
COGBCI-PVT,cross,full,fixed,bandpower,random_forest,12,-1,0.0,0.5,90,180,62,0,0.0,
COGBCI-PVT,cross,full,ccb,,,12,0,0.022222222222222254,0.5111111111111111,90,180,62,21,27.0,
COGBCI-PVT,cross,full,ccb,,,12,1,0.0,0.5,90,180,62,32,26.0,
COGBCI-PVT,cross,full,ccb,,,12,2,0.0444444444444444,0.5222222222222223,90,180,62,31,29.0,
COGBCI-PVT,cross,full,ccb,,,12,3,0.0444444444444444,0.5222222222222223,90,180,62,25,27.0,
COGBCI-PVT,cross,full,ccb,,,12,42,-0.10000000000000009,0.45,90,180,62,46,30.0,
COGBCI-PVT,within,full,fixed,fbcsp,lda,13,-1,-0.11111111111111116,0.4444444444444444,72,18,62,0,0.0,
COGBCI-PVT,within,full,fixed,fbcsp,svm,13,-1,0.11111111111111116,0.5555555555555556,72,18,62,0,0.0,
COGBCI-PVT,within,full,fixed,fbcsp,decision_tree,13,-1,0.2222222222222222,0.6111111111111112,72,18,62,0,0.0,
COGBCI-PVT,within,full,fixed,fbcsp,random_forest,13,-1,0.0,0.5,72,18,62,0,0.0,
COGBCI-PVT,within,full,fixed,bandpower,lda,13,-1,0.33333333333333337,0.6666666666666666,72,18,62,0,0.0,
COGBCI-PVT,within,full,fixed,bandpower,svm,13,-1,0.0,0.5,72,18,62,0,0.0,
COGBCI-PVT,within,full,fixed,bandpower,decision_tree,13,-1,-0.11111111111111116,0.4444444444444444,72,18,62,0,0.0,
COGBCI-PVT,within,full,fixed,bandpower,random_forest,13,-1,0.2222222222222222,0.6111111111111112,72,18,62,0,0.0,
COGBCI-PVT,within,full,ccb,,,13,0,0.11111111111111116,0.5555555555555556,72,18,62,37,21.0,
COGBCI-PVT,within,full,ccb,,,13,1,0.2222222222222222,0.6111111111111112,72,18,62,37,26.0,
COGBCI-PVT,within,full,ccb,,,13,2,-0.11111111111111116,0.4444444444444444,72,18,62,8,16.0,
COGBCI-PVT,within,full,ccb,,,13,3,-0.22222222222222232,0.3888888888888889,72,18,62,35,24.0,
COGBCI-PVT,within,full,ccb,,,13,42,0.0,0.5,72,18,62,15,8.0,
COGBCI-PVT,cross,full,fixed,fbcsp,lda,13,-1,0.0,0.5,90,180,62,0,0.0,
COGBCI-PVT,cross,full,fixed,fbcsp,svm,13,-1,0.0,0.5,90,180,62,0,0.0,
COGBCI-PVT,cross,full,fixed,fbcsp,decision_tree,13,-1,0.0,0.5,90,180,62,0,0.0,
COGBCI-PVT,cross,full,fixed,fbcsp,random_forest,13,-1,0.0,0.5,90,180,62,0,0.0,
COGBCI-PVT,cross,full,fixed,bandpower,lda,13,-1,-0.011111111111111072,0.49444444444444446,90,180,62,0,0.0,
COGBCI-PVT,cross,full,fixed,bandpower,svm,13,-1,0.0,0.5,90,180,62,0,0.0,
COGBCI-PVT,cross,full,fixed,bandpower,decision_tree,13,-1,0.033333333333333326,0.5166666666666667,90,180,62,0,0.0,
COGBCI-PVT,cross,full,fixed,bandpower,random_forest,13,-1,-0.04444444444444451,0.4777777777777778,90,180,62,0,0.0,
COGBCI-PVT,cross,full,ccb,,,13,0,0.05555555555555558,0.5277777777777778,90,180,62,5,19.0,
COGBCI-PVT,cross,full,ccb,,,13,1,0.0,0.5,90,180,62,19,27.0,
COGBCI-PVT,cross,full,ccb,,,13,2,0.022222222222222254,0.5111111111111111,90,180,62,32,31.0,
COGBCI-PVT,cross,full,ccb,,,13,3,0.0444444444444444,0.5222222222222223,90,180,62,18,26.0,
COGBCI-PVT,cross,full,ccb,,,13,42,0.05555555555555558,0.5277777777777778,90,180,62,35,36.0,
COGBCI-PVT,within,full,fixed,fbcsp,lda,14,-1,0.11111111111111116,0.5555555555555556,72,18,62,0,0.0,
COGBCI-PVT,within,full,fixed,fbcsp,svm,14,-1,0.33333333333333337,0.6666666666666666,72,18,62,0,0.0,
COGBCI-PVT,within,full,fixed,fbcsp,decision_tree,14,-1,0.0,0.5,72,18,62,0,0.0,
COGBCI-PVT,within,full,fixed,fbcsp,random_forest,14,-1,0.11111111111111116,0.5555555555555556,72,18,62,0,0.0,
COGBCI-PVT,within,full,fixed,bandpower,lda,14,-1,0.11111111111111116,0.5555555555555556,72,18,62,0,0.0,
COGBCI-PVT,within,full,fixed,bandpower,svm,14,-1,0.33333333333333337,0.6666666666666666,72,18,62,0,0.0,
COGBCI-PVT,within,full,fixed,bandpower,decision_tree,14,-1,0.33333333333333337,0.6666666666666666,72,18,62,0,0.0,
COGBCI-PVT,within,full,fixed,bandpower,random_forest,14,-1,0.33333333333333337,0.6666666666666666,72,18,62,0,0.0,
COGBCI-PVT,within,full,ccb,,,14,0,0.0,0.5,72,18,62,26,22.0,
COGBCI-PVT,within,full,ccb,,,14,1,-0.22222222222222232,0.3888888888888889,72,18,62,11,28.0,
COGBCI-PVT,within,full,ccb,,,14,2,-0.22222222222222232,0.3888888888888889,72,18,62,19,27.0,
COGBCI-PVT,within,full,ccb,,,14,3,-0.4444444444444444,0.2777777777777778,72,18,62,29,26.0,
COGBCI-PVT,within,full,ccb,,,14,42,0.0,0.5,72,18,62,27,21.0,
COGBCI-PVT,cross,full,fixed,fbcsp,lda,14,-1,0.0,0.5,90,180,62,0,0.0,
COGBCI-PVT,cross,full,fixed,fbcsp,svm,14,-1,0.0,0.5,90,180,62,0,0.0,
COGBCI-PVT,cross,full,fixed,fbcsp,decision_tree,14,-1,0.0,0.5,90,180,62,0,0.0,
COGBCI-PVT,cross,full,fixed,fbcsp,random_forest,14,-1,0.0,0.5,90,180,62,0,0.0,
COGBCI-PVT,cross,full,fixed,bandpower,lda,14,-1,0.0,0.5,90,180,62,0,0.0,
COGBCI-PVT,cross,full,fixed,bandpower,svm,14,-1,0.0,0.5,90,180,62,0,0.0,
COGBCI-PVT,cross,full,fixed,bandpower,decision_tree,14,-1,0.0,0.5,90,180,62,0,0.0,
COGBCI-PVT,cross,full,fixed,bandpower,random_forest,14,-1,-0.06666666666666665,0.4666666666666667,90,180,62,0,0.0,
COGBCI-PVT,cross,full,ccb,,,14,0,0.0,0.5,90,180,62,20,28.0,
COGBCI-PVT,cross,full,ccb,,,14,1,0.0,0.5,90,180,62,20,28.0,
COGBCI-PVT,cross,full,ccb,,,14,2,0.0,0.5,90,180,62,33,39.0,
COGBCI-PVT,cross,full,ccb,,,14,3,-0.011111111111111072,0.49444444444444446,90,180,62,12,26.0,
COGBCI-PVT,cross,full,ccb,,,14,42,0.0,0.5,90,180,62,25,41.0,
COGBCI-PVT,within,full,fixed,fbcsp,lda,15,-1,0.33333333333333337,0.6666666666666666,72,18,62,0,0.0,
COGBCI-PVT,within,full,fixed,fbcsp,svm,15,-1,0.2222222222222222,0.6111111111111112,72,18,62,0,0.0,
COGBCI-PVT,within,full,fixed,fbcsp,decision_tree,15,-1,0.0,0.5,72,18,62,0,0.0,
COGBCI-PVT,within,full,fixed,fbcsp,random_forest,15,-1,0.4444444444444444,0.7222222222222222,72,18,62,0,0.0,
COGBCI-PVT,within,full,fixed,bandpower,lda,15,-1,0.2222222222222222,0.6111111111111112,72,18,62,0,0.0,
COGBCI-PVT,within,full,fixed,bandpower,svm,15,-1,0.33333333333333337,0.6666666666666666,72,18,62,0,0.0,
COGBCI-PVT,within,full,fixed,bandpower,decision_tree,15,-1,-0.22222222222222232,0.3888888888888889,72,18,62,0,0.0,
COGBCI-PVT,within,full,fixed,bandpower,random_forest,15,-1,0.0,0.5,72,18,62,0,0.0,
COGBCI-PVT,within,full,ccb,,,15,0,-0.4444444444444444,0.2777777777777778,72,18,62,24,26.0,
COGBCI-PVT,within,full,ccb,,,15,1,-0.22222222222222232,0.3888888888888889,72,18,62,19,24.0,
COGBCI-PVT,within,full,ccb,,,15,2,-0.22222222222222232,0.3888888888888889,72,18,62,40,27.0,
COGBCI-PVT,within,full,ccb,,,15,3,0.0,0.5,72,18,62,29,29.0,
COGBCI-PVT,within,full,ccb,,,15,42,-0.22222222222222232,0.3888888888888889,72,18,62,13,18.0,
COGBCI-PVT,cross,full,fixed,fbcsp,lda,15,-1,-0.011111111111111072,0.49444444444444446,90,180,62,0,0.0,
COGBCI-PVT,cross,full,fixed,fbcsp,svm,15,-1,0.0,0.5,90,180,62,0,0.0,
COGBCI-PVT,cross,full,fixed,fbcsp,decision_tree,15,-1,0.0,0.5,90,180,62,0,0.0,
COGBCI-PVT,cross,full,fixed,fbcsp,random_forest,15,-1,0.0,0.5,90,180,62,0,0.0,
COGBCI-PVT,cross,full,fixed,bandpower,lda,15,-1,0.06666666666666665,0.5333333333333333,90,180,62,0,0.0,
COGBCI-PVT,cross,full,fixed,bandpower,svm,15,-1,0.06666666666666665,0.5333333333333333,90,180,62,0,0.0,
COGBCI-PVT,cross,full,fixed,bandpower,decision_tree,15,-1,0.022222222222222254,0.5111111111111111,90,180,62,0,0.0,
COGBCI-PVT,cross,full,fixed,bandpower,random_forest,15,-1,-0.011111111111111072,0.49444444444444446,90,180,62,0,0.0,
COGBCI-PVT,cross,full,ccb,,,15,0,0.0444444444444444,0.5222222222222223,90,180,62,28,36.0,
COGBCI-PVT,cross,full,ccb,,,15,1,-0.04444444444444451,0.4777777777777778,90,180,62,30,32.0,
COGBCI-PVT,cross,full,ccb,,,15,2,-0.06666666666666665,0.4666666666666667,90,180,62,22,37.0,
COGBCI-PVT,cross,full,ccb,,,15,3,0.11111111111111116,0.5555555555555556,90,180,62,15,33.0,
COGBCI-PVT,cross,full,ccb,,,15,42,0.12222222222222223,0.5611111111111111,90,180,62,29,24.0,
COGBCI-PVT,within,full,fixed,fbcsp,lda,16,-1,0.33333333333333337,0.6666666666666666,72,18,62,0,0.0,
COGBCI-PVT,within,full,fixed,fbcsp,svm,16,-1,0.33333333333333337,0.6666666666666666,72,18,62,0,0.0,
COGBCI-PVT,within,full,fixed,fbcsp,decision_tree,16,-1,0.33333333333333337,0.6666666666666666,72,18,62,0,0.0,
COGBCI-PVT,within,full,fixed,fbcsp,random_forest,16,-1,0.2222222222222222,0.6111111111111112,72,18,62,0,0.0,
COGBCI-PVT,within,full,fixed,bandpower,lda,16,-1,-0.4444444444444444,0.2777777777777778,72,18,62,0,0.0,
COGBCI-PVT,within,full,fixed,bandpower,svm,16,-1,0.11111111111111116,0.5555555555555556,72,18,62,0,0.0,
COGBCI-PVT,within,full,fixed,bandpower,decision_tree,16,-1,0.11111111111111116,0.5555555555555556,72,18,62,0,0.0,
COGBCI-PVT,within,full,fixed,bandpower,random_forest,16,-1,0.0,0.5,72,18,62,0,0.0,
COGBCI-PVT,within,full,ccb,,,16,0,0.0,0.5,72,18,62,42,24.0,
COGBCI-PVT,within,full,ccb,,,16,1,0.11111111111111116,0.5555555555555556,72,18,62,24,30.0,
COGBCI-PVT,within,full,ccb,,,16,2,-0.11111111111111116,0.4444444444444444,72,18,62,17,28.0,
COGBCI-PVT,within,full,ccb,,,16,3,0.0,0.5,72,18,62,25,20.0,
COGBCI-PVT,within,full,ccb,,,16,42,-0.11111111111111116,0.4444444444444444,72,18,62,21,28.0,
COGBCI-PVT,cross,full,fixed,fbcsp,lda,16,-1,0.0,0.5,90,180,62,0,0.0,
COGBCI-PVT,cross,full,fixed,fbcsp,svm,16,-1,0.0,0.5,90,180,62,0,0.0,
COGBCI-PVT,cross,full,fixed,fbcsp,decision_tree,16,-1,-0.04444444444444451,0.4777777777777778,90,180,62,0,0.0,
COGBCI-PVT,cross,full,fixed,fbcsp,random_forest,16,-1,0.0,0.5,90,180,62,0,0.0,
COGBCI-PVT,cross,full,fixed,bandpower,lda,16,-1,0.011111111111111072,0.5055555555555555,90,180,62,0,0.0,
COGBCI-PVT,cross,full,fixed,bandpower,svm,16,-1,-0.022222222222222143,0.4888888888888889,90,180,62,0,0.0,
COGBCI-PVT,cross,full,fixed,bandpower,decision_tree,16,-1,-0.011111111111111072,0.49444444444444446,90,180,62,0,0.0,
COGBCI-PVT,cross,full,fixed,bandpower,random_forest,16,-1,-0.011111111111111072,0.49444444444444446,90,180,62,0,0.0,
COGBCI-PVT,cross,full,ccb,,,16,0,0.0444444444444444,0.5222222222222223,90,180,62,25,36.0,
COGBCI-PVT,cross,full,ccb,,,16,1,0.011111111111111072,0.5055555555555555,90,180,62,17,39.0,
COGBCI-PVT,cross,full,ccb,,,16,2,0.05555555555555558,0.5277777777777778,90,180,62,23,34.0,
COGBCI-PVT,cross,full,ccb,,,16,3,-0.06666666666666665,0.4666666666666667,90,180,62,28,37.0,
COGBCI-PVT,cross,full,ccb,,,16,42,0.022222222222222254,0.5111111111111111,90,180,62,21,30.0,
COGBCI-PVT,within,full,fixed,fbcsp,lda,17,-1,0.0,0.5,72,18,62,0,0.0,
COGBCI-PVT,within,full,fixed,fbcsp,svm,17,-1,0.2222222222222222,0.6111111111111112,72,18,62,0,0.0,
COGBCI-PVT,within,full,fixed,fbcsp,decision_tree,17,-1,0.33333333333333337,0.6666666666666666,72,18,62,0,0.0,
COGBCI-PVT,within,full,fixed,fbcsp,random_forest,17,-1,0.11111111111111116,0.5555555555555556,72,18,62,0,0.0,
COGBCI-PVT,within,full,fixed,bandpower,lda,17,-1,-0.33333333333333326,0.3333333333333333,72,18,62,0,0.0,
COGBCI-PVT,within,full,fixed,bandpower,svm,17,-1,-0.11111111111111116,0.4444444444444444,72,18,62,0,0.0,
COGBCI-PVT,within,full,fixed,bandpower,decision_tree,17,-1,0.2222222222222222,0.6111111111111112,72,18,62,0,0.0,
COGBCI-PVT,within,full,fixed,bandpower,random_forest,17,-1,0.4444444444444444,0.7222222222222222,72,18,62,0,0.0,
COGBCI-PVT,within,full,ccb,,,17,0,-0.11111111111111116,0.4444444444444444,72,18,62,18,26.0,
COGBCI-PVT,within,full,ccb,,,17,1,0.0,0.5,72,18,62,20,21.0,
COGBCI-PVT,within,full,ccb,,,17,2,0.0,0.5,72,18,62,17,26.0,
COGBCI-PVT,within,full,ccb,,,17,3,-0.4444444444444444,0.2777777777777778,72,18,62,46,26.0,
COGBCI-PVT,within,full,ccb,,,17,42,0.0,0.5,72,18,62,36,29.0,
COGBCI-PVT,cross,full,fixed,fbcsp,lda,17,-1,0.022222222222222254,0.5111111111111111,90,180,62,0,0.0,
COGBCI-PVT,cross,full,fixed,fbcsp,svm,17,-1,0.0,0.5,90,180,62,0,0.0,
COGBCI-PVT,cross,full,fixed,fbcsp,decision_tree,17,-1,0.0,0.5,90,180,62,0,0.0,
COGBCI-PVT,cross,full,fixed,fbcsp,random_forest,17,-1,0.0,0.5,90,180,62,0,0.0,
COGBCI-PVT,cross,full,fixed,bandpower,lda,17,-1,0.0444444444444444,0.5222222222222223,90,180,62,0,0.0,
COGBCI-PVT,cross,full,fixed,bandpower,svm,17,-1,-0.022222222222222143,0.4888888888888889,90,180,62,0,0.0,
COGBCI-PVT,cross,full,fixed,bandpower,decision_tree,17,-1,-0.011111111111111072,0.49444444444444446,90,180,62,0,0.0,
COGBCI-PVT,cross,full,fixed,bandpower,random_forest,17,-1,0.0,0.5,90,180,62,0,0.0,
COGBCI-PVT,cross,full,ccb,,,17,0,-0.06666666666666665,0.4666666666666667,90,180,62,48,37.0,
COGBCI-PVT,cross,full,ccb,,,17,1,-0.03333333333333344,0.48333333333333334,90,180,62,29,39.0,
COGBCI-PVT,cross,full,ccb,,,17,2,0.0,0.5,90,180,62,12,35.0,
COGBCI-PVT,cross,full,ccb,,,17,3,-0.11111111111111116,0.4444444444444444,90,180,62,24,31.0,
COGBCI-PVT,cross,full,ccb,,,17,42,0.033333333333333326,0.5166666666666667,90,180,62,28,31.0,
COGBCI-PVT,within,full,fixed,fbcsp,lda,18,-1,-0.22222222222222232,0.3888888888888889,72,18,62,0,0.0,
COGBCI-PVT,within,full,fixed,fbcsp,svm,18,-1,0.11111111111111116,0.5555555555555556,72,18,62,0,0.0,
COGBCI-PVT,within,full,fixed,fbcsp,decision_tree,18,-1,0.11111111111111116,0.5555555555555556,72,18,62,0,0.0,
COGBCI-PVT,within,full,fixed,fbcsp,random_forest,18,-1,-0.22222222222222232,0.3888888888888889,72,18,62,0,0.0,
COGBCI-PVT,within,full,fixed,bandpower,lda,18,-1,-0.11111111111111116,0.4444444444444444,72,18,62,0,0.0,
COGBCI-PVT,within,full,fixed,bandpower,svm,18,-1,-0.11111111111111116,0.4444444444444444,72,18,62,0,0.0,
COGBCI-PVT,within,full,fixed,bandpower,decision_tree,18,-1,0.4444444444444444,0.7222222222222222,72,18,62,0,0.0,
COGBCI-PVT,within,full,fixed,bandpower,random_forest,18,-1,0.4444444444444444,0.7222222222222222,72,18,62,0,0.0,
COGBCI-PVT,within,full,ccb,,,18,0,-0.4444444444444444,0.2777777777777778,72,18,62,15,25.0,
COGBCI-PVT,within,full,ccb,,,18,1,0.0,0.5,72,18,62,19,26.0,
COGBCI-PVT,within,full,ccb,,,18,2,-0.11111111111111116,0.4444444444444444,72,18,62,27,25.0,
COGBCI-PVT,within,full,ccb,,,18,3,0.0,0.5,72,18,62,12,19.0,
COGBCI-PVT,within,full,ccb,,,18,42,0.0,0.5,72,18,62,19,30.0,
COGBCI-PVT,cross,full,fixed,fbcsp,lda,18,-1,0.0,0.5,90,180,62,0,0.0,
COGBCI-PVT,cross,full,fixed,fbcsp,svm,18,-1,0.0,0.5,90,180,62,0,0.0,
COGBCI-PVT,cross,full,fixed,fbcsp,decision_tree,18,-1,0.0,0.5,90,180,62,0,0.0,
COGBCI-PVT,cross,full,fixed,fbcsp,random_forest,18,-1,0.0,0.5,90,180,62,0,0.0,
COGBCI-PVT,cross,full,fixed,bandpower,lda,18,-1,-0.03333333333333344,0.48333333333333334,90,180,62,0,0.0,
COGBCI-PVT,cross,full,fixed,bandpower,svm,18,-1,0.011111111111111072,0.5055555555555555,90,180,62,0,0.0,
COGBCI-PVT,cross,full,fixed,bandpower,decision_tree,18,-1,0.022222222222222254,0.5111111111111111,90,180,62,0,0.0,
COGBCI-PVT,cross,full,fixed,bandpower,random_forest,18,-1,-0.05555555555555558,0.4722222222222222,90,180,62,0,0.0,
COGBCI-PVT,cross,full,ccb,,,18,0,-0.011111111111111072,0.49444444444444446,90,180,62,27,34.0,
COGBCI-PVT,cross,full,ccb,,,18,1,-0.022222222222222143,0.4888888888888889,90,180,62,29,31.0,
COGBCI-PVT,cross,full,ccb,,,18,2,0.011111111111111072,0.5055555555555555,90,180,62,20,28.0,
COGBCI-PVT,cross,full,ccb,,,18,3,-0.05555555555555558,0.4722222222222222,90,180,62,20,37.0,
COGBCI-PVT,cross,full,ccb,,,18,42,-0.0888888888888888,0.45555555555555555,90,180,62,17,32.0,
COGBCI-PVT,within,full,fixed,fbcsp,lda,19,-1,0.11111111111111116,0.5555555555555556,72,18,62,0,0.0,
COGBCI-PVT,within,full,fixed,fbcsp,svm,19,-1,0.0,0.5,72,18,62,0,0.0,
COGBCI-PVT,within,full,fixed,fbcsp,decision_tree,19,-1,0.33333333333333337,0.6666666666666666,72,18,62,0,0.0,
COGBCI-PVT,within,full,fixed,fbcsp,random_forest,19,-1,0.11111111111111116,0.5555555555555556,72,18,62,0,0.0,
COGBCI-PVT,within,full,fixed,bandpower,lda,19,-1,-0.22222222222222232,0.3888888888888889,72,18,62,0,0.0,
COGBCI-PVT,within,full,fixed,bandpower,svm,19,-1,0.0,0.5,72,18,62,0,0.0,
COGBCI-PVT,within,full,fixed,bandpower,decision_tree,19,-1,-0.11111111111111116,0.4444444444444444,72,18,62,0,0.0,
COGBCI-PVT,within,full,fixed,bandpower,random_forest,19,-1,-0.22222222222222232,0.3888888888888889,72,18,62,0,0.0,
COGBCI-PVT,within,full,ccb,,,19,0,-0.33333333333333326,0.3333333333333333,72,18,62,14,27.0,
COGBCI-PVT,within,full,ccb,,,19,1,-0.5555555555555556,0.2222222222222222,72,18,62,21,19.0,
COGBCI-PVT,within,full,ccb,,,19,2,0.4444444444444444,0.7222222222222222,72,18,62,29,32.0,
COGBCI-PVT,within,full,ccb,,,19,3,-0.11111111111111116,0.4444444444444444,72,18,62,26,27.0,
COGBCI-PVT,within,full,ccb,,,19,42,-0.11111111111111116,0.4444444444444444,72,18,62,26,26.0,
COGBCI-PVT,cross,full,fixed,fbcsp,lda,19,-1,0.0,0.5,90,180,62,0,0.0,
COGBCI-PVT,cross,full,fixed,fbcsp,svm,19,-1,0.0,0.5,90,180,62,0,0.0,
COGBCI-PVT,cross,full,fixed,fbcsp,decision_tree,19,-1,0.0,0.5,90,180,62,0,0.0,
COGBCI-PVT,cross,full,fixed,fbcsp,random_forest,19,-1,0.0,0.5,90,180,62,0,0.0,
COGBCI-PVT,cross,full,fixed,bandpower,lda,19,-1,0.033333333333333326,0.5166666666666667,90,180,62,0,0.0,
COGBCI-PVT,cross,full,fixed,bandpower,svm,19,-1,-0.022222222222222143,0.4888888888888889,90,180,62,0,0.0,
COGBCI-PVT,cross,full,fixed,bandpower,decision_tree,19,-1,0.07777777777777772,0.5388888888888889,90,180,62,0,0.0,
COGBCI-PVT,cross,full,fixed,bandpower,random_forest,19,-1,-0.022222222222222143,0.4888888888888889,90,180,62,0,0.0,
COGBCI-PVT,cross,full,ccb,,,19,0,0.011111111111111072,0.5055555555555555,90,180,62,21,35.0,
COGBCI-PVT,cross,full,ccb,,,19,1,0.0444444444444444,0.5222222222222223,90,180,62,28,29.0,
COGBCI-PVT,cross,full,ccb,,,19,2,0.0,0.5,90,180,62,28,27.0,
COGBCI-PVT,cross,full,ccb,,,19,3,-0.03333333333333344,0.48333333333333334,90,180,62,24,29.0,
COGBCI-PVT,cross,full,ccb,,,19,42,-0.07777777777777772,0.46111111111111114,90,180,62,17,31.0,
COGBCI-PVT,within,full,fixed,fbcsp,lda,20,-1,0.0,0.5,72,18,62,0,0.0,
COGBCI-PVT,within,full,fixed,fbcsp,svm,20,-1,0.33333333333333337,0.6666666666666666,72,18,62,0,0.0,
COGBCI-PVT,within,full,fixed,fbcsp,decision_tree,20,-1,-0.11111111111111116,0.4444444444444444,72,18,62,0,0.0,
COGBCI-PVT,within,full,fixed,fbcsp,random_forest,20,-1,0.33333333333333337,0.6666666666666666,72,18,62,0,0.0,
COGBCI-PVT,within,full,fixed,bandpower,lda,20,-1,0.0,0.5,72,18,62,0,0.0,
COGBCI-PVT,within,full,fixed,bandpower,svm,20,-1,-0.11111111111111116,0.4444444444444444,72,18,62,0,0.0,
COGBCI-PVT,within,full,fixed,bandpower,decision_tree,20,-1,0.11111111111111116,0.5555555555555556,72,18,62,0,0.0,
COGBCI-PVT,within,full,fixed,bandpower,random_forest,20,-1,0.11111111111111116,0.5555555555555556,72,18,62,0,0.0,
COGBCI-PVT,within,full,ccb,,,20,0,0.0,0.5,72,18,62,33,23.0,
COGBCI-PVT,within,full,ccb,,,20,1,0.11111111111111116,0.5555555555555556,72,18,62,13,17.0,
COGBCI-PVT,within,full,ccb,,,20,2,0.11111111111111116,0.5555555555555556,72,18,62,14,20.0,
COGBCI-PVT,within,full,ccb,,,20,3,-0.33333333333333326,0.3333333333333333,72,18,62,27,23.0,
COGBCI-PVT,within,full,ccb,,,20,42,0.11111111111111116,0.5555555555555556,72,18,62,17,19.0,
COGBCI-PVT,cross,full,fixed,fbcsp,lda,20,-1,-0.022222222222222143,0.4888888888888889,90,180,62,0,0.0,
COGBCI-PVT,cross,full,fixed,fbcsp,svm,20,-1,0.0,0.5,90,180,62,0,0.0,
COGBCI-PVT,cross,full,fixed,fbcsp,decision_tree,20,-1,0.0,0.5,90,180,62,0,0.0,
COGBCI-PVT,cross,full,fixed,fbcsp,random_forest,20,-1,0.0,0.5,90,180,62,0,0.0,
COGBCI-PVT,cross,full,fixed,bandpower,lda,20,-1,0.0888888888888889,0.5444444444444444,90,180,62,0,0.0,
COGBCI-PVT,cross,full,fixed,bandpower,svm,20,-1,-0.03333333333333344,0.48333333333333334,90,180,62,0,0.0,
COGBCI-PVT,cross,full,fixed,bandpower,decision_tree,20,-1,0.0,0.5,90,180,62,0,0.0,
COGBCI-PVT,cross,full,fixed,bandpower,random_forest,20,-1,0.05555555555555558,0.5277777777777778,90,180,62,0,0.0,
COGBCI-PVT,cross,full,ccb,,,20,0,-0.0888888888888888,0.45555555555555555,90,180,62,13,27.0,
COGBCI-PVT,cross,full,ccb,,,20,1,0.022222222222222254,0.5111111111111111,90,180,62,18,37.0,
COGBCI-PVT,cross,full,ccb,,,20,2,0.022222222222222254,0.5111111111111111,90,180,62,27,33.0,
COGBCI-PVT,cross,full,ccb,,,20,3,0.0,0.5,90,180,62,17,34.0,
COGBCI-PVT,cross,full,ccb,,,20,42,0.022222222222222254,0.5111111111111111,90,180,62,32,29.0,
COGBCI-PVT,within,full,fixed,fbcsp,lda,21,-1,0.2222222222222222,0.6111111111111112,72,18,62,0,0.0,
COGBCI-PVT,within,full,fixed,fbcsp,svm,21,-1,0.0,0.5,72,18,62,0,0.0,
COGBCI-PVT,within,full,fixed,fbcsp,decision_tree,21,-1,-0.11111111111111116,0.4444444444444444,72,18,62,0,0.0,
COGBCI-PVT,within,full,fixed,fbcsp,random_forest,21,-1,0.11111111111111116,0.5555555555555556,72,18,62,0,0.0,
COGBCI-PVT,within,full,fixed,bandpower,lda,21,-1,0.2222222222222222,0.6111111111111112,72,18,62,0,0.0,
COGBCI-PVT,within,full,fixed,bandpower,svm,21,-1,0.4444444444444444,0.7222222222222222,72,18,62,0,0.0,
COGBCI-PVT,within,full,fixed,bandpower,decision_tree,21,-1,0.11111111111111116,0.5555555555555556,72,18,62,0,0.0,
COGBCI-PVT,within,full,fixed,bandpower,random_forest,21,-1,0.11111111111111116,0.5555555555555556,72,18,62,0,0.0,
COGBCI-PVT,within,full,ccb,,,21,0,-0.11111111111111116,0.4444444444444444,72,18,62,21,25.0,
COGBCI-PVT,within,full,ccb,,,21,1,-0.22222222222222232,0.3888888888888889,72,18,62,29,26.0,
COGBCI-PVT,within,full,ccb,,,21,2,0.11111111111111116,0.5555555555555556,72,18,62,25,25.0,
COGBCI-PVT,within,full,ccb,,,21,3,0.11111111111111116,0.5555555555555556,72,18,62,13,30.0,
COGBCI-PVT,within,full,ccb,,,21,42,-0.33333333333333326,0.3333333333333333,72,18,62,23,26.0,
COGBCI-PVT,cross,full,fixed,fbcsp,lda,21,-1,0.0,0.5,90,180,62,0,0.0,
COGBCI-PVT,cross,full,fixed,fbcsp,svm,21,-1,0.0,0.5,90,180,62,0,0.0,
COGBCI-PVT,cross,full,fixed,fbcsp,decision_tree,21,-1,0.0,0.5,90,180,62,0,0.0,
COGBCI-PVT,cross,full,fixed,fbcsp,random_forest,21,-1,0.0,0.5,90,180,62,0,0.0,
COGBCI-PVT,cross,full,fixed,bandpower,lda,21,-1,0.0444444444444444,0.5222222222222223,90,180,62,0,0.0,
COGBCI-PVT,cross,full,fixed,bandpower,svm,21,-1,0.07777777777777772,0.5388888888888889,90,180,62,0,0.0,
COGBCI-PVT,cross,full,fixed,bandpower,decision_tree,21,-1,0.0,0.5,90,180,62,0,0.0,
COGBCI-PVT,cross,full,fixed,bandpower,random_forest,21,-1,-0.022222222222222143,0.4888888888888889,90,180,62,0,0.0,
COGBCI-PVT,cross,full,ccb,,,21,0,-0.022222222222222143,0.4888888888888889,90,180,62,24,30.0,
COGBCI-PVT,cross,full,ccb,,,21,1,-0.11111111111111116,0.4444444444444444,90,180,62,16,28.0,
COGBCI-PVT,cross,full,ccb,,,21,2,-0.06666666666666665,0.4666666666666667,90,180,62,28,30.0,
COGBCI-PVT,cross,full,ccb,,,21,3,-0.05555555555555558,0.4722222222222222,90,180,62,34,33.0,
COGBCI-PVT,cross,full,ccb,,,21,42,0.022222222222222254,0.5111111111111111,90,180,62,26,31.0,
COGBCI-PVT,within,full,fixed,fbcsp,lda,22,-1,-0.22222222222222232,0.3888888888888889,72,18,62,0,0.0,
COGBCI-PVT,within,full,fixed,fbcsp,svm,22,-1,0.0,0.5,72,18,62,0,0.0,
COGBCI-PVT,within,full,fixed,fbcsp,decision_tree,22,-1,0.0,0.5,72,18,62,0,0.0,
COGBCI-PVT,within,full,fixed,fbcsp,random_forest,22,-1,0.0,0.5,72,18,62,0,0.0,
COGBCI-PVT,within,full,fixed,bandpower,lda,22,-1,-0.5555555555555556,0.2222222222222222,72,18,62,0,0.0,
COGBCI-PVT,within,full,fixed,bandpower,svm,22,-1,-0.4444444444444444,0.2777777777777778,72,18,62,0,0.0,
COGBCI-PVT,within,full,fixed,bandpower,decision_tree,22,-1,0.0,0.5,72,18,62,0,0.0,
COGBCI-PVT,within,full,fixed,bandpower,random_forest,22,-1,-0.4444444444444444,0.2777777777777778,72,18,62,0,0.0,
COGBCI-PVT,within,full,ccb,,,22,0,0.2222222222222222,0.6111111111111112,72,18,62,24,22.0,
COGBCI-PVT,within,full,ccb,,,22,1,0.11111111111111116,0.5555555555555556,72,18,62,18,24.0,
COGBCI-PVT,within,full,ccb,,,22,2,-0.33333333333333326,0.3333333333333333,72,18,62,28,21.0,
COGBCI-PVT,within,full,ccb,,,22,3,0.11111111111111116,0.5555555555555556,72,18,62,29,28.0,
COGBCI-PVT,within,full,ccb,,,22,42,0.2222222222222222,0.6111111111111112,72,18,62,23,21.0,
COGBCI-PVT,cross,full,fixed,fbcsp,lda,22,-1,-0.011111111111111072,0.49444444444444446,90,180,62,0,0.0,
COGBCI-PVT,cross,full,fixed,fbcsp,svm,22,-1,0.0,0.5,90,180,62,0,0.0,
COGBCI-PVT,cross,full,fixed,fbcsp,decision_tree,22,-1,-0.04444444444444451,0.4777777777777778,90,180,62,0,0.0,
COGBCI-PVT,cross,full,fixed,fbcsp,random_forest,22,-1,0.0,0.5,90,180,62,0,0.0,
COGBCI-PVT,cross,full,fixed,bandpower,lda,22,-1,0.07777777777777772,0.5388888888888889,90,180,62,0,0.0,
COGBCI-PVT,cross,full,fixed,bandpower,svm,22,-1,0.07777777777777772,0.5388888888888889,90,180,62,0,0.0,
COGBCI-PVT,cross,full,fixed,bandpower,decision_tree,22,-1,0.033333333333333326,0.5166666666666667,90,180,62,0,0.0,
COGBCI-PVT,cross,full,fixed,bandpower,random_forest,22,-1,0.0,0.5,90,180,62,0,0.0,
COGBCI-PVT,cross,full,ccb,,,22,0,0.1333333333333333,0.5666666666666667,90,180,62,32,40.0,
COGBCI-PVT,cross,full,ccb,,,22,1,0.033333333333333326,0.5166666666666667,90,180,62,23,25.0,
COGBCI-PVT,cross,full,ccb,,,22,2,0.0444444444444444,0.5222222222222223,90,180,62,18,33.0,
COGBCI-PVT,cross,full,ccb,,,22,3,-0.03333333333333344,0.48333333333333334,90,180,62,21,38.0,
COGBCI-PVT,cross,full,ccb,,,22,42,0.07777777777777772,0.5388888888888889,90,180,62,32,28.0,
COGBCI-PVT,within,full,fixed,fbcsp,lda,23,-1,0.11111111111111116,0.5555555555555556,72,18,62,0,0.0,
COGBCI-PVT,within,full,fixed,fbcsp,svm,23,-1,0.11111111111111116,0.5555555555555556,72,18,62,0,0.0,
COGBCI-PVT,within,full,fixed,fbcsp,decision_tree,23,-1,-0.33333333333333326,0.3333333333333333,72,18,62,0,0.0,
COGBCI-PVT,within,full,fixed,fbcsp,random_forest,23,-1,-0.11111111111111116,0.4444444444444444,72,18,62,0,0.0,
COGBCI-PVT,within,full,fixed,bandpower,lda,23,-1,-0.33333333333333326,0.3333333333333333,72,18,62,0,0.0,
COGBCI-PVT,within,full,fixed,bandpower,svm,23,-1,-0.22222222222222232,0.3888888888888889,72,18,62,0,0.0,
COGBCI-PVT,within,full,fixed,bandpower,decision_tree,23,-1,-0.11111111111111116,0.4444444444444444,72,18,62,0,0.0,
COGBCI-PVT,within,full,fixed,bandpower,random_forest,23,-1,0.0,0.5,72,18,62,0,0.0,
COGBCI-PVT,within,full,ccb,,,23,0,0.11111111111111116,0.5555555555555556,72,18,62,25,31.0,
COGBCI-PVT,within,full,ccb,,,23,1,0.2222222222222222,0.6111111111111112,72,18,62,27,26.0,
COGBCI-PVT,within,full,ccb,,,23,2,-0.11111111111111116,0.4444444444444444,72,18,62,22,21.0,
COGBCI-PVT,within,full,ccb,,,23,3,0.2222222222222222,0.6111111111111112,72,18,62,28,28.0,
COGBCI-PVT,within,full,ccb,,,23,42,0.2222222222222222,0.6111111111111112,72,18,62,20,29.0,
COGBCI-PVT,cross,full,fixed,fbcsp,lda,23,-1,0.0,0.5,90,180,62,0,0.0,
COGBCI-PVT,cross,full,fixed,fbcsp,svm,23,-1,0.0,0.5,90,180,62,0,0.0,
COGBCI-PVT,cross,full,fixed,fbcsp,decision_tree,23,-1,0.0,0.5,90,180,62,0,0.0,
COGBCI-PVT,cross,full,fixed,fbcsp,random_forest,23,-1,-0.06666666666666665,0.4666666666666667,90,180,62,0,0.0,
COGBCI-PVT,cross,full,fixed,bandpower,lda,23,-1,-0.011111111111111072,0.49444444444444446,90,180,62,0,0.0,
COGBCI-PVT,cross,full,fixed,bandpower,svm,23,-1,0.011111111111111072,0.5055555555555555,90,180,62,0,0.0,
COGBCI-PVT,cross,full,fixed,bandpower,decision_tree,23,-1,0.12222222222222223,0.5611111111111111,90,180,62,0,0.0,
COGBCI-PVT,cross,full,fixed,bandpower,random_forest,23,-1,-0.05555555555555558,0.4722222222222222,90,180,62,0,0.0,
COGBCI-PVT,cross,full,ccb,,,23,0,-0.03333333333333344,0.48333333333333334,90,180,62,31,36.0,
COGBCI-PVT,cross,full,ccb,,,23,1,0.0444444444444444,0.5222222222222223,90,180,62,17,36.0,
COGBCI-PVT,cross,full,ccb,,,23,2,-0.011111111111111072,0.49444444444444446,90,180,62,26,33.0,
COGBCI-PVT,cross,full,ccb,,,23,3,0.0,0.5,90,180,62,18,35.0,
COGBCI-PVT,cross,full,ccb,,,23,42,0.0,0.5,90,180,62,25,29.0,
COGBCI-PVT,within,full,fixed,fbcsp,lda,24,-1,0.0,0.5,72,18,62,0,0.0,
COGBCI-PVT,within,full,fixed,fbcsp,svm,24,-1,0.2222222222222222,0.6111111111111112,72,18,62,0,0.0,
COGBCI-PVT,within,full,fixed,fbcsp,decision_tree,24,-1,0.11111111111111116,0.5555555555555556,72,18,62,0,0.0,
COGBCI-PVT,within,full,fixed,fbcsp,random_forest,24,-1,0.11111111111111116,0.5555555555555556,72,18,62,0,0.0,
COGBCI-PVT,within,full,fixed,bandpower,lda,24,-1,-0.22222222222222232,0.3888888888888889,72,18,62,0,0.0,
COGBCI-PVT,within,full,fixed,bandpower,svm,24,-1,-0.22222222222222232,0.3888888888888889,72,18,62,0,0.0,
COGBCI-PVT,within,full,fixed,bandpower,decision_tree,24,-1,-0.4444444444444444,0.2777777777777778,72,18,62,0,0.0,
COGBCI-PVT,within,full,fixed,bandpower,random_forest,24,-1,-0.22222222222222232,0.3888888888888889,72,18,62,0,0.0,
COGBCI-PVT,within,full,error,,,24,-1,,,0,0,62,0,0.0,All arms pruned; pool is empty. Lower min_kappa or check calibration data.
COGBCI-PVT,cross,full,fixed,fbcsp,lda,24,-1,0.0,0.5,90,180,62,0,0.0,
COGBCI-PVT,cross,full,fixed,fbcsp,svm,24,-1,0.0,0.5,90,180,62,0,0.0,
COGBCI-PVT,cross,full,fixed,fbcsp,decision_tree,24,-1,0.011111111111111072,0.5055555555555555,90,180,62,0,0.0,
COGBCI-PVT,cross,full,fixed,fbcsp,random_forest,24,-1,0.0,0.5,90,180,62,0,0.0,
COGBCI-PVT,cross,full,fixed,bandpower,lda,24,-1,0.011111111111111072,0.5055555555555555,90,180,62,0,0.0,
COGBCI-PVT,cross,full,fixed,bandpower,svm,24,-1,0.011111111111111072,0.5055555555555555,90,180,62,0,0.0,
COGBCI-PVT,cross,full,fixed,bandpower,decision_tree,24,-1,-0.19999999999999996,0.4,90,180,62,0,0.0,
COGBCI-PVT,cross,full,fixed,bandpower,random_forest,24,-1,-0.022222222222222143,0.4888888888888889,90,180,62,0,0.0,
COGBCI-PVT,cross,full,ccb,,,24,0,-0.022222222222222143,0.4888888888888889,90,180,62,21,29.0,
COGBCI-PVT,cross,full,ccb,,,24,1,-0.04444444444444451,0.4777777777777778,90,180,62,22,38.0,
COGBCI-PVT,cross,full,ccb,,,24,2,0.033333333333333326,0.5166666666666667,90,180,62,11,23.0,
COGBCI-PVT,cross,full,ccb,,,24,3,-0.022222222222222143,0.4888888888888889,90,180,62,7,13.0,
COGBCI-PVT,cross,full,ccb,,,24,42,-0.06666666666666665,0.4666666666666667,90,180,62,15,25.0,
COGBCI-PVT,within,full,fixed,fbcsp,lda,25,-1,0.4444444444444444,0.7222222222222222,72,18,62,0,0.0,
COGBCI-PVT,within,full,fixed,fbcsp,svm,25,-1,0.2222222222222222,0.6111111111111112,72,18,62,0,0.0,
COGBCI-PVT,within,full,fixed,fbcsp,decision_tree,25,-1,-0.33333333333333326,0.3333333333333333,72,18,62,0,0.0,
COGBCI-PVT,within,full,fixed,fbcsp,random_forest,25,-1,0.2222222222222222,0.6111111111111112,72,18,62,0,0.0,
COGBCI-PVT,within,full,fixed,bandpower,lda,25,-1,0.2222222222222222,0.6111111111111112,72,18,62,0,0.0,
COGBCI-PVT,within,full,fixed,bandpower,svm,25,-1,0.2222222222222222,0.6111111111111112,72,18,62,0,0.0,
COGBCI-PVT,within,full,fixed,bandpower,decision_tree,25,-1,-0.22222222222222232,0.3888888888888889,72,18,62,0,0.0,
COGBCI-PVT,within,full,fixed,bandpower,random_forest,25,-1,0.33333333333333337,0.6666666666666666,72,18,62,0,0.0,
COGBCI-PVT,within,full,ccb,,,25,0,0.0,0.5,72,18,62,18,30.0,
COGBCI-PVT,within,full,ccb,,,25,1,0.11111111111111116,0.5555555555555556,72,18,62,13,24.0,
COGBCI-PVT,within,full,ccb,,,25,2,0.11111111111111116,0.5555555555555556,72,18,62,15,27.0,
COGBCI-PVT,within,full,ccb,,,25,3,-0.22222222222222232,0.3888888888888889,72,18,62,37,24.0,
COGBCI-PVT,within,full,ccb,,,25,42,-0.22222222222222232,0.3888888888888889,72,18,62,23,29.0,
COGBCI-PVT,cross,full,fixed,fbcsp,lda,25,-1,0.022222222222222254,0.5111111111111111,90,180,62,0,0.0,
COGBCI-PVT,cross,full,fixed,fbcsp,svm,25,-1,0.0,0.5,90,180,62,0,0.0,
COGBCI-PVT,cross,full,fixed,fbcsp,decision_tree,25,-1,-0.011111111111111072,0.49444444444444446,90,180,62,0,0.0,
COGBCI-PVT,cross,full,fixed,fbcsp,random_forest,25,-1,0.0,0.5,90,180,62,0,0.0,
COGBCI-PVT,cross,full,fixed,bandpower,lda,25,-1,-0.06666666666666665,0.4666666666666667,90,180,62,0,0.0,
COGBCI-PVT,cross,full,fixed,bandpower,svm,25,-1,-0.04444444444444451,0.4777777777777778,90,180,62,0,0.0,
COGBCI-PVT,cross,full,fixed,bandpower,decision_tree,25,-1,-0.011111111111111072,0.49444444444444446,90,180,62,0,0.0,
COGBCI-PVT,cross,full,fixed,bandpower,random_forest,25,-1,-0.04444444444444451,0.4777777777777778,90,180,62,0,0.0,
COGBCI-PVT,cross,full,ccb,,,25,0,0.06666666666666665,0.5333333333333333,90,180,62,28,28.0,
COGBCI-PVT,cross,full,ccb,,,25,1,-0.05555555555555558,0.4722222222222222,90,180,62,28,30.0,
COGBCI-PVT,cross,full,ccb,,,25,2,-0.06666666666666665,0.4666666666666667,90,180,62,29,34.0,
COGBCI-PVT,cross,full,ccb,,,25,3,0.0,0.5,90,180,62,19,37.0,
COGBCI-PVT,cross,full,ccb,,,25,42,-0.022222222222222143,0.4888888888888889,90,180,62,16,33.0,
COGBCI-PVT,within,full,fixed,fbcsp,lda,26,-1,0.0,0.5,72,18,62,0,0.0,
COGBCI-PVT,within,full,fixed,fbcsp,svm,26,-1,-0.11111111111111116,0.4444444444444444,72,18,62,0,0.0,
COGBCI-PVT,within,full,fixed,fbcsp,decision_tree,26,-1,-0.33333333333333326,0.3333333333333333,72,18,62,0,0.0,
COGBCI-PVT,within,full,fixed,fbcsp,random_forest,26,-1,-0.4444444444444444,0.2777777777777778,72,18,62,0,0.0,
COGBCI-PVT,within,full,fixed,bandpower,lda,26,-1,-0.11111111111111116,0.4444444444444444,72,18,62,0,0.0,
COGBCI-PVT,within,full,fixed,bandpower,svm,26,-1,-0.22222222222222232,0.3888888888888889,72,18,62,0,0.0,
COGBCI-PVT,within,full,fixed,bandpower,decision_tree,26,-1,-0.11111111111111116,0.4444444444444444,72,18,62,0,0.0,
COGBCI-PVT,within,full,fixed,bandpower,random_forest,26,-1,-0.33333333333333326,0.3333333333333333,72,18,62,0,0.0,
COGBCI-PVT,within,full,ccb,,,26,0,-0.22222222222222232,0.3888888888888889,72,18,62,24,24.0,
COGBCI-PVT,within,full,ccb,,,26,1,0.0,0.5,72,18,62,17,20.0,
COGBCI-PVT,within,full,ccb,,,26,2,-0.33333333333333326,0.3333333333333333,72,18,62,23,24.0,
COGBCI-PVT,within,full,ccb,,,26,3,0.0,0.5,72,18,62,24,27.0,
COGBCI-PVT,within,full,ccb,,,26,42,0.2222222222222222,0.6111111111111112,72,18,62,20,26.0,
COGBCI-PVT,cross,full,fixed,fbcsp,lda,26,-1,0.0,0.5,90,180,62,0,0.0,
COGBCI-PVT,cross,full,fixed,fbcsp,svm,26,-1,0.0,0.5,90,180,62,0,0.0,
COGBCI-PVT,cross,full,fixed,fbcsp,decision_tree,26,-1,0.0,0.5,90,180,62,0,0.0,
COGBCI-PVT,cross,full,fixed,fbcsp,random_forest,26,-1,0.0,0.5,90,180,62,0,0.0,
COGBCI-PVT,cross,full,fixed,bandpower,lda,26,-1,0.011111111111111072,0.5055555555555555,90,180,62,0,0.0,
COGBCI-PVT,cross,full,fixed,bandpower,svm,26,-1,0.06666666666666665,0.5333333333333333,90,180,62,0,0.0,
COGBCI-PVT,cross,full,fixed,bandpower,decision_tree,26,-1,0.09999999999999998,0.55,90,180,62,0,0.0,
COGBCI-PVT,cross,full,fixed,bandpower,random_forest,26,-1,0.1333333333333333,0.5666666666666667,90,180,62,0,0.0,
COGBCI-PVT,cross,full,ccb,,,26,0,0.07777777777777772,0.5388888888888889,90,180,62,23,36.0,
COGBCI-PVT,cross,full,ccb,,,26,1,-0.07777777777777772,0.46111111111111114,90,180,62,23,32.0,
COGBCI-PVT,cross,full,ccb,,,26,2,0.022222222222222254,0.5111111111111111,90,180,62,32,33.0,
COGBCI-PVT,cross,full,ccb,,,26,3,0.0,0.5,90,180,62,27,30.0,
COGBCI-PVT,cross,full,ccb,,,26,42,-0.1333333333333333,0.43333333333333335,90,180,62,21,24.0,
COGBCI-PVT,within,full,fixed,fbcsp,lda,27,-1,0.0,0.5,72,18,62,0,0.0,
COGBCI-PVT,within,full,fixed,fbcsp,svm,27,-1,0.2222222222222222,0.6111111111111112,72,18,62,0,0.0,
COGBCI-PVT,within,full,fixed,fbcsp,decision_tree,27,-1,0.33333333333333337,0.6666666666666666,72,18,62,0,0.0,
COGBCI-PVT,within,full,fixed,fbcsp,random_forest,27,-1,0.11111111111111116,0.5555555555555556,72,18,62,0,0.0,
COGBCI-PVT,within,full,fixed,bandpower,lda,27,-1,-0.33333333333333326,0.3333333333333333,72,18,62,0,0.0,
COGBCI-PVT,within,full,fixed,bandpower,svm,27,-1,-0.11111111111111116,0.4444444444444444,72,18,62,0,0.0,
COGBCI-PVT,within,full,fixed,bandpower,decision_tree,27,-1,0.2222222222222222,0.6111111111111112,72,18,62,0,0.0,
COGBCI-PVT,within,full,fixed,bandpower,random_forest,27,-1,0.4444444444444444,0.7222222222222222,72,18,62,0,0.0,
COGBCI-PVT,within,full,ccb,,,27,0,-0.11111111111111116,0.4444444444444444,72,18,62,18,26.0,
COGBCI-PVT,within,full,ccb,,,27,1,0.0,0.5,72,18,62,20,21.0,
COGBCI-PVT,within,full,ccb,,,27,2,0.0,0.5,72,18,62,17,26.0,
COGBCI-PVT,within,full,ccb,,,27,3,-0.4444444444444444,0.2777777777777778,72,18,62,46,26.0,
COGBCI-PVT,within,full,ccb,,,27,42,0.0,0.5,72,18,62,36,29.0,
COGBCI-PVT,cross,full,fixed,fbcsp,lda,27,-1,0.022222222222222254,0.5111111111111111,90,180,62,0,0.0,
COGBCI-PVT,cross,full,fixed,fbcsp,svm,27,-1,0.0,0.5,90,180,62,0,0.0,
COGBCI-PVT,cross,full,fixed,fbcsp,decision_tree,27,-1,0.0,0.5,90,180,62,0,0.0,
COGBCI-PVT,cross,full,fixed,fbcsp,random_forest,27,-1,0.0,0.5,90,180,62,0,0.0,
COGBCI-PVT,cross,full,fixed,bandpower,lda,27,-1,0.0444444444444444,0.5222222222222223,90,180,62,0,0.0,
COGBCI-PVT,cross,full,fixed,bandpower,svm,27,-1,-0.022222222222222143,0.4888888888888889,90,180,62,0,0.0,
COGBCI-PVT,cross,full,fixed,bandpower,decision_tree,27,-1,-0.011111111111111072,0.49444444444444446,90,180,62,0,0.0,
COGBCI-PVT,cross,full,fixed,bandpower,random_forest,27,-1,0.0,0.5,90,180,62,0,0.0,
COGBCI-PVT,cross,full,ccb,,,27,0,-0.06666666666666665,0.4666666666666667,90,180,62,48,37.0,
COGBCI-PVT,cross,full,ccb,,,27,1,-0.03333333333333344,0.48333333333333334,90,180,62,29,39.0,
COGBCI-PVT,cross,full,ccb,,,27,2,0.0,0.5,90,180,62,12,35.0,
COGBCI-PVT,cross,full,ccb,,,27,3,-0.11111111111111116,0.4444444444444444,90,180,62,24,31.0,
COGBCI-PVT,cross,full,ccb,,,27,42,0.033333333333333326,0.5166666666666667,90,180,62,28,31.0,
COGBCI-PVT,within,full,fixed,fbcsp,lda,28,-1,0.4444444444444444,0.7222222222222222,72,18,62,0,0.0,
COGBCI-PVT,within,full,fixed,fbcsp,svm,28,-1,0.2222222222222222,0.6111111111111112,72,18,62,0,0.0,
COGBCI-PVT,within,full,fixed,fbcsp,decision_tree,28,-1,-0.33333333333333326,0.3333333333333333,72,18,62,0,0.0,
COGBCI-PVT,within,full,fixed,fbcsp,random_forest,28,-1,0.2222222222222222,0.6111111111111112,72,18,62,0,0.0,
COGBCI-PVT,within,full,fixed,bandpower,lda,28,-1,0.2222222222222222,0.6111111111111112,72,18,62,0,0.0,
COGBCI-PVT,within,full,fixed,bandpower,svm,28,-1,0.2222222222222222,0.6111111111111112,72,18,62,0,0.0,
COGBCI-PVT,within,full,fixed,bandpower,decision_tree,28,-1,-0.22222222222222232,0.3888888888888889,72,18,62,0,0.0,
COGBCI-PVT,within,full,fixed,bandpower,random_forest,28,-1,0.33333333333333337,0.6666666666666666,72,18,62,0,0.0,
COGBCI-PVT,within,full,ccb,,,28,0,0.0,0.5,72,18,62,18,30.0,
COGBCI-PVT,within,full,ccb,,,28,1,0.11111111111111116,0.5555555555555556,72,18,62,13,24.0,
COGBCI-PVT,within,full,ccb,,,28,2,0.11111111111111116,0.5555555555555556,72,18,62,15,27.0,
COGBCI-PVT,within,full,ccb,,,28,3,-0.22222222222222232,0.3888888888888889,72,18,62,37,24.0,
COGBCI-PVT,within,full,ccb,,,28,42,-0.22222222222222232,0.3888888888888889,72,18,62,23,29.0,
COGBCI-PVT,cross,full,fixed,fbcsp,lda,28,-1,-0.1333333333333333,0.43333333333333335,90,180,62,0,0.0,
COGBCI-PVT,cross,full,fixed,fbcsp,svm,28,-1,0.0,0.5,90,180,62,0,0.0,
COGBCI-PVT,cross,full,fixed,fbcsp,decision_tree,28,-1,-0.011111111111111072,0.49444444444444446,90,180,62,0,0.0,
COGBCI-PVT,cross,full,fixed,fbcsp,random_forest,28,-1,0.0,0.5,90,180,62,0,0.0,
COGBCI-PVT,cross,full,fixed,bandpower,lda,28,-1,0.0,0.5,90,180,62,0,0.0,
COGBCI-PVT,cross,full,fixed,bandpower,svm,28,-1,0.0,0.5,90,180,62,0,0.0,
COGBCI-PVT,cross,full,fixed,bandpower,decision_tree,28,-1,0.0,0.5,90,180,62,0,0.0,
COGBCI-PVT,cross,full,fixed,bandpower,random_forest,28,-1,0.0,0.5,90,180,62,0,0.0,
COGBCI-PVT,cross,full,ccb,,,28,0,-0.03333333333333344,0.48333333333333334,90,180,62,28,28.0,
COGBCI-PVT,cross,full,ccb,,,28,1,-0.03333333333333344,0.48333333333333334,90,180,62,28,30.0,
COGBCI-PVT,cross,full,ccb,,,28,2,0.011111111111111072,0.5055555555555555,90,180,62,29,34.0,
COGBCI-PVT,cross,full,ccb,,,28,3,0.011111111111111072,0.5055555555555555,90,180,62,19,37.0,
COGBCI-PVT,cross,full,ccb,,,28,42,-0.12222222222222223,0.4388888888888889,90,180,62,16,33.0,
COGBCI-PVT,within,full,fixed,fbcsp,lda,29,-1,0.2222222222222222,0.6111111111111112,72,18,62,0,0.0,
COGBCI-PVT,within,full,fixed,fbcsp,svm,29,-1,-0.11111111111111116,0.4444444444444444,72,18,62,0,0.0,
COGBCI-PVT,within,full,fixed,fbcsp,decision_tree,29,-1,0.0,0.5,72,18,62,0,0.0,
COGBCI-PVT,within,full,fixed,fbcsp,random_forest,29,-1,0.2222222222222222,0.6111111111111112,72,18,62,0,0.0,
COGBCI-PVT,within,full,fixed,bandpower,lda,29,-1,0.0,0.5,72,18,62,0,0.0,
COGBCI-PVT,within,full,fixed,bandpower,svm,29,-1,0.2222222222222222,0.6111111111111112,72,18,62,0,0.0,
COGBCI-PVT,within,full,fixed,bandpower,decision_tree,29,-1,0.11111111111111116,0.5555555555555556,72,18,62,0,0.0,
COGBCI-PVT,within,full,fixed,bandpower,random_forest,29,-1,0.33333333333333337,0.6666666666666666,72,18,62,0,0.0,
COGBCI-PVT,within,full,ccb,,,29,0,0.2222222222222222,0.6111111111111112,72,18,62,18,16.0,
COGBCI-PVT,within,full,ccb,,,29,1,-0.4444444444444444,0.2777777777777778,72,18,62,24,26.0,
COGBCI-PVT,within,full,ccb,,,29,2,-0.11111111111111116,0.4444444444444444,72,18,62,29,29.0,
COGBCI-PVT,within,full,ccb,,,29,3,0.2222222222222222,0.6111111111111112,72,18,62,7,18.0,
COGBCI-PVT,within,full,ccb,,,29,42,-0.11111111111111116,0.4444444444444444,72,18,62,19,25.0,
COGBCI-PVT,cross,full,fixed,fbcsp,lda,29,-1,-0.011111111111111072,0.49444444444444446,90,180,62,0,0.0,
COGBCI-PVT,cross,full,fixed,fbcsp,svm,29,-1,0.0,0.5,90,180,62,0,0.0,
COGBCI-PVT,cross,full,fixed,fbcsp,decision_tree,29,-1,0.0,0.5,90,180,62,0,0.0,
COGBCI-PVT,cross,full,fixed,fbcsp,random_forest,29,-1,0.0,0.5,90,180,62,0,0.0,
COGBCI-PVT,cross,full,fixed,bandpower,lda,29,-1,0.09999999999999998,0.55,90,180,62,0,0.0,
COGBCI-PVT,cross,full,fixed,bandpower,svm,29,-1,0.022222222222222254,0.5111111111111111,90,180,62,0,0.0,
COGBCI-PVT,cross,full,fixed,bandpower,decision_tree,29,-1,0.0888888888888889,0.5444444444444444,90,180,62,0,0.0,
COGBCI-PVT,cross,full,fixed,bandpower,random_forest,29,-1,-0.05555555555555558,0.4722222222222222,90,180,62,0,0.0,
COGBCI-PVT,cross,full,ccb,,,29,0,-0.04444444444444451,0.4777777777777778,90,180,62,24,35.0,
COGBCI-PVT,cross,full,ccb,,,29,1,0.06666666666666665,0.5333333333333333,90,180,62,32,26.0,
COGBCI-PVT,cross,full,ccb,,,29,2,-0.011111111111111072,0.49444444444444446,90,180,62,13,32.0,
COGBCI-PVT,cross,full,ccb,,,29,3,-0.03333333333333344,0.48333333333333334,90,180,62,18,30.0,
COGBCI-PVT,cross,full,ccb,,,29,42,-0.10000000000000009,0.45,90,180,62,35,31.0,
