dataset,montage,subject,seed,round,cumulative_regret
UAB,full,1,42,0,0.0
UAB,full,1,42,1,0.0
UAB,full,1,42,2,0.0
UAB,full,1,42,3,0.0
UAB,full,1,42,4,0.0
UAB,full,1,42,5,1.0
UAB,full,1,42,6,1.0
UAB,full,1,42,7,1.0
UAB,full,1,42,8,1.0
UAB,full,1,42,9,1.0
UAB,full,1,42,10,1.0
UAB,full,1,42,11,1.0
UAB,full,1,42,12,1.0
UAB,full,1,42,13,1.0
UAB,full,1,42,14,1.0
UAB,full,1,42,15,1.0
UAB,full,1,42,16,2.0
UAB,full,1,42,17,2.0
UAB,full,1,42,18,2.0
UAB,full,1,42,19,2.0
UAB,full,1,42,20,2.0
UAB,full,1,42,21,2.0
UAB,full,1,42,22,2.0
UAB,full,1,42,23,2.0
UAB,full,1,42,24,2.0
UAB,full,1,42,25,3.0
UAB,full,1,42,26,3.0
UAB,full,1,42,27,3.0
UAB,full,1,42,28,4.0
UAB,full,1,42,29,4.0
UAB,full,1,42,30,4.0
UAB,full,1,42,31,4.0
UAB,full,1,42,32,4.0
UAB,full,1,42,33,4.0
UAB,full,1,42,34,4.0
UAB,full,1,42,35,4.0
UAB,full,1,42,36,5.0
UAB,full,1,42,37,5.0
UAB,full,1,42,38,5.0
UAB,full,1,42,39,5.0
UAB,full,1,42,40,5.0
UAB,full,1,42,41,5.0
UAB,full,1,42,42,5.0
UAB,full,1,42,43,5.0
UAB,full,1,42,44,5.0
UAB,full,1,42,45,6.0
UAB,full,1,42,46,6.0
UAB,full,1,42,47,7.0
UAB,full,1,42,48,8.0
UAB,full,1,42,49,8.0
UAB,full,1,42,50,8.0
UAB,full,1,42,51,8.0
UAB,full,1,42,52,8.0
UAB,full,1,42,53,9.0
UAB,full,1,42,54,9.0
UAB,full,1,42,55,9.0
UAB,full,1,42,56,9.0
UAB,full,1,42,57,9.0
UAB,full,1,42,58,9.0
UAB,full,1,42,59,9.0
UAB,full,1,42,60,9.0
UAB,full,1,42,61,9.0
UAB,full,1,42,62,9.0
UAB,full,1,42,63,9.0
UAB,full,1,42,64,9.0
UAB,full,1,42,65,9.0
UAB,full,1,42,66,9.0
UAB,full,1,42,67,9.0
UAB,full,1,42,68,9.0
UAB,full,1,42,69,9.0
UAB,full,1,42,70,9.0
UAB,full,1,42,71,9.0
UAB,full,1,42,72,9.0
UAB,full,1,42,73,9.0
UAB,full,1,42,74,10.0
UAB,full,1,42,75,10.0
UAB,full,1,42,76,10.0
UAB,full,1,42,77,10.0
UAB,full,1,42,78,10.0
UAB,full,1,42,79,10.0
UAB,full,1,42,80,10.0
UAB,full,1,42,81,10.0
UAB,full,1,42,82,10.0
UAB,full,1,42,83,10.0
UAB,full,1,42,84,10.0
UAB,full,1,42,85,10.0
UAB,full,1,42,86,10.0
UAB,full,1,42,87,10.0
UAB,full,1,42,88,10.0
UAB,full,1,42,89,10.0
UAB,full,1,42,90,10.0
UAB,full,1,42,91,10.0
UAB,full,1,42,92,10.0
UAB,full,1,42,93,10.0
UAB,full,1,42,94,10.0
UAB,full,1,42,95,10.0
UAB,full,1,42,96,10.0
UAB,full,1,42,97,10.0
UAB,full,1,42,98,10.0
UAB,full,1,42,99,10.0
UAB,full,1,42,100,10.0
UAB,full,1,42,101,10.0
UAB,full,1,42,102,10.0
UAB,full,1,42,103,11.0
UAB,full,1,42,104,11.0
UAB,full,1,42,105,11.0
UAB,full,1,42,106,11.0
UAB,full,1,42,107,11.0
UAB,full,1,42,108,11.0
UAB,full,1,42,109,11.0
UAB,full,1,42,110,11.0
UAB,full,1,42,111,11.0
UAB,full,1,42,112,11.0
UAB,full,1,42,113,11.0
UAB,full,1,42,114,11.0
UAB,full,1,42,115,11.0
UAB,full,1,42,116,11.0
UAB,full,1,42,117,11.0
UAB,full,1,42,118,11.0
UAB,full,1,42,119,11.0
UAB,full,1,42,120,11.0
UAB,full,1,42,121,11.0
UAB,full,1,42,122,11.0
UAB,full,1,42,123,11.0
UAB,full,1,42,124,11.0
UAB,full,1,42,125,11.0
UAB,full,1,42,126,11.0
UAB,full,1,42,127,11.0
UAB,full,1,42,128,11.0
UAB,full,1,42,129,11.0
UAB,full,1,42,130,11.0
UAB,full,1,42,131,11.0
UAB,full,1,42,132,11.0
UAB,full,1,42,133,11.0
UAB,full,1,42,134,11.0
UAB,full,1,42,135,11.0
UAB,full,1,42,136,11.0
UAB,full,1,42,137,11.0
UAB,full,1,42,138,11.0
UAB,full,1,42,139,11.0
UAB,full,1,42,140,11.0
UAB,full,1,42,141,11.0
UAB,full,1,42,142,11.0
UAB,full,1,42,143,11.0
UAB,full,1,42,144,11.0
UAB,full,1,42,145,11.0
UAB,full,1,42,146,12.0
UAB,full,1,42,147,12.0
UAB,full,1,42,148,12.0
UAB,full,1,42,149,12.0
UAB,full,1,42,150,12.0
UAB,full,1,42,151,12.0
UAB,full,1,42,152,12.0
UAB,full,1,42,153,12.0
UAB,full,1,42,154,12.0
UAB,full,1,42,155,12.0
UAB,full,1,42,156,12.0
UAB,full,1,42,157,12.0
UAB,full,1,42,158,12.0
UAB,full,1,42,159,12.0
UAB,full,1,42,160,12.0
UAB,full,1,42,161,12.0
UAB,full,1,42,162,12.0
UAB,full,1,42,163,12.0
UAB,full,1,42,164,12.0
UAB,full,1,42,165,13.0
UAB,full,1,42,166,13.0
UAB,full,1,42,167,14.0
UAB,full,1,42,168,14.0
UAB,full,1,42,169,14.0
UAB,full,1,42,170,14.0
UAB,full,1,42,171,14.0
UAB,full,1,42,172,14.0
UAB,full,1,42,173,14.0
UAB,full,1,42,174,14.0
UAB,full,1,42,175,14.0
UAB,full,1,42,176,14.0
UAB,full,1,42,177,14.0
UAB,full,1,42,178,14.0
UAB,full,1,42,179,14.0
UAB,full,1,42,180,14.0
UAB,full,1,42,181,14.0
UAB,full,1,42,182,14.0
UAB,full,1,42,183,14.0
UAB,full,1,42,184,14.0
UAB,full,1,42,185,14.0
UAB,full,1,42,186,14.0
UAB,full,1,42,187,15.0
UAB,full,1,42,188,15.0
UAB,full,1,42,189,15.0
UAB,full,1,42,190,15.0
UAB,full,1,42,191,15.0
UAB,full,1,42,192,15.0
UAB,full,1,42,193,15.0
UAB,full,1,42,194,15.0
UAB,full,1,42,195,15.0
UAB,full,1,42,196,15.0
UAB,full,1,42,197,15.0
UAB,full,1,42,198,15.0
UAB,full,1,42,199,15.0
UAB,full,1,42,200,15.0
UAB,full,1,42,201,15.0
UAB,full,1,42,202,15.0
UAB,full,1,42,203,15.0
UAB,full,1,42,204,15.0
UAB,full,1,42,205,15.0
UAB,full,1,42,206,15.0
UAB,full,1,42,207,15.0
UAB,full,1,42,208,16.0
UAB,full,1,42,209,16.0
UAB,full,1,42,210,16.0
UAB,full,1,42,211,16.0
UAB,full,1,42,212,16.0
UAB,full,1,42,213,16.0
UAB,full,1,42,214,16.0
UAB,full,1,42,215,16.0
UAB,full,1,42,216,16.0
UAB,full,1,42,217,16.0
UAB,full,1,42,218,16.0
UAB,full,1,42,219,16.0
UAB,full,1,42,220,16.0
UAB,full,1,42,221,16.0
UAB,full,1,42,222,16.0
UAB,full,1,42,223,16.0
UAB,full,1,42,224,16.0
UAB,full,1,42,225,16.0
UAB,full,1,42,226,16.0
UAB,full,1,42,227,16.0
UAB,full,1,42,228,16.0
UAB,full,1,42,229,16.0
UAB,full,1,42,230,16.0
UAB,full,1,42,231,16.0
UAB,full,1,42,232,16.0
UAB,full,1,42,233,16.0
UAB,full,1,42,234,16.0
UAB,full,1,42,235,16.0
UAB,full,1,42,236,16.0
UAB,full,1,42,237,16.0
UAB,full,1,42,238,16.0
UAB,full,1,42,239,16.0
UAB,full,1,42,240,16.0
UAB,full,1,42,241,16.0
UAB,full,1,42,242,16.0
UAB,full,1,42,243,17.0
UAB,full,1,42,244,17.0
UAB,full,1,42,245,17.0
UAB,full,1,42,246,17.0
UAB,full,1,42,247,17.0
UAB,full,1,42,248,17.0
UAB,full,1,42,249,17.0
UAB,full,1,42,250,17.0
UAB,full,1,42,251,17.0
UAB,full,1,42,252,17.0
UAB,full,1,42,253,17.0
UAB,full,1,42,254,17.0
UAB,full,1,42,255,17.0
UAB,full,1,42,256,17.0
UAB,full,1,42,257,17.0
UAB,full,1,42,258,17.0
UAB,full,1,42,259,17.0
UAB,full,1,42,260,17.0
UAB,full,1,42,261,17.0
UAB,full,1,42,262,17.0
UAB,full,1,42,263,17.0
UAB,full,1,42,264,17.0
UAB,full,1,42,265,17.0
UAB,full,1,42,266,17.0
UAB,full,1,42,267,17.0
UAB,full,1,42,268,17.0
UAB,full,1,42,269,17.0
UAB,full,1,42,270,17.0
UAB,full,1,42,271,17.0
UAB,full,1,42,272,17.0
UAB,full,1,42,273,17.0
UAB,full,1,42,274,17.0
UAB,full,1,42,275,17.0
UAB,full,1,42,276,17.0
UAB,full,1,42,277,17.0
UAB,full,1,42,278,17.0
UAB,full,1,42,279,17.0
UAB,full,1,42,280,17.0
UAB,full,1,42,281,17.0
UAB,full,1,42,282,17.0
UAB,full,1,42,283,17.0
UAB,full,1,42,284,17.0
UAB,full,1,42,285,17.0
UAB,full,1,42,286,17.0
UAB,full,1,42,287,17.0
UAB,full,1,42,288,17.0
UAB,full,1,42,289,17.0
UAB,full,1,42,290,17.0
UAB,full,1,42,291,17.0
UAB,full,1,42,292,17.0
UAB,full,1,42,293,17.0
UAB,full,1,42,294,17.0
UAB,full,1,42,295,17.0
UAB,full,1,42,296,17.0
UAB,full,1,42,297,18.0
UAB,full,1,42,298,18.0
UAB,full,1,42,299,18.0
UAB,full,1,42,300,18.0
UAB,full,1,42,301,18.0
UAB,full,1,42,302,18.0
UAB,full,1,42,303,18.0
UAB,full,1,42,304,18.0
UAB,full,1,42,305,18.0
UAB,full,1,42,306,18.0
UAB,full,1,42,307,18.0
UAB,full,1,42,308,18.0
UAB,full,1,42,309,18.0
UAB,full,1,42,310,18.0
UAB,full,1,42,311,18.0
UAB,full,1,42,312,18.0
UAB,full,1,42,313,18.0
UAB,full,1,42,314,18.0
UAB,full,1,42,315,18.0
UAB,full,1,42,316,18.0
UAB,full,1,42,317,18.0
UAB,full,1,42,318,18.0
UAB,full,1,42,319,18.0
UAB,full,1,42,320,18.0
UAB,full,1,42,321,18.0
UAB,full,1,42,322,18.0
UAB,full,1,42,323,18.0
UAB,full,1,42,324,18.0
UAB,full,1,42,325,19.0
UAB,full,1,42,326,19.0
UAB,full,1,42,327,19.0
UAB,full,1,42,328,19.0
UAB,full,1,42,329,19.0
UAB,full,1,42,330,19.0
UAB,full,1,42,331,19.0
UAB,full,1,42,332,20.0
UAB,full,1,42,333,20.0
UAB,full,1,42,334,21.0
UAB,full,1,42,335,22.0
UAB,full,1,42,336,22.0
UAB,full,1,42,337,22.0
UAB,full,1,42,338,22.0
UAB,full,1,42,339,22.0
UAB,full,1,42,340,22.0
UAB,full,1,42,341,22.0
UAB,full,1,42,342,22.0
UAB,full,1,42,343,22.0
UAB,full,1,42,344,22.0
UAB,full,1,42,345,22.0
UAB,full,1,42,346,22.0
UAB,full,1,42,347,22.0
UAB,full,1,42,348,22.0
UAB,full,1,42,349,22.0
UAB,full,1,42,350,22.0
UAB,full,1,42,351,22.0
UAB,full,1,42,352,22.0
UAB,full,1,42,353,22.0
UAB,full,1,42,354,22.0
UAB,full,1,42,355,22.0
UAB,full,1,42,356,22.0
UAB,full,1,42,357,22.0
UAB,full,1,42,358,22.0
UAB,full,1,42,359,22.0
UAB,full,1,42,360,22.0
UAB,full,1,42,361,22.0
UAB,full,1,42,362,22.0
UAB,full,1,42,363,22.0
UAB,full,1,42,364,23.0
UAB,full,1,42,365,23.0
UAB,full,1,42,366,23.0
UAB,full,1,42,367,23.0
UAB,full,1,42,368,23.0
UAB,full,1,42,369,23.0
UAB,full,1,42,370,23.0
UAB,full,1,42,371,23.0
UAB,full,1,42,372,23.0
UAB,full,1,42,373,23.0
UAB,full,1,42,374,23.0
UAB,full,1,42,375,23.0
UAB,full,1,42,376,23.0
UAB,full,1,42,377,23.0
UAB,full,1,42,378,23.0
UAB,full,1,42,379,23.0
UAB,full,1,42,380,23.0
UAB,full,1,42,381,23.0
UAB,full,1,42,382,23.0
UAB,full,1,42,383,23.0
UAB,full,1,42,384,23.0
UAB,full,1,42,385,23.0
UAB,full,1,42,386,23.0
UAB,full,1,42,387,23.0
UAB,full,1,42,388,23.0
UAB,full,1,42,389,23.0
UAB,full,1,42,390,23.0
UAB,full,1,42,391,23.0
UAB,full,1,42,392,23.0
UAB,full,1,42,393,23.0
UAB,full,1,42,394,23.0
UAB,full,1,42,395,23.0
UAB,full,1,42,396,23.0
UAB,full,1,42,397,23.0
UAB,full,1,42,398,23.0
UAB,full,1,42,399,24.0
UAB,full,1,42,400,24.0
UAB,full,1,42,401,24.0
UAB,full,1,42,402,24.0
UAB,full,1,42,403,24.0
UAB,full,1,42,404,24.0
UAB,full,1,42,405,24.0
UAB,full,1,42,406,25.0
UAB,full,1,42,407,25.0
UAB,full,1,42,408,25.0
UAB,full,1,42,409,25.0
UAB,full,1,42,410,25.0
UAB,full,1,42,411,25.0
UAB,full,1,42,412,25.0
UAB,full,1,42,413,25.0
UAB,full,1,42,414,25.0
UAB,full,1,42,415,25.0
UAB,full,1,42,416,25.0
UAB,full,1,42,417,25.0
UAB,full,1,42,418,25.0
UAB,full,1,42,419,25.0
UAB,full,1,42,420,25.0
UAB,full,1,42,421,25.0
UAB,full,1,42,422,25.0
UAB,full,1,42,423,25.0
UAB,full,1,42,424,25.0
UAB,full,1,42,425,25.0
UAB,full,1,42,426,25.0
UAB,full,1,42,427,25.0
UAB,full,1,42,428,25.0
UAB,full,1,42,429,25.0
UAB,full,1,42,430,25.0
UAB,full,1,42,431,26.0
UAB,full,1,42,432,26.0
UAB,full,1,42,433,26.0
UAB,full,1,42,434,26.0
UAB,full,1,42,435,26.0
UAB,full,1,42,436,26.0
UAB,full,1,42,437,27.0
UAB,full,1,42,438,27.0
UAB,full,1,42,439,27.0
UAB,full,1,42,440,27.0
UAB,full,1,42,441,27.0
UAB,full,1,42,442,27.0
UAB,full,1,42,443,27.0
UAB,full,1,42,444,27.0
UAB,full,1,42,445,28.0
UAB,full,1,42,446,28.0
UAB,full,1,42,447,28.0
UAB,full,1,42,448,28.0
UAB,full,1,42,449,28.0
UAB,full,1,42,450,28.0
UAB,full,1,42,451,28.0
UAB,full,1,42,452,28.0
UAB,full,1,42,453,28.0
UAB,full,1,42,454,28.0
UAB,full,1,42,455,28.0
UAB,full,1,42,456,28.0
UAB,full,1,42,457,28.0
UAB,full,1,42,458,28.0
UAB,full,1,42,459,28.0
UAB,full,1,42,460,28.0
UAB,full,1,42,461,28.0
UAB,full,1,42,462,29.0
UAB,full,1,42,463,29.0
UAB,full,1,42,464,29.0
UAB,full,1,42,465,29.0
UAB,full,1,42,466,29.0
UAB,full,1,42,467,29.0
UAB,full,1,42,468,29.0
UAB,full,1,42,469,30.0
UAB,full,1,42,470,30.0
UAB,full,1,42,471,30.0
UAB,full,1,42,472,30.0
UAB,full,1,42,473,30.0
UAB,full,1,42,474,30.0
UAB,full,1,42,475,30.0
UAB,full,1,42,476,30.0
UAB,full,1,42,477,30.0
UAB,full,1,42,478,30.0
UAB,full,1,42,479,30.0
UAB,full,1,42,480,30.0
UAB,full,1,42,481,30.0
UAB,full,1,42,482,30.0
UAB,full,1,42,483,30.0
UAB,full,1,42,484,30.0
UAB,full,1,42,485,31.0
UAB,full,1,42,486,31.0
UAB,full,1,42,487,31.0
UAB,full,1,42,488,31.0
UAB,full,1,42,489,31.0
UAB,full,1,42,490,31.0
UAB,full,1,42,491,32.0
UAB,full,1,42,492,32.0
UAB,full,1,42,493,32.0
UAB,full,1,42,494,32.0
UAB,full,1,42,495,32.0
UAB,full,1,42,496,32.0
UAB,full,1,42,497,33.0
UAB,full,1,42,498,34.0
UAB,full,1,42,499,35.0
UAB,full,1,42,500,35.0
UAB,full,1,42,501,35.0
UAB,full,1,42,502,35.0
UAB,full,1,42,503,35.0
UAB,full,1,42,504,35.0
UAB,full,1,42,505,35.0
UAB,full,1,42,506,35.0
UAB,full,1,42,507,35.0
UAB,full,1,42,508,35.0
UAB,full,1,42,509,35.0
UAB,full,1,42,510,35.0
UAB,full,1,42,511,35.0
UAB,full,1,42,512,35.0
UAB,full,1,42,513,35.0
UAB,full,1,42,514,35.0
UAB,full,1,42,515,35.0
UAB,full,1,42,516,35.0
UAB,full,1,42,517,35.0
UAB,full,1,42,518,35.0
UAB,full,1,42,519,36.0
UAB,full,1,42,520,37.0
UAB,full,1,42,521,38.0
UAB,full,1,42,522,38.0
UAB,full,1,42,523,38.0
UAB,full,1,42,524,38.0
UAB,full,1,42,525,38.0
UAB,full,1,42,526,38.0
UAB,full,1,42,527,38.0
UAB,full,1,42,528,38.0
UAB,full,1,42,529,38.0
UAB,full,1,42,530,38.0
UAB,full,1,42,531,38.0
UAB,full,2,42,0,0.0
UAB,full,2,42,1,0.0
UAB,full,2,42,2,0.0
UAB,full,2,42,3,0.0
UAB,full,2,42,4,0.0
UAB,full,2,42,5,0.0
UAB,full,2,42,6,0.0
UAB,full,2,42,7,0.0
UAB,full,2,42,8,0.0
UAB,full,2,42,9,0.0
UAB,full,2,42,10,0.0
UAB,full,2,42,11,0.0
UAB,full,2,42,12,0.0
UAB,full,2,42,13,0.0
UAB,full,2,42,14,0.0
UAB,full,2,42,15,0.0
UAB,full,2,42,16,0.0
UAB,full,2,42,17,0.0
UAB,full,2,42,18,0.0
UAB,full,2,42,19,0.0
UAB,full,2,42,20,0.0
UAB,full,2,42,21,0.0
UAB,full,2,42,22,0.0
UAB,full,2,42,23,0.0
UAB,full,2,42,24,0.0
UAB,full,2,42,25,0.0
UAB,full,2,42,26,0.0
UAB,full,2,42,27,0.0
UAB,full,2,42,28,0.0
UAB,full,2,42,29,0.0
UAB,full,2,42,30,1.0
UAB,full,2,42,31,1.0
UAB,full,2,42,32,1.0
UAB,full,2,42,33,1.0
UAB,full,2,42,34,1.0
UAB,full,2,42,35,1.0
UAB,full,2,42,36,2.0
UAB,full,2,42,37,2.0
UAB,full,2,42,38,2.0
UAB,full,2,42,39,2.0
UAB,full,2,42,40,2.0
UAB,full,2,42,41,2.0
UAB,full,2,42,42,3.0
UAB,full,2,42,43,3.0
UAB,full,2,42,44,3.0
UAB,full,2,42,45,3.0
UAB,full,2,42,46,4.0
UAB,full,2,42,47,4.0
UAB,full,2,42,48,5.0
UAB,full,2,42,49,6.0
UAB,full,2,42,50,6.0
UAB,full,2,42,51,6.0
UAB,full,2,42,52,6.0
UAB,full,2,42,53,6.0
UAB,full,2,42,54,7.0
UAB,full,2,42,55,7.0
UAB,full,2,42,56,7.0
UAB,full,2,42,57,7.0
UAB,full,2,42,58,7.0
UAB,full,2,42,59,7.0
UAB,full,2,42,60,8.0
UAB,full,2,42,61,8.0
UAB,full,2,42,62,8.0
UAB,full,2,42,63,9.0
UAB,full,2,42,64,9.0
UAB,full,2,42,65,9.0
UAB,full,2,42,66,10.0
UAB,full,2,42,67,10.0
UAB,full,2,42,68,10.0
UAB,full,2,42,69,11.0
UAB,full,2,42,70,11.0
UAB,full,2,42,71,12.0
UAB,full,2,42,72,12.0
UAB,full,2,42,73,12.0
UAB,full,2,42,74,13.0
UAB,full,2,42,75,13.0
UAB,full,2,42,76,13.0
UAB,full,2,42,77,14.0
UAB,full,2,42,78,14.0
UAB,full,2,42,79,14.0
UAB,full,2,42,80,14.0
UAB,full,2,42,81,14.0
UAB,full,2,42,82,14.0
UAB,full,2,42,83,15.0
UAB,full,2,42,84,15.0
UAB,full,2,42,85,15.0
UAB,full,2,42,86,15.0
UAB,full,2,42,87,15.0
UAB,full,2,42,88,15.0
UAB,full,2,42,89,15.0
UAB,full,2,42,90,15.0
UAB,full,2,42,91,15.0
UAB,full,2,42,92,15.0
UAB,full,2,42,93,15.0
UAB,full,2,42,94,16.0
UAB,full,2,42,95,16.0
UAB,full,2,42,96,16.0
UAB,full,2,42,97,16.0
UAB,full,2,42,98,16.0
UAB,full,2,42,99,17.0
UAB,full,2,42,100,18.0
UAB,full,2,42,101,18.0
UAB,full,2,42,102,18.0
UAB,full,2,42,103,18.0
UAB,full,2,42,104,18.0
UAB,full,2,42,105,19.0
UAB,full,2,42,106,19.0
UAB,full,2,42,107,19.0
UAB,full,2,42,108,19.0
UAB,full,2,42,109,20.0
UAB,full,2,42,110,20.0
UAB,full,2,42,111,20.0
UAB,full,2,42,112,20.0
UAB,full,2,42,113,20.0
UAB,full,2,42,114,20.0
UAB,full,2,42,115,20.0
UAB,full,2,42,116,20.0
UAB,full,2,42,117,20.0
UAB,full,2,42,118,20.0
UAB,full,2,42,119,20.0
UAB,full,2,42,120,20.0
UAB,full,2,42,121,20.0
UAB,full,2,42,122,20.0
UAB,full,2,42,123,21.0
UAB,full,2,42,124,21.0
UAB,full,2,42,125,21.0
UAB,full,2,42,126,21.0
UAB,full,2,42,127,21.0
UAB,full,2,42,128,21.0
UAB,full,2,42,129,21.0
UAB,full,2,42,130,21.0
UAB,full,2,42,131,21.0
UAB,full,2,42,132,21.0
UAB,full,2,42,133,22.0
UAB,full,2,42,134,23.0
UAB,full,2,42,135,23.0
UAB,full,2,42,136,23.0
UAB,full,2,42,137,23.0
UAB,full,2,42,138,23.0
UAB,full,2,42,139,23.0
UAB,full,2,42,140,23.0
UAB,full,2,42,141,23.0
UAB,full,2,42,142,23.0
UAB,full,2,42,143,23.0
UAB,full,2,42,144,23.0
UAB,full,2,42,145,23.0
UAB,full,2,42,146,23.0
UAB,full,2,42,147,23.0
UAB,full,2,42,148,24.0
UAB,full,2,42,149,24.0
UAB,full,2,42,150,24.0
UAB,full,2,42,151,24.0
UAB,full,2,42,152,25.0
UAB,full,2,42,153,26.0
UAB,full,2,42,154,27.0
UAB,full,2,42,155,27.0
UAB,full,2,42,156,27.0
UAB,full,2,42,157,27.0
UAB,full,2,42,158,28.0
UAB,full,2,42,159,28.0
UAB,full,2,42,160,28.0
UAB,full,2,42,161,28.0
UAB,full,2,42,162,28.0
UAB,full,2,42,163,28.0
UAB,full,2,42,164,28.0
UAB,full,2,42,165,28.0
UAB,full,2,42,166,28.0
UAB,full,2,42,167,28.0
UAB,full,2,42,168,28.0
UAB,full,2,42,169,28.0
UAB,full,2,42,170,28.0
UAB,full,2,42,171,28.0
UAB,full,2,42,172,28.0
UAB,full,2,42,173,28.0
UAB,full,2,42,174,28.0
UAB,full,2,42,175,28.0
UAB,full,2,42,176,28.0
UAB,full,2,42,177,28.0
UAB,full,2,42,178,28.0
UAB,full,2,42,179,29.0
UAB,full,2,42,180,29.0
UAB,full,2,42,181,29.0
UAB,full,2,42,182,30.0
UAB,full,2,42,183,30.0
UAB,full,2,42,184,30.0
UAB,full,2,42,185,31.0
UAB,full,2,42,186,32.0
UAB,full,2,42,187,32.0
UAB,full,2,42,188,33.0
UAB,full,2,42,189,33.0
UAB,full,2,42,190,33.0
UAB,full,2,42,191,33.0
UAB,full,2,42,192,34.0
UAB,full,2,42,193,34.0
UAB,full,2,42,194,34.0
UAB,full,2,42,195,34.0
UAB,full,2,42,196,34.0
UAB,full,2,42,197,34.0
UAB,full,2,42,198,34.0
UAB,full,2,42,199,35.0
UAB,full,2,42,200,35.0
UAB,full,2,42,201,35.0
UAB,full,2,42,202,35.0
UAB,full,2,42,203,35.0
UAB,full,2,42,204,36.0
UAB,full,2,42,205,36.0
UAB,full,2,42,206,36.0
UAB,full,2,42,207,36.0
UAB,full,2,42,208,37.0
UAB,full,2,42,209,37.0
UAB,full,2,42,210,37.0
UAB,full,2,42,211,37.0
UAB,full,2,42,212,37.0
UAB,full,2,42,213,37.0
UAB,full,2,42,214,37.0
UAB,full,2,42,215,37.0
UAB,full,2,42,216,37.0
UAB,full,2,42,217,37.0
UAB,full,2,42,218,37.0
UAB,full,2,42,219,38.0
UAB,full,2,42,220,39.0
UAB,full,2,42,221,40.0
UAB,full,2,42,222,40.0
UAB,full,2,42,223,40.0
UAB,full,2,42,224,40.0
UAB,full,2,42,225,40.0
UAB,full,2,42,226,40.0
UAB,full,2,42,227,40.0
UAB,full,2,42,228,40.0
UAB,full,2,42,229,40.0
UAB,full,2,42,230,40.0
UAB,full,2,42,231,40.0
UAB,full,2,42,232,41.0
UAB,full,2,42,233,41.0
UAB,full,2,42,234,41.0
UAB,full,2,42,235,41.0
UAB,full,2,42,236,41.0
UAB,full,2,42,237,41.0
UAB,full,2,42,238,41.0
UAB,full,2,42,239,41.0
UAB,full,2,42,240,41.0
UAB,full,2,42,241,41.0
UAB,full,2,42,242,41.0
UAB,full,2,42,243,41.0
UAB,full,2,42,244,41.0
UAB,full,2,42,245,41.0
UAB,full,2,42,246,41.0
UAB,full,2,42,247,41.0
UAB,full,2,42,248,41.0
UAB,full,2,42,249,42.0
UAB,full,2,42,250,43.0
UAB,full,2,42,251,43.0
UAB,full,2,42,252,43.0
UAB,full,2,42,253,44.0
UAB,full,2,42,254,44.0
UAB,full,2,42,255,44.0
UAB,full,2,42,256,44.0
UAB,full,2,42,257,44.0
UAB,full,2,42,258,45.0
UAB,full,2,42,259,45.0
UAB,full,2,42,260,45.0
UAB,full,2,42,261,45.0
UAB,full,2,42,262,45.0
UAB,full,2,42,263,45.0
UAB,full,2,42,264,45.0
UAB,full,2,42,265,45.0
UAB,full,2,42,266,45.0
UAB,full,2,42,267,45.0
UAB,full,2,42,268,45.0
UAB,full,2,42,269,45.0
UAB,full,2,42,270,46.0
UAB,full,2,42,271,46.0
UAB,full,2,42,272,46.0
UAB,full,2,42,273,46.0
UAB,full,2,42,274,46.0
UAB,full,2,42,275,46.0
UAB,full,2,42,276,46.0
UAB,full,2,42,277,46.0
UAB,full,2,42,278,46.0
UAB,full,2,42,279,46.0
UAB,full,2,42,280,46.0
UAB,full,2,42,281,46.0
UAB,full,2,42,282,46.0
UAB,full,2,42,283,46.0
UAB,full,2,42,284,46.0
UAB,full,2,42,285,46.0
UAB,full,2,42,286,46.0
UAB,full,2,42,287,46.0
UAB,full,2,42,288,47.0
UAB,full,2,42,289,47.0
UAB,full,2,42,290,47.0
UAB,full,2,42,291,47.0
UAB,full,2,42,292,48.0
UAB,full,2,42,293,49.0
UAB,full,2,42,294,49.0
UAB,full,2,42,295,49.0
UAB,full,2,42,296,49.0
UAB,full,2,42,297,49.0
UAB,full,2,42,298,50.0
UAB,full,2,42,299,50.0
UAB,full,2,42,300,50.0
UAB,full,2,42,301,50.0
UAB,full,2,42,302,51.0
UAB,full,2,42,303,52.0
UAB,full,2,42,304,52.0
UAB,full,2,42,305,52.0
UAB,full,2,42,306,52.0
UAB,full,2,42,307,53.0
UAB,full,2,42,308,53.0
UAB,full,2,42,309,53.0
UAB,full,2,42,310,53.0
UAB,full,2,42,311,53.0
UAB,full,2,42,312,53.0
UAB,full,2,42,313,53.0
UAB,full,2,42,314,53.0
UAB,full,2,42,315,53.0
UAB,full,2,42,316,53.0
UAB,full,2,42,317,53.0
UAB,full,2,42,318,53.0
UAB,full,2,42,319,53.0
UAB,full,2,42,320,53.0
UAB,full,2,42,321,54.0
UAB,full,2,42,322,54.0
UAB,full,2,42,323,54.0
UAB,full,2,42,324,55.0
UAB,full,2,42,325,56.0
UAB,full,2,42,326,56.0
UAB,full,2,42,327,56.0
UAB,full,2,42,328,57.0
UAB,full,2,42,329,58.0
UAB,full,2,42,330,58.0
UAB,full,2,42,331,59.0
UAB,full,2,42,332,59.0
UAB,full,2,42,333,59.0
UAB,full,2,42,334,59.0
UAB,full,2,42,335,59.0
UAB,full,2,42,336,59.0
UAB,full,2,42,337,59.0
UAB,full,2,42,338,59.0
UAB,full,2,42,339,60.0
UAB,full,2,42,340,60.0
UAB,full,2,42,341,60.0
UAB,full,2,42,342,61.0
UAB,full,2,42,343,61.0
UAB,full,2,42,344,62.0
UAB,full,2,42,345,62.0
UAB,full,2,42,346,62.0
UAB,full,2,42,347,62.0
UAB,full,2,42,348,62.0
UAB,full,2,42,349,62.0
UAB,full,2,42,350,62.0
UAB,full,2,42,351,62.0
UAB,full,2,42,352,62.0
UAB,full,2,42,353,62.0
UAB,full,2,42,354,62.0
UAB,full,2,42,355,62.0
UAB,full,2,42,356,62.0
UAB,full,2,42,357,62.0
UAB,full,2,42,358,62.0
UAB,full,2,42,359,62.0
UAB,full,2,42,360,62.0
UAB,full,2,42,361,62.0
UAB,full,2,42,362,62.0
UAB,full,2,42,363,63.0
UAB,full,2,42,364,63.0
UAB,full,2,42,365,63.0
UAB,full,2,42,366,63.0
UAB,full,2,42,367,63.0
UAB,full,2,42,368,64.0
UAB,full,2,42,369,64.0
UAB,full,2,42,370,64.0
UAB,full,2,42,371,64.0
UAB,full,2,42,372,64.0
UAB,full,2,42,373,64.0
UAB,full,2,42,374,64.0
UAB,full,2,42,375,65.0
UAB,full,2,42,376,65.0
UAB,full,2,42,377,66.0
UAB,full,2,42,378,67.0
UAB,full,2,42,379,67.0
UAB,full,2,42,380,67.0
UAB,full,2,42,381,68.0
UAB,full,2,42,382,68.0
UAB,full,2,42,383,68.0
UAB,full,2,42,384,69.0
UAB,full,2,42,385,69.0
UAB,full,2,42,386,69.0
UAB,full,2,42,387,70.0
UAB,full,2,42,388,70.0
UAB,full,2,42,389,70.0
UAB,full,2,42,390,70.0
UAB,full,2,42,391,70.0
UAB,full,2,42,392,70.0
UAB,full,2,42,393,71.0
UAB,full,2,42,394,71.0
UAB,full,2,42,395,71.0
UAB,full,2,42,396,71.0
UAB,full,2,42,397,71.0
UAB,full,2,42,398,71.0
UAB,full,2,42,399,72.0
UAB,full,2,42,400,73.0
UAB,full,2,42,401,73.0
UAB,full,2,42,402,73.0
UAB,full,2,42,403,74.0
UAB,full,2,42,404,75.0
UAB,full,2,42,405,75.0
UAB,full,2,42,406,75.0
UAB,full,2,42,407,75.0
UAB,full,2,42,408,75.0
UAB,full,2,42,409,75.0
UAB,full,2,42,410,75.0
UAB,full,2,42,411,75.0
UAB,full,2,42,412,76.0
UAB,full,2,42,413,76.0
UAB,full,2,42,414,76.0
UAB,full,2,42,415,77.0
UAB,full,2,42,416,77.0
UAB,full,2,42,417,78.0
UAB,full,2,42,418,78.0
UAB,full,2,42,419,78.0
UAB,full,2,42,420,78.0
UAB,full,2,42,421,79.0
UAB,full,2,42,422,80.0
UAB,full,2,42,423,80.0
UAB,full,2,42,424,81.0
UAB,full,2,42,425,81.0
UAB,full,2,42,426,81.0
UAB,full,2,42,427,81.0
UAB,full,2,42,428,81.0
UAB,full,2,42,429,81.0
UAB,full,2,42,430,82.0
UAB,full,2,42,431,82.0
UAB,full,2,42,432,82.0
UAB,full,2,42,433,82.0
UAB,full,2,42,434,82.0
UAB,full,2,42,435,82.0
UAB,full,2,42,436,82.0
UAB,full,2,42,437,82.0
UAB,full,2,42,438,82.0
UAB,full,2,42,439,82.0
UAB,full,2,42,440,83.0
UAB,full,2,42,441,83.0
UAB,full,2,42,442,83.0
UAB,full,2,42,443,83.0
UAB,full,2,42,444,83.0
UAB,full,2,42,445,84.0
UAB,full,2,42,446,84.0
UAB,full,2,42,447,85.0
UAB,full,2,42,448,85.0
UAB,full,2,42,449,85.0
UAB,full,2,42,450,85.0
UAB,full,2,42,451,86.0
UAB,full,2,42,452,87.0
UAB,full,2,42,453,87.0
UAB,full,2,42,454,87.0
UAB,full,2,42,455,87.0
UAB,full,2,42,456,87.0
UAB,full,2,42,457,87.0
UAB,full,2,42,458,88.0
UAB,full,2,42,459,89.0
UAB,full,2,42,460,89.0
UAB,full,2,42,461,89.0
UAB,full,2,42,462,89.0
UAB,full,2,42,463,89.0
UAB,full,2,42,464,90.0
UAB,full,2,42,465,90.0
UAB,full,2,42,466,90.0
UAB,full,2,42,467,91.0
UAB,full,2,42,468,91.0
UAB,full,2,42,469,92.0
UAB,full,2,42,470,92.0
UAB,full,2,42,471,92.0
UAB,full,2,42,472,92.0
UAB,full,2,42,473,92.0
UAB,full,2,42,474,92.0
UAB,full,2,42,475,92.0
UAB,full,2,42,476,92.0
UAB,full,2,42,477,92.0
UAB,full,2,42,478,92.0
UAB,full,2,42,479,93.0
UAB,full,2,42,480,93.0
UAB,full,2,42,481,94.0
UAB,full,2,42,482,95.0
UAB,full,2,42,483,95.0
UAB,full,2,42,484,95.0
UAB,full,2,42,485,95.0
UAB,full,2,42,486,96.0
UAB,full,2,42,487,96.0
UAB,full,2,42,488,96.0
UAB,full,2,42,489,96.0
UAB,full,2,42,490,96.0
UAB,full,2,42,491,96.0
UAB,full,2,42,492,96.0
UAB,full,2,42,493,96.0
UAB,full,2,42,494,97.0
UAB,full,2,42,495,97.0
UAB,full,2,42,496,98.0
UAB,full,2,42,497,98.0
UAB,full,2,42,498,98.0
UAB,full,2,42,499,99.0
UAB,full,2,42,500,100.0
UAB,full,2,42,501,100.0
UAB,full,2,42,502,100.0
UAB,full,2,42,503,100.0
UAB,full,2,42,504,100.0
UAB,full,2,42,505,101.0
UAB,full,2,42,506,101.0
UAB,full,2,42,507,101.0
UAB,full,2,42,508,101.0
UAB,full,2,42,509,102.0
UAB,full,2,42,510,102.0
UAB,full,2,42,511,102.0
UAB,full,2,42,512,102.0
UAB,full,2,42,513,102.0
UAB,full,2,42,514,102.0
UAB,full,2,42,515,102.0
UAB,full,2,42,516,102.0
UAB,full,2,42,517,102.0
UAB,full,2,42,518,102.0
UAB,full,2,42,519,102.0
UAB,full,2,42,520,102.0
UAB,full,2,42,521,102.0
UAB,full,2,42,522,103.0
UAB,full,2,42,523,103.0
UAB,full,2,42,524,103.0
UAB,full,2,42,525,103.0
UAB,full,3,42,0,0.0
UAB,full,3,42,1,0.0
UAB,full,3,42,2,0.0
UAB,full,3,42,3,0.0
UAB,full,3,42,4,1.0
UAB,full,3,42,5,1.0
UAB,full,3,42,6,1.0
UAB,full,3,42,7,1.0
UAB,full,3,42,8,1.0
UAB,full,3,42,9,1.0
UAB,full,3,42,10,1.0
UAB,full,3,42,11,1.0
UAB,full,3,42,12,2.0
UAB,full,3,42,13,2.0
UAB,full,3,42,14,2.0
UAB,full,3,42,15,2.0
UAB,full,3,42,16,3.0
UAB,full,3,42,17,3.0
UAB,full,3,42,18,3.0
UAB,full,3,42,19,3.0
UAB,full,3,42,20,3.0
UAB,full,3,42,21,3.0
UAB,full,3,42,22,3.0
UAB,full,3,42,23,3.0
UAB,full,3,42,24,3.0
UAB,full,3,42,25,3.0
UAB,full,3,42,26,3.0
UAB,full,3,42,27,3.0
UAB,full,3,42,28,3.0
UAB,full,3,42,29,3.0
UAB,full,3,42,30,3.0
UAB,full,3,42,31,3.0
UAB,full,3,42,32,3.0
UAB,full,3,42,33,4.0
UAB,full,3,42,34,4.0
UAB,full,3,42,35,4.0
UAB,full,3,42,36,4.0
UAB,full,3,42,37,4.0
UAB,full,3,42,38,4.0
UAB,full,3,42,39,4.0
UAB,full,3,42,40,4.0
UAB,full,3,42,41,4.0
UAB,full,3,42,42,4.0
UAB,full,3,42,43,4.0
UAB,full,3,42,44,4.0
UAB,full,3,42,45,5.0
UAB,full,3,42,46,5.0
UAB,full,3,42,47,5.0
UAB,full,3,42,48,5.0
UAB,full,3,42,49,5.0
UAB,full,3,42,50,5.0
UAB,full,3,42,51,5.0
UAB,full,3,42,52,5.0
UAB,full,3,42,53,5.0
UAB,full,3,42,54,5.0
UAB,full,3,42,55,5.0
UAB,full,3,42,56,5.0
UAB,full,3,42,57,5.0
UAB,full,3,42,58,5.0
UAB,full,3,42,59,5.0
UAB,full,3,42,60,5.0
UAB,full,3,42,61,5.0
UAB,full,3,42,62,5.0
UAB,full,3,42,63,5.0
UAB,full,3,42,64,5.0
UAB,full,3,42,65,5.0
UAB,full,3,42,66,5.0
UAB,full,3,42,67,5.0
UAB,full,3,42,68,5.0
UAB,full,3,42,69,6.0
UAB,full,3,42,70,6.0
UAB,full,3,42,71,6.0
UAB,full,3,42,72,6.0
UAB,full,3,42,73,6.0
UAB,full,3,42,74,6.0
UAB,full,3,42,75,6.0
UAB,full,3,42,76,6.0
UAB,full,3,42,77,6.0
UAB,full,3,42,78,7.0
UAB,full,3,42,79,7.0
UAB,full,3,42,80,7.0
UAB,full,3,42,81,8.0
UAB,full,3,42,82,8.0
UAB,full,3,42,83,8.0
UAB,full,3,42,84,9.0
UAB,full,3,42,85,9.0
UAB,full,3,42,86,9.0
UAB,full,3,42,87,10.0
UAB,full,3,42,88,10.0
UAB,full,3,42,89,10.0
UAB,full,3,42,90,10.0
UAB,full,3,42,91,10.0
UAB,full,3,42,92,10.0
UAB,full,3,42,93,10.0
UAB,full,3,42,94,10.0
UAB,full,3,42,95,10.0
UAB,full,3,42,96,10.0
UAB,full,3,42,97,10.0
UAB,full,3,42,98,10.0
UAB,full,3,42,99,10.0
UAB,full,3,42,100,11.0
UAB,full,3,42,101,12.0
UAB,full,3,42,102,13.0
UAB,full,3,42,103,13.0
UAB,full,3,42,104,13.0
UAB,full,3,42,105,13.0
UAB,full,3,42,106,13.0
UAB,full,3,42,107,13.0
UAB,full,3,42,108,14.0
UAB,full,3,42,109,14.0
UAB,full,3,42,110,14.0
UAB,full,3,42,111,14.0
UAB,full,3,42,112,14.0
UAB,full,3,42,113,14.0
UAB,full,3,42,114,15.0
UAB,full,3,42,115,15.0
UAB,full,3,42,116,15.0
UAB,full,3,42,117,16.0
UAB,full,3,42,118,16.0
UAB,full,3,42,119,16.0
UAB,full,3,42,120,16.0
UAB,full,3,42,121,16.0
UAB,full,3,42,122,16.0
UAB,full,3,42,123,16.0
UAB,full,3,42,124,16.0
UAB,full,3,42,125,16.0
UAB,full,3,42,126,16.0
UAB,full,3,42,127,16.0
UAB,full,3,42,128,16.0
UAB,full,3,42,129,16.0
UAB,full,3,42,130,16.0
UAB,full,3,42,131,17.0
UAB,full,3,42,132,17.0
UAB,full,3,42,133,17.0
UAB,full,3,42,134,18.0
UAB,full,3,42,135,18.0
UAB,full,3,42,136,18.0
UAB,full,3,42,137,18.0
UAB,full,3,42,138,18.0
UAB,full,3,42,139,18.0
UAB,full,3,42,140,18.0
UAB,full,3,42,141,18.0
UAB,full,3,42,142,18.0
UAB,full,3,42,143,18.0
UAB,full,3,42,144,18.0
UAB,full,3,42,145,19.0
UAB,full,3,42,146,20.0
UAB,full,3,42,147,20.0
UAB,full,3,42,148,20.0
UAB,full,3,42,149,20.0
UAB,full,3,42,150,20.0
UAB,full,3,42,151,20.0
UAB,full,3,42,152,21.0
UAB,full,3,42,153,21.0
UAB,full,3,42,154,21.0
UAB,full,3,42,155,21.0
UAB,full,3,42,156,21.0
UAB,full,3,42,157,21.0
UAB,full,3,42,158,22.0
UAB,full,3,42,159,22.0
UAB,full,3,42,160,22.0
UAB,full,3,42,161,22.0
UAB,full,3,42,162,22.0
UAB,full,3,42,163,22.0
UAB,full,3,42,164,22.0
UAB,full,3,42,165,22.0
UAB,full,3,42,166,22.0
UAB,full,3,42,167,22.0
UAB,full,3,42,168,22.0
UAB,full,3,42,169,22.0
UAB,full,3,42,170,23.0
UAB,full,3,42,171,23.0
UAB,full,3,42,172,23.0
UAB,full,3,42,173,23.0
UAB,full,3,42,174,23.0
UAB,full,3,42,175,23.0
UAB,full,3,42,176,23.0
UAB,full,3,42,177,23.0
UAB,full,3,42,178,23.0
UAB,full,3,42,179,23.0
UAB,full,3,42,180,24.0
UAB,full,3,42,181,24.0
UAB,full,3,42,182,24.0
UAB,full,3,42,183,24.0
UAB,full,3,42,184,24.0
UAB,full,3,42,185,24.0
UAB,full,3,42,186,25.0
UAB,full,3,42,187,25.0
UAB,full,3,42,188,25.0
UAB,full,3,42,189,25.0
UAB,full,3,42,190,25.0
UAB,full,3,42,191,25.0
UAB,full,3,42,192,25.0
UAB,full,3,42,193,25.0
UAB,full,3,42,194,25.0
UAB,full,3,42,195,25.0
UAB,full,3,42,196,25.0
UAB,full,3,42,197,26.0
UAB,full,3,42,198,26.0
UAB,full,3,42,199,26.0
UAB,full,3,42,200,26.0
UAB,full,3,42,201,26.0
UAB,full,3,42,202,26.0
UAB,full,3,42,203,26.0
UAB,full,3,42,204,26.0
UAB,full,3,42,205,26.0
UAB,full,3,42,206,26.0
UAB,full,3,42,207,26.0
UAB,full,3,42,208,26.0
UAB,full,3,42,209,26.0
UAB,full,3,42,210,26.0
UAB,full,3,42,211,26.0
UAB,full,3,42,212,26.0
UAB,full,3,42,213,26.0
UAB,full,3,42,214,27.0
UAB,full,3,42,215,27.0
UAB,full,3,42,216,27.0
UAB,full,3,42,217,27.0
UAB,full,3,42,218,27.0
UAB,full,3,42,219,28.0
UAB,full,3,42,220,29.0
UAB,full,3,42,221,29.0
UAB,full,3,42,222,29.0
UAB,full,3,42,223,29.0
UAB,full,3,42,224,29.0
UAB,full,3,42,225,29.0
UAB,full,3,42,226,29.0
UAB,full,3,42,227,29.0
UAB,full,3,42,228,29.0
UAB,full,3,42,229,29.0
UAB,full,3,42,230,29.0
UAB,full,3,42,231,29.0
UAB,full,3,42,232,29.0
UAB,full,3,42,233,29.0
UAB,full,3,42,234,29.0
UAB,full,3,42,235,29.0
UAB,full,3,42,236,29.0
UAB,full,3,42,237,29.0
UAB,full,3,42,238,29.0
UAB,full,3,42,239,29.0
UAB,full,3,42,240,29.0
UAB,full,3,42,241,29.0
UAB,full,3,42,242,29.0
UAB,full,3,42,243,29.0
UAB,full,3,42,244,29.0
UAB,full,3,42,245,29.0
UAB,full,3,42,246,29.0
UAB,full,3,42,247,29.0
UAB,full,3,42,248,29.0
UAB,full,3,42,249,29.0
UAB,full,3,42,250,29.0
UAB,full,3,42,251,29.0
UAB,full,3,42,252,29.0
UAB,full,3,42,253,30.0
UAB,full,3,42,254,30.0
UAB,full,3,42,255,31.0
UAB,full,3,42,256,31.0
UAB,full,3,42,257,31.0
UAB,full,3,42,258,31.0
UAB,full,3,42,259,31.0
UAB,full,3,42,260,32.0
UAB,full,3,42,261,32.0
UAB,full,3,42,262,33.0
UAB,full,3,42,263,33.0
UAB,full,3,42,264,33.0
UAB,full,3,42,265,33.0
UAB,full,3,42,266,33.0
UAB,full,3,42,267,33.0
UAB,full,3,42,268,34.0
UAB,full,3,42,269,34.0
UAB,full,3,42,270,35.0
UAB,full,3,42,271,35.0
UAB,full,3,42,272,35.0
UAB,full,3,42,273,35.0
UAB,full,3,42,274,35.0
UAB,full,3,42,275,35.0
UAB,full,3,42,276,35.0
UAB,full,3,42,277,35.0
UAB,full,3,42,278,35.0
UAB,full,3,42,279,35.0
UAB,full,3,42,280,35.0
UAB,full,3,42,281,36.0
UAB,full,3,42,282,37.0
UAB,full,3,42,283,37.0
UAB,full,3,42,284,37.0
UAB,full,3,42,285,37.0
UAB,full,3,42,286,37.0
UAB,full,3,42,287,37.0
UAB,full,3,42,288,37.0
UAB,full,3,42,289,37.0
UAB,full,3,42,290,37.0
UAB,full,3,42,291,37.0
UAB,full,3,42,292,37.0
UAB,full,3,42,293,38.0
UAB,full,3,42,294,38.0
UAB,full,3,42,295,38.0
UAB,full,3,42,296,39.0
UAB,full,3,42,297,39.0
UAB,full,3,42,298,39.0
UAB,full,3,42,299,39.0
UAB,full,3,42,300,39.0
UAB,full,3,42,301,39.0
UAB,full,3,42,302,39.0
UAB,full,3,42,303,39.0
UAB,full,3,42,304,39.0
UAB,full,3,42,305,39.0
UAB,full,3,42,306,39.0
UAB,full,3,42,307,39.0
UAB,full,3,42,308,39.0
UAB,full,3,42,309,39.0
UAB,full,3,42,310,39.0
UAB,full,3,42,311,39.0
UAB,full,3,42,312,39.0
UAB,full,3,42,313,39.0
UAB,full,3,42,314,39.0
UAB,full,3,42,315,39.0
UAB,full,3,42,316,39.0
UAB,full,3,42,317,40.0
UAB,full,3,42,318,40.0
UAB,full,3,42,319,40.0
UAB,full,3,42,320,40.0
UAB,full,3,42,321,40.0
UAB,full,3,42,322,40.0
UAB,full,3,42,323,40.0
UAB,full,3,42,324,40.0
UAB,full,3,42,325,40.0
UAB,full,3,42,326,40.0
UAB,full,3,42,327,41.0
UAB,full,3,42,328,42.0
UAB,full,3,42,329,42.0
UAB,full,3,42,330,43.0
UAB,full,3,42,331,43.0
UAB,full,3,42,332,44.0
UAB,full,3,42,333,44.0
UAB,full,3,42,334,44.0
UAB,full,3,42,335,45.0
UAB,full,3,42,336,45.0
UAB,full,3,42,337,45.0
UAB,full,3,42,338,45.0
UAB,full,3,42,339,46.0
UAB,full,3,42,340,47.0
UAB,full,3,42,341,47.0
UAB,full,3,42,342,47.0
UAB,full,3,42,343,47.0
UAB,full,3,42,344,47.0
UAB,full,3,42,345,47.0
UAB,full,3,42,346,47.0
UAB,full,3,42,347,47.0
UAB,full,3,42,348,47.0
UAB,full,3,42,349,48.0
UAB,full,3,42,350,48.0
UAB,full,3,42,351,49.0
UAB,full,3,42,352,49.0
UAB,full,3,42,353,49.0
UAB,full,3,42,354,49.0
UAB,full,3,42,355,49.0
UAB,full,3,42,356,49.0
UAB,full,3,42,357,49.0
UAB,full,3,42,358,49.0
UAB,full,3,42,359,49.0
UAB,full,3,42,360,49.0
UAB,full,3,42,361,50.0
UAB,full,3,42,362,50.0
UAB,full,3,42,363,50.0
UAB,full,3,42,364,50.0
UAB,full,3,42,365,50.0
UAB,full,3,42,366,50.0
UAB,full,3,42,367,50.0
UAB,full,3,42,368,51.0
UAB,full,3,42,369,52.0
UAB,full,3,42,370,53.0
UAB,full,3,42,371,53.0
UAB,full,3,42,372,53.0
UAB,full,3,42,373,53.0
UAB,full,3,42,374,53.0
UAB,full,3,42,375,53.0
UAB,full,3,42,376,53.0
UAB,full,3,42,377,53.0
UAB,full,3,42,378,53.0
UAB,full,3,42,379,53.0
UAB,full,3,42,380,53.0
UAB,full,3,42,381,53.0
UAB,full,3,42,382,53.0
UAB,full,3,42,383,53.0
UAB,full,3,42,384,53.0
UAB,full,3,42,385,53.0
UAB,full,3,42,386,53.0
UAB,full,3,42,387,54.0
UAB,full,3,42,388,54.0
UAB,full,3,42,389,54.0
UAB,full,3,42,390,54.0
UAB,full,3,42,391,54.0
UAB,full,3,42,392,54.0
UAB,full,3,42,393,54.0
UAB,full,3,42,394,54.0
UAB,full,3,42,395,54.0
UAB,full,3,42,396,54.0
UAB,full,3,42,397,54.0
UAB,full,3,42,398,54.0
UAB,full,3,42,399,54.0
UAB,full,3,42,400,54.0
UAB,full,3,42,401,54.0
UAB,full,3,42,402,54.0
UAB,full,3,42,403,54.0
UAB,full,3,42,404,54.0
UAB,full,3,42,405,54.0
UAB,full,3,42,406,54.0
UAB,full,3,42,407,54.0
UAB,full,3,42,408,54.0
UAB,full,3,42,409,54.0
UAB,full,3,42,410,54.0
UAB,full,3,42,411,54.0
UAB,full,3,42,412,54.0
UAB,full,3,42,413,54.0
UAB,full,3,42,414,54.0
UAB,full,3,42,415,54.0
UAB,full,3,42,416,55.0
UAB,full,3,42,417,55.0
UAB,full,3,42,418,55.0
UAB,full,3,42,419,55.0
UAB,full,3,42,420,55.0
UAB,full,3,42,421,55.0
UAB,full,3,42,422,55.0
UAB,full,3,42,423,56.0
UAB,full,3,42,424,56.0
UAB,full,3,42,425,56.0
UAB,full,3,42,426,56.0
UAB,full,3,42,427,56.0
UAB,full,3,42,428,56.0
UAB,full,3,42,429,56.0
UAB,full,3,42,430,56.0
UAB,full,3,42,431,57.0
UAB,full,3,42,432,57.0
UAB,full,3,42,433,57.0
UAB,full,3,42,434,57.0
UAB,full,3,42,435,57.0
UAB,full,3,42,436,57.0
UAB,full,3,42,437,57.0
UAB,full,3,42,438,57.0
UAB,full,3,42,439,57.0
UAB,full,3,42,440,57.0
UAB,full,3,42,441,57.0
UAB,full,3,42,442,57.0
UAB,full,3,42,443,57.0
UAB,full,3,42,444,57.0
UAB,full,3,42,445,57.0
UAB,full,3,42,446,57.0
UAB,full,3,42,447,57.0
UAB,full,3,42,448,57.0
UAB,full,3,42,449,58.0
UAB,full,3,42,450,58.0
UAB,full,3,42,451,58.0
UAB,full,3,42,452,58.0
UAB,full,3,42,453,59.0
UAB,full,3,42,454,59.0
UAB,full,3,42,455,59.0
UAB,full,3,42,456,59.0
UAB,full,3,42,457,59.0
UAB,full,3,42,458,60.0
UAB,full,3,42,459,60.0
UAB,full,3,42,460,60.0
UAB,full,3,42,461,60.0
UAB,full,3,42,462,60.0
UAB,full,3,42,463,60.0
UAB,full,3,42,464,60.0
UAB,full,3,42,465,60.0
UAB,full,3,42,466,60.0
UAB,full,3,42,467,60.0
UAB,full,3,42,468,60.0
UAB,full,3,42,469,60.0
UAB,full,3,42,470,60.0
UAB,full,3,42,471,60.0
UAB,full,3,42,472,60.0
UAB,full,3,42,473,60.0
UAB,full,3,42,474,60.0
UAB,full,3,42,475,60.0
UAB,full,3,42,476,60.0
UAB,full,3,42,477,60.0
UAB,full,3,42,478,60.0
UAB,full,3,42,479,60.0
UAB,full,3,42,480,61.0
UAB,full,3,42,481,61.0
UAB,full,3,42,482,62.0
UAB,full,3,42,483,62.0
UAB,full,3,42,484,63.0
UAB,full,3,42,485,63.0
UAB,full,3,42,486,63.0
UAB,full,3,42,487,63.0
UAB,full,3,42,488,63.0
UAB,full,3,42,489,64.0
UAB,full,3,42,490,64.0
UAB,full,3,42,491,64.0
UAB,full,3,42,492,64.0
UAB,full,3,42,493,64.0
UAB,full,3,42,494,64.0
UAB,full,3,42,495,65.0
UAB,full,3,42,496,65.0
UAB,full,3,42,497,65.0
UAB,full,3,42,498,65.0
UAB,full,3,42,499,65.0
UAB,full,3,42,500,66.0
UAB,full,3,42,501,66.0
UAB,full,3,42,502,66.0
UAB,full,3,42,503,66.0
UAB,full,3,42,504,66.0
UAB,full,3,42,505,66.0
UAB,full,3,42,506,66.0
UAB,full,3,42,507,66.0
UAB,full,3,42,508,66.0
UAB,full,3,42,509,66.0
UAB,full,3,42,510,66.0
UAB,full,3,42,511,67.0
UAB,full,3,42,512,67.0
UAB,full,3,42,513,67.0
UAB,full,3,42,514,67.0
UAB,full,3,42,515,67.0
UAB,full,3,42,516,67.0
UAB,full,3,42,517,67.0
UAB,full,3,42,518,67.0
UAB,full,3,42,519,67.0
UAB,full,3,42,520,67.0
UAB,full,3,42,521,67.0
UAB,full,3,42,522,67.0
UAB,full,3,42,523,67.0
UAB,full,3,42,524,68.0
UAB,full,3,42,525,68.0
UAB,full,3,42,526,68.0
UAB,full,4,42,0,0.0
UAB,full,4,42,1,0.0
UAB,full,4,42,2,0.0
UAB,full,4,42,3,0.0
UAB,full,4,42,4,1.0
UAB,full,4,42,5,1.0
UAB,full,4,42,6,1.0
UAB,full,4,42,7,1.0
UAB,full,4,42,8,1.0
UAB,full,4,42,9,1.0
UAB,full,4,42,10,1.0
UAB,full,4,42,11,1.0
UAB,full,4,42,12,1.0
UAB,full,4,42,13,1.0
UAB,full,4,42,14,1.0
UAB,full,4,42,15,1.0
UAB,full,4,42,16,1.0
UAB,full,4,42,17,1.0
UAB,full,4,42,18,1.0
UAB,full,4,42,19,1.0
UAB,full,4,42,20,2.0
UAB,full,4,42,21,2.0
UAB,full,4,42,22,2.0
UAB,full,4,42,23,2.0
UAB,full,4,42,24,2.0
UAB,full,4,42,25,2.0
UAB,full,4,42,26,2.0
UAB,full,4,42,27,2.0
UAB,full,4,42,28,2.0
UAB,full,4,42,29,2.0
UAB,full,4,42,30,2.0
UAB,full,4,42,31,2.0
UAB,full,4,42,32,2.0
UAB,full,4,42,33,2.0
UAB,full,4,42,34,3.0
UAB,full,4,42,35,3.0
UAB,full,4,42,36,3.0
UAB,full,4,42,37,3.0
UAB,full,4,42,38,3.0
UAB,full,4,42,39,3.0
UAB,full,4,42,40,3.0
UAB,full,4,42,41,3.0
UAB,full,4,42,42,3.0
UAB,full,4,42,43,3.0
UAB,full,4,42,44,3.0
UAB,full,4,42,45,3.0
UAB,full,4,42,46,3.0
UAB,full,4,42,47,3.0
UAB,full,4,42,48,3.0
UAB,full,4,42,49,3.0
UAB,full,4,42,50,3.0
UAB,full,4,42,51,3.0
UAB,full,4,42,52,3.0
UAB,full,4,42,53,3.0
UAB,full,4,42,54,3.0
UAB,full,4,42,55,3.0
UAB,full,4,42,56,3.0
UAB,full,4,42,57,3.0
UAB,full,4,42,58,3.0
UAB,full,4,42,59,3.0
UAB,full,4,42,60,4.0
UAB,full,4,42,61,4.0
UAB,full,4,42,62,4.0
UAB,full,4,42,63,4.0
UAB,full,4,42,64,5.0
UAB,full,4,42,65,5.0
UAB,full,4,42,66,6.0
UAB,full,4,42,67,6.0
UAB,full,4,42,68,6.0
UAB,full,4,42,69,6.0
UAB,full,4,42,70,6.0
UAB,full,4,42,71,6.0
UAB,full,4,42,72,6.0
UAB,full,4,42,73,6.0
UAB,full,4,42,74,6.0
UAB,full,4,42,75,6.0
UAB,full,4,42,76,6.0
UAB,full,4,42,77,6.0
UAB,full,4,42,78,6.0
UAB,full,4,42,79,6.0
UAB,full,4,42,80,6.0
UAB,full,4,42,81,6.0
UAB,full,4,42,82,6.0
UAB,full,4,42,83,6.0
UAB,full,4,42,84,6.0
UAB,full,4,42,85,6.0
UAB,full,4,42,86,6.0
UAB,full,4,42,87,6.0
UAB,full,4,42,88,6.0
UAB,full,4,42,89,6.0
UAB,full,4,42,90,6.0
UAB,full,4,42,91,6.0
UAB,full,4,42,92,6.0
UAB,full,4,42,93,6.0
UAB,full,4,42,94,6.0
UAB,full,4,42,95,6.0
UAB,full,4,42,96,6.0
UAB,full,4,42,97,6.0
UAB,full,4,42,98,6.0
UAB,full,4,42,99,6.0
UAB,full,4,42,100,6.0
UAB,full,4,42,101,6.0
UAB,full,4,42,102,6.0
UAB,full,4,42,103,6.0
UAB,full,4,42,104,6.0
UAB,full,4,42,105,6.0
UAB,full,4,42,106,6.0
UAB,full,4,42,107,6.0
UAB,full,4,42,108,6.0
UAB,full,4,42,109,6.0
UAB,full,4,42,110,6.0
UAB,full,4,42,111,6.0
UAB,full,4,42,112,6.0
UAB,full,4,42,113,6.0
UAB,full,4,42,114,6.0
UAB,full,4,42,115,6.0
UAB,full,4,42,116,6.0
UAB,full,4,42,117,6.0
UAB,full,4,42,118,6.0
UAB,full,4,42,119,6.0
UAB,full,4,42,120,6.0
UAB,full,4,42,121,6.0
UAB,full,4,42,122,6.0
UAB,full,4,42,123,6.0
UAB,full,4,42,124,6.0
UAB,full,4,42,125,6.0
UAB,full,4,42,126,6.0
UAB,full,4,42,127,7.0
UAB,full,4,42,128,7.0
UAB,full,4,42,129,7.0
UAB,full,4,42,130,7.0
UAB,full,4,42,131,7.0
UAB,full,4,42,132,7.0
UAB,full,4,42,133,7.0
UAB,full,4,42,134,7.0
UAB,full,4,42,135,7.0
UAB,full,4,42,136,7.0
UAB,full,4,42,137,7.0
UAB,full,4,42,138,7.0
UAB,full,4,42,139,7.0
UAB,full,4,42,140,7.0
UAB,full,4,42,141,7.0
UAB,full,4,42,142,8.0
UAB,full,4,42,143,8.0
UAB,full,4,42,144,8.0
UAB,full,4,42,145,8.0
UAB,full,4,42,146,8.0
UAB,full,4,42,147,8.0
UAB,full,4,42,148,8.0
UAB,full,4,42,149,8.0
UAB,full,4,42,150,8.0
UAB,full,4,42,151,8.0
UAB,full,4,42,152,8.0
UAB,full,4,42,153,8.0
UAB,full,4,42,154,8.0
UAB,full,4,42,155,8.0
UAB,full,4,42,156,8.0
UAB,full,4,42,157,8.0
UAB,full,4,42,158,8.0
UAB,full,4,42,159,8.0
UAB,full,4,42,160,8.0
UAB,full,4,42,161,8.0
UAB,full,4,42,162,8.0
UAB,full,4,42,163,8.0
UAB,full,4,42,164,8.0
UAB,full,4,42,165,8.0
UAB,full,4,42,166,8.0
UAB,full,4,42,167,8.0
UAB,full,4,42,168,8.0
UAB,full,4,42,169,8.0
UAB,full,4,42,170,8.0
UAB,full,4,42,171,8.0
UAB,full,4,42,172,8.0
UAB,full,4,42,173,8.0
UAB,full,4,42,174,8.0
UAB,full,4,42,175,8.0
UAB,full,4,42,176,8.0
UAB,full,4,42,177,8.0
UAB,full,4,42,178,9.0
UAB,full,4,42,179,9.0
UAB,full,4,42,180,9.0
UAB,full,4,42,181,9.0
UAB,full,4,42,182,9.0
UAB,full,4,42,183,9.0
UAB,full,4,42,184,9.0
UAB,full,4,42,185,9.0
UAB,full,4,42,186,10.0
UAB,full,4,42,187,10.0
UAB,full,4,42,188,10.0
UAB,full,4,42,189,10.0
UAB,full,4,42,190,11.0
UAB,full,4,42,191,11.0
UAB,full,4,42,192,11.0
UAB,full,4,42,193,11.0
UAB,full,4,42,194,11.0
UAB,full,4,42,195,12.0
UAB,full,4,42,196,12.0
UAB,full,4,42,197,13.0
UAB,full,4,42,198,13.0
UAB,full,4,42,199,13.0
UAB,full,4,42,200,13.0
UAB,full,4,42,201,13.0
UAB,full,4,42,202,13.0
UAB,full,4,42,203,13.0
UAB,full,4,42,204,13.0
UAB,full,4,42,205,13.0
UAB,full,4,42,206,13.0
UAB,full,4,42,207,13.0
UAB,full,4,42,208,14.0
UAB,full,4,42,209,14.0
UAB,full,4,42,210,14.0
UAB,full,4,42,211,14.0
UAB,full,4,42,212,15.0
UAB,full,4,42,213,15.0
UAB,full,4,42,214,15.0
UAB,full,4,42,215,15.0
UAB,full,4,42,216,15.0
UAB,full,4,42,217,16.0
UAB,full,4,42,218,16.0
UAB,full,4,42,219,16.0
UAB,full,4,42,220,16.0
UAB,full,4,42,221,16.0
UAB,full,4,42,222,16.0
UAB,full,4,42,223,16.0
UAB,full,4,42,224,17.0
UAB,full,4,42,225,17.0
UAB,full,4,42,226,17.0
UAB,full,4,42,227,17.0
UAB,full,4,42,228,17.0
UAB,full,4,42,229,17.0
UAB,full,4,42,230,17.0
UAB,full,4,42,231,17.0
UAB,full,4,42,232,17.0
UAB,full,4,42,233,17.0
UAB,full,4,42,234,17.0
UAB,full,4,42,235,17.0
UAB,full,4,42,236,17.0
UAB,full,4,42,237,18.0
UAB,full,4,42,238,18.0
UAB,full,4,42,239,18.0
UAB,full,4,42,240,18.0
UAB,full,4,42,241,18.0
UAB,full,4,42,242,18.0
UAB,full,4,42,243,18.0
UAB,full,4,42,244,18.0
UAB,full,4,42,245,18.0
UAB,full,4,42,246,18.0
UAB,full,4,42,247,18.0
UAB,full,4,42,248,18.0
UAB,full,4,42,249,18.0
UAB,full,4,42,250,18.0
UAB,full,4,42,251,18.0
UAB,full,4,42,252,18.0
UAB,full,4,42,253,18.0
UAB,full,4,42,254,18.0
UAB,full,4,42,255,18.0
UAB,full,4,42,256,18.0
UAB,full,4,42,257,19.0
UAB,full,4,42,258,19.0
UAB,full,4,42,259,19.0
UAB,full,4,42,260,19.0
UAB,full,4,42,261,20.0
UAB,full,4,42,262,20.0
UAB,full,4,42,263,20.0
UAB,full,4,42,264,20.0
UAB,full,4,42,265,20.0
UAB,full,4,42,266,21.0
UAB,full,4,42,267,22.0
UAB,full,4,42,268,22.0
UAB,full,4,42,269,22.0
UAB,full,4,42,270,22.0
UAB,full,4,42,271,22.0
UAB,full,4,42,272,22.0
UAB,full,4,42,273,23.0
UAB,full,4,42,274,23.0
UAB,full,4,42,275,23.0
UAB,full,4,42,276,23.0
UAB,full,4,42,277,23.0
UAB,full,4,42,278,23.0
UAB,full,4,42,279,23.0
UAB,full,4,42,280,23.0
UAB,full,4,42,281,23.0
UAB,full,4,42,282,23.0
UAB,full,4,42,283,23.0
UAB,full,4,42,284,23.0
UAB,full,4,42,285,23.0
UAB,full,4,42,286,23.0
UAB,full,4,42,287,23.0
UAB,full,4,42,288,23.0
UAB,full,4,42,289,23.0
UAB,full,4,42,290,23.0
UAB,full,4,42,291,23.0
UAB,full,4,42,292,23.0
UAB,full,4,42,293,23.0
UAB,full,4,42,294,23.0
UAB,full,4,42,295,23.0
UAB,full,4,42,296,23.0
UAB,full,4,42,297,23.0
UAB,full,4,42,298,23.0
UAB,full,4,42,299,23.0
UAB,full,4,42,300,24.0
UAB,full,4,42,301,24.0
UAB,full,4,42,302,24.0
UAB,full,4,42,303,24.0
UAB,full,4,42,304,24.0
UAB,full,4,42,305,24.0
UAB,full,4,42,306,24.0
UAB,full,4,42,307,24.0
UAB,full,4,42,308,24.0
UAB,full,4,42,309,24.0
UAB,full,4,42,310,24.0
UAB,full,4,42,311,24.0
UAB,full,4,42,312,24.0
UAB,full,4,42,313,24.0
UAB,full,4,42,314,24.0
UAB,full,4,42,315,24.0
UAB,full,4,42,316,24.0
UAB,full,4,42,317,24.0
UAB,full,4,42,318,24.0
UAB,full,4,42,319,24.0
UAB,full,4,42,320,25.0
UAB,full,4,42,321,25.0
UAB,full,4,42,322,25.0
UAB,full,4,42,323,25.0
UAB,full,4,42,324,25.0
UAB,full,4,42,325,25.0
UAB,full,4,42,326,25.0
UAB,full,4,42,327,25.0
UAB,full,4,42,328,25.0
UAB,full,4,42,329,25.0
UAB,full,4,42,330,26.0
UAB,full,4,42,331,26.0
UAB,full,4,42,332,26.0
UAB,full,4,42,333,26.0
UAB,full,4,42,334,26.0
UAB,full,4,42,335,27.0
UAB,full,4,42,336,27.0
UAB,full,4,42,337,27.0
UAB,full,4,42,338,27.0
UAB,full,4,42,339,27.0
UAB,full,4,42,340,27.0
UAB,full,4,42,341,27.0
UAB,full,4,42,342,27.0
UAB,full,4,42,343,27.0
UAB,full,4,42,344,27.0
UAB,full,4,42,345,27.0
UAB,full,4,42,346,27.0
UAB,full,4,42,347,27.0
UAB,full,4,42,348,27.0
UAB,full,4,42,349,27.0
UAB,full,4,42,350,27.0
UAB,full,4,42,351,27.0
UAB,full,4,42,352,27.0
UAB,full,4,42,353,27.0
UAB,full,4,42,354,27.0
UAB,full,4,42,355,27.0
UAB,full,4,42,356,27.0
UAB,full,4,42,357,27.0
UAB,full,4,42,358,27.0
UAB,full,4,42,359,27.0
UAB,full,4,42,360,27.0
UAB,full,4,42,361,27.0
UAB,full,4,42,362,27.0
UAB,full,4,42,363,27.0
UAB,full,4,42,364,27.0
UAB,full,4,42,365,27.0
UAB,full,4,42,366,27.0
UAB,full,4,42,367,27.0
UAB,full,4,42,368,27.0
UAB,full,4,42,369,27.0
UAB,full,4,42,370,27.0
UAB,full,4,42,371,27.0
UAB,full,4,42,372,27.0
UAB,full,4,42,373,27.0
UAB,full,4,42,374,27.0
UAB,full,4,42,375,27.0
UAB,full,4,42,376,27.0
UAB,full,4,42,377,27.0
UAB,full,4,42,378,27.0
UAB,full,4,42,379,27.0
UAB,full,4,42,380,27.0
UAB,full,4,42,381,27.0
UAB,full,4,42,382,27.0
UAB,full,4,42,383,27.0
UAB,full,4,42,384,27.0
UAB,full,4,42,385,27.0
UAB,full,4,42,386,27.0
UAB,full,4,42,387,27.0
UAB,full,4,42,388,28.0
UAB,full,4,42,389,28.0
UAB,full,4,42,390,28.0
UAB,full,4,42,391,28.0
UAB,full,4,42,392,28.0
UAB,full,4,42,393,28.0
UAB,full,4,42,394,28.0
UAB,full,4,42,395,28.0
UAB,full,4,42,396,28.0
UAB,full,4,42,397,28.0
UAB,full,4,42,398,28.0
UAB,full,4,42,399,28.0
UAB,full,4,42,400,28.0
UAB,full,4,42,401,28.0
UAB,full,4,42,402,28.0
UAB,full,4,42,403,28.0
UAB,full,4,42,404,28.0
UAB,full,4,42,405,28.0
UAB,full,4,42,406,28.0
UAB,full,4,42,407,28.0
UAB,full,4,42,408,28.0
UAB,full,4,42,409,28.0
UAB,full,4,42,410,28.0
UAB,full,4,42,411,28.0
UAB,full,4,42,412,28.0
UAB,full,4,42,413,29.0
UAB,full,4,42,414,29.0
UAB,full,4,42,415,30.0
UAB,full,4,42,416,30.0
UAB,full,4,42,417,30.0
UAB,full,4,42,418,30.0
UAB,full,4,42,419,30.0
UAB,full,4,42,420,31.0
UAB,full,4,42,421,31.0
UAB,full,4,42,422,31.0
UAB,full,4,42,423,31.0
UAB,full,4,42,424,31.0
UAB,full,4,42,425,31.0
UAB,full,4,42,426,31.0
UAB,full,4,42,427,31.0
UAB,full,4,42,428,31.0
UAB,full,4,42,429,31.0
UAB,full,4,42,430,32.0
UAB,full,4,42,431,32.0
UAB,full,4,42,432,32.0
UAB,full,4,42,433,32.0
UAB,full,4,42,434,32.0
UAB,full,4,42,435,32.0
UAB,full,4,42,436,32.0
UAB,full,4,42,437,32.0
UAB,full,4,42,438,32.0
UAB,full,4,42,439,32.0
UAB,full,4,42,440,32.0
UAB,full,4,42,441,32.0
UAB,full,4,42,442,32.0
UAB,full,4,42,443,32.0
UAB,full,4,42,444,32.0
UAB,full,4,42,445,32.0
UAB,full,4,42,446,32.0
UAB,full,4,42,447,32.0
UAB,full,4,42,448,32.0
UAB,full,4,42,449,32.0
UAB,full,4,42,450,32.0
UAB,full,4,42,451,32.0
UAB,full,4,42,452,32.0
UAB,full,4,42,453,32.0
UAB,full,4,42,454,32.0
UAB,full,4,42,455,32.0
UAB,full,4,42,456,33.0
UAB,full,4,42,457,33.0
UAB,full,4,42,458,33.0
UAB,full,4,42,459,33.0
UAB,full,4,42,460,34.0
UAB,full,4,42,461,34.0
UAB,full,4,42,462,34.0
UAB,full,4,42,463,34.0
UAB,full,4,42,464,34.0
UAB,full,4,42,465,34.0
UAB,full,4,42,466,34.0
UAB,full,4,42,467,35.0
UAB,full,4,42,468,35.0
UAB,full,4,42,469,35.0
UAB,full,4,42,470,36.0
UAB,full,4,42,471,36.0
UAB,full,4,42,472,36.0
UAB,full,4,42,473,36.0
UAB,full,4,42,474,36.0
UAB,full,4,42,475,36.0
UAB,full,4,42,476,36.0
UAB,full,4,42,477,36.0
UAB,full,4,42,478,37.0
UAB,full,4,42,479,38.0
UAB,full,4,42,480,38.0
UAB,full,4,42,481,38.0
UAB,full,4,42,482,38.0
UAB,full,4,42,483,38.0
UAB,full,4,42,484,38.0
UAB,full,4,42,485,39.0
UAB,full,4,42,486,39.0
UAB,full,4,42,487,39.0
UAB,full,4,42,488,39.0
UAB,full,4,42,489,39.0
UAB,full,4,42,490,39.0
UAB,full,4,42,491,39.0
UAB,full,4,42,492,39.0
UAB,full,4,42,493,39.0
UAB,full,4,42,494,39.0
UAB,full,4,42,495,39.0
UAB,full,4,42,496,39.0
UAB,full,4,42,497,39.0
UAB,full,4,42,498,39.0
UAB,full,4,42,499,39.0
UAB,full,4,42,500,39.0
UAB,full,4,42,501,39.0
UAB,full,4,42,502,39.0
UAB,full,4,42,503,39.0
UAB,full,4,42,504,39.0
UAB,full,4,42,505,40.0
UAB,full,4,42,506,40.0
UAB,full,4,42,507,41.0
UAB,full,4,42,508,41.0
UAB,full,4,42,509,41.0
UAB,full,4,42,510,41.0
UAB,full,4,42,511,41.0
UAB,full,4,42,512,41.0
UAB,full,4,42,513,41.0
UAB,full,4,42,514,41.0
UAB,full,4,42,515,41.0
UAB,full,4,42,516,41.0
UAB,full,4,42,517,41.0
UAB,full,4,42,518,41.0
UAB,full,4,42,519,41.0
UAB,full,4,42,520,41.0
UAB,full,4,42,521,42.0
UAB,full,4,42,522,42.0
UAB,full,4,42,523,42.0
UAB,full,4,42,524,42.0
UAB,full,4,42,525,42.0
UAB,full,4,42,526,42.0
UAB,full,4,42,527,42.0
UAB,full,4,42,528,42.0
UAB,full,4,42,529,42.0
UAB,full,4,42,530,42.0
UAB,full,4,42,531,42.0
UAB,full,4,42,532,42.0
UAB,full,4,42,533,42.0
UAB,full,4,42,534,42.0
UAB,full,4,42,535,42.0
UAB,full,4,42,536,42.0
UAB,full,4,42,537,42.0
UAB,full,4,42,538,42.0
UAB,full,4,42,539,42.0
UAB,full,4,42,540,42.0
UAB,full,4,42,541,42.0
UAB,full,4,42,542,42.0
UAB,full,5,42,0,0.0
UAB,full,5,42,1,1.0
UAB,full,5,42,2,1.0
UAB,full,5,42,3,1.0
UAB,full,5,42,4,1.0
UAB,full,5,42,5,1.0
UAB,full,5,42,6,1.0
UAB,full,5,42,7,1.0
UAB,full,5,42,8,2.0
UAB,full,5,42,9,2.0
UAB,full,5,42,10,2.0
UAB,full,5,42,11,3.0
UAB,full,5,42,12,3.0
UAB,full,5,42,13,4.0
UAB,full,5,42,14,4.0
UAB,full,5,42,15,4.0
UAB,full,5,42,16,4.0
UAB,full,5,42,17,4.0
UAB,full,5,42,18,5.0
UAB,full,5,42,19,6.0
UAB,full,5,42,20,7.0
UAB,full,5,42,21,7.0
UAB,full,5,42,22,7.0
UAB,full,5,42,23,7.0
UAB,full,5,42,24,7.0
UAB,full,5,42,25,7.0
UAB,full,5,42,26,7.0
UAB,full,5,42,27,7.0
UAB,full,5,42,28,7.0
UAB,full,5,42,29,7.0
UAB,full,5,42,30,7.0
UAB,full,5,42,31,7.0
UAB,full,5,42,32,7.0
UAB,full,5,42,33,7.0
UAB,full,5,42,34,8.0
UAB,full,5,42,35,8.0
UAB,full,5,42,36,8.0
UAB,full,5,42,37,8.0
UAB,full,5,42,38,8.0
UAB,full,5,42,39,8.0
UAB,full,5,42,40,8.0
UAB,full,5,42,41,8.0
UAB,full,5,42,42,9.0
UAB,full,5,42,43,9.0
UAB,full,5,42,44,9.0
UAB,full,5,42,45,10.0
UAB,full,5,42,46,10.0
UAB,full,5,42,47,10.0
UAB,full,5,42,48,11.0
UAB,full,5,42,49,12.0
UAB,full,5,42,50,12.0
UAB,full,5,42,51,12.0
UAB,full,5,42,52,12.0
UAB,full,5,42,53,12.0
UAB,full,5,42,54,12.0
UAB,full,5,42,55,12.0
UAB,full,5,42,56,12.0
UAB,full,5,42,57,12.0
UAB,full,5,42,58,12.0
UAB,full,5,42,59,12.0
UAB,full,5,42,60,13.0
UAB,full,5,42,61,13.0
UAB,full,5,42,62,13.0
UAB,full,5,42,63,13.0
UAB,full,5,42,64,13.0
UAB,full,5,42,65,13.0
UAB,full,5,42,66,13.0
UAB,full,5,42,67,13.0
UAB,full,5,42,68,13.0
UAB,full,5,42,69,13.0
UAB,full,5,42,70,13.0
UAB,full,5,42,71,13.0
UAB,full,5,42,72,14.0
UAB,full,5,42,73,14.0
UAB,full,5,42,74,14.0
UAB,full,5,42,75,14.0
UAB,full,5,42,76,15.0
UAB,full,5,42,77,16.0
UAB,full,5,42,78,16.0
UAB,full,5,42,79,16.0
UAB,full,5,42,80,16.0
UAB,full,5,42,81,16.0
UAB,full,5,42,82,16.0
UAB,full,5,42,83,16.0
UAB,full,5,42,84,16.0
UAB,full,5,42,85,17.0
UAB,full,5,42,86,17.0
UAB,full,5,42,87,18.0
UAB,full,5,42,88,18.0
UAB,full,5,42,89,18.0
UAB,full,5,42,90,18.0
UAB,full,5,42,91,18.0
UAB,full,5,42,92,18.0
UAB,full,5,42,93,18.0
UAB,full,5,42,94,18.0
UAB,full,5,42,95,18.0
UAB,full,5,42,96,18.0
UAB,full,5,42,97,18.0
UAB,full,5,42,98,18.0
UAB,full,5,42,99,19.0
UAB,full,5,42,100,20.0
UAB,full,5,42,101,20.0
UAB,full,5,42,102,21.0
UAB,full,5,42,103,22.0
UAB,full,5,42,104,22.0
UAB,full,5,42,105,22.0
UAB,full,5,42,106,23.0
UAB,full,5,42,107,23.0
UAB,full,5,42,108,23.0
UAB,full,5,42,109,23.0
UAB,full,5,42,110,23.0
UAB,full,5,42,111,23.0
UAB,full,5,42,112,24.0
UAB,full,5,42,113,24.0
UAB,full,5,42,114,24.0
UAB,full,5,42,115,24.0
UAB,full,5,42,116,25.0
UAB,full,5,42,117,25.0
UAB,full,5,42,118,25.0
UAB,full,5,42,119,25.0
UAB,full,5,42,120,25.0
UAB,full,5,42,121,26.0
UAB,full,5,42,122,26.0
UAB,full,5,42,123,26.0
UAB,full,5,42,124,26.0
UAB,full,5,42,125,26.0
UAB,full,5,42,126,27.0
UAB,full,5,42,127,27.0
UAB,full,5,42,128,27.0
UAB,full,5,42,129,27.0
UAB,full,5,42,130,27.0
UAB,full,5,42,131,27.0
UAB,full,5,42,132,27.0
UAB,full,5,42,133,27.0
UAB,full,5,42,134,27.0
UAB,full,5,42,135,27.0
UAB,full,5,42,136,28.0
UAB,full,5,42,137,28.0
UAB,full,5,42,138,29.0
UAB,full,5,42,139,30.0
UAB,full,5,42,140,30.0
UAB,full,5,42,141,30.0
UAB,full,5,42,142,30.0
UAB,full,5,42,143,30.0
UAB,full,5,42,144,30.0
UAB,full,5,42,145,31.0
UAB,full,5,42,146,31.0
UAB,full,5,42,147,31.0
UAB,full,5,42,148,31.0
UAB,full,5,42,149,31.0
UAB,full,5,42,150,31.0
UAB,full,5,42,151,31.0
UAB,full,5,42,152,31.0
UAB,full,5,42,153,31.0
UAB,full,5,42,154,31.0
UAB,full,5,42,155,31.0
UAB,full,5,42,156,31.0
UAB,full,5,42,157,31.0
UAB,full,5,42,158,31.0
UAB,full,5,42,159,31.0
UAB,full,5,42,160,31.0
UAB,full,5,42,161,31.0
UAB,full,5,42,162,31.0
UAB,full,5,42,163,31.0
UAB,full,5,42,164,32.0
UAB,full,5,42,165,32.0
UAB,full,5,42,166,32.0
UAB,full,5,42,167,32.0
UAB,full,5,42,168,32.0
UAB,full,5,42,169,32.0
UAB,full,5,42,170,33.0
UAB,full,5,42,171,33.0
UAB,full,5,42,172,34.0
UAB,full,5,42,173,34.0
UAB,full,5,42,174,35.0
UAB,full,5,42,175,35.0
UAB,full,5,42,176,35.0
UAB,full,5,42,177,35.0
UAB,full,5,42,178,35.0
UAB,full,5,42,179,35.0
UAB,full,5,42,180,36.0
UAB,full,5,42,181,36.0
UAB,full,5,42,182,36.0
UAB,full,5,42,183,36.0
UAB,full,5,42,184,36.0
UAB,full,5,42,185,36.0
UAB,full,5,42,186,36.0
UAB,full,5,42,187,36.0
UAB,full,5,42,188,36.0
UAB,full,5,42,189,36.0
UAB,full,5,42,190,36.0
UAB,full,5,42,191,36.0
UAB,full,5,42,192,36.0
UAB,full,5,42,193,36.0
UAB,full,5,42,194,36.0
UAB,full,5,42,195,36.0
UAB,full,5,42,196,36.0
UAB,full,5,42,197,37.0
UAB,full,5,42,198,37.0
UAB,full,5,42,199,37.0
UAB,full,5,42,200,37.0
UAB,full,5,42,201,38.0
UAB,full,5,42,202,39.0
UAB,full,5,42,203,39.0
UAB,full,5,42,204,40.0
UAB,full,5,42,205,40.0
UAB,full,5,42,206,40.0
UAB,full,5,42,207,40.0
UAB,full,5,42,208,40.0
UAB,full,5,42,209,41.0
UAB,full,5,42,210,41.0
UAB,full,5,42,211,41.0
UAB,full,5,42,212,41.0
UAB,full,5,42,213,41.0
UAB,full,5,42,214,41.0
UAB,full,5,42,215,41.0
UAB,full,5,42,216,41.0
UAB,full,5,42,217,41.0
UAB,full,5,42,218,41.0
UAB,full,5,42,219,41.0
UAB,full,5,42,220,42.0
UAB,full,5,42,221,42.0
UAB,full,5,42,222,42.0
UAB,full,5,42,223,42.0
UAB,full,5,42,224,42.0
UAB,full,5,42,225,43.0
UAB,full,5,42,226,43.0
UAB,full,5,42,227,43.0
UAB,full,5,42,228,43.0
UAB,full,5,42,229,43.0
UAB,full,5,42,230,43.0
UAB,full,5,42,231,43.0
UAB,full,5,42,232,43.0
UAB,full,5,42,233,43.0
UAB,full,5,42,234,44.0
UAB,full,5,42,235,44.0
UAB,full,5,42,236,45.0
UAB,full,5,42,237,45.0
UAB,full,5,42,238,45.0
UAB,full,5,42,239,45.0
UAB,full,5,42,240,45.0
UAB,full,5,42,241,45.0
UAB,full,5,42,242,46.0
UAB,full,5,42,243,46.0
UAB,full,5,42,244,46.0
UAB,full,5,42,245,46.0
UAB,full,5,42,246,46.0
UAB,full,5,42,247,46.0
UAB,full,5,42,248,46.0
UAB,full,5,42,249,46.0
UAB,full,5,42,250,47.0
UAB,full,5,42,251,48.0
UAB,full,5,42,252,48.0
UAB,full,5,42,253,48.0
UAB,full,5,42,254,48.0
UAB,full,5,42,255,49.0
UAB,full,5,42,256,50.0
UAB,full,5,42,257,50.0
UAB,full,5,42,258,50.0
UAB,full,5,42,259,51.0
UAB,full,5,42,260,51.0
UAB,full,5,42,261,51.0
UAB,full,5,42,262,51.0
UAB,full,5,42,263,51.0
UAB,full,5,42,264,51.0
UAB,full,5,42,265,51.0
UAB,full,5,42,266,51.0
UAB,full,5,42,267,51.0
UAB,full,5,42,268,51.0
UAB,full,5,42,269,51.0
UAB,full,5,42,270,52.0
UAB,full,5,42,271,52.0
UAB,full,5,42,272,52.0
UAB,full,5,42,273,53.0
UAB,full,5,42,274,53.0
UAB,full,5,42,275,53.0
UAB,full,5,42,276,54.0
UAB,full,5,42,277,54.0
UAB,full,5,42,278,55.0
UAB,full,5,42,279,55.0
UAB,full,5,42,280,55.0
UAB,full,5,42,281,55.0
UAB,full,5,42,282,56.0
UAB,full,5,42,283,56.0
UAB,full,5,42,284,56.0
UAB,full,5,42,285,56.0
UAB,full,5,42,286,56.0
UAB,full,5,42,287,56.0
UAB,full,5,42,288,57.0
UAB,full,5,42,289,58.0
UAB,full,5,42,290,58.0
UAB,full,6,42,0,0.0
UAB,full,6,42,1,0.0
UAB,full,6,42,2,0.0
UAB,full,6,42,3,0.0
UAB,full,6,42,4,0.0
UAB,full,6,42,5,0.0
UAB,full,6,42,6,0.0
UAB,full,6,42,7,0.0
UAB,full,6,42,8,0.0
UAB,full,6,42,9,0.0
UAB,full,6,42,10,0.0
UAB,full,6,42,11,0.0
UAB,full,6,42,12,0.0
UAB,full,6,42,13,0.0
UAB,full,6,42,14,0.0
UAB,full,6,42,15,0.0
UAB,full,6,42,16,0.0
UAB,full,6,42,17,0.0
UAB,full,6,42,18,0.0
UAB,full,6,42,19,0.0
UAB,full,6,42,20,0.0
UAB,full,6,42,21,0.0
UAB,full,6,42,22,0.0
UAB,full,6,42,23,0.0
UAB,full,6,42,24,0.0
UAB,full,6,42,25,0.0
UAB,full,6,42,26,0.0
UAB,full,6,42,27,0.0
UAB,full,6,42,28,0.0
UAB,full,6,42,29,0.0
UAB,full,6,42,30,0.0
UAB,full,6,42,31,0.0
UAB,full,6,42,32,0.0
UAB,full,6,42,33,0.0
UAB,full,6,42,34,0.0
UAB,full,6,42,35,0.0
UAB,full,6,42,36,0.0
UAB,full,6,42,37,0.0
UAB,full,6,42,38,0.0
UAB,full,6,42,39,1.0
UAB,full,6,42,40,1.0
UAB,full,6,42,41,1.0
UAB,full,6,42,42,1.0
UAB,full,6,42,43,1.0
UAB,full,6,42,44,1.0
UAB,full,6,42,45,1.0
UAB,full,6,42,46,1.0
UAB,full,6,42,47,1.0
UAB,full,6,42,48,1.0
UAB,full,6,42,49,1.0
UAB,full,6,42,50,1.0
UAB,full,6,42,51,2.0
UAB,full,6,42,52,2.0
UAB,full,6,42,53,2.0
UAB,full,6,42,54,2.0
UAB,full,6,42,55,2.0
UAB,full,6,42,56,2.0
UAB,full,6,42,57,2.0
UAB,full,6,42,58,2.0
UAB,full,6,42,59,2.0
UAB,full,6,42,60,2.0
UAB,full,6,42,61,2.0
UAB,full,6,42,62,2.0
UAB,full,6,42,63,2.0
UAB,full,6,42,64,2.0
UAB,full,6,42,65,3.0
UAB,full,6,42,66,3.0
UAB,full,6,42,67,3.0
UAB,full,6,42,68,3.0
UAB,full,6,42,69,3.0
UAB,full,6,42,70,3.0
UAB,full,6,42,71,3.0
UAB,full,6,42,72,3.0
UAB,full,6,42,73,4.0
UAB,full,6,42,74,4.0
UAB,full,6,42,75,5.0
UAB,full,6,42,76,5.0
UAB,full,6,42,77,5.0
UAB,full,6,42,78,5.0
UAB,full,6,42,79,5.0
UAB,full,6,42,80,5.0
UAB,full,6,42,81,5.0
UAB,full,6,42,82,5.0
UAB,full,6,42,83,5.0
UAB,full,6,42,84,5.0
UAB,full,6,42,85,5.0
UAB,full,6,42,86,5.0
UAB,full,6,42,87,5.0
UAB,full,6,42,88,5.0
UAB,full,6,42,89,6.0
UAB,full,6,42,90,6.0
UAB,full,6,42,91,6.0
UAB,full,6,42,92,6.0
UAB,full,6,42,93,6.0
UAB,full,6,42,94,6.0
UAB,full,6,42,95,6.0
UAB,full,6,42,96,6.0
UAB,full,6,42,97,6.0
UAB,full,6,42,98,6.0
UAB,full,6,42,99,6.0
UAB,full,6,42,100,6.0
UAB,full,6,42,101,6.0
UAB,full,6,42,102,6.0
UAB,full,6,42,103,6.0
UAB,full,6,42,104,6.0
UAB,full,6,42,105,6.0
UAB,full,6,42,106,6.0
UAB,full,6,42,107,6.0
UAB,full,6,42,108,6.0
UAB,full,6,42,109,6.0
UAB,full,6,42,110,6.0
UAB,full,6,42,111,6.0
UAB,full,6,42,112,6.0
UAB,full,6,42,113,6.0
UAB,full,6,42,114,6.0
UAB,full,6,42,115,6.0
UAB,full,6,42,116,6.0
UAB,full,6,42,117,6.0
UAB,full,6,42,118,6.0
UAB,full,6,42,119,6.0
UAB,full,6,42,120,6.0
UAB,full,6,42,121,7.0
UAB,full,6,42,122,7.0
UAB,full,6,42,123,7.0
UAB,full,6,42,124,8.0
UAB,full,6,42,125,8.0
UAB,full,6,42,126,8.0
UAB,full,6,42,127,8.0
UAB,full,6,42,128,8.0
UAB,full,6,42,129,8.0
UAB,full,6,42,130,8.0
UAB,full,6,42,131,8.0
UAB,full,6,42,132,8.0
UAB,full,6,42,133,8.0
UAB,full,6,42,134,8.0
UAB,full,6,42,135,8.0
UAB,full,6,42,136,8.0
UAB,full,6,42,137,8.0
UAB,full,6,42,138,8.0
UAB,full,6,42,139,9.0
UAB,full,6,42,140,9.0
UAB,full,6,42,141,9.0
UAB,full,6,42,142,9.0
UAB,full,6,42,143,10.0
UAB,full,6,42,144,10.0
UAB,full,6,42,145,10.0
UAB,full,6,42,146,10.0
UAB,full,6,42,147,10.0
UAB,full,6,42,148,11.0
UAB,full,6,42,149,11.0
UAB,full,6,42,150,11.0
UAB,full,6,42,151,12.0
UAB,full,6,42,152,12.0
UAB,full,6,42,153,12.0
UAB,full,6,42,154,12.0
UAB,full,6,42,155,12.0
UAB,full,6,42,156,12.0
UAB,full,6,42,157,13.0
UAB,full,6,42,158,13.0
UAB,full,6,42,159,13.0
UAB,full,6,42,160,13.0
UAB,full,6,42,161,14.0
UAB,full,6,42,162,14.0
UAB,full,6,42,163,14.0
UAB,full,6,42,164,14.0
UAB,full,6,42,165,14.0
UAB,full,6,42,166,14.0
UAB,full,6,42,167,14.0
UAB,full,6,42,168,14.0
UAB,full,6,42,169,14.0
UAB,full,6,42,170,14.0
UAB,full,6,42,171,14.0
UAB,full,6,42,172,14.0
UAB,full,6,42,173,14.0
UAB,full,6,42,174,14.0
UAB,full,6,42,175,14.0
UAB,full,6,42,176,14.0
UAB,full,6,42,177,14.0
UAB,full,6,42,178,14.0
UAB,full,6,42,179,14.0
UAB,full,6,42,180,14.0
UAB,full,6,42,181,14.0
UAB,full,6,42,182,14.0
UAB,full,6,42,183,14.0
UAB,full,6,42,184,14.0
UAB,full,6,42,185,14.0
UAB,full,6,42,186,14.0
UAB,full,6,42,187,14.0
UAB,full,6,42,188,14.0
UAB,full,6,42,189,14.0
UAB,full,6,42,190,14.0
UAB,full,6,42,191,14.0
UAB,full,6,42,192,14.0
UAB,full,6,42,193,14.0
UAB,full,6,42,194,14.0
UAB,full,6,42,195,14.0
UAB,full,6,42,196,15.0
UAB,full,6,42,197,15.0
UAB,full,6,42,198,15.0
UAB,full,6,42,199,15.0
UAB,full,6,42,200,15.0
UAB,full,6,42,201,15.0
UAB,full,6,42,202,15.0
UAB,full,6,42,203,15.0
UAB,full,6,42,204,15.0
UAB,full,6,42,205,15.0
UAB,full,6,42,206,15.0
UAB,full,6,42,207,15.0
UAB,full,6,42,208,15.0
UAB,full,6,42,209,15.0
UAB,full,6,42,210,15.0
UAB,full,6,42,211,15.0
UAB,full,6,42,212,15.0
UAB,full,6,42,213,15.0
UAB,full,6,42,214,15.0
UAB,full,6,42,215,15.0
UAB,full,6,42,216,15.0
UAB,full,6,42,217,15.0
UAB,full,6,42,218,15.0
UAB,full,6,42,219,15.0
UAB,full,6,42,220,16.0
UAB,full,6,42,221,16.0
UAB,full,6,42,222,16.0
UAB,full,6,42,223,16.0
UAB,full,6,42,224,16.0
UAB,full,6,42,225,16.0
UAB,full,6,42,226,16.0
UAB,full,6,42,227,16.0
UAB,full,6,42,228,16.0
UAB,full,6,42,229,16.0
UAB,full,6,42,230,16.0
UAB,full,6,42,231,16.0
UAB,full,6,42,232,16.0
UAB,full,6,42,233,16.0
UAB,full,6,42,234,17.0
UAB,full,6,42,235,18.0
UAB,full,6,42,236,18.0
UAB,full,6,42,237,18.0
UAB,full,6,42,238,18.0
UAB,full,6,42,239,19.0
UAB,full,6,42,240,19.0
UAB,full,6,42,241,19.0
UAB,full,6,42,242,19.0
UAB,full,6,42,243,19.0
UAB,full,6,42,244,19.0
UAB,full,6,42,245,19.0
UAB,full,6,42,246,19.0
UAB,full,6,42,247,19.0
UAB,full,6,42,248,19.0
UAB,full,6,42,249,20.0
UAB,full,6,42,250,20.0
UAB,full,6,42,251,20.0
UAB,full,6,42,252,20.0
UAB,full,6,42,253,20.0
UAB,full,6,42,254,20.0
UAB,full,6,42,255,20.0
UAB,full,6,42,256,20.0
UAB,full,6,42,257,20.0
UAB,full,6,42,258,20.0
UAB,full,6,42,259,20.0
UAB,full,6,42,260,20.0
UAB,full,6,42,261,20.0
UAB,full,6,42,262,20.0
UAB,full,6,42,263,20.0
UAB,full,6,42,264,20.0
UAB,full,6,42,265,20.0
UAB,full,6,42,266,20.0
UAB,full,6,42,267,21.0
UAB,full,6,42,268,22.0
UAB,full,6,42,269,22.0
UAB,full,6,42,270,22.0
UAB,full,6,42,271,22.0
UAB,full,6,42,272,22.0
UAB,full,6,42,273,22.0
UAB,full,6,42,274,22.0
UAB,full,6,42,275,22.0
UAB,full,6,42,276,22.0
UAB,full,6,42,277,22.0
UAB,full,6,42,278,22.0
UAB,full,6,42,279,23.0
UAB,full,6,42,280,23.0
UAB,full,6,42,281,24.0
UAB,full,6,42,282,24.0
UAB,full,6,42,283,24.0
UAB,full,6,42,284,24.0
UAB,full,6,42,285,24.0
UAB,full,6,42,286,25.0
UAB,full,6,42,287,25.0
UAB,full,6,42,288,25.0
UAB,full,6,42,289,25.0
UAB,full,6,42,290,25.0
UAB,full,6,42,291,25.0
UAB,full,6,42,292,25.0
UAB,full,6,42,293,25.0
UAB,full,6,42,294,26.0
UAB,full,6,42,295,26.0
UAB,full,6,42,296,26.0
UAB,full,6,42,297,26.0
UAB,full,6,42,298,26.0
UAB,full,6,42,299,26.0
UAB,full,6,42,300,26.0
UAB,full,6,42,301,26.0
UAB,full,6,42,302,26.0
UAB,full,6,42,303,26.0
UAB,full,6,42,304,26.0
UAB,full,6,42,305,26.0
UAB,full,6,42,306,26.0
UAB,full,6,42,307,26.0
UAB,full,6,42,308,26.0
UAB,full,6,42,309,26.0
UAB,full,6,42,310,26.0
UAB,full,6,42,311,26.0
UAB,full,6,42,312,26.0
UAB,full,6,42,313,26.0
UAB,full,6,42,314,26.0
UAB,full,6,42,315,26.0
UAB,full,6,42,316,26.0
UAB,full,6,42,317,26.0
UAB,full,6,42,318,26.0
UAB,full,6,42,319,26.0
UAB,full,6,42,320,26.0
UAB,full,6,42,321,26.0
UAB,full,6,42,322,26.0
UAB,full,6,42,323,26.0
UAB,full,6,42,324,26.0
UAB,full,6,42,325,26.0
UAB,full,6,42,326,26.0
UAB,full,6,42,327,26.0
UAB,full,6,42,328,26.0
UAB,full,6,42,329,26.0
UAB,full,6,42,330,26.0
UAB,full,6,42,331,26.0
UAB,full,6,42,332,26.0
UAB,full,6,42,333,26.0
UAB,full,6,42,334,26.0
UAB,full,6,42,335,26.0
UAB,full,6,42,336,26.0
UAB,full,6,42,337,26.0
UAB,full,6,42,338,26.0
UAB,full,6,42,339,26.0
UAB,full,6,42,340,26.0
UAB,full,6,42,341,26.0
UAB,full,6,42,342,26.0
UAB,full,6,42,343,26.0
UAB,full,6,42,344,27.0
UAB,full,6,42,345,28.0
UAB,full,6,42,346,28.0
UAB,full,6,42,347,28.0
UAB,full,6,42,348,28.0
UAB,full,6,42,349,28.0
UAB,full,6,42,350,28.0
UAB,full,6,42,351,28.0
UAB,full,6,42,352,28.0
UAB,full,6,42,353,28.0
UAB,full,6,42,354,28.0
UAB,full,6,42,355,28.0
UAB,full,6,42,356,28.0
UAB,full,6,42,357,28.0
UAB,full,6,42,358,28.0
UAB,full,6,42,359,29.0
UAB,full,6,42,360,29.0
UAB,full,6,42,361,29.0
UAB,full,6,42,362,29.0
UAB,full,6,42,363,29.0
UAB,full,6,42,364,29.0
UAB,full,6,42,365,29.0
UAB,full,6,42,366,29.0
UAB,full,6,42,367,29.0
UAB,full,6,42,368,29.0
UAB,full,6,42,369,29.0
UAB,full,6,42,370,29.0
UAB,full,6,42,371,29.0
UAB,full,6,42,372,29.0
UAB,full,6,42,373,29.0
UAB,full,6,42,374,29.0
UAB,full,6,42,375,29.0
UAB,full,6,42,376,29.0
UAB,full,6,42,377,29.0
UAB,full,6,42,378,29.0
UAB,full,6,42,379,29.0
UAB,full,6,42,380,29.0
UAB,full,6,42,381,29.0
UAB,full,6,42,382,29.0
UAB,full,6,42,383,29.0
UAB,full,6,42,384,29.0
UAB,full,6,42,385,29.0
UAB,full,6,42,386,29.0
UAB,full,6,42,387,30.0
UAB,full,6,42,388,30.0
UAB,full,6,42,389,30.0
UAB,full,6,42,390,30.0
UAB,full,6,42,391,30.0
UAB,full,6,42,392,30.0
UAB,full,6,42,393,30.0
UAB,full,6,42,394,30.0
UAB,full,6,42,395,31.0
UAB,full,6,42,396,31.0
UAB,full,6,42,397,31.0
UAB,full,6,42,398,31.0
UAB,full,6,42,399,31.0
UAB,full,6,42,400,31.0
UAB,full,6,42,401,31.0
UAB,full,6,42,402,31.0
UAB,full,6,42,403,31.0
UAB,full,6,42,404,31.0
UAB,full,6,42,405,31.0
UAB,full,6,42,406,31.0
UAB,full,6,42,407,31.0
UAB,full,6,42,408,31.0
UAB,full,6,42,409,31.0
UAB,full,6,42,410,31.0
UAB,full,6,42,411,31.0
UAB,full,6,42,412,31.0
UAB,full,6,42,413,31.0
UAB,full,6,42,414,31.0
UAB,full,6,42,415,31.0
UAB,full,6,42,416,31.0
UAB,full,6,42,417,31.0
UAB,full,6,42,418,31.0
UAB,full,6,42,419,31.0
UAB,full,6,42,420,32.0
UAB,full,6,42,421,32.0
UAB,full,6,42,422,32.0
UAB,full,6,42,423,32.0
UAB,full,6,42,424,32.0
UAB,full,6,42,425,33.0
UAB,full,6,42,426,33.0
UAB,full,6,42,427,33.0
UAB,full,6,42,428,33.0
UAB,full,6,42,429,33.0
UAB,full,6,42,430,33.0
UAB,full,6,42,431,33.0
UAB,full,6,42,432,33.0
UAB,full,6,42,433,33.0
UAB,full,6,42,434,33.0
UAB,full,6,42,435,33.0
UAB,full,6,42,436,33.0
UAB,full,6,42,437,33.0
UAB,full,6,42,438,33.0
UAB,full,6,42,439,33.0
UAB,full,6,42,440,33.0
UAB,full,6,42,441,34.0
UAB,full,6,42,442,34.0
UAB,full,6,42,443,34.0
UAB,full,6,42,444,34.0
UAB,full,6,42,445,34.0
UAB,full,6,42,446,34.0
UAB,full,6,42,447,34.0
UAB,full,6,42,448,34.0
UAB,full,6,42,449,34.0
UAB,full,6,42,450,34.0
UAB,full,6,42,451,34.0
UAB,full,6,42,452,34.0
UAB,full,6,42,453,34.0
UAB,full,6,42,454,34.0
UAB,full,6,42,455,34.0
UAB,full,6,42,456,34.0
UAB,full,6,42,457,34.0
UAB,full,6,42,458,34.0
UAB,full,6,42,459,34.0
UAB,full,6,42,460,34.0
UAB,full,6,42,461,34.0
UAB,full,6,42,462,34.0
UAB,full,6,42,463,35.0
UAB,full,6,42,464,35.0
UAB,full,6,42,465,35.0
UAB,full,6,42,466,35.0
UAB,full,6,42,467,35.0
UAB,full,6,42,468,35.0
UAB,full,6,42,469,35.0
UAB,full,6,42,470,35.0
UAB,full,6,42,471,35.0
UAB,full,6,42,472,35.0
UAB,full,6,42,473,35.0
UAB,full,6,42,474,35.0
UAB,full,6,42,475,35.0
UAB,full,6,42,476,35.0
UAB,full,6,42,477,35.0
UAB,full,6,42,478,35.0
UAB,full,6,42,479,35.0
UAB,full,6,42,480,35.0
UAB,full,6,42,481,35.0
UAB,full,6,42,482,36.0
UAB,full,6,42,483,36.0
UAB,full,6,42,484,36.0
UAB,full,6,42,485,36.0
UAB,full,6,42,486,36.0
UAB,full,6,42,487,37.0
UAB,full,6,42,488,37.0
UAB,full,6,42,489,37.0
UAB,full,6,42,490,37.0
UAB,full,6,42,491,37.0
UAB,full,6,42,492,38.0
UAB,full,6,42,493,38.0
UAB,full,6,42,494,38.0
UAB,full,6,42,495,38.0
UAB,full,6,42,496,38.0
UAB,full,6,42,497,38.0
UAB,full,6,42,498,38.0
UAB,full,6,42,499,38.0
UAB,full,6,42,500,38.0
UAB,full,6,42,501,38.0
UAB,full,6,42,502,38.0
UAB,full,6,42,503,38.0
UAB,full,6,42,504,38.0
UAB,full,6,42,505,39.0
UAB,full,6,42,506,39.0
UAB,full,6,42,507,39.0
UAB,full,6,42,508,39.0
UAB,full,6,42,509,39.0
UAB,full,6,42,510,39.0
UAB,full,6,42,511,39.0
UAB,full,6,42,512,39.0
UAB,full,6,42,513,39.0
UAB,full,6,42,514,39.0
UAB,full,6,42,515,39.0
UAB,full,6,42,516,39.0
UAB,full,6,42,517,39.0
UAB,full,6,42,518,39.0
UAB,full,6,42,519,39.0
UAB,full,7,42,0,0.0
UAB,full,7,42,1,0.0
UAB,full,7,42,2,1.0
UAB,full,7,42,3,1.0
UAB,full,7,42,4,1.0
UAB,full,7,42,5,2.0
UAB,full,7,42,6,2.0
UAB,full,7,42,7,2.0
UAB,full,7,42,8,2.0
UAB,full,7,42,9,2.0
UAB,full,7,42,10,2.0
UAB,full,7,42,11,2.0
UAB,full,7,42,12,2.0
UAB,full,7,42,13,2.0
UAB,full,7,42,14,2.0
UAB,full,7,42,15,2.0
UAB,full,7,42,16,2.0
UAB,full,7,42,17,3.0
UAB,full,7,42,18,3.0
UAB,full,7,42,19,3.0
UAB,full,7,42,20,4.0
UAB,full,7,42,21,5.0
UAB,full,7,42,22,5.0
UAB,full,7,42,23,5.0
UAB,full,7,42,24,5.0
UAB,full,7,42,25,6.0
UAB,full,7,42,26,6.0
UAB,full,7,42,27,6.0
UAB,full,7,42,28,6.0
UAB,full,7,42,29,6.0
UAB,full,7,42,30,6.0
UAB,full,7,42,31,6.0
UAB,full,7,42,32,7.0
UAB,full,7,42,33,7.0
UAB,full,7,42,34,8.0
UAB,full,7,42,35,8.0
UAB,full,7,42,36,8.0
UAB,full,7,42,37,8.0
UAB,full,7,42,38,8.0
UAB,full,7,42,39,9.0
UAB,full,7,42,40,9.0
UAB,full,7,42,41,9.0
UAB,full,7,42,42,9.0
UAB,full,7,42,43,9.0
UAB,full,7,42,44,9.0
UAB,full,7,42,45,9.0
UAB,full,7,42,46,9.0
UAB,full,7,42,47,9.0
UAB,full,7,42,48,10.0
UAB,full,7,42,49,10.0
UAB,full,7,42,50,10.0
UAB,full,7,42,51,11.0
UAB,full,7,42,52,12.0
UAB,full,7,42,53,12.0
UAB,full,7,42,54,12.0
UAB,full,7,42,55,12.0
UAB,full,7,42,56,12.0
UAB,full,7,42,57,13.0
UAB,full,7,42,58,13.0
UAB,full,7,42,59,13.0
UAB,full,7,42,60,13.0
UAB,full,7,42,61,13.0
UAB,full,7,42,62,13.0
UAB,full,7,42,63,13.0
UAB,full,7,42,64,13.0
UAB,full,7,42,65,13.0
UAB,full,7,42,66,13.0
UAB,full,7,42,67,13.0
UAB,full,7,42,68,13.0
UAB,full,7,42,69,13.0
UAB,full,7,42,70,14.0
UAB,full,7,42,71,14.0
UAB,full,7,42,72,14.0
UAB,full,7,42,73,14.0
UAB,full,7,42,74,15.0
UAB,full,7,42,75,15.0
UAB,full,7,42,76,16.0
UAB,full,7,42,77,16.0
UAB,full,7,42,78,16.0
UAB,full,7,42,79,16.0
UAB,full,7,42,80,16.0
UAB,full,7,42,81,16.0
UAB,full,7,42,82,16.0
UAB,full,7,42,83,16.0
UAB,full,7,42,84,16.0
UAB,full,7,42,85,16.0
UAB,full,7,42,86,17.0
UAB,full,7,42,87,17.0
UAB,full,7,42,88,17.0
UAB,full,7,42,89,18.0
UAB,full,7,42,90,18.0
UAB,full,7,42,91,18.0
UAB,full,7,42,92,19.0
UAB,full,7,42,93,19.0
UAB,full,7,42,94,19.0
UAB,full,7,42,95,19.0
UAB,full,7,42,96,19.0
UAB,full,7,42,97,19.0
UAB,full,7,42,98,20.0
UAB,full,7,42,99,20.0
UAB,full,7,42,100,21.0
UAB,full,7,42,101,21.0
UAB,full,7,42,102,21.0
UAB,full,7,42,103,22.0
UAB,full,7,42,104,22.0
UAB,full,7,42,105,23.0
UAB,full,7,42,106,23.0
UAB,full,7,42,107,23.0
UAB,full,7,42,108,23.0
UAB,full,7,42,109,23.0
UAB,full,7,42,110,23.0
UAB,full,7,42,111,23.0
UAB,full,7,42,112,23.0
UAB,full,7,42,113,23.0
UAB,full,7,42,114,24.0
UAB,full,7,42,115,24.0
UAB,full,7,42,116,25.0
UAB,full,7,42,117,25.0
UAB,full,7,42,118,25.0
UAB,full,7,42,119,25.0
UAB,full,7,42,120,25.0
UAB,full,7,42,121,26.0
UAB,full,7,42,122,26.0
UAB,full,7,42,123,26.0
UAB,full,7,42,124,27.0
UAB,full,7,42,125,27.0
UAB,full,7,42,126,27.0
UAB,full,7,42,127,27.0
UAB,full,7,42,128,27.0
UAB,full,7,42,129,28.0
UAB,full,7,42,130,29.0
UAB,full,7,42,131,29.0
UAB,full,7,42,132,29.0
UAB,full,7,42,133,29.0
UAB,full,7,42,134,29.0
UAB,full,7,42,135,29.0
UAB,full,7,42,136,29.0
UAB,full,7,42,137,29.0
UAB,full,7,42,138,29.0
UAB,full,7,42,139,30.0
UAB,full,7,42,140,30.0
UAB,full,7,42,141,30.0
UAB,full,7,42,142,30.0
UAB,full,7,42,143,30.0
UAB,full,7,42,144,31.0
UAB,full,7,42,145,31.0
UAB,full,7,42,146,31.0
UAB,full,7,42,147,32.0
UAB,full,7,42,148,32.0
UAB,full,7,42,149,33.0
UAB,full,7,42,150,34.0
UAB,full,7,42,151,34.0
UAB,full,7,42,152,34.0
UAB,full,7,42,153,34.0
UAB,full,7,42,154,34.0
UAB,full,7,42,155,34.0
UAB,full,7,42,156,34.0
UAB,full,7,42,157,34.0
UAB,full,7,42,158,34.0
UAB,full,7,42,159,34.0
UAB,full,7,42,160,34.0
UAB,full,7,42,161,35.0
UAB,full,7,42,162,36.0
UAB,full,7,42,163,36.0
UAB,full,7,42,164,36.0
UAB,full,7,42,165,36.0
UAB,full,7,42,166,36.0
UAB,full,7,42,167,36.0
UAB,full,7,42,168,37.0
UAB,full,7,42,169,37.0
UAB,full,7,42,170,37.0
UAB,full,7,42,171,37.0
UAB,full,7,42,172,37.0
UAB,full,7,42,173,38.0
UAB,full,7,42,174,38.0
UAB,full,7,42,175,39.0
UAB,full,7,42,176,39.0
UAB,full,7,42,177,39.0
UAB,full,7,42,178,39.0
UAB,full,7,42,179,39.0
UAB,full,7,42,180,40.0
UAB,full,7,42,181,40.0
UAB,full,7,42,182,41.0
UAB,full,7,42,183,42.0
UAB,full,7,42,184,42.0
UAB,full,7,42,185,42.0
UAB,full,7,42,186,42.0
UAB,full,7,42,187,42.0
UAB,full,7,42,188,42.0
UAB,full,7,42,189,42.0
UAB,full,7,42,190,42.0
UAB,full,7,42,191,42.0
UAB,full,7,42,192,42.0
UAB,full,7,42,193,42.0
UAB,full,7,42,194,42.0
UAB,full,7,42,195,43.0
UAB,full,7,42,196,43.0
UAB,full,7,42,197,44.0
UAB,full,7,42,198,44.0
UAB,full,7,42,199,45.0
UAB,full,7,42,200,45.0
UAB,full,7,42,201,46.0
UAB,full,7,42,202,46.0
UAB,full,7,42,203,47.0
UAB,full,7,42,204,47.0
UAB,full,7,42,205,47.0
UAB,full,7,42,206,47.0
UAB,full,7,42,207,48.0
UAB,full,7,42,208,48.0
UAB,full,7,42,209,48.0
UAB,full,7,42,210,49.0
UAB,full,7,42,211,49.0
UAB,full,7,42,212,49.0
UAB,full,7,42,213,49.0
UAB,full,7,42,214,49.0
UAB,full,7,42,215,49.0
UAB,full,7,42,216,49.0
UAB,full,7,42,217,50.0
UAB,full,7,42,218,50.0
UAB,full,7,42,219,50.0
UAB,full,7,42,220,51.0
UAB,full,7,42,221,51.0
UAB,full,7,42,222,52.0
UAB,full,7,42,223,52.0
UAB,full,7,42,224,52.0
UAB,full,7,42,225,52.0
UAB,full,7,42,226,52.0
UAB,full,7,42,227,52.0
UAB,full,7,42,228,52.0
UAB,full,7,42,229,53.0
UAB,full,7,42,230,53.0
UAB,full,7,42,231,53.0
UAB,full,7,42,232,54.0
UAB,full,7,42,233,55.0
UAB,full,7,42,234,55.0
UAB,full,7,42,235,55.0
UAB,full,7,42,236,56.0
UAB,full,7,42,237,56.0
UAB,full,7,42,238,56.0
UAB,full,7,42,239,56.0
UAB,full,7,42,240,57.0
UAB,full,7,42,241,57.0
UAB,full,7,42,242,58.0
UAB,full,7,42,243,58.0
UAB,full,7,42,244,59.0
UAB,full,7,42,245,60.0
UAB,full,7,42,246,61.0
UAB,full,7,42,247,61.0
UAB,full,7,42,248,61.0
UAB,full,7,42,249,62.0
UAB,full,7,42,250,62.0
UAB,full,7,42,251,62.0
UAB,full,7,42,252,62.0
UAB,full,7,42,253,62.0
UAB,full,7,42,254,62.0
UAB,full,7,42,255,62.0
UAB,full,7,42,256,62.0
UAB,full,7,42,257,63.0
UAB,full,7,42,258,63.0
UAB,full,7,42,259,64.0
UAB,full,7,42,260,65.0
UAB,full,7,42,261,65.0
UAB,full,7,42,262,65.0
UAB,full,7,42,263,65.0
UAB,full,7,42,264,66.0
UAB,full,7,42,265,66.0
UAB,full,7,42,266,67.0
UAB,full,7,42,267,67.0
UAB,full,7,42,268,67.0
UAB,full,7,42,269,67.0
UAB,full,7,42,270,67.0
UAB,full,7,42,271,68.0
UAB,full,7,42,272,68.0
UAB,full,7,42,273,68.0
UAB,full,7,42,274,68.0
UAB,full,7,42,275,69.0
UAB,full,7,42,276,69.0
UAB,full,7,42,277,69.0
UAB,full,7,42,278,69.0
UAB,full,7,42,279,69.0
UAB,full,7,42,280,69.0
UAB,full,7,42,281,70.0
UAB,full,7,42,282,70.0
UAB,full,7,42,283,70.0
UAB,full,7,42,284,70.0
UAB,full,7,42,285,70.0
UAB,full,7,42,286,70.0
UAB,full,7,42,287,70.0
UAB,full,7,42,288,70.0
UAB,full,7,42,289,71.0
UAB,full,7,42,290,71.0
UAB,full,7,42,291,71.0
UAB,full,7,42,292,71.0
UAB,full,7,42,293,71.0
UAB,full,7,42,294,71.0
UAB,full,7,42,295,71.0
UAB,full,7,42,296,71.0
UAB,full,7,42,297,71.0
UAB,full,7,42,298,71.0
UAB,full,7,42,299,71.0
UAB,full,7,42,300,71.0
UAB,full,7,42,301,71.0
UAB,full,7,42,302,71.0
UAB,full,7,42,303,71.0
UAB,full,7,42,304,71.0
UAB,full,7,42,305,72.0
UAB,full,7,42,306,72.0
UAB,full,7,42,307,72.0
UAB,full,7,42,308,72.0
UAB,full,7,42,309,73.0
UAB,full,7,42,310,74.0
UAB,full,7,42,311,74.0
UAB,full,7,42,312,74.0
UAB,full,7,42,313,74.0
UAB,full,7,42,314,74.0
UAB,full,7,42,315,75.0
UAB,full,7,42,316,75.0
UAB,full,7,42,317,75.0
UAB,full,7,42,318,75.0
UAB,full,7,42,319,75.0
UAB,full,7,42,320,75.0
UAB,full,7,42,321,75.0
UAB,full,7,42,322,75.0
UAB,full,7,42,323,76.0
UAB,full,7,42,324,76.0
UAB,full,7,42,325,76.0
UAB,full,7,42,326,77.0
UAB,full,7,42,327,78.0
UAB,full,7,42,328,78.0
UAB,full,7,42,329,79.0
UAB,full,7,42,330,79.0
UAB,full,7,42,331,79.0
UAB,full,7,42,332,80.0
UAB,full,7,42,333,81.0
UAB,full,7,42,334,81.0
UAB,full,7,42,335,82.0
UAB,full,7,42,336,82.0
UAB,full,7,42,337,82.0
UAB,full,7,42,338,82.0
UAB,full,7,42,339,82.0
UAB,full,7,42,340,83.0
UAB,full,7,42,341,83.0
UAB,full,7,42,342,84.0
UAB,full,7,42,343,84.0
UAB,full,7,42,344,85.0
UAB,full,7,42,345,85.0
UAB,full,7,42,346,85.0
UAB,full,7,42,347,85.0
UAB,full,7,42,348,86.0
UAB,full,7,42,349,86.0
UAB,full,7,42,350,86.0
UAB,full,7,42,351,86.0
UAB,full,7,42,352,86.0
UAB,full,7,42,353,87.0
UAB,full,7,42,354,88.0
UAB,full,7,42,355,88.0
UAB,full,7,42,356,88.0
UAB,full,7,42,357,89.0
UAB,full,7,42,358,89.0
UAB,full,7,42,359,89.0
UAB,full,7,42,360,89.0
UAB,full,7,42,361,89.0
UAB,full,7,42,362,90.0
UAB,full,7,42,363,90.0
UAB,full,7,42,364,90.0
UAB,full,7,42,365,90.0
UAB,full,7,42,366,90.0
UAB,full,7,42,367,91.0
UAB,full,7,42,368,92.0
UAB,full,7,42,369,92.0
UAB,full,7,42,370,93.0
UAB,full,7,42,371,93.0
UAB,full,7,42,372,93.0
UAB,full,7,42,373,94.0
UAB,full,7,42,374,94.0
UAB,full,7,42,375,94.0
UAB,full,7,42,376,94.0
UAB,full,7,42,377,94.0
UAB,full,7,42,378,94.0
UAB,full,7,42,379,94.0
UAB,full,7,42,380,94.0
UAB,full,7,42,381,94.0
UAB,full,7,42,382,94.0
UAB,full,7,42,383,95.0
UAB,full,7,42,384,96.0
UAB,full,7,42,385,96.0
UAB,full,7,42,386,96.0
UAB,full,7,42,387,96.0
UAB,full,7,42,388,96.0
UAB,full,7,42,389,96.0
UAB,full,7,42,390,96.0
UAB,full,7,42,391,96.0
UAB,full,7,42,392,96.0
UAB,full,7,42,393,96.0
UAB,full,7,42,394,96.0
UAB,full,7,42,395,96.0
UAB,full,7,42,396,96.0
UAB,full,7,42,397,96.0
UAB,full,7,42,398,96.0
UAB,full,7,42,399,96.0
UAB,full,7,42,400,97.0
UAB,full,7,42,401,97.0
UAB,full,7,42,402,97.0
UAB,full,7,42,403,98.0
UAB,full,7,42,404,98.0
UAB,full,7,42,405,99.0
UAB,full,7,42,406,99.0
UAB,full,7,42,407,100.0
UAB,full,7,42,408,100.0
UAB,full,7,42,409,100.0
UAB,full,7,42,410,101.0
UAB,full,7,42,411,101.0
UAB,full,7,42,412,101.0
UAB,full,7,42,413,101.0
UAB,full,7,42,414,101.0
UAB,full,7,42,415,101.0
UAB,full,7,42,416,101.0
UAB,full,7,42,417,101.0
UAB,full,7,42,418,101.0
UAB,full,7,42,419,101.0
UAB,full,7,42,420,101.0
UAB,full,7,42,421,101.0
UAB,full,7,42,422,101.0
UAB,full,7,42,423,101.0
UAB,full,7,42,424,101.0
UAB,full,7,42,425,101.0
UAB,full,7,42,426,102.0
UAB,full,7,42,427,103.0
UAB,full,7,42,428,103.0
UAB,full,7,42,429,103.0
UAB,full,7,42,430,103.0
UAB,full,7,42,431,104.0
UAB,full,7,42,432,105.0
UAB,full,7,42,433,105.0
UAB,full,7,42,434,105.0
UAB,full,7,42,435,106.0
UAB,full,7,42,436,106.0
UAB,full,7,42,437,106.0
UAB,full,7,42,438,107.0
UAB,full,7,42,439,107.0
UAB,full,7,42,440,107.0
UAB,full,7,42,441,108.0
UAB,full,7,42,442,108.0
UAB,full,7,42,443,108.0
UAB,full,7,42,444,108.0
UAB,full,7,42,445,108.0
UAB,full,7,42,446,108.0
UAB,full,7,42,447,108.0
UAB,full,7,42,448,108.0
UAB,full,7,42,449,108.0
UAB,full,7,42,450,108.0
UAB,full,7,42,451,108.0
UAB,full,7,42,452,108.0
UAB,full,7,42,453,109.0
UAB,full,7,42,454,109.0
UAB,full,7,42,455,109.0
UAB,full,7,42,456,109.0
UAB,full,7,42,457,109.0
UAB,full,7,42,458,109.0
UAB,full,7,42,459,109.0
UAB,full,7,42,460,109.0
UAB,full,7,42,461,109.0
UAB,full,7,42,462,109.0
UAB,full,7,42,463,110.0
UAB,full,7,42,464,110.0
UAB,full,7,42,465,110.0
UAB,full,7,42,466,110.0
UAB,full,7,42,467,110.0
UAB,full,7,42,468,111.0
UAB,full,7,42,469,111.0
UAB,full,7,42,470,111.0
UAB,full,7,42,471,111.0
UAB,full,7,42,472,112.0
UAB,full,7,42,473,112.0
UAB,full,7,42,474,113.0
UAB,full,7,42,475,113.0
UAB,full,7,42,476,114.0
UAB,full,7,42,477,114.0
UAB,full,7,42,478,115.0
UAB,full,7,42,479,115.0
UAB,full,7,42,480,115.0
UAB,full,7,42,481,115.0
UAB,full,7,42,482,115.0
UAB,full,7,42,483,116.0
UAB,full,7,42,484,116.0
UAB,full,7,42,485,116.0
UAB,full,7,42,486,116.0
UAB,full,7,42,487,116.0
UAB,full,7,42,488,116.0
UAB,full,7,42,489,116.0
UAB,full,7,42,490,116.0
UAB,full,7,42,491,116.0
UAB,full,7,42,492,117.0
UAB,full,7,42,493,117.0
UAB,full,7,42,494,117.0
UAB,full,7,42,495,117.0
UAB,full,7,42,496,117.0
UAB,full,7,42,497,117.0
UAB,full,7,42,498,117.0
UAB,full,7,42,499,117.0
UAB,full,7,42,500,118.0
UAB,full,7,42,501,118.0
UAB,full,7,42,502,118.0
UAB,full,7,42,503,118.0
UAB,full,7,42,504,118.0
UAB,full,7,42,505,118.0
UAB,full,7,42,506,118.0
UAB,full,7,42,507,118.0
UAB,full,7,42,508,118.0
UAB,full,7,42,509,118.0
UAB,full,7,42,510,119.0
UAB,full,7,42,511,119.0
UAB,full,7,42,512,119.0
UAB,full,7,42,513,119.0
UAB,full,7,42,514,119.0
UAB,full,8,42,0,0.0
UAB,full,8,42,1,0.0
UAB,full,8,42,2,0.0
UAB,full,8,42,3,0.0
UAB,full,8,42,4,0.0
UAB,full,8,42,5,1.0
UAB,full,8,42,6,1.0
UAB,full,8,42,7,1.0
UAB,full,8,42,8,1.0
UAB,full,8,42,9,1.0
UAB,full,8,42,10,1.0
UAB,full,8,42,11,1.0
UAB,full,8,42,12,1.0
UAB,full,8,42,13,2.0
UAB,full,8,42,14,2.0
UAB,full,8,42,15,2.0
UAB,full,8,42,16,2.0
UAB,full,8,42,17,2.0
UAB,full,8,42,18,2.0
UAB,full,8,42,19,2.0
UAB,full,8,42,20,2.0
UAB,full,8,42,21,2.0
UAB,full,8,42,22,2.0
UAB,full,8,42,23,2.0
UAB,full,8,42,24,2.0
UAB,full,8,42,25,2.0
UAB,full,8,42,26,2.0
UAB,full,8,42,27,2.0
UAB,full,8,42,28,3.0
UAB,full,8,42,29,3.0
UAB,full,8,42,30,3.0
UAB,full,8,42,31,3.0
UAB,full,8,42,32,3.0
UAB,full,8,42,33,3.0
UAB,full,8,42,34,3.0
UAB,full,8,42,35,3.0
UAB,full,8,42,36,3.0
UAB,full,8,42,37,3.0
UAB,full,8,42,38,3.0
UAB,full,8,42,39,3.0
UAB,full,8,42,40,4.0
UAB,full,8,42,41,4.0
UAB,full,8,42,42,4.0
UAB,full,8,42,43,4.0
UAB,full,8,42,44,4.0
UAB,full,8,42,45,4.0
UAB,full,8,42,46,4.0
UAB,full,8,42,47,4.0
UAB,full,8,42,48,4.0
UAB,full,8,42,49,4.0
UAB,full,8,42,50,4.0
UAB,full,8,42,51,4.0
UAB,full,8,42,52,4.0
UAB,full,8,42,53,4.0
UAB,full,8,42,54,5.0
UAB,full,8,42,55,5.0
UAB,full,8,42,56,5.0
UAB,full,8,42,57,6.0
UAB,full,8,42,58,6.0
UAB,full,8,42,59,6.0
UAB,full,8,42,60,6.0
UAB,full,8,42,61,7.0
UAB,full,8,42,62,7.0
UAB,full,8,42,63,7.0
UAB,full,8,42,64,7.0
UAB,full,8,42,65,7.0
UAB,full,8,42,66,7.0
UAB,full,8,42,67,8.0
UAB,full,8,42,68,8.0
UAB,full,8,42,69,8.0
UAB,full,8,42,70,8.0
UAB,full,8,42,71,8.0
UAB,full,8,42,72,8.0
UAB,full,8,42,73,8.0
UAB,full,8,42,74,8.0
UAB,full,8,42,75,8.0
UAB,full,8,42,76,8.0
UAB,full,8,42,77,8.0
UAB,full,8,42,78,8.0
UAB,full,8,42,79,8.0
UAB,full,8,42,80,8.0
UAB,full,8,42,81,8.0
UAB,full,8,42,82,8.0
UAB,full,8,42,83,9.0
UAB,full,8,42,84,9.0
UAB,full,8,42,85,9.0
UAB,full,8,42,86,9.0
UAB,full,8,42,87,10.0
UAB,full,8,42,88,10.0
UAB,full,8,42,89,10.0
UAB,full,8,42,90,11.0
UAB,full,8,42,91,11.0
UAB,full,8,42,92,11.0
UAB,full,8,42,93,12.0
UAB,full,8,42,94,12.0
UAB,full,8,42,95,12.0
UAB,full,8,42,96,12.0
UAB,full,8,42,97,12.0
UAB,full,8,42,98,12.0
UAB,full,8,42,99,12.0
UAB,full,8,42,100,12.0
UAB,full,8,42,101,12.0
UAB,full,8,42,102,12.0
UAB,full,8,42,103,12.0
UAB,full,8,42,104,12.0
UAB,full,8,42,105,12.0
UAB,full,8,42,106,12.0
UAB,full,8,42,107,12.0
UAB,full,8,42,108,12.0
UAB,full,8,42,109,12.0
UAB,full,8,42,110,12.0
UAB,full,8,42,111,12.0
UAB,full,8,42,112,12.0
UAB,full,8,42,113,12.0
UAB,full,8,42,114,12.0
UAB,full,8,42,115,12.0
UAB,full,8,42,116,12.0
UAB,full,8,42,117,12.0
UAB,full,8,42,118,12.0
UAB,full,8,42,119,12.0
UAB,full,8,42,120,12.0
UAB,full,8,42,121,12.0
UAB,full,8,42,122,12.0
UAB,full,8,42,123,12.0
UAB,full,8,42,124,12.0
UAB,full,8,42,125,12.0
UAB,full,8,42,126,12.0
UAB,full,8,42,127,13.0
UAB,full,8,42,128,13.0
UAB,full,8,42,129,13.0
UAB,full,8,42,130,13.0
UAB,full,8,42,131,13.0
UAB,full,8,42,132,13.0
UAB,full,8,42,133,13.0
UAB,full,8,42,134,13.0
UAB,full,8,42,135,13.0
UAB,full,8,42,136,13.0
UAB,full,8,42,137,13.0
UAB,full,8,42,138,13.0
UAB,full,8,42,139,13.0
UAB,full,8,42,140,14.0
UAB,full,8,42,141,14.0
UAB,full,8,42,142,14.0
UAB,full,8,42,143,14.0
UAB,full,8,42,144,14.0
UAB,full,8,42,145,14.0
UAB,full,8,42,146,14.0
UAB,full,8,42,147,14.0
UAB,full,8,42,148,14.0
UAB,full,8,42,149,14.0
UAB,full,8,42,150,15.0
UAB,full,8,42,151,15.0
UAB,full,8,42,152,15.0
UAB,full,8,42,153,15.0
UAB,full,8,42,154,16.0
UAB,full,8,42,155,16.0
UAB,full,8,42,156,16.0
UAB,full,8,42,157,16.0
UAB,full,8,42,158,16.0
UAB,full,8,42,159,16.0
UAB,full,8,42,160,16.0
UAB,full,8,42,161,16.0
UAB,full,8,42,162,16.0
UAB,full,8,42,163,16.0
UAB,full,8,42,164,16.0
UAB,full,8,42,165,16.0
UAB,full,8,42,166,16.0
UAB,full,8,42,167,16.0
UAB,full,8,42,168,16.0
UAB,full,8,42,169,17.0
UAB,full,8,42,170,17.0
UAB,full,8,42,171,17.0
UAB,full,8,42,172,17.0
UAB,full,8,42,173,17.0
UAB,full,8,42,174,17.0
UAB,full,8,42,175,17.0
UAB,full,8,42,176,17.0
UAB,full,8,42,177,17.0
UAB,full,8,42,178,17.0
UAB,full,8,42,179,17.0
UAB,full,8,42,180,17.0
UAB,full,8,42,181,17.0
UAB,full,8,42,182,17.0
UAB,full,8,42,183,17.0
UAB,full,8,42,184,17.0
UAB,full,8,42,185,17.0
UAB,full,8,42,186,17.0
UAB,full,8,42,187,17.0
UAB,full,8,42,188,17.0
UAB,full,8,42,189,17.0
UAB,full,8,42,190,17.0
UAB,full,8,42,191,17.0
UAB,full,8,42,192,17.0
UAB,full,8,42,193,17.0
UAB,full,8,42,194,17.0
UAB,full,8,42,195,17.0
UAB,full,8,42,196,17.0
UAB,full,8,42,197,17.0
UAB,full,8,42,198,17.0
UAB,full,8,42,199,17.0
UAB,full,8,42,200,17.0
UAB,full,8,42,201,17.0
UAB,full,8,42,202,17.0
UAB,full,8,42,203,17.0
UAB,full,8,42,204,17.0
UAB,full,8,42,205,17.0
UAB,full,8,42,206,17.0
UAB,full,8,42,207,18.0
UAB,full,8,42,208,18.0
UAB,full,8,42,209,18.0
UAB,full,8,42,210,18.0
UAB,full,8,42,211,18.0
UAB,full,8,42,212,18.0
UAB,full,8,42,213,18.0
UAB,full,8,42,214,18.0
UAB,full,8,42,215,18.0
UAB,full,8,42,216,18.0
UAB,full,8,42,217,18.0
UAB,full,8,42,218,18.0
UAB,full,8,42,219,19.0
UAB,full,8,42,220,19.0
UAB,full,8,42,221,19.0
UAB,full,8,42,222,19.0
UAB,full,8,42,223,19.0
UAB,full,8,42,224,19.0
UAB,full,8,42,225,19.0
UAB,full,8,42,226,19.0
UAB,full,8,42,227,19.0
UAB,full,8,42,228,19.0
UAB,full,8,42,229,19.0
UAB,full,8,42,230,19.0
UAB,full,8,42,231,19.0
UAB,full,8,42,232,19.0
UAB,full,8,42,233,20.0
UAB,full,8,42,234,20.0
UAB,full,8,42,235,20.0
UAB,full,8,42,236,20.0
UAB,full,8,42,237,20.0
UAB,full,8,42,238,20.0
UAB,full,8,42,239,20.0
UAB,full,8,42,240,20.0
UAB,full,8,42,241,20.0
UAB,full,8,42,242,20.0
UAB,full,8,42,243,21.0
UAB,full,8,42,244,21.0
UAB,full,8,42,245,21.0
UAB,full,8,42,246,21.0
UAB,full,8,42,247,21.0
UAB,full,8,42,248,21.0
UAB,full,8,42,249,22.0
UAB,full,8,42,250,22.0
UAB,full,8,42,251,22.0
UAB,full,8,42,252,22.0
UAB,full,8,42,253,22.0
UAB,full,8,42,254,22.0
UAB,full,8,42,255,22.0
UAB,full,8,42,256,22.0
UAB,full,8,42,257,22.0
UAB,full,8,42,258,22.0
UAB,full,8,42,259,22.0
UAB,full,8,42,260,22.0
UAB,full,8,42,261,22.0
UAB,full,8,42,262,22.0
UAB,full,8,42,263,22.0
UAB,full,8,42,264,23.0
UAB,full,8,42,265,23.0
UAB,full,8,42,266,23.0
UAB,full,8,42,267,23.0
UAB,full,8,42,268,23.0
UAB,full,8,42,269,23.0
UAB,full,8,42,270,23.0
UAB,full,8,42,271,23.0
UAB,full,8,42,272,23.0
UAB,full,8,42,273,23.0
UAB,full,8,42,274,23.0
UAB,full,8,42,275,23.0
UAB,full,8,42,276,23.0
UAB,full,8,42,277,23.0
UAB,full,8,42,278,23.0
UAB,full,8,42,279,23.0
UAB,full,8,42,280,23.0
UAB,full,8,42,281,23.0
UAB,full,8,42,282,23.0
UAB,full,8,42,283,23.0
UAB,full,8,42,284,23.0
UAB,full,8,42,285,23.0
UAB,full,8,42,286,23.0
UAB,full,8,42,287,23.0
UAB,full,8,42,288,23.0
UAB,full,8,42,289,24.0
UAB,full,8,42,290,24.0
UAB,full,8,42,291,24.0
UAB,full,8,42,292,25.0
UAB,full,8,42,293,25.0
UAB,full,8,42,294,25.0
UAB,full,8,42,295,25.0
UAB,full,8,42,296,25.0
UAB,full,8,42,297,25.0
UAB,full,8,42,298,26.0
UAB,full,8,42,299,26.0
UAB,full,8,42,300,26.0
UAB,full,8,42,301,26.0
UAB,full,8,42,302,26.0
UAB,full,8,42,303,26.0
UAB,full,8,42,304,26.0
UAB,full,8,42,305,26.0
UAB,full,8,42,306,26.0
UAB,full,8,42,307,26.0
UAB,full,8,42,308,26.0
UAB,full,8,42,309,26.0
UAB,full,8,42,310,26.0
UAB,full,8,42,311,26.0
UAB,full,8,42,312,26.0
UAB,full,8,42,313,26.0
UAB,full,8,42,314,26.0
UAB,full,8,42,315,27.0
UAB,full,8,42,316,27.0
UAB,full,8,42,317,27.0
UAB,full,8,42,318,27.0
UAB,full,8,42,319,27.0
UAB,full,8,42,320,27.0
UAB,full,8,42,321,27.0
UAB,full,8,42,322,27.0
UAB,full,8,42,323,27.0
UAB,full,8,42,324,27.0
UAB,full,8,42,325,27.0
UAB,full,8,42,326,27.0
UAB,full,8,42,327,27.0
UAB,full,8,42,328,27.0
UAB,full,8,42,329,27.0
UAB,full,8,42,330,27.0
UAB,full,8,42,331,27.0
UAB,full,8,42,332,27.0
UAB,full,8,42,333,27.0
UAB,full,8,42,334,27.0
UAB,full,8,42,335,27.0
UAB,full,8,42,336,27.0
UAB,full,8,42,337,27.0
UAB,full,8,42,338,27.0
UAB,full,8,42,339,27.0
UAB,full,8,42,340,27.0
UAB,full,8,42,341,27.0
UAB,full,8,42,342,27.0
UAB,full,8,42,343,27.0
UAB,full,8,42,344,27.0
UAB,full,8,42,345,27.0
UAB,full,8,42,346,27.0
UAB,full,8,42,347,27.0
UAB,full,8,42,348,27.0
UAB,full,8,42,349,27.0
UAB,full,8,42,350,27.0
UAB,full,8,42,351,27.0
UAB,full,8,42,352,27.0
UAB,full,8,42,353,27.0
UAB,full,8,42,354,27.0
UAB,full,8,42,355,27.0
UAB,full,8,42,356,27.0
UAB,full,8,42,357,27.0
UAB,full,8,42,358,27.0
UAB,full,8,42,359,27.0
UAB,full,8,42,360,27.0
UAB,full,8,42,361,27.0
UAB,full,8,42,362,28.0
UAB,full,8,42,363,28.0
UAB,full,8,42,364,28.0
UAB,full,8,42,365,28.0
UAB,full,8,42,366,28.0
UAB,full,8,42,367,29.0
UAB,full,8,42,368,29.0
UAB,full,8,42,369,30.0
UAB,full,8,42,370,30.0
UAB,full,8,42,371,31.0
UAB,full,8,42,372,31.0
UAB,full,8,42,373,31.0
UAB,full,8,42,374,31.0
UAB,full,8,42,375,31.0
UAB,full,8,42,376,31.0
UAB,full,8,42,377,31.0
UAB,full,8,42,378,32.0
UAB,full,8,42,379,32.0
UAB,full,8,42,380,32.0
UAB,full,8,42,381,32.0
UAB,full,8,42,382,32.0
UAB,full,8,42,383,32.0
UAB,full,8,42,384,32.0
UAB,full,8,42,385,32.0
UAB,full,8,42,386,32.0
UAB,full,8,42,387,32.0
UAB,full,8,42,388,32.0
UAB,full,8,42,389,32.0
UAB,full,8,42,390,32.0
UAB,full,8,42,391,32.0
UAB,full,8,42,392,33.0
UAB,full,8,42,393,33.0
UAB,full,8,42,394,33.0
UAB,full,8,42,395,33.0
UAB,full,8,42,396,33.0
UAB,full,8,42,397,33.0
UAB,full,8,42,398,33.0
UAB,full,8,42,399,33.0
UAB,full,8,42,400,33.0
UAB,full,8,42,401,33.0
UAB,full,8,42,402,33.0
UAB,full,8,42,403,33.0
UAB,full,8,42,404,33.0
UAB,full,8,42,405,33.0
UAB,full,8,42,406,33.0
UAB,full,8,42,407,33.0
UAB,full,8,42,408,33.0
UAB,full,8,42,409,33.0
UAB,full,8,42,410,33.0
UAB,full,8,42,411,33.0
UAB,full,8,42,412,34.0
UAB,full,8,42,413,34.0
UAB,full,8,42,414,35.0
UAB,full,8,42,415,35.0
UAB,full,8,42,416,35.0
UAB,full,8,42,417,35.0
UAB,full,8,42,418,35.0
UAB,full,8,42,419,35.0
UAB,full,8,42,420,35.0
UAB,full,8,42,421,35.0
UAB,full,8,42,422,35.0
UAB,full,8,42,423,35.0
UAB,full,8,42,424,35.0
UAB,full,8,42,425,35.0
UAB,full,8,42,426,35.0
UAB,full,8,42,427,35.0
UAB,full,8,42,428,35.0
UAB,full,8,42,429,35.0
UAB,full,8,42,430,35.0
UAB,full,8,42,431,35.0
UAB,full,8,42,432,35.0
UAB,full,8,42,433,35.0
UAB,full,8,42,434,36.0
UAB,full,8,42,435,36.0
UAB,full,8,42,436,36.0
UAB,full,8,42,437,36.0
UAB,full,8,42,438,36.0
UAB,full,8,42,439,36.0
UAB,full,8,42,440,36.0
UAB,full,8,42,441,36.0
UAB,full,8,42,442,36.0
UAB,full,8,42,443,36.0
UAB,full,8,42,444,36.0
UAB,full,8,42,445,37.0
UAB,full,8,42,446,38.0
UAB,full,8,42,447,38.0
UAB,full,8,42,448,38.0
UAB,full,8,42,449,39.0
UAB,full,8,42,450,39.0
UAB,full,8,42,451,39.0
UAB,full,8,42,452,39.0
UAB,full,8,42,453,39.0
UAB,full,8,42,454,39.0
UAB,full,8,42,455,39.0
UAB,full,8,42,456,39.0
UAB,full,8,42,457,39.0
UAB,full,8,42,458,40.0
UAB,full,8,42,459,40.0
UAB,full,8,42,460,40.0
UAB,full,8,42,461,40.0
UAB,full,8,42,462,40.0
UAB,full,8,42,463,40.0
UAB,full,8,42,464,40.0
UAB,full,8,42,465,40.0
UAB,full,8,42,466,41.0
UAB,full,8,42,467,42.0
UAB,full,8,42,468,42.0
UAB,full,8,42,469,43.0
UAB,full,8,42,470,43.0
UAB,full,8,42,471,43.0
UAB,full,8,42,472,43.0
UAB,full,8,42,473,43.0
UAB,full,8,42,474,43.0
UAB,full,8,42,475,43.0
UAB,full,8,42,476,43.0
UAB,full,8,42,477,43.0
UAB,full,8,42,478,43.0
UAB,full,8,42,479,43.0
UAB,full,8,42,480,43.0
UAB,full,8,42,481,43.0
UAB,full,8,42,482,43.0
UAB,full,8,42,483,44.0
UAB,full,8,42,484,44.0
UAB,full,8,42,485,44.0
UAB,full,8,42,486,44.0
UAB,full,8,42,487,44.0
UAB,full,8,42,488,44.0
UAB,full,8,42,489,44.0
UAB,full,8,42,490,44.0
UAB,full,8,42,491,44.0
UAB,full,8,42,492,44.0
UAB,full,8,42,493,44.0
UAB,full,8,42,494,44.0
UAB,full,8,42,495,44.0
UAB,full,8,42,496,44.0
UAB,full,8,42,497,44.0
UAB,full,8,42,498,44.0
UAB,full,8,42,499,44.0
UAB,full,8,42,500,44.0
UAB,full,8,42,501,44.0
UAB,full,8,42,502,44.0
UAB,full,8,42,503,44.0
UAB,full,8,42,504,44.0
UAB,full,8,42,505,44.0
UAB,full,8,42,506,44.0
UAB,full,8,42,507,44.0
UAB,full,8,42,508,44.0
UAB,full,8,42,509,44.0
UAB,full,8,42,510,44.0
UAB,full,8,42,511,44.0
UAB,full,8,42,512,44.0
UAB,full,8,42,513,44.0
UAB,full,8,42,514,44.0
UAB,full,8,42,515,44.0
UAB,full,8,42,516,44.0
UAB,full,8,42,517,44.0
UAB,full,8,42,518,45.0
UAB,full,8,42,519,45.0
UAB,full,8,42,520,45.0
UAB,full,9,42,0,0.0
UAB,full,9,42,1,0.0
UAB,full,9,42,2,0.0
UAB,full,9,42,3,0.0
UAB,full,9,42,4,0.0
UAB,full,9,42,5,1.0
UAB,full,9,42,6,2.0
UAB,full,9,42,7,2.0
UAB,full,9,42,8,2.0
UAB,full,9,42,9,2.0
UAB,full,9,42,10,3.0
UAB,full,9,42,11,4.0
UAB,full,9,42,12,4.0
UAB,full,9,42,13,4.0
UAB,full,9,42,14,5.0
UAB,full,9,42,15,5.0
UAB,full,9,42,16,5.0
UAB,full,9,42,17,5.0
UAB,full,9,42,18,5.0
UAB,full,9,42,19,5.0
UAB,full,9,42,20,5.0
UAB,full,9,42,21,5.0
UAB,full,9,42,22,5.0
UAB,full,9,42,23,5.0
UAB,full,9,42,24,5.0
UAB,full,9,42,25,5.0
UAB,full,9,42,26,5.0
UAB,full,9,42,27,6.0
UAB,full,9,42,28,6.0
UAB,full,9,42,29,6.0
UAB,full,9,42,30,6.0
UAB,full,9,42,31,6.0
UAB,full,9,42,32,6.0
UAB,full,9,42,33,6.0
UAB,full,9,42,34,7.0
UAB,full,9,42,35,7.0
UAB,full,9,42,36,7.0
UAB,full,9,42,37,7.0
UAB,full,9,42,38,7.0
UAB,full,9,42,39,8.0
UAB,full,9,42,40,8.0
UAB,full,9,42,41,8.0
UAB,full,9,42,42,8.0
UAB,full,9,42,43,8.0
UAB,full,9,42,44,9.0
UAB,full,9,42,45,10.0
UAB,full,9,42,46,10.0
UAB,full,9,42,47,10.0
UAB,full,9,42,48,10.0
UAB,full,9,42,49,11.0
UAB,full,9,42,50,11.0
UAB,full,9,42,51,11.0
UAB,full,9,42,52,11.0
UAB,full,9,42,53,11.0
UAB,full,9,42,54,11.0
UAB,full,9,42,55,11.0
UAB,full,9,42,56,11.0
UAB,full,9,42,57,11.0
UAB,full,9,42,58,11.0
UAB,full,9,42,59,11.0
UAB,full,9,42,60,11.0
UAB,full,9,42,61,11.0
UAB,full,9,42,62,11.0
UAB,full,9,42,63,11.0
UAB,full,9,42,64,11.0
UAB,full,9,42,65,12.0
UAB,full,9,42,66,13.0
UAB,full,9,42,67,14.0
UAB,full,9,42,68,14.0
UAB,full,9,42,69,14.0
UAB,full,9,42,70,14.0
UAB,full,9,42,71,15.0
UAB,full,9,42,72,15.0
UAB,full,9,42,73,15.0
UAB,full,9,42,74,15.0
UAB,full,9,42,75,16.0
UAB,full,9,42,76,16.0
UAB,full,9,42,77,16.0
UAB,full,9,42,78,16.0
UAB,full,9,42,79,16.0
UAB,full,9,42,80,16.0
UAB,full,9,42,81,16.0
UAB,full,9,42,82,16.0
UAB,full,9,42,83,17.0
UAB,full,9,42,84,17.0
UAB,full,9,42,85,17.0
UAB,full,9,42,86,17.0
UAB,full,9,42,87,18.0
UAB,full,9,42,88,18.0
UAB,full,9,42,89,19.0
UAB,full,9,42,90,20.0
UAB,full,9,42,91,20.0
UAB,full,9,42,92,20.0
UAB,full,9,42,93,20.0
UAB,full,9,42,94,20.0
UAB,full,9,42,95,20.0
UAB,full,9,42,96,20.0
UAB,full,9,42,97,21.0
UAB,full,9,42,98,21.0
UAB,full,9,42,99,21.0
UAB,full,9,42,100,21.0
UAB,full,9,42,101,21.0
UAB,full,9,42,102,21.0
UAB,full,9,42,103,21.0
UAB,full,9,42,104,21.0
UAB,full,9,42,105,21.0
UAB,full,9,42,106,21.0
UAB,full,9,42,107,22.0
UAB,full,9,42,108,22.0
UAB,full,9,42,109,22.0
UAB,full,9,42,110,23.0
UAB,full,9,42,111,23.0
UAB,full,9,42,112,23.0
UAB,full,9,42,113,24.0
UAB,full,9,42,114,24.0
UAB,full,9,42,115,24.0
UAB,full,9,42,116,24.0
UAB,full,9,42,117,24.0
UAB,full,9,42,118,25.0
UAB,full,9,42,119,26.0
UAB,full,9,42,120,27.0
UAB,full,9,42,121,27.0
UAB,full,9,42,122,28.0
UAB,full,9,42,123,28.0
UAB,full,9,42,124,28.0
UAB,full,9,42,125,28.0
UAB,full,9,42,126,28.0
UAB,full,9,42,127,28.0
UAB,full,9,42,128,29.0
UAB,full,9,42,129,29.0
UAB,full,9,42,130,29.0
UAB,full,9,42,131,29.0
UAB,full,9,42,132,29.0
UAB,full,9,42,133,29.0
UAB,full,9,42,134,29.0
UAB,full,9,42,135,29.0
UAB,full,9,42,136,30.0
UAB,full,9,42,137,31.0
UAB,full,9,42,138,32.0
UAB,full,9,42,139,32.0
UAB,full,9,42,140,32.0
UAB,full,9,42,141,32.0
UAB,full,9,42,142,32.0
UAB,full,9,42,143,32.0
UAB,full,9,42,144,32.0
UAB,full,9,42,145,32.0
UAB,full,9,42,146,33.0
UAB,full,9,42,147,33.0
UAB,full,9,42,148,33.0
UAB,full,9,42,149,34.0
UAB,full,9,42,150,34.0
UAB,full,9,42,151,35.0
UAB,full,9,42,152,35.0
UAB,full,9,42,153,35.0
UAB,full,9,42,154,35.0
UAB,full,9,42,155,36.0
UAB,full,9,42,156,36.0
UAB,full,9,42,157,36.0
UAB,full,9,42,158,37.0
UAB,full,9,42,159,37.0
UAB,full,9,42,160,37.0
UAB,full,9,42,161,38.0
UAB,full,9,42,162,38.0
UAB,full,9,42,163,39.0
UAB,full,9,42,164,40.0
UAB,full,9,42,165,40.0
UAB,full,9,42,166,40.0
UAB,full,9,42,167,41.0
UAB,full,9,42,168,42.0
UAB,full,9,42,169,42.0
UAB,full,9,42,170,43.0
UAB,full,9,42,171,44.0
UAB,full,9,42,172,44.0
UAB,full,9,42,173,45.0
UAB,full,9,42,174,45.0
UAB,full,9,42,175,45.0
UAB,full,9,42,176,45.0
UAB,full,9,42,177,46.0
UAB,full,9,42,178,47.0
UAB,full,9,42,179,47.0
UAB,full,9,42,180,47.0
UAB,full,9,42,181,48.0
UAB,full,9,42,182,49.0
UAB,full,9,42,183,50.0
UAB,full,9,42,184,50.0
UAB,full,9,42,185,50.0
UAB,full,9,42,186,51.0
UAB,full,9,42,187,52.0
UAB,full,9,42,188,52.0
UAB,full,9,42,189,53.0
UAB,full,9,42,190,54.0
UAB,full,9,42,191,54.0
UAB,full,9,42,192,54.0
UAB,full,9,42,193,54.0
UAB,full,9,42,194,54.0
UAB,full,9,42,195,54.0
UAB,full,9,42,196,54.0
UAB,full,9,42,197,55.0
UAB,full,9,42,198,55.0
UAB,full,9,42,199,55.0
UAB,full,9,42,200,56.0
UAB,full,9,42,201,56.0
UAB,full,9,42,202,57.0
UAB,full,9,42,203,57.0
UAB,full,9,42,204,57.0
UAB,full,9,42,205,57.0
UAB,full,9,42,206,57.0
UAB,full,9,42,207,57.0
UAB,full,9,42,208,57.0
UAB,full,9,42,209,58.0
UAB,full,9,42,210,58.0
UAB,full,9,42,211,58.0
UAB,full,9,42,212,58.0
UAB,full,9,42,213,58.0
UAB,full,9,42,214,59.0
UAB,full,9,42,215,59.0
UAB,full,9,42,216,59.0
UAB,full,9,42,217,59.0
UAB,full,9,42,218,59.0
UAB,full,9,42,219,59.0
UAB,full,9,42,220,59.0
UAB,full,9,42,221,60.0
UAB,full,9,42,222,61.0
UAB,full,9,42,223,62.0
UAB,full,9,42,224,63.0
UAB,full,9,42,225,63.0
UAB,full,9,42,226,63.0
UAB,full,9,42,227,64.0
UAB,full,9,42,228,64.0
UAB,full,9,42,229,65.0
UAB,full,9,42,230,65.0
UAB,full,9,42,231,65.0
UAB,full,9,42,232,66.0
UAB,full,9,42,233,67.0
UAB,full,9,42,234,67.0
UAB,full,9,42,235,67.0
UAB,full,9,42,236,67.0
UAB,full,9,42,237,68.0
UAB,full,9,42,238,69.0
UAB,full,9,42,239,69.0
UAB,full,9,42,240,70.0
UAB,full,9,42,241,70.0
UAB,full,9,42,242,70.0
UAB,full,9,42,243,70.0
UAB,full,9,42,244,70.0
UAB,full,9,42,245,70.0
UAB,full,9,42,246,70.0
UAB,full,9,42,247,70.0
UAB,full,9,42,248,70.0
UAB,full,9,42,249,71.0
UAB,full,9,42,250,72.0
UAB,full,9,42,251,72.0
UAB,full,9,42,252,72.0
UAB,full,9,42,253,72.0
UAB,full,9,42,254,73.0
UAB,full,9,42,255,73.0
UAB,full,9,42,256,73.0
UAB,full,9,42,257,74.0
UAB,full,9,42,258,74.0
UAB,full,9,42,259,75.0
UAB,full,9,42,260,75.0
UAB,full,9,42,261,75.0
UAB,full,9,42,262,75.0
UAB,full,9,42,263,76.0
UAB,full,9,42,264,76.0
UAB,full,9,42,265,77.0
UAB,full,9,42,266,77.0
UAB,full,9,42,267,77.0
UAB,full,9,42,268,77.0
UAB,full,9,42,269,78.0
UAB,full,9,42,270,78.0
UAB,full,9,42,271,78.0
UAB,full,9,42,272,78.0
UAB,full,9,42,273,79.0
UAB,full,9,42,274,79.0
UAB,full,9,42,275,79.0
UAB,full,9,42,276,79.0
UAB,full,9,42,277,79.0
UAB,full,9,42,278,79.0
UAB,full,9,42,279,79.0
UAB,full,9,42,280,80.0
UAB,full,9,42,281,80.0
UAB,full,9,42,282,81.0
UAB,full,9,42,283,82.0
UAB,full,9,42,284,82.0
UAB,full,9,42,285,82.0
UAB,full,9,42,286,82.0
UAB,full,9,42,287,82.0
UAB,full,9,42,288,83.0
UAB,full,9,42,289,84.0
UAB,full,9,42,290,84.0
UAB,full,9,42,291,84.0
UAB,full,9,42,292,84.0
UAB,full,9,42,293,84.0
UAB,full,9,42,294,85.0
UAB,full,9,42,295,86.0
UAB,full,9,42,296,87.0
UAB,full,9,42,297,88.0
UAB,full,9,42,298,88.0
UAB,full,9,42,299,88.0
UAB,full,9,42,300,88.0
UAB,full,9,42,301,89.0
UAB,full,9,42,302,90.0
UAB,full,9,42,303,90.0
UAB,full,9,42,304,90.0
UAB,full,9,42,305,90.0
UAB,full,9,42,306,90.0
UAB,full,9,42,307,91.0
UAB,full,9,42,308,91.0
UAB,full,9,42,309,91.0
UAB,full,9,42,310,91.0
UAB,full,9,42,311,91.0
UAB,full,9,42,312,92.0
UAB,full,9,42,313,92.0
UAB,full,9,42,314,93.0
UAB,full,9,42,315,93.0
UAB,full,9,42,316,93.0
UAB,full,9,42,317,93.0
UAB,full,9,42,318,94.0
UAB,full,9,42,319,94.0
UAB,full,9,42,320,94.0
UAB,full,9,42,321,94.0
UAB,full,9,42,322,94.0
UAB,full,9,42,323,94.0
UAB,full,9,42,324,94.0
UAB,full,9,42,325,94.0
UAB,full,9,42,326,94.0
UAB,full,9,42,327,94.0
UAB,full,9,42,328,95.0
UAB,full,9,42,329,96.0
UAB,full,9,42,330,96.0
UAB,full,9,42,331,96.0
UAB,full,9,42,332,97.0
UAB,full,9,42,333,97.0
UAB,full,9,42,334,97.0
UAB,full,9,42,335,97.0
UAB,full,9,42,336,98.0
UAB,full,9,42,337,99.0
UAB,full,9,42,338,99.0
UAB,full,9,42,339,99.0
UAB,full,9,42,340,100.0
UAB,full,9,42,341,100.0
UAB,full,9,42,342,100.0
UAB,full,9,42,343,101.0
UAB,full,9,42,344,101.0
UAB,full,9,42,345,101.0
UAB,full,9,42,346,102.0
UAB,full,9,42,347,102.0
UAB,full,9,42,348,103.0
UAB,full,9,42,349,103.0
UAB,full,9,42,350,103.0
UAB,full,9,42,351,104.0
UAB,full,9,42,352,104.0
UAB,full,9,42,353,104.0
UAB,full,9,42,354,104.0
UAB,full,9,42,355,105.0
UAB,full,9,42,356,105.0
UAB,full,9,42,357,105.0
UAB,full,9,42,358,106.0
UAB,full,9,42,359,106.0
UAB,full,9,42,360,106.0
UAB,full,9,42,361,106.0
UAB,full,9,42,362,107.0
UAB,full,9,42,363,107.0
UAB,full,9,42,364,107.0
UAB,full,9,42,365,108.0
UAB,full,9,42,366,108.0
UAB,full,9,42,367,108.0
UAB,full,9,42,368,108.0
UAB,full,9,42,369,108.0
UAB,full,9,42,370,109.0
UAB,full,9,42,371,109.0
UAB,full,9,42,372,110.0
UAB,full,9,42,373,111.0
UAB,full,9,42,374,111.0
UAB,full,9,42,375,111.0
UAB,full,9,42,376,111.0
UAB,full,9,42,377,112.0
UAB,full,9,42,378,112.0
UAB,full,9,42,379,112.0
UAB,full,9,42,380,112.0
UAB,full,9,42,381,112.0
UAB,full,9,42,382,112.0
UAB,full,9,42,383,112.0
UAB,full,9,42,384,113.0
UAB,full,9,42,385,114.0
UAB,full,9,42,386,114.0
UAB,full,9,42,387,114.0
UAB,full,9,42,388,114.0
UAB,full,9,42,389,114.0
UAB,full,9,42,390,114.0
UAB,full,9,42,391,114.0
UAB,full,9,42,392,114.0
UAB,full,9,42,393,114.0
UAB,full,9,42,394,114.0
UAB,full,9,42,395,115.0
UAB,full,9,42,396,115.0
UAB,full,9,42,397,115.0
UAB,full,9,42,398,115.0
UAB,full,9,42,399,115.0
UAB,full,9,42,400,115.0
UAB,full,9,42,401,115.0
UAB,full,9,42,402,115.0
UAB,full,9,42,403,115.0
UAB,full,9,42,404,115.0
UAB,full,9,42,405,115.0
UAB,full,9,42,406,115.0
UAB,full,9,42,407,116.0
UAB,full,9,42,408,116.0
UAB,full,9,42,409,116.0
UAB,full,9,42,410,116.0
UAB,full,9,42,411,116.0
UAB,full,9,42,412,116.0
UAB,full,9,42,413,116.0
UAB,full,9,42,414,116.0
UAB,full,9,42,415,116.0
UAB,full,9,42,416,116.0
UAB,full,9,42,417,116.0
UAB,full,9,42,418,116.0
UAB,full,9,42,419,116.0
UAB,full,9,42,420,116.0
UAB,full,9,42,421,116.0
UAB,full,9,42,422,116.0
UAB,full,9,42,423,116.0
UAB,full,9,42,424,116.0
UAB,full,9,42,425,116.0
UAB,full,9,42,426,116.0
UAB,full,9,42,427,116.0
UAB,full,9,42,428,116.0
UAB,full,9,42,429,116.0
UAB,full,9,42,430,117.0
UAB,full,9,42,431,117.0
UAB,full,9,42,432,117.0
UAB,full,9,42,433,117.0
UAB,full,9,42,434,118.0
UAB,full,9,42,435,119.0
UAB,full,9,42,436,119.0
UAB,full,9,42,437,119.0
UAB,full,9,42,438,120.0
UAB,full,9,42,439,120.0
UAB,full,9,42,440,121.0
UAB,full,9,42,441,122.0
UAB,full,9,42,442,122.0
UAB,full,9,42,443,122.0
UAB,full,9,42,444,122.0
UAB,full,9,42,445,122.0
UAB,full,9,42,446,123.0
UAB,full,9,42,447,124.0
UAB,full,9,42,448,124.0
UAB,full,9,42,449,125.0
UAB,full,9,42,450,126.0
UAB,full,9,42,451,126.0
UAB,full,9,42,452,126.0
UAB,full,9,42,453,126.0
UAB,full,9,42,454,126.0
UAB,full,9,42,455,127.0
UAB,full,9,42,456,127.0
UAB,full,9,42,457,127.0
UAB,full,9,42,458,127.0
UAB,full,9,42,459,128.0
UAB,full,9,42,460,128.0
UAB,full,9,42,461,128.0
UAB,full,9,42,462,129.0
UAB,full,9,42,463,129.0
UAB,full,9,42,464,129.0
UAB,full,9,42,465,129.0
UAB,full,9,42,466,129.0
UAB,full,9,42,467,129.0
UAB,full,9,42,468,130.0
UAB,full,9,42,469,130.0
UAB,full,9,42,470,130.0
UAB,full,9,42,471,130.0
UAB,full,9,42,472,130.0
UAB,full,9,42,473,130.0
UAB,full,9,42,474,130.0
UAB,full,9,42,475,130.0
UAB,full,9,42,476,130.0
UAB,full,9,42,477,131.0
UAB,full,9,42,478,132.0
UAB,full,9,42,479,132.0
UAB,full,9,42,480,133.0
UAB,full,9,42,481,133.0
UAB,full,9,42,482,133.0
UAB,full,9,42,483,134.0
UAB,full,9,42,484,134.0
UAB,full,9,42,485,135.0
UAB,full,9,42,486,135.0
UAB,full,9,42,487,135.0
UAB,full,9,42,488,135.0
UAB,full,9,42,489,135.0
UAB,full,9,42,490,135.0
UAB,full,9,42,491,135.0
UAB,full,9,42,492,136.0
UAB,full,9,42,493,136.0
UAB,full,9,42,494,136.0
UAB,full,9,42,495,137.0
UAB,full,9,42,496,137.0
UAB,full,9,42,497,137.0
UAB,full,9,42,498,137.0
UAB,full,9,42,499,137.0
UAB,full,9,42,500,137.0
UAB,full,9,42,501,137.0
UAB,full,9,42,502,137.0
UAB,full,9,42,503,137.0
UAB,full,9,42,504,137.0
UAB,full,9,42,505,138.0
UAB,full,9,42,506,138.0
UAB,full,9,42,507,139.0
UAB,full,9,42,508,139.0
UAB,full,9,42,509,139.0
UAB,full,9,42,510,140.0
UAB,full,9,42,511,140.0
UAB,full,9,42,512,140.0
UAB,full,9,42,513,141.0
UAB,full,9,42,514,141.0
UAB,full,9,42,515,141.0
UAB,full,9,42,516,141.0
UAB,full,10,42,0,0.0
UAB,full,10,42,1,0.0
UAB,full,10,42,2,0.0
UAB,full,10,42,3,0.0
UAB,full,10,42,4,1.0
UAB,full,10,42,5,1.0
UAB,full,10,42,6,2.0
UAB,full,10,42,7,2.0
UAB,full,10,42,8,2.0
UAB,full,10,42,9,3.0
UAB,full,10,42,10,3.0
UAB,full,10,42,11,3.0
UAB,full,10,42,12,3.0
UAB,full,10,42,13,3.0
UAB,full,10,42,14,3.0
UAB,full,10,42,15,3.0
UAB,full,10,42,16,3.0
UAB,full,10,42,17,3.0
UAB,full,10,42,18,3.0
UAB,full,10,42,19,3.0
UAB,full,10,42,20,3.0
UAB,full,10,42,21,3.0
UAB,full,10,42,22,3.0
UAB,full,10,42,23,3.0
UAB,full,10,42,24,3.0
UAB,full,10,42,25,3.0
UAB,full,10,42,26,4.0
UAB,full,10,42,27,4.0
UAB,full,10,42,28,4.0
UAB,full,10,42,29,4.0
UAB,full,10,42,30,4.0
UAB,full,10,42,31,4.0
UAB,full,10,42,32,4.0
UAB,full,10,42,33,4.0
UAB,full,10,42,34,5.0
UAB,full,10,42,35,5.0
UAB,full,10,42,36,6.0
UAB,full,10,42,37,6.0
UAB,full,10,42,38,6.0
UAB,full,10,42,39,7.0
UAB,full,10,42,40,7.0
UAB,full,10,42,41,7.0
UAB,full,10,42,42,7.0
UAB,full,10,42,43,7.0
UAB,full,10,42,44,7.0
UAB,full,10,42,45,7.0
UAB,full,10,42,46,7.0
UAB,full,10,42,47,7.0
UAB,full,10,42,48,7.0
UAB,full,10,42,49,7.0
UAB,full,10,42,50,7.0
UAB,full,10,42,51,8.0
UAB,full,10,42,52,8.0
UAB,full,10,42,53,8.0
UAB,full,10,42,54,8.0
UAB,full,10,42,55,8.0
UAB,full,10,42,56,8.0
UAB,full,10,42,57,8.0
UAB,full,10,42,58,8.0
UAB,full,10,42,59,8.0
UAB,full,10,42,60,8.0
UAB,full,10,42,61,8.0
UAB,full,10,42,62,8.0
UAB,full,10,42,63,8.0
UAB,full,10,42,64,8.0
UAB,full,10,42,65,9.0
UAB,full,10,42,66,10.0
UAB,full,10,42,67,10.0
UAB,full,10,42,68,10.0
UAB,full,10,42,69,10.0
UAB,full,10,42,70,10.0
UAB,full,10,42,71,11.0
UAB,full,10,42,72,11.0
UAB,full,10,42,73,11.0
UAB,full,10,42,74,11.0
UAB,full,10,42,75,11.0
UAB,full,10,42,76,11.0
UAB,full,10,42,77,11.0
UAB,full,10,42,78,12.0
UAB,full,10,42,79,13.0
UAB,full,10,42,80,14.0
UAB,full,10,42,81,15.0
UAB,full,10,42,82,15.0
UAB,full,10,42,83,15.0
UAB,full,10,42,84,15.0
UAB,full,10,42,85,15.0
UAB,full,10,42,86,15.0
UAB,full,10,42,87,15.0
UAB,full,10,42,88,15.0
UAB,full,10,42,89,16.0
UAB,full,10,42,90,17.0
UAB,full,10,42,91,18.0
UAB,full,10,42,92,18.0
UAB,full,10,42,93,19.0
UAB,full,10,42,94,19.0
UAB,full,10,42,95,20.0
UAB,full,10,42,96,20.0
UAB,full,10,42,97,20.0
UAB,full,10,42,98,20.0
UAB,full,10,42,99,20.0
UAB,full,10,42,100,21.0
UAB,full,10,42,101,21.0
UAB,full,10,42,102,21.0
UAB,full,10,42,103,22.0
UAB,full,10,42,104,23.0
UAB,full,10,42,105,23.0
UAB,full,10,42,106,23.0
UAB,full,10,42,107,23.0
UAB,full,10,42,108,24.0
UAB,full,10,42,109,24.0
UAB,full,10,42,110,24.0
UAB,full,10,42,111,24.0
UAB,full,10,42,112,24.0
UAB,full,10,42,113,24.0
UAB,full,10,42,114,24.0
UAB,full,10,42,115,25.0
UAB,full,10,42,116,25.0
UAB,full,10,42,117,26.0
UAB,full,10,42,118,26.0
UAB,full,10,42,119,27.0
UAB,full,10,42,120,27.0
UAB,full,10,42,121,27.0
UAB,full,10,42,122,27.0
UAB,full,10,42,123,27.0
UAB,full,10,42,124,27.0
UAB,full,10,42,125,27.0
UAB,full,10,42,126,27.0
UAB,full,10,42,127,27.0
UAB,full,10,42,128,27.0
UAB,full,10,42,129,27.0
UAB,full,10,42,130,27.0
UAB,full,10,42,131,28.0
UAB,full,10,42,132,28.0
UAB,full,10,42,133,28.0
UAB,full,10,42,134,28.0
UAB,full,10,42,135,28.0
UAB,full,10,42,136,28.0
UAB,full,10,42,137,28.0
UAB,full,10,42,138,28.0
UAB,full,10,42,139,28.0
UAB,full,10,42,140,28.0
UAB,full,10,42,141,28.0
UAB,full,10,42,142,28.0
UAB,full,10,42,143,29.0
UAB,full,10,42,144,29.0
UAB,full,10,42,145,29.0
UAB,full,10,42,146,30.0
UAB,full,10,42,147,30.0
UAB,full,10,42,148,30.0
UAB,full,10,42,149,30.0
UAB,full,10,42,150,30.0
UAB,full,10,42,151,30.0
UAB,full,10,42,152,30.0
UAB,full,10,42,153,30.0
UAB,full,10,42,154,30.0
UAB,full,10,42,155,30.0
UAB,full,10,42,156,31.0
UAB,full,10,42,157,31.0
UAB,full,10,42,158,31.0
UAB,full,10,42,159,31.0
UAB,full,10,42,160,31.0
UAB,full,10,42,161,31.0
UAB,full,10,42,162,32.0
UAB,full,10,42,163,32.0
UAB,full,10,42,164,32.0
UAB,full,10,42,165,32.0
UAB,full,10,42,166,32.0
UAB,full,10,42,167,32.0
UAB,full,10,42,168,32.0
UAB,full,10,42,169,32.0
UAB,full,10,42,170,32.0
UAB,full,10,42,171,32.0
UAB,full,10,42,172,32.0
UAB,full,10,42,173,33.0
UAB,full,10,42,174,33.0
UAB,full,10,42,175,33.0
UAB,full,10,42,176,33.0
UAB,full,10,42,177,34.0
UAB,full,10,42,178,34.0
UAB,full,10,42,179,34.0
UAB,full,10,42,180,34.0
UAB,full,10,42,181,34.0
UAB,full,10,42,182,34.0
UAB,full,10,42,183,34.0
UAB,full,10,42,184,34.0
UAB,full,10,42,185,34.0
UAB,full,10,42,186,35.0
UAB,full,10,42,187,35.0
UAB,full,10,42,188,35.0
UAB,full,10,42,189,35.0
UAB,full,10,42,190,35.0
UAB,full,10,42,191,35.0
UAB,full,10,42,192,35.0
UAB,full,10,42,193,35.0
UAB,full,10,42,194,35.0
UAB,full,10,42,195,35.0
UAB,full,10,42,196,36.0
UAB,full,10,42,197,36.0
UAB,full,10,42,198,36.0
UAB,full,10,42,199,36.0
UAB,full,10,42,200,37.0
UAB,full,10,42,201,37.0
UAB,full,10,42,202,37.0
UAB,full,10,42,203,37.0
UAB,full,10,42,204,37.0
UAB,full,10,42,205,37.0
UAB,full,10,42,206,37.0
UAB,full,10,42,207,37.0
UAB,full,10,42,208,37.0
UAB,full,10,42,209,37.0
UAB,full,10,42,210,37.0
UAB,full,10,42,211,37.0
UAB,full,10,42,212,37.0
UAB,full,10,42,213,38.0
UAB,full,10,42,214,38.0
UAB,full,10,42,215,38.0
UAB,full,10,42,216,38.0
UAB,full,10,42,217,38.0
UAB,full,10,42,218,39.0
UAB,full,10,42,219,39.0
UAB,full,10,42,220,39.0
UAB,full,10,42,221,39.0
UAB,full,10,42,222,39.0
UAB,full,10,42,223,39.0
UAB,full,10,42,224,39.0
UAB,full,10,42,225,40.0
UAB,full,10,42,226,41.0
UAB,full,10,42,227,41.0
UAB,full,10,42,228,42.0
UAB,full,10,42,229,42.0
UAB,full,10,42,230,42.0
UAB,full,10,42,231,42.0
UAB,full,10,42,232,42.0
UAB,full,10,42,233,42.0
UAB,full,10,42,234,42.0
UAB,full,10,42,235,42.0
UAB,full,10,42,236,42.0
UAB,full,10,42,237,42.0
UAB,full,10,42,238,42.0
UAB,full,10,42,239,42.0
UAB,full,10,42,240,42.0
UAB,full,10,42,241,42.0
UAB,full,10,42,242,42.0
UAB,full,10,42,243,42.0
UAB,full,10,42,244,42.0
UAB,full,10,42,245,42.0
UAB,full,10,42,246,43.0
UAB,full,10,42,247,43.0
UAB,full,10,42,248,43.0
UAB,full,10,42,249,43.0
UAB,full,10,42,250,43.0
UAB,full,10,42,251,43.0
UAB,full,10,42,252,43.0
UAB,full,10,42,253,43.0
UAB,full,10,42,254,43.0
UAB,full,10,42,255,43.0
UAB,full,10,42,256,43.0
UAB,full,10,42,257,44.0
UAB,full,10,42,258,44.0
UAB,full,10,42,259,45.0
UAB,full,10,42,260,45.0
UAB,full,10,42,261,46.0
UAB,full,10,42,262,46.0
UAB,full,10,42,263,46.0
UAB,full,10,42,264,46.0
UAB,full,10,42,265,46.0
UAB,full,10,42,266,46.0
UAB,full,10,42,267,46.0
UAB,full,10,42,268,47.0
UAB,full,10,42,269,47.0
UAB,full,10,42,270,47.0
UAB,full,10,42,271,47.0
UAB,full,10,42,272,47.0
UAB,full,10,42,273,48.0
UAB,full,10,42,274,49.0
UAB,full,10,42,275,49.0
UAB,full,10,42,276,49.0
UAB,full,10,42,277,49.0
UAB,full,10,42,278,49.0
UAB,full,10,42,279,49.0
UAB,full,10,42,280,49.0
UAB,full,10,42,281,49.0
UAB,full,10,42,282,49.0
UAB,full,10,42,283,49.0
UAB,full,10,42,284,50.0
UAB,full,10,42,285,50.0
UAB,full,10,42,286,50.0
UAB,full,10,42,287,50.0
UAB,full,10,42,288,51.0
UAB,full,10,42,289,52.0
UAB,full,10,42,290,52.0
UAB,full,10,42,291,52.0
UAB,full,10,42,292,52.0
UAB,full,10,42,293,52.0
UAB,full,10,42,294,52.0
UAB,full,10,42,295,52.0
UAB,full,10,42,296,52.0
UAB,full,10,42,297,52.0
UAB,full,10,42,298,52.0
UAB,full,10,42,299,52.0
UAB,full,10,42,300,52.0
UAB,full,10,42,301,53.0
UAB,full,10,42,302,53.0
UAB,full,10,42,303,53.0
UAB,full,10,42,304,54.0
UAB,full,10,42,305,54.0
UAB,full,10,42,306,54.0
UAB,full,10,42,307,54.0
UAB,full,10,42,308,54.0
UAB,full,10,42,309,54.0
UAB,full,10,42,310,54.0
UAB,full,10,42,311,54.0
UAB,full,10,42,312,54.0
UAB,full,10,42,313,54.0
UAB,full,10,42,314,54.0
UAB,full,10,42,315,54.0
UAB,full,10,42,316,55.0
UAB,full,10,42,317,56.0
UAB,full,10,42,318,56.0
UAB,full,10,42,319,56.0
UAB,full,10,42,320,56.0
UAB,full,10,42,321,56.0
UAB,full,10,42,322,57.0
UAB,full,10,42,323,57.0
UAB,full,10,42,324,57.0
UAB,full,10,42,325,57.0
UAB,full,10,42,326,57.0
UAB,full,10,42,327,57.0
UAB,full,10,42,328,57.0
UAB,full,10,42,329,57.0
UAB,full,10,42,330,57.0
UAB,full,10,42,331,57.0
UAB,full,10,42,332,57.0
UAB,full,10,42,333,57.0
UAB,full,10,42,334,57.0
UAB,full,10,42,335,58.0
UAB,full,10,42,336,58.0
UAB,full,10,42,337,58.0
UAB,full,10,42,338,58.0
UAB,full,10,42,339,59.0
UAB,full,10,42,340,59.0
UAB,full,10,42,341,59.0
UAB,full,10,42,342,60.0
UAB,full,10,42,343,60.0
UAB,full,10,42,344,60.0
UAB,full,10,42,345,60.0
UAB,full,10,42,346,60.0
UAB,full,10,42,347,60.0
UAB,full,10,42,348,60.0
UAB,full,10,42,349,60.0
UAB,full,10,42,350,61.0
UAB,full,10,42,351,61.0
UAB,full,10,42,352,61.0
UAB,full,10,42,353,62.0
UAB,full,10,42,354,62.0
UAB,full,10,42,355,62.0
UAB,full,10,42,356,62.0
UAB,full,10,42,357,62.0
UAB,full,10,42,358,62.0
UAB,full,10,42,359,62.0
UAB,full,10,42,360,62.0
UAB,full,10,42,361,62.0
UAB,full,10,42,362,62.0
UAB,full,10,42,363,63.0
UAB,full,10,42,364,63.0
UAB,full,10,42,365,64.0
UAB,full,10,42,366,64.0
UAB,full,10,42,367,64.0
UAB,full,10,42,368,64.0
UAB,full,10,42,369,64.0
UAB,full,10,42,370,64.0
UAB,full,10,42,371,64.0
UAB,full,10,42,372,64.0
UAB,full,10,42,373,64.0
UAB,full,10,42,374,65.0
UAB,full,10,42,375,65.0
UAB,full,10,42,376,65.0
UAB,full,10,42,377,65.0
UAB,full,10,42,378,65.0
UAB,full,10,42,379,65.0
UAB,full,10,42,380,65.0
UAB,full,10,42,381,66.0
UAB,full,10,42,382,66.0
UAB,full,10,42,383,66.0
UAB,full,10,42,384,66.0
UAB,full,10,42,385,66.0
UAB,full,10,42,386,66.0
UAB,full,10,42,387,66.0
UAB,full,10,42,388,66.0
UAB,full,10,42,389,66.0
UAB,full,10,42,390,67.0
UAB,full,10,42,391,67.0
UAB,full,10,42,392,67.0
UAB,full,10,42,393,67.0
UAB,full,10,42,394,67.0
UAB,full,10,42,395,67.0
UAB,full,10,42,396,67.0
UAB,full,10,42,397,67.0
UAB,full,10,42,398,67.0
UAB,full,10,42,399,68.0
UAB,full,10,42,400,68.0
UAB,full,10,42,401,68.0
UAB,full,10,42,402,68.0
UAB,full,10,42,403,68.0
UAB,full,10,42,404,68.0
UAB,full,10,42,405,68.0
UAB,full,10,42,406,68.0
UAB,full,10,42,407,68.0
UAB,full,10,42,408,68.0
UAB,full,10,42,409,68.0
UAB,full,10,42,410,68.0
UAB,full,10,42,411,68.0
UAB,full,10,42,412,68.0
UAB,full,10,42,413,69.0
UAB,full,10,42,414,69.0
UAB,full,10,42,415,69.0
UAB,full,10,42,416,69.0
UAB,full,10,42,417,69.0
UAB,full,10,42,418,69.0
UAB,full,10,42,419,69.0
UAB,full,10,42,420,70.0
UAB,full,10,42,421,70.0
UAB,full,10,42,422,70.0
UAB,full,10,42,423,70.0
UAB,full,10,42,424,71.0
UAB,full,10,42,425,71.0
UAB,full,10,42,426,71.0
UAB,full,10,42,427,71.0
UAB,full,10,42,428,71.0
UAB,full,10,42,429,71.0
UAB,full,10,42,430,72.0
UAB,full,10,42,431,72.0
UAB,full,10,42,432,72.0
UAB,full,10,42,433,72.0
UAB,full,10,42,434,73.0
UAB,full,10,42,435,73.0
UAB,full,10,42,436,73.0
UAB,full,10,42,437,74.0
UAB,full,10,42,438,74.0
UAB,full,10,42,439,74.0
UAB,full,10,42,440,75.0
UAB,full,10,42,441,76.0
UAB,full,10,42,442,76.0
UAB,full,10,42,443,76.0
UAB,full,10,42,444,77.0
UAB,full,10,42,445,77.0
UAB,full,10,42,446,78.0
UAB,full,10,42,447,78.0
UAB,full,10,42,448,78.0
UAB,full,10,42,449,78.0
UAB,full,10,42,450,78.0
UAB,full,10,42,451,78.0
UAB,full,10,42,452,78.0
UAB,full,10,42,453,78.0
UAB,full,10,42,454,78.0
UAB,full,10,42,455,78.0
UAB,full,10,42,456,78.0
UAB,full,10,42,457,78.0
UAB,full,10,42,458,78.0
UAB,full,10,42,459,78.0
UAB,full,10,42,460,79.0
UAB,full,10,42,461,79.0
UAB,full,10,42,462,79.0
UAB,full,10,42,463,80.0
UAB,full,10,42,464,80.0
UAB,full,10,42,465,80.0
UAB,full,10,42,466,80.0
UAB,full,10,42,467,80.0
UAB,full,10,42,468,80.0
UAB,full,10,42,469,80.0
UAB,full,10,42,470,81.0
UAB,full,10,42,471,82.0
UAB,full,10,42,472,83.0
UAB,full,10,42,473,83.0
UAB,full,10,42,474,83.0
UAB,full,10,42,475,83.0
UAB,full,10,42,476,83.0
UAB,full,10,42,477,83.0
UAB,full,10,42,478,83.0
UAB,full,10,42,479,84.0
UAB,full,10,42,480,84.0
UAB,full,10,42,481,84.0
UAB,full,10,42,482,84.0
UAB,full,10,42,483,84.0
UAB,full,10,42,484,84.0
UAB,full,10,42,485,84.0
UAB,full,10,42,486,84.0
UAB,full,10,42,487,84.0
UAB,full,10,42,488,84.0
UAB,full,10,42,489,84.0
UAB,full,10,42,490,84.0
UAB,full,10,42,491,84.0
UAB,full,10,42,492,84.0
UAB,full,10,42,493,84.0
UAB,full,10,42,494,84.0
UAB,full,10,42,495,84.0
UAB,full,10,42,496,84.0
UAB,full,10,42,497,84.0
UAB,full,10,42,498,85.0
UAB,full,10,42,499,85.0
UAB,full,10,42,500,85.0
UAB,full,10,42,501,86.0
UAB,full,10,42,502,86.0
UAB,full,10,42,503,86.0
UAB,full,10,42,504,87.0
UAB,full,11,42,0,0.0
UAB,full,11,42,1,0.0
UAB,full,11,42,2,0.0
UAB,full,11,42,3,0.0
UAB,full,11,42,4,0.0
UAB,full,11,42,5,0.0
UAB,full,11,42,6,0.0
UAB,full,11,42,7,0.0
UAB,full,11,42,8,0.0
UAB,full,11,42,9,0.0
UAB,full,11,42,10,0.0
UAB,full,11,42,11,0.0
UAB,full,11,42,12,0.0
UAB,full,11,42,13,0.0
UAB,full,11,42,14,0.0
UAB,full,11,42,15,0.0
UAB,full,11,42,16,0.0
UAB,full,11,42,17,0.0
UAB,full,11,42,18,0.0
UAB,full,11,42,19,0.0
UAB,full,11,42,20,0.0
UAB,full,11,42,21,0.0
UAB,full,11,42,22,1.0
UAB,full,11,42,23,1.0
UAB,full,11,42,24,1.0
UAB,full,11,42,25,1.0
UAB,full,11,42,26,1.0
UAB,full,11,42,27,1.0
UAB,full,11,42,28,1.0
UAB,full,11,42,29,1.0
UAB,full,11,42,30,1.0
UAB,full,11,42,31,2.0
UAB,full,11,42,32,2.0
UAB,full,11,42,33,2.0
UAB,full,11,42,34,2.0
UAB,full,11,42,35,2.0
UAB,full,11,42,36,2.0
UAB,full,11,42,37,2.0
UAB,full,11,42,38,2.0
UAB,full,11,42,39,2.0
UAB,full,11,42,40,2.0
UAB,full,11,42,41,2.0
UAB,full,11,42,42,2.0
UAB,full,11,42,43,2.0
UAB,full,11,42,44,2.0
UAB,full,11,42,45,2.0
UAB,full,11,42,46,2.0
UAB,full,11,42,47,3.0
UAB,full,11,42,48,3.0
UAB,full,11,42,49,3.0
UAB,full,11,42,50,3.0
UAB,full,11,42,51,4.0
UAB,full,11,42,52,4.0
UAB,full,11,42,53,4.0
UAB,full,11,42,54,4.0
UAB,full,11,42,55,4.0
UAB,full,11,42,56,4.0
UAB,full,11,42,57,4.0
UAB,full,11,42,58,4.0
UAB,full,11,42,59,4.0
UAB,full,11,42,60,4.0
UAB,full,11,42,61,4.0
UAB,full,11,42,62,4.0
UAB,full,11,42,63,4.0
UAB,full,11,42,64,4.0
UAB,full,11,42,65,4.0
UAB,full,11,42,66,4.0
UAB,full,11,42,67,4.0
UAB,full,11,42,68,4.0
UAB,full,11,42,69,4.0
UAB,full,11,42,70,4.0
UAB,full,11,42,71,4.0
UAB,full,11,42,72,4.0
UAB,full,11,42,73,4.0
UAB,full,11,42,74,4.0
UAB,full,11,42,75,4.0
UAB,full,11,42,76,4.0
UAB,full,11,42,77,4.0
UAB,full,11,42,78,4.0
UAB,full,11,42,79,4.0
UAB,full,11,42,80,4.0
UAB,full,11,42,81,4.0
UAB,full,11,42,82,4.0
UAB,full,11,42,83,4.0
UAB,full,11,42,84,4.0
UAB,full,11,42,85,4.0
UAB,full,11,42,86,4.0
UAB,full,11,42,87,4.0
UAB,full,11,42,88,4.0
UAB,full,11,42,89,4.0
UAB,full,11,42,90,4.0
UAB,full,11,42,91,5.0
UAB,full,11,42,92,5.0
UAB,full,11,42,93,6.0
UAB,full,11,42,94,6.0
UAB,full,11,42,95,6.0
UAB,full,11,42,96,6.0
UAB,full,11,42,97,6.0
UAB,full,11,42,98,6.0
UAB,full,11,42,99,6.0
UAB,full,11,42,100,6.0
UAB,full,11,42,101,6.0
UAB,full,11,42,102,6.0
UAB,full,11,42,103,6.0
UAB,full,11,42,104,7.0
UAB,full,11,42,105,7.0
UAB,full,11,42,106,7.0
UAB,full,11,42,107,7.0
UAB,full,11,42,108,7.0
UAB,full,11,42,109,7.0
UAB,full,11,42,110,7.0
UAB,full,11,42,111,7.0
UAB,full,11,42,112,7.0
UAB,full,11,42,113,7.0
UAB,full,11,42,114,7.0
UAB,full,11,42,115,7.0
UAB,full,11,42,116,7.0
UAB,full,11,42,117,7.0
UAB,full,11,42,118,7.0
UAB,full,11,42,119,7.0
UAB,full,11,42,120,7.0
UAB,full,11,42,121,7.0
UAB,full,11,42,122,7.0
UAB,full,11,42,123,7.0
UAB,full,11,42,124,7.0
UAB,full,11,42,125,7.0
UAB,full,11,42,126,7.0
UAB,full,11,42,127,7.0
UAB,full,11,42,128,7.0
UAB,full,11,42,129,7.0
UAB,full,11,42,130,7.0
UAB,full,11,42,131,7.0
UAB,full,11,42,132,7.0
UAB,full,11,42,133,7.0
UAB,full,11,42,134,7.0
UAB,full,11,42,135,7.0
UAB,full,11,42,136,8.0
UAB,full,11,42,137,9.0
UAB,full,11,42,138,9.0
UAB,full,11,42,139,9.0
UAB,full,11,42,140,9.0
UAB,full,11,42,141,9.0
UAB,full,11,42,142,9.0
UAB,full,11,42,143,9.0
UAB,full,11,42,144,9.0
UAB,full,11,42,145,9.0
UAB,full,11,42,146,9.0
UAB,full,11,42,147,9.0
UAB,full,11,42,148,9.0
UAB,full,11,42,149,10.0
UAB,full,11,42,150,10.0
UAB,full,11,42,151,10.0
UAB,full,11,42,152,11.0
UAB,full,11,42,153,11.0
UAB,full,11,42,154,12.0
UAB,full,11,42,155,12.0
UAB,full,11,42,156,12.0
UAB,full,11,42,157,12.0
UAB,full,11,42,158,12.0
UAB,full,11,42,159,12.0
UAB,full,11,42,160,12.0
UAB,full,11,42,161,12.0
UAB,full,11,42,162,12.0
UAB,full,11,42,163,12.0
UAB,full,11,42,164,12.0
UAB,full,11,42,165,12.0
UAB,full,11,42,166,12.0
UAB,full,11,42,167,12.0
UAB,full,11,42,168,12.0
UAB,full,11,42,169,12.0
UAB,full,11,42,170,13.0
UAB,full,11,42,171,13.0
UAB,full,11,42,172,13.0
UAB,full,11,42,173,13.0
UAB,full,11,42,174,13.0
UAB,full,11,42,175,13.0
UAB,full,11,42,176,13.0
UAB,full,11,42,177,13.0
UAB,full,11,42,178,13.0
UAB,full,11,42,179,13.0
UAB,full,11,42,180,13.0
UAB,full,11,42,181,14.0
UAB,full,11,42,182,14.0
UAB,full,11,42,183,14.0
UAB,full,11,42,184,14.0
UAB,full,11,42,185,14.0
UAB,full,11,42,186,14.0
UAB,full,11,42,187,14.0
UAB,full,11,42,188,14.0
UAB,full,11,42,189,14.0
UAB,full,11,42,190,14.0
UAB,full,11,42,191,14.0
UAB,full,11,42,192,14.0
UAB,full,11,42,193,14.0
UAB,full,11,42,194,14.0
UAB,full,11,42,195,15.0
UAB,full,11,42,196,15.0
UAB,full,11,42,197,16.0
UAB,full,11,42,198,16.0
UAB,full,11,42,199,16.0
UAB,full,11,42,200,16.0
UAB,full,11,42,201,16.0
UAB,full,11,42,202,16.0
UAB,full,11,42,203,16.0
UAB,full,11,42,204,17.0
UAB,full,11,42,205,17.0
UAB,full,11,42,206,17.0
UAB,full,11,42,207,18.0
UAB,full,11,42,208,19.0
UAB,full,11,42,209,19.0
UAB,full,11,42,210,19.0
UAB,full,11,42,211,19.0
UAB,full,11,42,212,19.0
UAB,full,11,42,213,19.0
UAB,full,11,42,214,19.0
UAB,full,11,42,215,19.0
UAB,full,11,42,216,19.0
UAB,full,11,42,217,19.0
UAB,full,11,42,218,19.0
UAB,full,11,42,219,20.0
UAB,full,11,42,220,20.0
UAB,full,11,42,221,20.0
UAB,full,11,42,222,20.0
UAB,full,11,42,223,20.0
UAB,full,11,42,224,20.0
UAB,full,11,42,225,20.0
UAB,full,11,42,226,20.0
UAB,full,11,42,227,20.0
UAB,full,11,42,228,20.0
UAB,full,11,42,229,20.0
UAB,full,11,42,230,20.0
UAB,full,11,42,231,20.0
UAB,full,11,42,232,20.0
UAB,full,11,42,233,20.0
UAB,full,11,42,234,20.0
UAB,full,11,42,235,20.0
UAB,full,11,42,236,20.0
UAB,full,11,42,237,20.0
UAB,full,11,42,238,20.0
UAB,full,11,42,239,20.0
UAB,full,11,42,240,20.0
UAB,full,11,42,241,20.0
UAB,full,11,42,242,20.0
UAB,full,11,42,243,20.0
UAB,full,11,42,244,20.0
UAB,full,11,42,245,20.0
UAB,full,11,42,246,20.0
UAB,full,11,42,247,21.0
UAB,full,11,42,248,21.0
UAB,full,11,42,249,21.0
UAB,full,11,42,250,21.0
UAB,full,11,42,251,21.0
UAB,full,11,42,252,21.0
UAB,full,11,42,253,21.0
UAB,full,11,42,254,21.0
UAB,full,11,42,255,21.0
UAB,full,11,42,256,21.0
UAB,full,11,42,257,21.0
UAB,full,11,42,258,21.0
UAB,full,11,42,259,21.0
UAB,full,11,42,260,21.0
UAB,full,11,42,261,21.0
UAB,full,11,42,262,21.0
UAB,full,11,42,263,21.0
UAB,full,11,42,264,21.0
UAB,full,11,42,265,21.0
UAB,full,11,42,266,21.0
UAB,full,11,42,267,21.0
UAB,full,11,42,268,21.0
UAB,full,11,42,269,21.0
UAB,full,11,42,270,21.0
UAB,full,11,42,271,21.0
UAB,full,11,42,272,21.0
UAB,full,11,42,273,21.0
UAB,full,11,42,274,21.0
UAB,full,11,42,275,21.0
UAB,full,11,42,276,21.0
UAB,full,11,42,277,21.0
UAB,full,11,42,278,21.0
UAB,full,11,42,279,21.0
UAB,full,11,42,280,21.0
UAB,full,11,42,281,21.0
UAB,full,11,42,282,21.0
UAB,full,11,42,283,21.0
UAB,full,11,42,284,21.0
UAB,full,11,42,285,21.0
UAB,full,11,42,286,21.0
UAB,full,11,42,287,21.0
UAB,full,11,42,288,21.0
UAB,full,11,42,289,21.0
UAB,full,11,42,290,22.0
UAB,full,11,42,291,22.0
UAB,full,11,42,292,22.0
UAB,full,11,42,293,22.0
UAB,full,11,42,294,22.0
UAB,full,11,42,295,22.0
UAB,full,11,42,296,22.0
UAB,full,11,42,297,22.0
UAB,full,11,42,298,22.0
UAB,full,11,42,299,23.0
UAB,full,11,42,300,23.0
UAB,full,11,42,301,23.0
UAB,full,11,42,302,23.0
UAB,full,11,42,303,23.0
UAB,full,11,42,304,23.0
UAB,full,11,42,305,23.0
UAB,full,11,42,306,23.0
UAB,full,11,42,307,23.0
UAB,full,11,42,308,23.0
UAB,full,11,42,309,23.0
UAB,full,11,42,310,23.0
UAB,full,11,42,311,23.0
UAB,full,11,42,312,23.0
UAB,full,11,42,313,23.0
UAB,full,11,42,314,23.0
UAB,full,11,42,315,23.0
UAB,full,11,42,316,23.0
UAB,full,11,42,317,23.0
UAB,full,11,42,318,23.0
UAB,full,11,42,319,23.0
UAB,full,11,42,320,24.0
UAB,full,11,42,321,24.0
UAB,full,11,42,322,24.0
UAB,full,11,42,323,24.0
UAB,full,11,42,324,24.0
UAB,full,11,42,325,25.0
UAB,full,11,42,326,25.0
UAB,full,11,42,327,25.0
UAB,full,11,42,328,25.0
UAB,full,11,42,329,26.0
UAB,full,11,42,330,26.0
UAB,full,11,42,331,26.0
UAB,full,11,42,332,26.0
UAB,full,11,42,333,26.0
UAB,full,11,42,334,26.0
UAB,full,11,42,335,26.0
UAB,full,11,42,336,26.0
UAB,full,11,42,337,26.0
UAB,full,11,42,338,26.0
UAB,full,11,42,339,26.0
UAB,full,11,42,340,26.0
UAB,full,11,42,341,26.0
UAB,full,11,42,342,27.0
UAB,full,11,42,343,27.0
UAB,full,11,42,344,27.0
UAB,full,11,42,345,27.0
UAB,full,11,42,346,28.0
UAB,full,11,42,347,28.0
UAB,full,11,42,348,28.0
UAB,full,11,42,349,28.0
UAB,full,11,42,350,28.0
UAB,full,11,42,351,28.0
UAB,full,11,42,352,28.0
UAB,full,11,42,353,28.0
UAB,full,11,42,354,28.0
UAB,full,11,42,355,28.0
UAB,full,11,42,356,28.0
UAB,full,11,42,357,28.0
UAB,full,11,42,358,28.0
UAB,full,11,42,359,28.0
UAB,full,11,42,360,28.0
UAB,full,11,42,361,28.0
UAB,full,11,42,362,28.0
UAB,full,11,42,363,28.0
UAB,full,11,42,364,28.0
UAB,full,11,42,365,28.0
UAB,full,11,42,366,28.0
UAB,full,11,42,367,29.0
UAB,full,11,42,368,29.0
UAB,full,11,42,369,30.0
UAB,full,11,42,370,30.0
UAB,full,11,42,371,30.0
UAB,full,11,42,372,30.0
UAB,full,11,42,373,30.0
UAB,full,11,42,374,30.0
UAB,full,11,42,375,30.0
UAB,full,11,42,376,30.0
UAB,full,11,42,377,30.0
UAB,full,11,42,378,30.0
UAB,full,11,42,379,30.0
UAB,full,11,42,380,30.0
UAB,full,11,42,381,30.0
UAB,full,11,42,382,30.0
UAB,full,11,42,383,30.0
UAB,full,11,42,384,30.0
UAB,full,11,42,385,30.0
UAB,full,11,42,386,30.0
UAB,full,11,42,387,30.0
UAB,full,11,42,388,30.0
UAB,full,11,42,389,30.0
UAB,full,11,42,390,30.0
UAB,full,11,42,391,30.0
UAB,full,11,42,392,30.0
UAB,full,11,42,393,30.0
UAB,full,11,42,394,30.0
UAB,full,11,42,395,30.0
UAB,full,11,42,396,30.0
UAB,full,11,42,397,30.0
UAB,full,11,42,398,30.0
UAB,full,11,42,399,30.0
UAB,full,11,42,400,30.0
UAB,full,11,42,401,30.0
UAB,full,11,42,402,30.0
UAB,full,11,42,403,30.0
UAB,full,11,42,404,30.0
UAB,full,11,42,405,30.0
UAB,full,11,42,406,30.0
UAB,full,11,42,407,30.0
UAB,full,11,42,408,31.0
UAB,full,11,42,409,31.0
UAB,full,11,42,410,31.0
UAB,full,11,42,411,31.0
UAB,full,11,42,412,31.0
UAB,full,11,42,413,31.0
UAB,full,11,42,414,31.0
UAB,full,11,42,415,31.0
UAB,full,11,42,416,31.0
UAB,full,11,42,417,31.0
UAB,full,11,42,418,31.0
UAB,full,11,42,419,31.0
UAB,full,11,42,420,31.0
UAB,full,11,42,421,31.0
UAB,full,11,42,422,31.0
UAB,full,11,42,423,31.0
UAB,full,11,42,424,31.0
UAB,full,11,42,425,31.0
UAB,full,11,42,426,31.0
UAB,full,11,42,427,31.0
UAB,full,11,42,428,31.0
UAB,full,11,42,429,31.0
UAB,full,11,42,430,31.0
UAB,full,11,42,431,31.0
UAB,full,11,42,432,31.0
UAB,full,11,42,433,31.0
UAB,full,11,42,434,31.0
UAB,full,11,42,435,31.0
UAB,full,11,42,436,31.0
UAB,full,11,42,437,31.0
UAB,full,11,42,438,31.0
UAB,full,11,42,439,31.0
UAB,full,11,42,440,31.0
UAB,full,11,42,441,31.0
UAB,full,11,42,442,31.0
UAB,full,11,42,443,31.0
UAB,full,11,42,444,31.0
UAB,full,11,42,445,31.0
UAB,full,11,42,446,31.0
UAB,full,11,42,447,31.0
UAB,full,11,42,448,31.0
UAB,full,11,42,449,31.0
UAB,full,11,42,450,31.0
UAB,full,11,42,451,31.0
UAB,full,11,42,452,31.0
UAB,full,11,42,453,31.0
UAB,full,11,42,454,31.0
UAB,full,11,42,455,31.0
UAB,full,11,42,456,31.0
UAB,full,11,42,457,31.0
UAB,full,11,42,458,31.0
UAB,full,11,42,459,31.0
UAB,full,11,42,460,31.0
UAB,full,11,42,461,31.0
UAB,full,11,42,462,31.0
UAB,full,11,42,463,31.0
UAB,full,11,42,464,31.0
UAB,full,11,42,465,31.0
UAB,full,11,42,466,31.0
UAB,full,11,42,467,31.0
UAB,full,11,42,468,31.0
UAB,full,11,42,469,31.0
UAB,full,11,42,470,31.0
UAB,full,11,42,471,31.0
UAB,full,11,42,472,31.0
UAB,full,11,42,473,31.0
UAB,full,11,42,474,31.0
UAB,full,11,42,475,31.0
UAB,full,11,42,476,31.0
UAB,full,11,42,477,31.0
UAB,full,11,42,478,31.0
UAB,full,11,42,479,31.0
UAB,full,11,42,480,31.0
UAB,full,11,42,481,31.0
UAB,full,11,42,482,31.0
UAB,full,11,42,483,31.0
UAB,full,11,42,484,31.0
UAB,full,11,42,485,31.0
UAB,full,11,42,486,31.0
UAB,full,11,42,487,31.0
UAB,full,11,42,488,31.0
UAB,full,11,42,489,31.0
UAB,full,11,42,490,31.0
UAB,full,11,42,491,31.0
UAB,full,11,42,492,31.0
UAB,full,11,42,493,31.0
UAB,full,11,42,494,32.0
UAB,full,11,42,495,32.0
UAB,full,11,42,496,32.0
UAB,full,11,42,497,33.0
UAB,full,11,42,498,33.0
UAB,full,11,42,499,33.0
UAB,full,11,42,500,34.0
UAB,full,11,42,501,34.0
UAB,full,11,42,502,34.0
UAB,full,11,42,503,34.0
UAB,full,11,42,504,34.0
UAB,full,11,42,505,34.0
UAB,full,11,42,506,35.0
UAB,full,11,42,507,35.0
UAB,full,11,42,508,35.0
UAB,full,11,42,509,35.0
UAB,full,11,42,510,35.0
UAB,full,11,42,511,35.0
UAB,full,11,42,512,35.0
UAB,full,11,42,513,35.0
UAB,full,11,42,514,35.0
UAB,full,11,42,515,35.0
UAB,full,11,42,516,35.0
UAB,full,11,42,517,35.0
UAB,full,11,42,518,35.0
UAB,full,11,42,519,35.0
UAB,full,11,42,520,35.0
UAB,full,11,42,521,35.0
UAB,full,11,42,522,35.0
UAB,full,11,42,523,35.0
UAB,full,11,42,524,35.0
UAB,full,11,42,525,35.0
UAB,full,11,42,526,35.0
UAB,full,11,42,527,35.0
UAB,full,11,42,528,35.0
UAB,full,11,42,529,35.0
UAB,full,11,42,530,35.0
UAB,full,11,42,531,35.0
UAB,full,11,42,532,35.0
UAB,full,12,42,0,0.0
UAB,full,12,42,1,0.0
UAB,full,12,42,2,0.0
UAB,full,12,42,3,0.0
UAB,full,12,42,4,0.0
UAB,full,12,42,5,0.0
UAB,full,12,42,6,0.0
UAB,full,12,42,7,0.0
UAB,full,12,42,8,0.0
UAB,full,12,42,9,0.0
UAB,full,12,42,10,0.0
UAB,full,12,42,11,0.0
UAB,full,12,42,12,0.0
UAB,full,12,42,13,0.0
UAB,full,12,42,14,0.0
UAB,full,12,42,15,0.0
UAB,full,12,42,16,0.0
UAB,full,12,42,17,0.0
UAB,full,12,42,18,0.0
UAB,full,12,42,19,0.0
UAB,full,12,42,20,0.0
UAB,full,12,42,21,0.0
UAB,full,12,42,22,0.0
UAB,full,12,42,23,0.0
UAB,full,12,42,24,0.0
UAB,full,12,42,25,0.0
UAB,full,12,42,26,0.0
UAB,full,12,42,27,0.0
UAB,full,12,42,28,0.0
UAB,full,12,42,29,1.0
UAB,full,12,42,30,1.0
UAB,full,12,42,31,1.0
UAB,full,12,42,32,2.0
UAB,full,12,42,33,2.0
UAB,full,12,42,34,2.0
UAB,full,12,42,35,2.0
UAB,full,12,42,36,2.0
UAB,full,12,42,37,2.0
UAB,full,12,42,38,2.0
UAB,full,12,42,39,3.0
UAB,full,12,42,40,3.0
UAB,full,12,42,41,3.0
UAB,full,12,42,42,3.0
UAB,full,12,42,43,3.0
UAB,full,12,42,44,3.0
UAB,full,12,42,45,4.0
UAB,full,12,42,46,4.0
UAB,full,12,42,47,4.0
UAB,full,12,42,48,5.0
UAB,full,12,42,49,5.0
UAB,full,12,42,50,5.0
UAB,full,12,42,51,5.0
UAB,full,12,42,52,5.0
UAB,full,12,42,53,5.0
UAB,full,12,42,54,5.0
UAB,full,12,42,55,5.0
UAB,full,12,42,56,5.0
UAB,full,12,42,57,5.0
UAB,full,12,42,58,5.0
UAB,full,12,42,59,5.0
UAB,full,12,42,60,5.0
UAB,full,12,42,61,5.0
UAB,full,12,42,62,5.0
UAB,full,12,42,63,5.0
UAB,full,12,42,64,5.0
UAB,full,12,42,65,5.0
UAB,full,12,42,66,5.0
UAB,full,12,42,67,5.0
UAB,full,12,42,68,5.0
UAB,full,12,42,69,5.0
UAB,full,12,42,70,5.0
UAB,full,12,42,71,5.0
UAB,full,12,42,72,5.0
UAB,full,12,42,73,5.0
UAB,full,12,42,74,5.0
UAB,full,12,42,75,5.0
UAB,full,12,42,76,5.0
UAB,full,12,42,77,5.0
UAB,full,12,42,78,5.0
UAB,full,12,42,79,6.0
UAB,full,12,42,80,6.0
UAB,full,12,42,81,6.0
UAB,full,12,42,82,6.0
UAB,full,12,42,83,7.0
UAB,full,12,42,84,7.0
UAB,full,12,42,85,7.0
UAB,full,12,42,86,7.0
UAB,full,12,42,87,7.0
UAB,full,12,42,88,7.0
UAB,full,12,42,89,8.0
UAB,full,12,42,90,8.0
UAB,full,12,42,91,8.0
UAB,full,12,42,92,8.0
UAB,full,12,42,93,8.0
UAB,full,12,42,94,8.0
UAB,full,12,42,95,8.0
UAB,full,12,42,96,8.0
UAB,full,12,42,97,8.0
UAB,full,12,42,98,8.0
UAB,full,12,42,99,8.0
UAB,full,12,42,100,8.0
UAB,full,12,42,101,8.0
UAB,full,12,42,102,8.0
UAB,full,12,42,103,8.0
UAB,full,12,42,104,8.0
UAB,full,12,42,105,8.0
UAB,full,12,42,106,8.0
UAB,full,12,42,107,8.0
UAB,full,12,42,108,8.0
UAB,full,12,42,109,8.0
UAB,full,12,42,110,8.0
UAB,full,12,42,111,8.0
UAB,full,12,42,112,8.0
UAB,full,12,42,113,8.0
UAB,full,12,42,114,8.0
UAB,full,12,42,115,8.0
UAB,full,12,42,116,8.0
UAB,full,12,42,117,8.0
UAB,full,12,42,118,8.0
UAB,full,12,42,119,8.0
UAB,full,12,42,120,8.0
UAB,full,12,42,121,8.0
UAB,full,12,42,122,8.0
UAB,full,12,42,123,9.0
UAB,full,12,42,124,9.0
UAB,full,12,42,125,9.0
UAB,full,12,42,126,9.0
UAB,full,12,42,127,9.0
UAB,full,12,42,128,9.0
UAB,full,12,42,129,9.0
UAB,full,12,42,130,9.0
UAB,full,12,42,131,9.0
UAB,full,12,42,132,10.0
UAB,full,12,42,133,10.0
UAB,full,12,42,134,10.0
UAB,full,12,42,135,10.0
UAB,full,12,42,136,10.0
UAB,full,12,42,137,10.0
UAB,full,12,42,138,10.0
UAB,full,12,42,139,10.0
UAB,full,12,42,140,10.0
UAB,full,12,42,141,10.0
UAB,full,12,42,142,10.0
UAB,full,12,42,143,10.0
UAB,full,12,42,144,10.0
UAB,full,12,42,145,10.0
UAB,full,12,42,146,10.0
UAB,full,12,42,147,10.0
UAB,full,12,42,148,10.0
UAB,full,12,42,149,10.0
UAB,full,12,42,150,10.0
UAB,full,12,42,151,11.0
UAB,full,12,42,152,12.0
UAB,full,12,42,153,12.0
UAB,full,12,42,154,12.0
UAB,full,12,42,155,12.0
UAB,full,12,42,156,12.0
UAB,full,12,42,157,12.0
UAB,full,12,42,158,12.0
UAB,full,12,42,159,12.0
UAB,full,12,42,160,12.0
UAB,full,12,42,161,12.0
UAB,full,12,42,162,12.0
UAB,full,12,42,163,12.0
UAB,full,12,42,164,12.0
UAB,full,12,42,165,12.0
UAB,full,12,42,166,12.0
UAB,full,12,42,167,12.0
UAB,full,12,42,168,12.0
UAB,full,12,42,169,13.0
UAB,full,12,42,170,13.0
UAB,full,12,42,171,13.0
UAB,full,12,42,172,13.0
UAB,full,12,42,173,13.0
UAB,full,12,42,174,13.0
UAB,full,12,42,175,13.0
UAB,full,12,42,176,13.0
UAB,full,12,42,177,13.0
UAB,full,12,42,178,14.0
UAB,full,12,42,179,14.0
UAB,full,12,42,180,15.0
UAB,full,12,42,181,15.0
UAB,full,12,42,182,15.0
UAB,full,12,42,183,15.0
UAB,full,12,42,184,15.0
UAB,full,12,42,185,15.0
UAB,full,12,42,186,15.0
UAB,full,12,42,187,15.0
UAB,full,12,42,188,15.0
UAB,full,12,42,189,15.0
UAB,full,12,42,190,15.0
UAB,full,12,42,191,16.0
UAB,full,12,42,192,16.0
UAB,full,12,42,193,16.0
UAB,full,12,42,194,16.0
UAB,full,12,42,195,16.0
UAB,full,12,42,196,17.0
UAB,full,12,42,197,17.0
UAB,full,12,42,198,18.0
UAB,full,12,42,199,18.0
UAB,full,12,42,200,18.0
UAB,full,12,42,201,18.0
UAB,full,12,42,202,18.0
UAB,full,12,42,203,18.0
UAB,full,12,42,204,18.0
UAB,full,12,42,205,18.0
UAB,full,12,42,206,18.0
UAB,full,12,42,207,18.0
UAB,full,12,42,208,18.0
UAB,full,12,42,209,18.0
UAB,full,12,42,210,19.0
UAB,full,12,42,211,19.0
UAB,full,12,42,212,19.0
UAB,full,12,42,213,19.0
UAB,full,12,42,214,19.0
UAB,full,12,42,215,19.0
UAB,full,12,42,216,19.0
UAB,full,12,42,217,19.0
UAB,full,12,42,218,19.0
UAB,full,12,42,219,19.0
UAB,full,12,42,220,19.0
UAB,full,12,42,221,19.0
UAB,full,12,42,222,19.0
UAB,full,12,42,223,20.0
UAB,full,12,42,224,20.0
UAB,full,12,42,225,20.0
UAB,full,12,42,226,21.0
UAB,full,12,42,227,21.0
UAB,full,12,42,228,21.0
UAB,full,12,42,229,21.0
UAB,full,12,42,230,21.0
UAB,full,12,42,231,21.0
UAB,full,12,42,232,21.0
UAB,full,12,42,233,21.0
UAB,full,12,42,234,21.0
UAB,full,12,42,235,22.0
UAB,full,12,42,236,22.0
UAB,full,12,42,237,22.0
UAB,full,12,42,238,22.0
UAB,full,12,42,239,22.0
UAB,full,12,42,240,22.0
UAB,full,12,42,241,22.0
UAB,full,12,42,242,22.0
UAB,full,12,42,243,22.0
UAB,full,12,42,244,22.0
UAB,full,12,42,245,22.0
UAB,full,12,42,246,22.0
UAB,full,12,42,247,22.0
UAB,full,12,42,248,22.0
UAB,full,12,42,249,22.0
UAB,full,12,42,250,22.0
UAB,full,12,42,251,22.0
UAB,full,12,42,252,22.0
UAB,full,12,42,253,22.0
UAB,full,12,42,254,22.0
UAB,full,12,42,255,22.0
UAB,full,12,42,256,22.0
UAB,full,12,42,257,22.0
UAB,full,12,42,258,22.0
UAB,full,12,42,259,22.0
UAB,full,12,42,260,22.0
UAB,full,12,42,261,22.0
UAB,full,12,42,262,22.0
UAB,full,12,42,263,22.0
UAB,full,12,42,264,22.0
UAB,full,12,42,265,22.0
UAB,full,12,42,266,22.0
UAB,full,12,42,267,22.0
UAB,full,12,42,268,22.0
UAB,full,12,42,269,22.0
UAB,full,12,42,270,22.0
UAB,full,12,42,271,23.0
UAB,full,12,42,272,23.0
UAB,full,12,42,273,23.0
UAB,full,12,42,274,23.0
UAB,full,12,42,275,24.0
UAB,full,12,42,276,24.0
UAB,full,12,42,277,24.0
UAB,full,12,42,278,24.0
UAB,full,12,42,279,24.0
UAB,full,12,42,280,24.0
UAB,full,12,42,281,24.0
UAB,full,12,42,282,24.0
UAB,full,12,42,283,24.0
UAB,full,12,42,284,24.0
UAB,full,12,42,285,24.0
UAB,full,12,42,286,24.0
UAB,full,12,42,287,24.0
UAB,full,12,42,288,24.0
UAB,full,12,42,289,24.0
UAB,full,12,42,290,24.0
UAB,full,12,42,291,24.0
UAB,full,12,42,292,24.0
UAB,full,12,42,293,25.0
UAB,full,12,42,294,25.0
UAB,full,12,42,295,25.0
UAB,full,12,42,296,25.0
UAB,full,12,42,297,26.0
UAB,full,12,42,298,26.0
UAB,full,12,42,299,27.0
UAB,full,12,42,300,27.0
UAB,full,12,42,301,27.0
UAB,full,12,42,302,27.0
UAB,full,12,42,303,27.0
UAB,full,12,42,304,27.0
UAB,full,12,42,305,27.0
UAB,full,12,42,306,27.0
UAB,full,12,42,307,27.0
UAB,full,12,42,308,27.0
UAB,full,12,42,309,27.0
UAB,full,12,42,310,27.0
UAB,full,12,42,311,28.0
UAB,full,12,42,312,28.0
UAB,full,12,42,313,28.0
UAB,full,12,42,314,28.0
UAB,full,12,42,315,28.0
UAB,full,12,42,316,28.0
UAB,full,12,42,317,29.0
UAB,full,12,42,318,29.0
UAB,full,12,42,319,29.0
UAB,full,12,42,320,29.0
UAB,full,12,42,321,29.0
UAB,full,12,42,322,29.0
UAB,full,12,42,323,29.0
UAB,full,12,42,324,29.0
UAB,full,12,42,325,29.0
UAB,full,12,42,326,29.0
UAB,full,12,42,327,29.0
UAB,full,12,42,328,29.0
UAB,full,12,42,329,29.0
UAB,full,12,42,330,29.0
UAB,full,12,42,331,29.0
UAB,full,12,42,332,29.0
UAB,full,12,42,333,29.0
UAB,full,12,42,334,29.0
UAB,full,12,42,335,29.0
UAB,full,12,42,336,29.0
UAB,full,12,42,337,29.0
UAB,full,12,42,338,29.0
UAB,full,12,42,339,29.0
UAB,full,12,42,340,29.0
UAB,full,12,42,341,29.0
UAB,full,12,42,342,29.0
UAB,full,12,42,343,29.0
UAB,full,12,42,344,29.0
UAB,full,12,42,345,29.0
UAB,full,12,42,346,29.0
UAB,full,12,42,347,29.0
UAB,full,12,42,348,29.0
UAB,full,12,42,349,29.0
UAB,full,12,42,350,29.0
UAB,full,12,42,351,29.0
UAB,full,12,42,352,29.0
UAB,full,12,42,353,29.0
UAB,full,12,42,354,29.0
UAB,full,12,42,355,29.0
UAB,full,12,42,356,29.0
UAB,full,12,42,357,29.0
UAB,full,12,42,358,29.0
UAB,full,12,42,359,30.0
UAB,full,12,42,360,31.0
UAB,full,12,42,361,31.0
UAB,full,12,42,362,32.0
UAB,full,12,42,363,32.0
UAB,full,12,42,364,32.0
UAB,full,12,42,365,32.0
UAB,full,12,42,366,32.0
UAB,full,12,42,367,32.0
UAB,full,12,42,368,32.0
UAB,full,12,42,369,32.0
UAB,full,12,42,370,32.0
UAB,full,12,42,371,32.0
UAB,full,12,42,372,32.0
UAB,full,12,42,373,32.0
UAB,full,12,42,374,32.0
UAB,full,12,42,375,32.0
UAB,full,12,42,376,32.0
UAB,full,12,42,377,32.0
UAB,full,12,42,378,32.0
UAB,full,12,42,379,32.0
UAB,full,12,42,380,32.0
UAB,full,12,42,381,32.0
UAB,full,12,42,382,33.0
UAB,full,12,42,383,33.0
UAB,full,12,42,384,33.0
UAB,full,12,42,385,33.0
UAB,full,12,42,386,33.0
UAB,full,12,42,387,33.0
UAB,full,12,42,388,33.0
UAB,full,12,42,389,33.0
UAB,full,12,42,390,34.0
UAB,full,12,42,391,34.0
UAB,full,12,42,392,34.0
UAB,full,12,42,393,34.0
UAB,full,12,42,394,34.0
UAB,full,12,42,395,34.0
UAB,full,12,42,396,34.0
UAB,full,12,42,397,34.0
UAB,full,12,42,398,34.0
UAB,full,12,42,399,34.0
UAB,full,12,42,400,34.0
UAB,full,12,42,401,34.0
UAB,full,12,42,402,35.0
UAB,full,12,42,403,35.0
UAB,full,12,42,404,35.0
UAB,full,12,42,405,35.0
UAB,full,12,42,406,35.0
UAB,full,12,42,407,35.0
UAB,full,12,42,408,35.0
UAB,full,12,42,409,35.0
UAB,full,12,42,410,35.0
UAB,full,12,42,411,35.0
UAB,full,12,42,412,35.0
UAB,full,12,42,413,35.0
UAB,full,12,42,414,35.0
UAB,full,12,42,415,35.0
UAB,full,12,42,416,35.0
UAB,full,12,42,417,35.0
UAB,full,12,42,418,35.0
UAB,full,12,42,419,35.0
UAB,full,12,42,420,35.0
UAB,full,12,42,421,35.0
UAB,full,12,42,422,35.0
UAB,full,12,42,423,35.0
UAB,full,12,42,424,35.0
UAB,full,12,42,425,35.0
UAB,full,12,42,426,35.0
UAB,full,12,42,427,35.0
UAB,full,12,42,428,35.0
UAB,full,12,42,429,35.0
UAB,full,12,42,430,35.0
UAB,full,12,42,431,35.0
UAB,full,12,42,432,35.0
UAB,full,12,42,433,35.0
UAB,full,12,42,434,35.0
UAB,full,12,42,435,36.0
UAB,full,12,42,436,36.0
UAB,full,12,42,437,36.0
UAB,full,12,42,438,36.0
UAB,full,12,42,439,36.0
UAB,full,12,42,440,36.0
UAB,full,12,42,441,36.0
UAB,full,12,42,442,36.0
UAB,full,12,42,443,37.0
UAB,full,12,42,444,38.0
UAB,full,12,42,445,38.0
UAB,full,12,42,446,38.0
UAB,full,12,42,447,38.0
UAB,full,12,42,448,38.0
UAB,full,12,42,449,38.0
UAB,full,12,42,450,38.0
UAB,full,12,42,451,38.0
UAB,full,12,42,452,39.0
UAB,full,12,42,453,39.0
UAB,full,12,42,454,39.0
UAB,full,12,42,455,39.0
UAB,full,12,42,456,39.0
UAB,full,12,42,457,39.0
UAB,full,12,42,458,39.0
UAB,full,12,42,459,39.0
UAB,full,12,42,460,39.0
UAB,full,12,42,461,39.0
UAB,full,12,42,462,39.0
UAB,full,12,42,463,39.0
UAB,full,12,42,464,39.0
UAB,full,12,42,465,39.0
UAB,full,12,42,466,39.0
UAB,full,12,42,467,39.0
UAB,full,12,42,468,39.0
UAB,full,12,42,469,39.0
UAB,full,12,42,470,40.0
UAB,full,12,42,471,41.0
UAB,full,12,42,472,41.0
UAB,full,12,42,473,41.0
UAB,full,12,42,474,41.0
UAB,full,12,42,475,42.0
UAB,full,12,42,476,42.0
UAB,full,12,42,477,42.0
UAB,full,12,42,478,42.0
UAB,full,12,42,479,42.0
UAB,full,12,42,480,42.0
UAB,full,12,42,481,43.0
UAB,full,12,42,482,43.0
UAB,full,12,42,483,43.0
UAB,full,12,42,484,44.0
UAB,full,12,42,485,44.0
UAB,full,12,42,486,44.0
UAB,full,12,42,487,44.0
UAB,full,12,42,488,44.0
UAB,full,12,42,489,45.0
UAB,full,12,42,490,45.0
UAB,full,12,42,491,45.0
UAB,full,12,42,492,45.0
UAB,full,12,42,493,45.0
UAB,full,12,42,494,45.0
UAB,full,12,42,495,45.0
UAB,full,12,42,496,46.0
UAB,full,12,42,497,46.0
UAB,full,12,42,498,46.0
UAB,full,12,42,499,46.0
UAB,full,12,42,500,46.0
UAB,full,12,42,501,46.0
UAB,full,12,42,502,46.0
UAB,full,12,42,503,46.0
UAB,full,12,42,504,46.0
UAB,full,12,42,505,46.0
UAB,full,12,42,506,46.0
UAB,full,12,42,507,46.0
UAB,full,12,42,508,46.0
UAB,full,12,42,509,46.0
UAB,full,12,42,510,47.0
UAB,full,12,42,511,47.0
UAB,full,12,42,512,47.0
UAB,full,12,42,513,47.0
UAB,full,12,42,514,48.0
UAB,full,12,42,515,48.0
UAB,full,12,42,516,48.0
UAB,full,12,42,517,48.0
UAB,full,12,42,518,48.0
UAB,full,12,42,519,48.0
UAB,full,12,42,520,48.0
UAB,full,12,42,521,48.0
UAB,full,12,42,522,48.0
UAB,full,12,42,523,48.0
UAB,full,12,42,524,48.0
UAB,full,12,42,525,48.0
UAB,full,12,42,526,48.0
UAB,full,12,42,527,49.0
UAB,full,12,42,528,49.0
UAB,full,12,42,529,50.0
UAB,full,12,42,530,51.0
UAB,full,13,42,0,0.0
UAB,full,13,42,1,0.0
UAB,full,13,42,2,0.0
UAB,full,13,42,3,0.0
UAB,full,13,42,4,0.0
UAB,full,13,42,5,0.0
UAB,full,13,42,6,0.0
UAB,full,13,42,7,0.0
UAB,full,13,42,8,1.0
UAB,full,13,42,9,1.0
UAB,full,13,42,10,1.0
UAB,full,13,42,11,2.0
UAB,full,13,42,12,2.0
UAB,full,13,42,13,2.0
UAB,full,13,42,14,2.0
UAB,full,13,42,15,2.0
UAB,full,13,42,16,2.0
UAB,full,13,42,17,2.0
UAB,full,13,42,18,2.0
UAB,full,13,42,19,2.0
UAB,full,13,42,20,2.0
UAB,full,13,42,21,3.0
UAB,full,13,42,22,3.0
UAB,full,13,42,23,4.0
UAB,full,13,42,24,4.0
UAB,full,13,42,25,4.0
UAB,full,13,42,26,4.0
UAB,full,13,42,27,5.0
UAB,full,13,42,28,5.0
UAB,full,13,42,29,5.0
UAB,full,13,42,30,5.0
UAB,full,13,42,31,5.0
UAB,full,13,42,32,6.0
UAB,full,13,42,33,6.0
UAB,full,13,42,34,6.0
UAB,full,13,42,35,6.0
UAB,full,13,42,36,6.0
UAB,full,13,42,37,6.0
UAB,full,13,42,38,7.0
UAB,full,13,42,39,7.0
UAB,full,13,42,40,7.0
UAB,full,13,42,41,7.0
UAB,full,13,42,42,7.0
UAB,full,13,42,43,7.0
UAB,full,13,42,44,7.0
UAB,full,13,42,45,7.0
UAB,full,13,42,46,7.0
UAB,full,13,42,47,7.0
UAB,full,13,42,48,7.0
UAB,full,13,42,49,7.0
UAB,full,13,42,50,8.0
UAB,full,13,42,51,8.0
UAB,full,13,42,52,8.0
UAB,full,13,42,53,8.0
UAB,full,13,42,54,8.0
UAB,full,13,42,55,8.0
UAB,full,13,42,56,8.0
UAB,full,13,42,57,8.0
UAB,full,13,42,58,8.0
UAB,full,13,42,59,8.0
UAB,full,13,42,60,8.0
UAB,full,13,42,61,8.0
UAB,full,13,42,62,8.0
UAB,full,13,42,63,8.0
UAB,full,13,42,64,8.0
UAB,full,13,42,65,9.0
UAB,full,13,42,66,9.0
UAB,full,13,42,67,10.0
UAB,full,13,42,68,10.0
UAB,full,13,42,69,10.0
UAB,full,13,42,70,10.0
UAB,full,13,42,71,10.0
UAB,full,13,42,72,10.0
UAB,full,13,42,73,10.0
UAB,full,13,42,74,10.0
UAB,full,13,42,75,10.0
UAB,full,13,42,76,10.0
UAB,full,13,42,77,10.0
UAB,full,13,42,78,10.0
UAB,full,13,42,79,10.0
UAB,full,13,42,80,11.0
UAB,full,13,42,81,11.0
UAB,full,13,42,82,11.0
UAB,full,13,42,83,11.0
UAB,full,13,42,84,11.0
UAB,full,13,42,85,11.0
UAB,full,13,42,86,11.0
UAB,full,13,42,87,12.0
UAB,full,13,42,88,12.0
UAB,full,13,42,89,12.0
UAB,full,13,42,90,13.0
UAB,full,13,42,91,13.0
UAB,full,13,42,92,14.0
UAB,full,13,42,93,14.0
UAB,full,13,42,94,14.0
UAB,full,13,42,95,14.0
UAB,full,13,42,96,14.0
UAB,full,13,42,97,14.0
UAB,full,13,42,98,14.0
UAB,full,13,42,99,15.0
UAB,full,13,42,100,16.0
UAB,full,13,42,101,16.0
UAB,full,13,42,102,16.0
UAB,full,13,42,103,17.0
UAB,full,13,42,104,17.0
UAB,full,13,42,105,18.0
UAB,full,13,42,106,19.0
UAB,full,13,42,107,19.0
UAB,full,13,42,108,19.0
UAB,full,13,42,109,20.0
UAB,full,13,42,110,21.0
UAB,full,13,42,111,21.0
UAB,full,13,42,112,22.0
UAB,full,13,42,113,22.0
UAB,full,13,42,114,22.0
UAB,full,13,42,115,22.0
UAB,full,13,42,116,22.0
UAB,full,13,42,117,23.0
UAB,full,13,42,118,24.0
UAB,full,13,42,119,25.0
UAB,full,13,42,120,25.0
UAB,full,13,42,121,25.0
UAB,full,13,42,122,25.0
UAB,full,13,42,123,25.0
UAB,full,13,42,124,25.0
UAB,full,13,42,125,26.0
UAB,full,13,42,126,27.0
UAB,full,13,42,127,27.0
UAB,full,13,42,128,27.0
UAB,full,13,42,129,27.0
UAB,full,13,42,130,27.0
UAB,full,13,42,131,27.0
UAB,full,13,42,132,28.0
UAB,full,13,42,133,28.0
UAB,full,13,42,134,28.0
UAB,full,13,42,135,28.0
UAB,full,13,42,136,29.0
UAB,full,13,42,137,30.0
UAB,full,13,42,138,30.0
UAB,full,13,42,139,30.0
UAB,full,13,42,140,31.0
UAB,full,13,42,141,31.0
UAB,full,13,42,142,31.0
UAB,full,13,42,143,31.0
UAB,full,13,42,144,31.0
UAB,full,13,42,145,31.0
UAB,full,13,42,146,31.0
UAB,full,13,42,147,31.0
UAB,full,13,42,148,31.0
UAB,full,13,42,149,31.0
UAB,full,13,42,150,31.0
UAB,full,13,42,151,31.0
UAB,full,13,42,152,31.0
UAB,full,13,42,153,31.0
UAB,full,13,42,154,31.0
UAB,full,13,42,155,31.0
UAB,full,13,42,156,31.0
UAB,full,13,42,157,31.0
UAB,full,13,42,158,31.0
UAB,full,13,42,159,31.0
UAB,full,13,42,160,32.0
UAB,full,13,42,161,32.0
UAB,full,13,42,162,32.0
UAB,full,13,42,163,32.0
UAB,full,13,42,164,32.0
UAB,full,13,42,165,33.0
UAB,full,13,42,166,33.0
UAB,full,13,42,167,33.0
UAB,full,13,42,168,33.0
UAB,full,13,42,169,33.0
UAB,full,13,42,170,33.0
UAB,full,13,42,171,33.0
UAB,full,13,42,172,33.0
UAB,full,13,42,173,34.0
UAB,full,13,42,174,34.0
UAB,full,13,42,175,34.0
UAB,full,13,42,176,34.0
UAB,full,13,42,177,34.0
UAB,full,13,42,178,34.0
UAB,full,13,42,179,34.0
UAB,full,13,42,180,34.0
UAB,full,13,42,181,35.0
UAB,full,13,42,182,35.0
UAB,full,13,42,183,35.0
UAB,full,13,42,184,35.0
UAB,full,13,42,185,36.0
UAB,full,13,42,186,36.0
UAB,full,13,42,187,36.0
UAB,full,13,42,188,36.0
UAB,full,13,42,189,36.0
UAB,full,13,42,190,36.0
UAB,full,13,42,191,37.0
UAB,full,13,42,192,37.0
UAB,full,13,42,193,37.0
UAB,full,13,42,194,37.0
UAB,full,13,42,195,38.0
UAB,full,13,42,196,38.0
UAB,full,13,42,197,39.0
UAB,full,13,42,198,40.0
UAB,full,13,42,199,40.0
UAB,full,13,42,200,41.0
UAB,full,13,42,201,41.0
UAB,full,13,42,202,41.0
UAB,full,13,42,203,41.0
UAB,full,13,42,204,41.0
UAB,full,13,42,205,41.0
UAB,full,13,42,206,41.0
UAB,full,13,42,207,41.0
UAB,full,13,42,208,41.0
UAB,full,13,42,209,41.0
UAB,full,13,42,210,42.0
UAB,full,13,42,211,43.0
UAB,full,13,42,212,44.0
UAB,full,13,42,213,44.0
UAB,full,13,42,214,44.0
UAB,full,13,42,215,44.0
UAB,full,13,42,216,45.0
UAB,full,13,42,217,45.0
UAB,full,13,42,218,45.0
UAB,full,13,42,219,46.0
UAB,full,13,42,220,46.0
UAB,full,13,42,221,46.0
UAB,full,13,42,222,46.0
UAB,full,13,42,223,46.0
UAB,full,13,42,224,46.0
UAB,full,13,42,225,46.0
UAB,full,13,42,226,46.0
UAB,full,13,42,227,46.0
UAB,full,13,42,228,46.0
UAB,full,13,42,229,46.0
UAB,full,13,42,230,46.0
UAB,full,13,42,231,46.0
UAB,full,13,42,232,46.0
UAB,full,13,42,233,47.0
UAB,full,13,42,234,47.0
UAB,full,13,42,235,47.0
UAB,full,13,42,236,47.0
UAB,full,13,42,237,48.0
UAB,full,13,42,238,48.0
UAB,full,13,42,239,48.0
UAB,full,13,42,240,48.0
UAB,full,13,42,241,49.0
UAB,full,13,42,242,49.0
UAB,full,13,42,243,49.0
UAB,full,13,42,244,49.0
UAB,full,13,42,245,49.0
UAB,full,13,42,246,49.0
UAB,full,13,42,247,49.0
UAB,full,13,42,248,50.0
UAB,full,13,42,249,50.0
UAB,full,13,42,250,50.0
UAB,full,13,42,251,50.0
UAB,full,13,42,252,50.0
UAB,full,13,42,253,51.0
UAB,full,13,42,254,52.0
UAB,full,13,42,255,52.0
UAB,full,13,42,256,52.0
UAB,full,13,42,257,52.0
UAB,full,13,42,258,52.0
UAB,full,13,42,259,52.0
UAB,full,13,42,260,52.0
UAB,full,13,42,261,53.0
UAB,full,13,42,262,53.0
UAB,full,13,42,263,54.0
UAB,full,13,42,264,55.0
UAB,full,13,42,265,55.0
UAB,full,13,42,266,55.0
UAB,full,13,42,267,55.0
UAB,full,13,42,268,55.0
UAB,full,13,42,269,55.0
UAB,full,13,42,270,55.0
UAB,full,13,42,271,55.0
UAB,full,13,42,272,55.0
UAB,full,13,42,273,56.0
UAB,full,13,42,274,56.0
UAB,full,13,42,275,56.0
UAB,full,13,42,276,56.0
UAB,full,13,42,277,57.0
UAB,full,13,42,278,57.0
UAB,full,13,42,279,57.0
UAB,full,13,42,280,57.0
UAB,full,13,42,281,57.0
UAB,full,13,42,282,57.0
UAB,full,13,42,283,57.0
UAB,full,13,42,284,58.0
UAB,full,13,42,285,58.0
UAB,full,13,42,286,58.0
UAB,full,13,42,287,58.0
UAB,full,13,42,288,58.0
UAB,full,13,42,289,58.0
UAB,full,13,42,290,58.0
UAB,full,13,42,291,58.0
UAB,full,13,42,292,58.0
UAB,full,13,42,293,59.0
UAB,full,13,42,294,59.0
UAB,full,13,42,295,60.0
UAB,full,13,42,296,61.0
UAB,full,13,42,297,61.0
UAB,full,13,42,298,61.0
UAB,full,13,42,299,61.0
UAB,full,13,42,300,61.0
UAB,full,13,42,301,61.0
UAB,full,13,42,302,61.0
UAB,full,13,42,303,61.0
UAB,full,13,42,304,61.0
UAB,full,13,42,305,61.0
UAB,full,13,42,306,61.0
UAB,full,13,42,307,61.0
UAB,full,13,42,308,61.0
UAB,full,13,42,309,61.0
UAB,full,13,42,310,61.0
UAB,full,13,42,311,61.0
UAB,full,13,42,312,61.0
UAB,full,13,42,313,61.0
UAB,full,13,42,314,61.0
UAB,full,13,42,315,61.0
UAB,full,13,42,316,61.0
UAB,full,13,42,317,61.0
UAB,full,13,42,318,62.0
UAB,full,13,42,319,62.0
UAB,full,13,42,320,63.0
UAB,full,13,42,321,63.0
UAB,full,13,42,322,63.0
UAB,full,13,42,323,63.0
UAB,full,13,42,324,63.0
UAB,full,13,42,325,63.0
UAB,full,13,42,326,63.0
UAB,full,13,42,327,63.0
UAB,full,13,42,328,63.0
UAB,full,13,42,329,63.0
UAB,full,13,42,330,63.0
UAB,full,13,42,331,63.0
UAB,full,13,42,332,63.0
UAB,full,13,42,333,64.0
UAB,full,13,42,334,64.0
UAB,full,13,42,335,64.0
UAB,full,13,42,336,64.0
UAB,full,13,42,337,64.0
UAB,full,13,42,338,65.0
UAB,full,13,42,339,65.0
UAB,full,13,42,340,65.0
UAB,full,13,42,341,66.0
UAB,full,13,42,342,66.0
UAB,full,13,42,343,66.0
UAB,full,13,42,344,67.0
UAB,full,13,42,345,67.0
UAB,full,13,42,346,67.0
UAB,full,13,42,347,68.0
UAB,full,13,42,348,68.0
UAB,full,13,42,349,68.0
UAB,full,13,42,350,68.0
UAB,full,13,42,351,68.0
UAB,full,13,42,352,68.0
UAB,full,13,42,353,68.0
UAB,full,13,42,354,68.0
UAB,full,13,42,355,68.0
UAB,full,13,42,356,68.0
UAB,full,13,42,357,68.0
UAB,full,13,42,358,69.0
UAB,full,13,42,359,69.0
UAB,full,13,42,360,69.0
UAB,full,13,42,361,69.0
UAB,full,13,42,362,69.0
UAB,full,13,42,363,70.0
UAB,full,13,42,364,70.0
UAB,full,13,42,365,70.0
UAB,full,13,42,366,70.0
UAB,full,13,42,367,71.0
UAB,full,13,42,368,71.0
UAB,full,13,42,369,71.0
UAB,full,13,42,370,72.0
UAB,full,13,42,371,72.0
UAB,full,13,42,372,72.0
UAB,full,13,42,373,72.0
UAB,full,13,42,374,72.0
UAB,full,13,42,375,73.0
UAB,full,13,42,376,73.0
UAB,full,13,42,377,73.0
UAB,full,13,42,378,73.0
UAB,full,14,42,0,1.0
UAB,full,14,42,1,1.0
UAB,full,14,42,2,2.0
UAB,full,14,42,3,2.0
UAB,full,14,42,4,2.0
UAB,full,14,42,5,3.0
UAB,full,14,42,6,4.0
UAB,full,14,42,7,5.0
UAB,full,14,42,8,5.0
UAB,full,14,42,9,5.0
UAB,full,14,42,10,5.0
UAB,full,14,42,11,5.0
UAB,full,14,42,12,5.0
UAB,full,14,42,13,5.0
UAB,full,14,42,14,5.0
UAB,full,14,42,15,5.0
UAB,full,14,42,16,5.0
UAB,full,14,42,17,5.0
UAB,full,14,42,18,5.0
UAB,full,14,42,19,6.0
UAB,full,14,42,20,6.0
UAB,full,14,42,21,6.0
UAB,full,14,42,22,7.0
UAB,full,14,42,23,7.0
UAB,full,14,42,24,8.0
UAB,full,14,42,25,8.0
UAB,full,14,42,26,8.0
UAB,full,14,42,27,8.0
UAB,full,14,42,28,8.0
UAB,full,14,42,29,9.0
UAB,full,14,42,30,9.0
UAB,full,14,42,31,9.0
UAB,full,14,42,32,9.0
UAB,full,14,42,33,9.0
UAB,full,14,42,34,9.0
UAB,full,14,42,35,9.0
UAB,full,14,42,36,9.0
UAB,full,14,42,37,9.0
UAB,full,14,42,38,9.0
UAB,full,14,42,39,9.0
UAB,full,14,42,40,10.0
UAB,full,14,42,41,10.0
UAB,full,14,42,42,10.0
UAB,full,14,42,43,10.0
UAB,full,14,42,44,10.0
UAB,full,14,42,45,11.0
UAB,full,14,42,46,11.0
UAB,full,14,42,47,11.0
UAB,full,14,42,48,11.0
UAB,full,14,42,49,12.0
UAB,full,14,42,50,13.0
UAB,full,14,42,51,14.0
UAB,full,14,42,52,14.0
UAB,full,14,42,53,15.0
UAB,full,14,42,54,15.0
UAB,full,14,42,55,15.0
UAB,full,14,42,56,16.0
UAB,full,14,42,57,17.0
UAB,full,14,42,58,18.0
UAB,full,14,42,59,18.0
UAB,full,14,42,60,19.0
UAB,full,14,42,61,20.0
UAB,full,14,42,62,20.0
UAB,full,14,42,63,20.0
UAB,full,14,42,64,20.0
UAB,full,14,42,65,21.0
UAB,full,14,42,66,21.0
UAB,full,14,42,67,21.0
UAB,full,14,42,68,22.0
UAB,full,14,42,69,22.0
UAB,full,14,42,70,22.0
UAB,full,14,42,71,23.0
UAB,full,14,42,72,23.0
UAB,full,14,42,73,24.0
UAB,full,14,42,74,25.0
UAB,full,14,42,75,25.0
UAB,full,14,42,76,25.0
UAB,full,14,42,77,25.0
UAB,full,14,42,78,25.0
UAB,full,14,42,79,25.0
UAB,full,14,42,80,25.0
UAB,full,14,42,81,26.0
UAB,full,14,42,82,27.0
UAB,full,14,42,83,27.0
UAB,full,14,42,84,27.0
UAB,full,14,42,85,27.0
UAB,full,14,42,86,27.0
UAB,full,14,42,87,27.0
UAB,full,14,42,88,27.0
UAB,full,14,42,89,27.0
UAB,full,14,42,90,27.0
UAB,full,14,42,91,27.0
UAB,full,14,42,92,27.0
UAB,full,14,42,93,27.0
UAB,full,14,42,94,27.0
UAB,full,14,42,95,28.0
UAB,full,14,42,96,28.0
UAB,full,14,42,97,28.0
UAB,full,14,42,98,28.0
UAB,full,14,42,99,28.0
UAB,full,14,42,100,28.0
UAB,full,14,42,101,29.0
UAB,full,14,42,102,29.0
UAB,full,14,42,103,30.0
UAB,full,14,42,104,30.0
UAB,full,14,42,105,30.0
UAB,full,14,42,106,30.0
UAB,full,14,42,107,30.0
UAB,full,14,42,108,30.0
UAB,full,14,42,109,30.0
UAB,full,14,42,110,30.0
UAB,full,14,42,111,30.0
UAB,full,14,42,112,30.0
UAB,full,14,42,113,30.0
UAB,full,14,42,114,31.0
UAB,full,14,42,115,31.0
UAB,full,14,42,116,31.0
UAB,full,14,42,117,31.0
UAB,full,14,42,118,31.0
UAB,full,14,42,119,32.0
UAB,full,14,42,120,33.0
UAB,full,14,42,121,34.0
UAB,full,14,42,122,35.0
UAB,full,14,42,123,36.0
UAB,full,14,42,124,36.0
UAB,full,14,42,125,36.0
UAB,full,14,42,126,37.0
UAB,full,14,42,127,37.0
UAB,full,14,42,128,37.0
UAB,full,14,42,129,37.0
UAB,full,14,42,130,37.0
UAB,full,14,42,131,38.0
UAB,full,14,42,132,38.0
UAB,full,14,42,133,38.0
UAB,full,14,42,134,39.0
UAB,full,14,42,135,40.0
UAB,full,14,42,136,41.0
UAB,full,14,42,137,42.0
UAB,full,14,42,138,42.0
UAB,full,14,42,139,43.0
UAB,full,14,42,140,44.0
UAB,full,14,42,141,44.0
UAB,full,14,42,142,44.0
UAB,full,14,42,143,44.0
UAB,full,14,42,144,44.0
UAB,full,14,42,145,44.0
UAB,full,14,42,146,45.0
UAB,full,14,42,147,45.0
UAB,full,14,42,148,46.0
UAB,full,14,42,149,47.0
UAB,full,14,42,150,48.0
UAB,full,14,42,151,48.0
UAB,full,14,42,152,48.0
UAB,full,14,42,153,48.0
UAB,full,14,42,154,48.0
UAB,full,14,42,155,48.0
UAB,full,14,42,156,48.0
UAB,full,14,42,157,48.0
UAB,full,14,42,158,48.0
UAB,full,14,42,159,49.0
UAB,full,14,42,160,50.0
UAB,full,14,42,161,51.0
UAB,full,14,42,162,51.0
UAB,full,14,42,163,52.0
UAB,full,14,42,164,52.0
UAB,full,14,42,165,52.0
UAB,full,14,42,166,53.0
UAB,full,14,42,167,53.0
UAB,full,14,42,168,54.0
UAB,full,14,42,169,54.0
UAB,full,14,42,170,55.0
UAB,full,14,42,171,55.0
UAB,full,14,42,172,56.0
UAB,full,14,42,173,56.0
UAB,full,14,42,174,57.0
UAB,full,14,42,175,57.0
UAB,full,14,42,176,57.0
UAB,full,14,42,177,58.0
UAB,full,14,42,178,58.0
UAB,full,14,42,179,59.0
UAB,full,14,42,180,59.0
UAB,full,14,42,181,59.0
UAB,full,14,42,182,59.0
UAB,full,14,42,183,60.0
UAB,full,14,42,184,61.0
UAB,full,14,42,185,62.0
UAB,full,14,42,186,62.0
UAB,full,14,42,187,62.0
UAB,full,14,42,188,62.0
UAB,full,14,42,189,62.0
UAB,full,14,42,190,62.0
UAB,full,14,42,191,63.0
UAB,full,14,42,192,63.0
UAB,full,14,42,193,63.0
UAB,full,14,42,194,63.0
UAB,full,14,42,195,64.0
UAB,full,14,42,196,65.0
UAB,full,14,42,197,65.0
UAB,full,14,42,198,65.0
UAB,full,14,42,199,66.0
UAB,full,14,42,200,66.0
UAB,full,14,42,201,66.0
UAB,full,14,42,202,66.0
UAB,full,14,42,203,66.0
UAB,full,14,42,204,67.0
UAB,full,14,42,205,67.0
UAB,full,14,42,206,67.0
UAB,full,14,42,207,67.0
UAB,full,14,42,208,67.0
UAB,full,14,42,209,67.0
UAB,full,14,42,210,67.0
UAB,full,14,42,211,67.0
UAB,full,14,42,212,67.0
UAB,full,14,42,213,67.0
UAB,full,14,42,214,67.0
UAB,full,14,42,215,68.0
UAB,full,14,42,216,68.0
UAB,full,14,42,217,68.0
UAB,full,14,42,218,68.0
UAB,full,14,42,219,68.0
UAB,full,14,42,220,69.0
UAB,full,14,42,221,69.0
UAB,full,14,42,222,69.0
UAB,full,14,42,223,70.0
UAB,full,14,42,224,70.0
UAB,full,14,42,225,70.0
UAB,full,14,42,226,70.0
UAB,full,14,42,227,71.0
UAB,full,14,42,228,71.0
UAB,full,14,42,229,71.0
UAB,full,14,42,230,71.0
UAB,full,14,42,231,72.0
UAB,full,14,42,232,72.0
UAB,full,14,42,233,72.0
UAB,full,14,42,234,73.0
UAB,full,14,42,235,74.0
UAB,full,14,42,236,74.0
UAB,full,14,42,237,74.0
UAB,full,14,42,238,74.0
UAB,full,14,42,239,75.0
UAB,full,14,42,240,75.0
UAB,full,14,42,241,75.0
UAB,full,14,42,242,75.0
UAB,full,14,42,243,75.0
UAB,full,14,42,244,76.0
UAB,full,14,42,245,77.0
UAB,full,14,42,246,77.0
UAB,full,14,42,247,77.0
UAB,full,14,42,248,77.0
UAB,full,14,42,249,78.0
UAB,full,14,42,250,78.0
UAB,full,14,42,251,78.0
UAB,full,14,42,252,78.0
UAB,full,14,42,253,79.0
UAB,full,14,42,254,80.0
UAB,full,14,42,255,80.0
UAB,full,14,42,256,80.0
UAB,full,14,42,257,81.0
UAB,full,14,42,258,81.0
UAB,full,14,42,259,81.0
UAB,full,14,42,260,81.0
UAB,full,14,42,261,81.0
UAB,full,14,42,262,81.0
UAB,full,14,42,263,81.0
UAB,full,14,42,264,81.0
UAB,full,14,42,265,82.0
UAB,full,14,42,266,82.0
UAB,full,14,42,267,82.0
UAB,full,14,42,268,83.0
UAB,full,14,42,269,83.0
UAB,full,14,42,270,84.0
UAB,full,14,42,271,84.0
UAB,full,14,42,272,84.0
UAB,full,14,42,273,84.0
UAB,full,14,42,274,84.0
UAB,full,14,42,275,84.0
UAB,full,14,42,276,85.0
UAB,full,14,42,277,85.0
UAB,full,14,42,278,85.0
UAB,full,14,42,279,85.0
UAB,full,14,42,280,86.0
UAB,full,14,42,281,86.0
UAB,full,14,42,282,87.0
UAB,full,14,42,283,88.0
UAB,full,14,42,284,88.0
UAB,full,14,42,285,89.0
UAB,full,14,42,286,89.0
UAB,full,14,42,287,90.0
UAB,full,14,42,288,91.0
UAB,full,14,42,289,92.0
UAB,full,14,42,290,93.0
UAB,full,14,42,291,94.0
UAB,full,14,42,292,95.0
UAB,full,14,42,293,96.0
UAB,full,14,42,294,96.0
UAB,full,14,42,295,96.0
UAB,full,14,42,296,96.0
UAB,full,14,42,297,97.0
UAB,full,14,42,298,98.0
UAB,full,14,42,299,99.0
UAB,full,14,42,300,99.0
UAB,full,14,42,301,99.0
UAB,full,14,42,302,99.0
UAB,full,14,42,303,99.0
UAB,full,14,42,304,99.0
UAB,full,14,42,305,99.0
UAB,full,14,42,306,99.0
UAB,full,14,42,307,99.0
UAB,full,14,42,308,100.0
UAB,full,14,42,309,100.0
UAB,full,14,42,310,100.0
UAB,full,14,42,311,100.0
UAB,full,14,42,312,100.0
UAB,full,14,42,313,100.0
UAB,full,14,42,314,100.0
UAB,full,14,42,315,101.0
UAB,full,14,42,316,102.0
UAB,full,14,42,317,102.0
UAB,full,14,42,318,103.0
UAB,full,14,42,319,103.0
UAB,full,14,42,320,103.0
UAB,full,14,42,321,103.0
UAB,full,14,42,322,104.0
UAB,full,14,42,323,104.0
UAB,full,14,42,324,104.0
UAB,full,14,42,325,104.0
UAB,full,14,42,326,104.0
UAB,full,14,42,327,105.0
UAB,full,14,42,328,105.0
UAB,full,14,42,329,105.0
UAB,full,14,42,330,106.0
UAB,full,14,42,331,106.0
UAB,full,14,42,332,107.0
UAB,full,14,42,333,107.0
UAB,full,14,42,334,107.0
UAB,full,14,42,335,108.0
UAB,full,14,42,336,108.0
UAB,full,14,42,337,108.0
UAB,full,14,42,338,109.0
UAB,full,14,42,339,109.0
UAB,full,14,42,340,109.0
UAB,full,14,42,341,109.0
UAB,full,14,42,342,110.0
UAB,full,14,42,343,111.0
UAB,full,14,42,344,111.0
UAB,full,14,42,345,112.0
UAB,full,14,42,346,112.0
UAB,full,14,42,347,113.0
UAB,full,14,42,348,113.0
UAB,full,14,42,349,113.0
UAB,full,14,42,350,113.0
UAB,full,14,42,351,114.0
UAB,full,14,42,352,114.0
UAB,full,14,42,353,115.0
UAB,full,14,42,354,115.0
UAB,full,14,42,355,115.0
UAB,full,14,42,356,115.0
UAB,full,14,42,357,115.0
UAB,full,14,42,358,115.0
UAB,full,14,42,359,115.0
UAB,full,14,42,360,116.0
UAB,full,14,42,361,117.0
UAB,full,14,42,362,117.0
UAB,full,14,42,363,118.0
UAB,full,14,42,364,119.0
UAB,full,14,42,365,120.0
UAB,full,14,42,366,121.0
UAB,full,14,42,367,122.0
UAB,full,14,42,368,123.0
UAB,full,14,42,369,123.0
UAB,full,14,42,370,124.0
UAB,full,14,42,371,125.0
UAB,full,14,42,372,126.0
UAB,full,14,42,373,126.0
UAB,full,14,42,374,126.0
UAB,full,14,42,375,126.0
UAB,full,14,42,376,126.0
UAB,full,14,42,377,127.0
UAB,full,14,42,378,127.0
UAB,full,14,42,379,128.0
UAB,full,14,42,380,128.0
UAB,full,14,42,381,128.0
UAB,full,14,42,382,128.0
UAB,full,14,42,383,128.0
UAB,full,14,42,384,129.0
UAB,full,14,42,385,129.0
UAB,full,14,42,386,130.0
UAB,full,14,42,387,130.0
UAB,full,14,42,388,131.0
UAB,full,14,42,389,131.0
UAB,full,14,42,390,132.0
UAB,full,14,42,391,133.0
UAB,full,14,42,392,133.0
UAB,full,14,42,393,134.0
UAB,full,14,42,394,135.0
UAB,full,14,42,395,136.0
UAB,full,14,42,396,136.0
UAB,full,14,42,397,136.0
UAB,full,14,42,398,136.0
UAB,full,14,42,399,136.0
UAB,full,14,42,400,136.0
UAB,full,14,42,401,136.0
UAB,full,14,42,402,136.0
UAB,full,14,42,403,136.0
UAB,full,14,42,404,136.0
UAB,full,14,42,405,136.0
UAB,full,14,42,406,136.0
UAB,full,14,42,407,136.0
UAB,full,14,42,408,137.0
UAB,full,14,42,409,137.0
UAB,full,14,42,410,138.0
UAB,full,14,42,411,138.0
UAB,full,14,42,412,138.0
UAB,full,14,42,413,138.0
UAB,full,14,42,414,138.0
UAB,full,14,42,415,138.0
UAB,full,14,42,416,139.0
UAB,full,14,42,417,139.0
UAB,full,14,42,418,139.0
UAB,full,14,42,419,140.0
UAB,full,14,42,420,140.0
UAB,full,14,42,421,141.0
UAB,full,14,42,422,141.0
UAB,full,14,42,423,141.0
UAB,full,14,42,424,141.0
UAB,full,14,42,425,142.0
UAB,full,14,42,426,142.0
UAB,full,14,42,427,142.0
UAB,full,14,42,428,143.0
UAB,full,14,42,429,143.0
UAB,full,14,42,430,144.0
UAB,full,14,42,431,144.0
UAB,full,14,42,432,145.0
UAB,full,14,42,433,145.0
UAB,full,14,42,434,146.0
UAB,full,14,42,435,146.0
UAB,full,14,42,436,146.0
UAB,full,14,42,437,146.0
UAB,full,14,42,438,146.0
UAB,full,14,42,439,147.0
UAB,full,14,42,440,147.0
UAB,full,14,42,441,147.0
UAB,full,14,42,442,147.0
UAB,full,14,42,443,147.0
UAB,full,14,42,444,147.0
UAB,full,14,42,445,147.0
UAB,full,14,42,446,147.0
UAB,full,14,42,447,148.0
UAB,full,14,42,448,149.0
UAB,full,14,42,449,150.0
UAB,full,14,42,450,150.0
UAB,full,14,42,451,150.0
UAB,full,14,42,452,150.0
UAB,full,14,42,453,151.0
UAB,full,14,42,454,151.0
UAB,full,14,42,455,152.0
UAB,full,14,42,456,153.0
UAB,full,14,42,457,153.0
UAB,full,14,42,458,153.0
UAB,full,14,42,459,153.0
UAB,full,14,42,460,153.0
UAB,full,14,42,461,153.0
UAB,full,14,42,462,153.0
UAB,full,14,42,463,153.0
UAB,full,14,42,464,153.0
UAB,full,14,42,465,153.0
UAB,full,14,42,466,153.0
UAB,full,14,42,467,154.0
UAB,full,14,42,468,154.0
UAB,full,14,42,469,154.0
UAB,full,14,42,470,154.0
UAB,full,14,42,471,155.0
UAB,full,14,42,472,155.0
UAB,full,14,42,473,155.0
UAB,full,14,42,474,155.0
UAB,full,14,42,475,156.0
UAB,full,14,42,476,156.0
UAB,full,14,42,477,157.0
UAB,full,14,42,478,158.0
UAB,full,14,42,479,158.0
UAB,full,14,42,480,158.0
UAB,full,14,42,481,159.0
UAB,full,14,42,482,159.0
UAB,full,14,42,483,159.0
UAB,full,14,42,484,159.0
UAB,full,14,42,485,160.0
UAB,full,14,42,486,160.0
UAB,full,14,42,487,160.0
UAB,full,14,42,488,160.0
UAB,full,14,42,489,160.0
UAB,full,14,42,490,160.0
UAB,full,14,42,491,161.0
UAB,full,14,42,492,161.0
UAB,full,14,42,493,161.0
UAB,full,14,42,494,162.0
UAB,full,14,42,495,162.0
UAB,full,14,42,496,162.0
UAB,full,14,42,497,163.0
UAB,full,14,42,498,164.0
UAB,full,14,42,499,165.0
UAB,full,14,42,500,165.0
UAB,full,14,42,501,165.0
UAB,full,14,42,502,165.0
UAB,full,14,42,503,165.0
UAB,full,14,42,504,165.0
UAB,full,14,42,505,166.0
UAB,full,14,42,506,167.0
UAB,full,14,42,507,168.0
UAB,full,14,42,508,168.0
UAB,full,14,42,509,169.0
UAB,full,14,42,510,170.0
UAB,full,14,42,511,170.0
UAB,full,14,42,512,170.0
UAB,full,14,42,513,170.0
UAB,full,14,42,514,171.0
UAB,full,14,42,515,172.0
UAB,full,14,42,516,172.0
UAB,full,14,42,517,173.0
UAB,full,14,42,518,173.0
UAB,full,14,42,519,173.0
UAB,full,14,42,520,173.0
UAB,full,14,42,521,174.0
UAB,full,14,42,522,174.0
UAB,full,14,42,523,174.0
UAB,full,14,42,524,175.0
UAB,full,14,42,525,175.0
UAB,full,14,42,526,175.0
UAB,full,14,42,527,175.0
UAB,full,14,42,528,175.0
UAB,full,14,42,529,175.0
UAB,full,14,42,530,176.0
UAB,full,14,42,531,177.0
UAB,full,15,42,0,0.0
UAB,full,15,42,1,0.0
UAB,full,15,42,2,0.0
UAB,full,15,42,3,0.0
UAB,full,15,42,4,0.0
UAB,full,15,42,5,1.0
UAB,full,15,42,6,1.0
UAB,full,15,42,7,1.0
UAB,full,15,42,8,1.0
UAB,full,15,42,9,1.0
UAB,full,15,42,10,1.0
UAB,full,15,42,11,1.0
UAB,full,15,42,12,1.0
UAB,full,15,42,13,1.0
UAB,full,15,42,14,1.0
UAB,full,15,42,15,2.0
UAB,full,15,42,16,2.0
UAB,full,15,42,17,2.0
UAB,full,15,42,18,2.0
UAB,full,15,42,19,2.0
UAB,full,15,42,20,2.0
UAB,full,15,42,21,2.0
UAB,full,15,42,22,2.0
UAB,full,15,42,23,2.0
UAB,full,15,42,24,2.0
UAB,full,15,42,25,3.0
UAB,full,15,42,26,3.0
UAB,full,15,42,27,3.0
UAB,full,15,42,28,3.0
UAB,full,15,42,29,3.0
UAB,full,15,42,30,3.0
UAB,full,15,42,31,4.0
UAB,full,15,42,32,4.0
UAB,full,15,42,33,5.0
UAB,full,15,42,34,6.0
UAB,full,15,42,35,6.0
UAB,full,15,42,36,6.0
UAB,full,15,42,37,6.0
UAB,full,15,42,38,6.0
UAB,full,15,42,39,7.0
UAB,full,15,42,40,8.0
UAB,full,15,42,41,8.0
UAB,full,15,42,42,8.0
UAB,full,15,42,43,8.0
UAB,full,15,42,44,8.0
UAB,full,15,42,45,8.0
UAB,full,15,42,46,9.0
UAB,full,15,42,47,9.0
UAB,full,15,42,48,10.0
UAB,full,15,42,49,10.0
UAB,full,15,42,50,11.0
UAB,full,15,42,51,11.0
UAB,full,15,42,52,11.0
UAB,full,15,42,53,11.0
UAB,full,15,42,54,11.0
UAB,full,15,42,55,11.0
UAB,full,15,42,56,11.0
UAB,full,15,42,57,11.0
UAB,full,15,42,58,11.0
UAB,full,15,42,59,11.0
UAB,full,15,42,60,11.0
UAB,full,15,42,61,11.0
UAB,full,15,42,62,11.0
UAB,full,15,42,63,11.0
UAB,full,15,42,64,12.0
UAB,full,15,42,65,13.0
UAB,full,15,42,66,13.0
UAB,full,15,42,67,13.0
UAB,full,15,42,68,13.0
UAB,full,15,42,69,14.0
UAB,full,15,42,70,14.0
UAB,full,15,42,71,14.0
UAB,full,15,42,72,14.0
UAB,full,15,42,73,14.0
UAB,full,15,42,74,14.0
UAB,full,15,42,75,14.0
UAB,full,15,42,76,14.0
UAB,full,15,42,77,14.0
UAB,full,15,42,78,14.0
UAB,full,15,42,79,14.0
UAB,full,15,42,80,15.0
UAB,full,15,42,81,16.0
UAB,full,15,42,82,16.0
UAB,full,15,42,83,17.0
UAB,full,15,42,84,17.0
UAB,full,15,42,85,17.0
UAB,full,15,42,86,18.0
UAB,full,15,42,87,18.0
UAB,full,15,42,88,18.0
UAB,full,15,42,89,18.0
UAB,full,15,42,90,18.0
UAB,full,15,42,91,18.0
UAB,full,15,42,92,19.0
UAB,full,15,42,93,20.0
UAB,full,15,42,94,20.0
UAB,full,15,42,95,20.0
UAB,full,15,42,96,20.0
UAB,full,15,42,97,20.0
UAB,full,15,42,98,20.0
UAB,full,15,42,99,20.0
UAB,full,15,42,100,20.0
UAB,full,15,42,101,20.0
UAB,full,15,42,102,20.0
UAB,full,15,42,103,20.0
UAB,full,15,42,104,20.0
UAB,full,15,42,105,20.0
UAB,full,15,42,106,21.0
UAB,full,15,42,107,21.0
UAB,full,15,42,108,21.0
UAB,full,15,42,109,21.0
UAB,full,15,42,110,21.0
UAB,full,15,42,111,21.0
UAB,full,15,42,112,21.0
UAB,full,15,42,113,22.0
UAB,full,15,42,114,23.0
UAB,full,15,42,115,24.0
UAB,full,15,42,116,24.0
UAB,full,15,42,117,24.0
UAB,full,15,42,118,24.0
UAB,full,15,42,119,24.0
UAB,full,15,42,120,24.0
UAB,full,15,42,121,24.0
UAB,full,15,42,122,24.0
UAB,full,15,42,123,25.0
UAB,full,15,42,124,25.0
UAB,full,15,42,125,25.0
UAB,full,15,42,126,25.0
UAB,full,15,42,127,26.0
UAB,full,15,42,128,27.0
UAB,full,15,42,129,27.0
UAB,full,15,42,130,27.0
UAB,full,15,42,131,27.0
UAB,full,15,42,132,28.0
UAB,full,15,42,133,28.0
UAB,full,15,42,134,28.0
UAB,full,15,42,135,28.0
UAB,full,15,42,136,29.0
UAB,full,15,42,137,29.0
UAB,full,15,42,138,29.0
UAB,full,15,42,139,29.0
UAB,full,15,42,140,29.0
UAB,full,15,42,141,29.0
UAB,full,15,42,142,30.0
UAB,full,15,42,143,31.0
UAB,full,15,42,144,32.0
UAB,full,15,42,145,32.0
UAB,full,15,42,146,32.0
UAB,full,15,42,147,32.0
UAB,full,15,42,148,33.0
UAB,full,15,42,149,34.0
UAB,full,15,42,150,34.0
UAB,full,15,42,151,34.0
UAB,full,15,42,152,34.0
UAB,full,15,42,153,34.0
UAB,full,15,42,154,34.0
UAB,full,15,42,155,34.0
UAB,full,15,42,156,34.0
UAB,full,15,42,157,34.0
UAB,full,15,42,158,34.0
UAB,full,15,42,159,34.0
UAB,full,15,42,160,34.0
UAB,full,15,42,161,34.0
UAB,full,15,42,162,34.0
UAB,full,15,42,163,34.0
UAB,full,15,42,164,34.0
UAB,full,15,42,165,35.0
UAB,full,15,42,166,35.0
UAB,full,15,42,167,35.0
UAB,full,15,42,168,35.0
UAB,full,15,42,169,35.0
UAB,full,15,42,170,36.0
UAB,full,15,42,171,36.0
UAB,full,15,42,172,36.0
UAB,full,15,42,173,36.0
UAB,full,15,42,174,36.0
UAB,full,15,42,175,36.0
UAB,full,15,42,176,36.0
UAB,full,15,42,177,36.0
UAB,full,15,42,178,36.0
UAB,full,15,42,179,36.0
UAB,full,15,42,180,36.0
UAB,full,15,42,181,36.0
UAB,full,15,42,182,36.0
UAB,full,15,42,183,36.0
UAB,full,15,42,184,36.0
UAB,full,15,42,185,36.0
UAB,full,15,42,186,36.0
UAB,full,15,42,187,36.0
UAB,full,15,42,188,36.0
UAB,full,15,42,189,36.0
UAB,full,15,42,190,36.0
UAB,full,15,42,191,36.0
UAB,full,15,42,192,36.0
UAB,full,15,42,193,36.0
UAB,full,15,42,194,36.0
UAB,full,15,42,195,36.0
UAB,full,15,42,196,37.0
UAB,full,15,42,197,37.0
UAB,full,15,42,198,37.0
UAB,full,15,42,199,37.0
UAB,full,15,42,200,37.0
UAB,full,15,42,201,37.0
UAB,full,15,42,202,37.0
UAB,full,15,42,203,37.0
UAB,full,15,42,204,38.0
UAB,full,15,42,205,38.0
UAB,full,15,42,206,38.0
UAB,full,15,42,207,38.0
UAB,full,15,42,208,39.0
UAB,full,15,42,209,40.0
UAB,full,15,42,210,40.0
UAB,full,15,42,211,41.0
UAB,full,15,42,212,42.0
UAB,full,15,42,213,42.0
UAB,full,15,42,214,42.0
UAB,full,15,42,215,42.0
UAB,full,15,42,216,42.0
UAB,full,15,42,217,42.0
UAB,full,15,42,218,43.0
UAB,full,15,42,219,44.0
UAB,full,15,42,220,44.0
UAB,full,15,42,221,44.0
UAB,full,15,42,222,45.0
UAB,full,15,42,223,45.0
UAB,full,15,42,224,46.0
UAB,full,15,42,225,46.0
UAB,full,15,42,226,46.0
UAB,full,15,42,227,46.0
UAB,full,15,42,228,46.0
UAB,full,15,42,229,46.0
UAB,full,15,42,230,46.0
UAB,full,15,42,231,46.0
UAB,full,15,42,232,46.0
UAB,full,15,42,233,46.0
UAB,full,15,42,234,46.0
UAB,full,15,42,235,46.0
UAB,full,15,42,236,47.0
UAB,full,15,42,237,48.0
UAB,full,15,42,238,49.0
UAB,full,15,42,239,49.0
UAB,full,15,42,240,49.0
UAB,full,15,42,241,49.0
UAB,full,15,42,242,49.0
UAB,full,15,42,243,50.0
UAB,full,15,42,244,51.0
UAB,full,15,42,245,51.0
UAB,full,15,42,246,51.0
UAB,full,15,42,247,51.0
UAB,full,15,42,248,51.0
UAB,full,15,42,249,51.0
UAB,full,15,42,250,52.0
UAB,full,15,42,251,53.0
UAB,full,15,42,252,53.0
UAB,full,15,42,253,53.0
UAB,full,15,42,254,53.0
UAB,full,15,42,255,53.0
UAB,full,15,42,256,54.0
UAB,full,15,42,257,54.0
UAB,full,15,42,258,55.0
UAB,full,15,42,259,55.0
UAB,full,15,42,260,55.0
UAB,full,15,42,261,55.0
UAB,full,15,42,262,55.0
UAB,full,15,42,263,55.0
UAB,full,15,42,264,55.0
UAB,full,15,42,265,55.0
UAB,full,15,42,266,55.0
UAB,full,15,42,267,55.0
UAB,full,15,42,268,56.0
UAB,full,15,42,269,56.0
UAB,full,15,42,270,56.0
UAB,full,15,42,271,57.0
UAB,full,15,42,272,57.0
UAB,full,15,42,273,57.0
UAB,full,15,42,274,57.0
UAB,full,15,42,275,57.0
UAB,full,15,42,276,58.0
UAB,full,15,42,277,58.0
UAB,full,15,42,278,58.0
UAB,full,15,42,279,58.0
UAB,full,15,42,280,58.0
UAB,full,15,42,281,58.0
UAB,full,15,42,282,58.0
UAB,full,15,42,283,58.0
UAB,full,15,42,284,59.0
UAB,full,15,42,285,59.0
UAB,full,15,42,286,59.0
UAB,full,15,42,287,59.0
UAB,full,15,42,288,59.0
UAB,full,15,42,289,59.0
UAB,full,15,42,290,59.0
UAB,full,15,42,291,59.0
UAB,full,15,42,292,59.0
UAB,full,15,42,293,59.0
UAB,full,15,42,294,59.0
UAB,full,15,42,295,60.0
UAB,full,15,42,296,60.0
UAB,full,15,42,297,60.0
UAB,full,15,42,298,61.0
UAB,full,15,42,299,62.0
UAB,full,15,42,300,62.0
UAB,full,15,42,301,63.0
UAB,full,15,42,302,63.0
UAB,full,15,42,303,63.0
UAB,full,15,42,304,64.0
UAB,full,15,42,305,64.0
UAB,full,15,42,306,64.0
UAB,full,15,42,307,64.0
UAB,full,15,42,308,64.0
UAB,full,15,42,309,64.0
UAB,full,15,42,310,64.0
UAB,full,15,42,311,64.0
UAB,full,15,42,312,64.0
UAB,full,15,42,313,64.0
UAB,full,15,42,314,64.0
UAB,full,15,42,315,64.0
UAB,full,15,42,316,65.0
UAB,full,15,42,317,65.0
UAB,full,15,42,318,65.0
UAB,full,15,42,319,66.0
UAB,full,15,42,320,66.0
UAB,full,15,42,321,66.0
UAB,full,15,42,322,66.0
UAB,full,15,42,323,66.0
UAB,full,15,42,324,66.0
UAB,full,15,42,325,66.0
UAB,full,15,42,326,66.0
UAB,full,15,42,327,66.0
UAB,full,15,42,328,67.0
UAB,full,15,42,329,67.0
UAB,full,15,42,330,67.0
UAB,full,15,42,331,67.0
UAB,full,15,42,332,68.0
UAB,full,15,42,333,68.0
UAB,full,15,42,334,68.0
UAB,full,15,42,335,69.0
UAB,full,15,42,336,69.0
UAB,full,15,42,337,69.0
UAB,full,15,42,338,70.0
UAB,full,15,42,339,70.0
UAB,full,15,42,340,70.0
UAB,full,15,42,341,71.0
UAB,full,15,42,342,72.0
UAB,full,15,42,343,72.0
UAB,full,15,42,344,72.0
UAB,full,15,42,345,72.0
UAB,full,15,42,346,72.0
UAB,full,15,42,347,73.0
UAB,full,15,42,348,73.0
UAB,full,15,42,349,73.0
UAB,full,15,42,350,73.0
UAB,full,15,42,351,73.0
UAB,full,15,42,352,73.0
UAB,full,15,42,353,73.0
UAB,full,15,42,354,73.0
UAB,full,15,42,355,73.0
UAB,full,15,42,356,73.0
UAB,full,15,42,357,73.0
UAB,full,15,42,358,74.0
UAB,full,15,42,359,75.0
UAB,full,15,42,360,76.0
UAB,full,15,42,361,77.0
UAB,full,15,42,362,78.0
UAB,full,15,42,363,78.0
UAB,full,15,42,364,78.0
UAB,full,15,42,365,78.0
UAB,full,15,42,366,78.0
UAB,full,15,42,367,78.0
UAB,full,15,42,368,79.0
UAB,full,15,42,369,79.0
UAB,full,15,42,370,79.0
UAB,full,15,42,371,79.0
UAB,full,15,42,372,79.0
UAB,full,15,42,373,79.0
UAB,full,15,42,374,79.0
UAB,full,15,42,375,79.0
UAB,full,15,42,376,79.0
UAB,full,15,42,377,79.0
UAB,full,15,42,378,79.0
UAB,full,15,42,379,79.0
UAB,full,15,42,380,79.0
UAB,full,15,42,381,79.0
UAB,full,15,42,382,79.0
UAB,full,15,42,383,79.0
UAB,full,15,42,384,79.0
UAB,full,15,42,385,80.0
UAB,full,15,42,386,80.0
UAB,full,15,42,387,81.0
UAB,full,15,42,388,82.0
UAB,full,15,42,389,82.0
UAB,full,15,42,390,82.0
UAB,full,15,42,391,82.0
UAB,full,15,42,392,82.0
UAB,full,15,42,393,82.0
UAB,full,15,42,394,82.0
UAB,full,15,42,395,82.0
UAB,full,15,42,396,82.0
UAB,full,15,42,397,82.0
UAB,full,15,42,398,82.0
UAB,full,15,42,399,83.0
UAB,full,15,42,400,83.0
UAB,full,15,42,401,83.0
UAB,full,15,42,402,83.0
UAB,full,15,42,403,83.0
UAB,full,15,42,404,84.0
UAB,full,15,42,405,84.0
UAB,full,15,42,406,84.0
UAB,full,15,42,407,84.0
UAB,full,15,42,408,84.0
UAB,full,15,42,409,84.0
UAB,full,15,42,410,84.0
UAB,full,15,42,411,85.0
UAB,full,15,42,412,85.0
UAB,full,15,42,413,85.0
UAB,full,15,42,414,85.0
UAB,full,15,42,415,85.0
UAB,full,15,42,416,86.0
UAB,full,15,42,417,86.0
UAB,full,15,42,418,87.0
UAB,full,15,42,419,87.0
UAB,full,15,42,420,87.0
UAB,full,15,42,421,87.0
UAB,full,15,42,422,87.0
UAB,full,15,42,423,87.0
UAB,full,15,42,424,87.0
UAB,full,15,42,425,87.0
UAB,full,15,42,426,87.0
UAB,full,15,42,427,88.0
UAB,full,15,42,428,88.0
UAB,full,15,42,429,88.0
UAB,full,15,42,430,88.0
UAB,full,15,42,431,88.0
UAB,full,15,42,432,89.0
UAB,full,15,42,433,90.0
UAB,full,15,42,434,90.0
UAB,full,15,42,435,90.0
UAB,full,15,42,436,90.0
UAB,full,15,42,437,91.0
UAB,full,15,42,438,91.0
UAB,full,15,42,439,92.0
UAB,full,15,42,440,92.0
UAB,full,15,42,441,92.0
UAB,full,15,42,442,92.0
UAB,full,15,42,443,92.0
UAB,full,15,42,444,92.0
UAB,full,15,42,445,92.0
UAB,full,15,42,446,93.0
UAB,full,15,42,447,94.0
UAB,full,15,42,448,94.0
UAB,full,15,42,449,94.0
UAB,full,15,42,450,95.0
UAB,full,15,42,451,96.0
UAB,full,15,42,452,97.0
UAB,full,15,42,453,98.0
UAB,full,15,42,454,99.0
UAB,full,15,42,455,100.0
UAB,full,15,42,456,100.0
UAB,full,15,42,457,100.0
UAB,full,15,42,458,101.0
UAB,full,15,42,459,101.0
UAB,full,15,42,460,101.0
UAB,full,15,42,461,101.0
UAB,full,15,42,462,101.0
UAB,full,15,42,463,102.0
UAB,full,15,42,464,102.0
UAB,full,15,42,465,102.0
UAB,full,15,42,466,102.0
UAB,full,15,42,467,102.0
UAB,full,15,42,468,102.0
UAB,full,15,42,469,102.0
UAB,full,15,42,470,102.0
UAB,full,15,42,471,102.0
UAB,full,15,42,472,102.0
UAB,full,15,42,473,102.0
UAB,full,15,42,474,102.0
UAB,full,15,42,475,103.0
UAB,full,15,42,476,103.0
UAB,full,15,42,477,103.0
UAB,full,15,42,478,103.0
UAB,full,15,42,479,103.0
UAB,full,15,42,480,103.0
UAB,full,15,42,481,103.0
UAB,full,15,42,482,103.0
UAB,full,15,42,483,103.0
UAB,full,15,42,484,103.0
UAB,full,15,42,485,103.0
UAB,full,15,42,486,103.0
UAB,full,15,42,487,103.0
UAB,full,15,42,488,103.0
UAB,full,15,42,489,103.0
UAB,full,15,42,490,103.0
UAB,full,15,42,491,103.0
UAB,full,15,42,492,103.0
UAB,full,15,42,493,103.0
UAB,full,15,42,494,103.0
UAB,full,15,42,495,103.0
UAB,full,15,42,496,103.0
UAB,full,15,42,497,103.0
UAB,full,15,42,498,103.0
UAB,full,15,42,499,103.0
UAB,full,15,42,500,103.0
UAB,full,15,42,501,103.0
UAB,full,15,42,502,103.0
UAB,full,15,42,503,103.0
UAB,full,15,42,504,103.0
UAB,full,15,42,505,104.0
UAB,full,15,42,506,104.0
UAB,full,15,42,507,104.0
UAB,full,15,42,508,104.0
UAB,full,15,42,509,104.0
UAB,full,15,42,510,105.0
UAB,full,16,42,0,0.0
UAB,full,16,42,1,0.0
UAB,full,16,42,2,0.0
UAB,full,16,42,3,0.0
UAB,full,16,42,4,1.0
UAB,full,16,42,5,1.0
UAB,full,16,42,6,1.0
UAB,full,16,42,7,1.0
UAB,full,16,42,8,1.0
UAB,full,16,42,9,1.0
UAB,full,16,42,10,1.0
UAB,full,16,42,11,1.0
UAB,full,16,42,12,1.0
UAB,full,16,42,13,1.0
UAB,full,16,42,14,1.0
UAB,full,16,42,15,1.0
UAB,full,16,42,16,1.0
UAB,full,16,42,17,1.0
UAB,full,16,42,18,1.0
UAB,full,16,42,19,1.0
UAB,full,16,42,20,1.0
UAB,full,16,42,21,2.0
UAB,full,16,42,22,2.0
UAB,full,16,42,23,2.0
UAB,full,16,42,24,2.0
UAB,full,16,42,25,2.0
UAB,full,16,42,26,3.0
UAB,full,16,42,27,3.0
UAB,full,16,42,28,3.0
UAB,full,16,42,29,3.0
UAB,full,16,42,30,3.0
UAB,full,16,42,31,3.0
UAB,full,16,42,32,3.0
UAB,full,16,42,33,3.0
UAB,full,16,42,34,3.0
UAB,full,16,42,35,3.0
UAB,full,16,42,36,3.0
UAB,full,16,42,37,3.0
UAB,full,16,42,38,3.0
UAB,full,16,42,39,3.0
UAB,full,16,42,40,3.0
UAB,full,16,42,41,3.0
UAB,full,16,42,42,3.0
UAB,full,16,42,43,3.0
UAB,full,16,42,44,3.0
UAB,full,16,42,45,3.0
UAB,full,16,42,46,4.0
UAB,full,16,42,47,4.0
UAB,full,16,42,48,4.0
UAB,full,16,42,49,4.0
UAB,full,16,42,50,5.0
UAB,full,16,42,51,5.0
UAB,full,16,42,52,5.0
UAB,full,16,42,53,5.0
UAB,full,16,42,54,5.0
UAB,full,16,42,55,5.0
UAB,full,16,42,56,5.0
UAB,full,16,42,57,6.0
UAB,full,16,42,58,6.0
UAB,full,16,42,59,6.0
UAB,full,16,42,60,6.0
UAB,full,16,42,61,6.0
UAB,full,16,42,62,6.0
UAB,full,16,42,63,6.0
UAB,full,16,42,64,6.0
UAB,full,16,42,65,6.0
UAB,full,16,42,66,6.0
UAB,full,16,42,67,6.0
UAB,full,16,42,68,6.0
UAB,full,16,42,69,6.0
UAB,full,16,42,70,6.0
UAB,full,16,42,71,7.0
UAB,full,16,42,72,7.0
UAB,full,16,42,73,7.0
UAB,full,16,42,74,7.0
UAB,full,16,42,75,7.0
UAB,full,16,42,76,8.0
UAB,full,16,42,77,8.0
UAB,full,16,42,78,8.0
UAB,full,16,42,79,8.0
UAB,full,16,42,80,8.0
UAB,full,16,42,81,8.0
UAB,full,16,42,82,8.0
UAB,full,16,42,83,8.0
UAB,full,16,42,84,8.0
UAB,full,16,42,85,8.0
UAB,full,16,42,86,8.0
UAB,full,16,42,87,8.0
UAB,full,16,42,88,8.0
UAB,full,16,42,89,9.0
UAB,full,16,42,90,9.0
UAB,full,16,42,91,9.0
UAB,full,16,42,92,9.0
UAB,full,16,42,93,9.0
UAB,full,16,42,94,9.0
UAB,full,16,42,95,9.0
UAB,full,16,42,96,9.0
UAB,full,16,42,97,9.0
UAB,full,16,42,98,9.0
UAB,full,16,42,99,9.0
UAB,full,16,42,100,9.0
UAB,full,16,42,101,10.0
UAB,full,16,42,102,10.0
UAB,full,16,42,103,10.0
UAB,full,16,42,104,10.0
UAB,full,16,42,105,10.0
UAB,full,16,42,106,10.0
UAB,full,16,42,107,11.0
UAB,full,16,42,108,11.0
UAB,full,16,42,109,11.0
UAB,full,16,42,110,11.0
UAB,full,16,42,111,11.0
UAB,full,16,42,112,11.0
UAB,full,16,42,113,11.0
UAB,full,16,42,114,11.0
UAB,full,16,42,115,11.0
UAB,full,16,42,116,11.0
UAB,full,16,42,117,11.0
UAB,full,16,42,118,11.0
UAB,full,16,42,119,12.0
UAB,full,16,42,120,12.0
UAB,full,16,42,121,12.0
UAB,full,16,42,122,12.0
UAB,full,16,42,123,12.0
UAB,full,16,42,124,12.0
UAB,full,16,42,125,13.0
UAB,full,16,42,126,13.0
UAB,full,16,42,127,13.0
UAB,full,16,42,128,13.0
UAB,full,16,42,129,13.0
UAB,full,16,42,130,13.0
UAB,full,16,42,131,13.0
UAB,full,16,42,132,13.0
UAB,full,16,42,133,13.0
UAB,full,16,42,134,13.0
UAB,full,16,42,135,13.0
UAB,full,16,42,136,13.0
UAB,full,16,42,137,13.0
UAB,full,16,42,138,13.0
UAB,full,16,42,139,13.0
UAB,full,16,42,140,13.0
UAB,full,16,42,141,13.0
UAB,full,16,42,142,13.0
UAB,full,16,42,143,13.0
UAB,full,16,42,144,14.0
UAB,full,16,42,145,14.0
UAB,full,16,42,146,14.0
UAB,full,16,42,147,14.0
UAB,full,16,42,148,15.0
UAB,full,16,42,149,15.0
UAB,full,16,42,150,15.0
UAB,full,16,42,151,15.0
UAB,full,16,42,152,15.0
UAB,full,16,42,153,15.0
UAB,full,16,42,154,15.0
UAB,full,16,42,155,15.0
UAB,full,16,42,156,15.0
UAB,full,16,42,157,15.0
UAB,full,16,42,158,15.0
UAB,full,16,42,159,16.0
UAB,full,16,42,160,16.0
UAB,full,16,42,161,16.0
UAB,full,16,42,162,16.0
UAB,full,16,42,163,16.0
UAB,full,16,42,164,16.0
UAB,full,16,42,165,16.0
UAB,full,16,42,166,16.0
UAB,full,16,42,167,16.0
UAB,full,16,42,168,16.0
UAB,full,16,42,169,16.0
UAB,full,16,42,170,16.0
UAB,full,16,42,171,16.0
UAB,full,16,42,172,16.0
UAB,full,16,42,173,17.0
UAB,full,16,42,174,17.0
UAB,full,16,42,175,17.0
UAB,full,16,42,176,17.0
UAB,full,16,42,177,17.0
UAB,full,16,42,178,17.0
UAB,full,16,42,179,17.0
UAB,full,16,42,180,17.0
UAB,full,16,42,181,17.0
UAB,full,16,42,182,17.0
UAB,full,16,42,183,17.0
UAB,full,16,42,184,18.0
UAB,full,16,42,185,18.0
UAB,full,16,42,186,18.0
UAB,full,16,42,187,18.0
UAB,full,16,42,188,18.0
UAB,full,16,42,189,18.0
UAB,full,16,42,190,18.0
UAB,full,16,42,191,18.0
UAB,full,16,42,192,18.0
UAB,full,16,42,193,18.0
UAB,full,16,42,194,18.0
UAB,full,16,42,195,19.0
UAB,full,16,42,196,19.0
UAB,full,16,42,197,19.0
UAB,full,16,42,198,20.0
UAB,full,16,42,199,20.0
UAB,full,16,42,200,20.0
UAB,full,16,42,201,20.0
UAB,full,16,42,202,20.0
UAB,full,16,42,203,20.0
UAB,full,16,42,204,20.0
UAB,full,16,42,205,20.0
UAB,full,16,42,206,21.0
UAB,full,16,42,207,21.0
UAB,full,16,42,208,22.0
UAB,full,16,42,209,22.0
UAB,full,16,42,210,22.0
UAB,full,16,42,211,22.0
UAB,full,16,42,212,22.0
UAB,full,16,42,213,22.0
UAB,full,16,42,214,22.0
UAB,full,16,42,215,22.0
UAB,full,16,42,216,22.0
UAB,full,16,42,217,22.0
UAB,full,16,42,218,23.0
UAB,full,16,42,219,23.0
UAB,full,16,42,220,23.0
UAB,full,16,42,221,23.0
UAB,full,16,42,222,23.0
UAB,full,16,42,223,23.0
UAB,full,16,42,224,23.0
UAB,full,16,42,225,23.0
UAB,full,16,42,226,23.0
UAB,full,16,42,227,23.0
UAB,full,16,42,228,23.0
UAB,full,16,42,229,23.0
UAB,full,16,42,230,23.0
UAB,full,16,42,231,23.0
UAB,full,16,42,232,23.0
UAB,full,16,42,233,23.0
UAB,full,16,42,234,23.0
UAB,full,16,42,235,23.0
UAB,full,16,42,236,23.0
UAB,full,16,42,237,23.0
UAB,full,16,42,238,23.0
UAB,full,16,42,239,23.0
UAB,full,16,42,240,24.0
UAB,full,16,42,241,25.0
UAB,full,16,42,242,25.0
UAB,full,16,42,243,25.0
UAB,full,16,42,244,26.0
UAB,full,16,42,245,26.0
UAB,full,16,42,246,27.0
UAB,full,16,42,247,27.0
UAB,full,16,42,248,27.0
UAB,full,16,42,249,28.0
UAB,full,16,42,250,28.0
UAB,full,16,42,251,28.0
UAB,full,16,42,252,28.0
UAB,full,16,42,253,28.0
UAB,full,16,42,254,28.0
UAB,full,16,42,255,28.0
UAB,full,16,42,256,28.0
UAB,full,16,42,257,29.0
UAB,full,16,42,258,29.0
UAB,full,16,42,259,29.0
UAB,full,16,42,260,29.0
UAB,full,16,42,261,29.0
UAB,full,16,42,262,29.0
UAB,full,16,42,263,30.0
UAB,full,16,42,264,30.0
UAB,full,16,42,265,30.0
UAB,full,16,42,266,30.0
UAB,full,16,42,267,30.0
UAB,full,16,42,268,30.0
UAB,full,16,42,269,30.0
UAB,full,16,42,270,30.0
UAB,full,16,42,271,30.0
UAB,full,16,42,272,30.0
UAB,full,16,42,273,30.0
UAB,full,16,42,274,30.0
UAB,full,16,42,275,30.0
UAB,full,16,42,276,30.0
UAB,full,16,42,277,31.0
UAB,full,16,42,278,31.0
UAB,full,16,42,279,31.0
UAB,full,16,42,280,32.0
UAB,full,16,42,281,32.0
UAB,full,16,42,282,32.0
UAB,full,16,42,283,32.0
UAB,full,16,42,284,33.0
UAB,full,16,42,285,33.0
UAB,full,16,42,286,33.0
UAB,full,16,42,287,33.0
UAB,full,16,42,288,33.0
UAB,full,16,42,289,33.0
UAB,full,16,42,290,33.0
UAB,full,16,42,291,33.0
UAB,full,16,42,292,33.0
UAB,full,16,42,293,33.0
UAB,full,16,42,294,33.0
UAB,full,16,42,295,33.0
UAB,full,16,42,296,33.0
UAB,full,16,42,297,33.0
UAB,full,16,42,298,33.0
UAB,full,16,42,299,33.0
UAB,full,16,42,300,33.0
UAB,full,16,42,301,33.0
UAB,full,16,42,302,33.0
UAB,full,16,42,303,33.0
UAB,full,16,42,304,33.0
UAB,full,16,42,305,33.0
UAB,full,16,42,306,33.0
UAB,full,16,42,307,33.0
UAB,full,16,42,308,33.0
UAB,full,16,42,309,33.0
UAB,full,16,42,310,33.0
UAB,full,16,42,311,33.0
UAB,full,16,42,312,33.0
UAB,full,16,42,313,33.0
UAB,full,16,42,314,33.0
UAB,full,16,42,315,33.0
UAB,full,16,42,316,33.0
UAB,full,16,42,317,33.0
UAB,full,16,42,318,33.0
UAB,full,16,42,319,34.0
UAB,full,16,42,320,34.0
UAB,full,16,42,321,34.0
UAB,full,16,42,322,34.0
UAB,full,16,42,323,34.0
UAB,full,16,42,324,34.0
UAB,full,16,42,325,34.0
UAB,full,16,42,326,35.0
UAB,full,16,42,327,35.0
UAB,full,16,42,328,35.0
UAB,full,16,42,329,35.0
UAB,full,16,42,330,35.0
UAB,full,16,42,331,35.0
UAB,full,16,42,332,35.0
UAB,full,16,42,333,35.0
UAB,full,16,42,334,35.0
UAB,full,16,42,335,35.0
UAB,full,16,42,336,35.0
UAB,full,16,42,337,35.0
UAB,full,16,42,338,35.0
UAB,full,16,42,339,35.0
UAB,full,16,42,340,35.0
UAB,full,16,42,341,35.0
UAB,full,16,42,342,35.0
UAB,full,16,42,343,35.0
UAB,full,16,42,344,35.0
UAB,full,16,42,345,35.0
UAB,full,16,42,346,35.0
UAB,full,16,42,347,35.0
UAB,full,16,42,348,35.0
UAB,full,16,42,349,35.0
UAB,full,16,42,350,35.0
UAB,full,16,42,351,35.0
UAB,full,16,42,352,35.0
UAB,full,16,42,353,36.0
UAB,full,16,42,354,36.0
UAB,full,16,42,355,36.0
UAB,full,16,42,356,36.0
UAB,full,16,42,357,36.0
UAB,full,16,42,358,36.0
UAB,full,16,42,359,36.0
UAB,full,16,42,360,37.0
UAB,full,16,42,361,37.0
UAB,full,16,42,362,37.0
UAB,full,16,42,363,37.0
UAB,full,16,42,364,38.0
UAB,full,16,42,365,38.0
UAB,full,16,42,366,38.0
UAB,full,16,42,367,38.0
UAB,full,16,42,368,39.0
UAB,full,16,42,369,39.0
UAB,full,16,42,370,39.0
UAB,full,16,42,371,39.0
UAB,full,16,42,372,39.0
UAB,full,16,42,373,39.0
UAB,full,16,42,374,39.0
UAB,full,16,42,375,39.0
UAB,full,16,42,376,39.0
UAB,full,16,42,377,39.0
UAB,full,16,42,378,39.0
UAB,full,16,42,379,39.0
UAB,full,16,42,380,39.0
UAB,full,16,42,381,39.0
UAB,full,16,42,382,39.0
UAB,full,16,42,383,39.0
UAB,full,16,42,384,39.0
UAB,full,16,42,385,39.0
UAB,full,16,42,386,39.0
UAB,full,16,42,387,39.0
UAB,full,16,42,388,40.0
UAB,full,16,42,389,40.0
UAB,full,16,42,390,40.0
UAB,full,16,42,391,40.0
UAB,full,16,42,392,40.0
UAB,full,16,42,393,40.0
UAB,full,16,42,394,40.0
UAB,full,16,42,395,40.0
UAB,full,16,42,396,40.0
UAB,full,16,42,397,40.0
UAB,full,16,42,398,40.0
UAB,full,16,42,399,40.0
UAB,full,16,42,400,40.0
UAB,full,16,42,401,40.0
UAB,full,16,42,402,41.0
UAB,full,16,42,403,41.0
UAB,full,16,42,404,41.0
UAB,full,16,42,405,41.0
UAB,full,16,42,406,41.0
UAB,full,16,42,407,41.0
UAB,full,16,42,408,41.0
UAB,full,16,42,409,41.0
UAB,full,16,42,410,41.0
UAB,full,16,42,411,41.0
UAB,full,16,42,412,41.0
UAB,full,16,42,413,42.0
UAB,full,16,42,414,42.0
UAB,full,16,42,415,42.0
UAB,full,16,42,416,42.0
UAB,full,16,42,417,42.0
UAB,full,16,42,418,42.0
UAB,full,16,42,419,42.0
UAB,full,16,42,420,42.0
UAB,full,16,42,421,42.0
UAB,full,16,42,422,42.0
UAB,full,16,42,423,42.0
UAB,full,16,42,424,42.0
UAB,full,16,42,425,42.0
UAB,full,16,42,426,42.0
UAB,full,16,42,427,42.0
UAB,full,16,42,428,42.0
UAB,full,16,42,429,42.0
UAB,full,16,42,430,42.0
UAB,full,16,42,431,42.0
UAB,full,16,42,432,42.0
UAB,full,16,42,433,42.0
UAB,full,16,42,434,42.0
UAB,full,16,42,435,42.0
UAB,full,16,42,436,43.0
UAB,full,16,42,437,43.0
UAB,full,16,42,438,43.0
UAB,full,16,42,439,43.0
UAB,full,16,42,440,43.0
UAB,full,16,42,441,44.0
UAB,full,16,42,442,45.0
UAB,full,16,42,443,45.0
UAB,full,16,42,444,45.0
UAB,full,16,42,445,45.0
UAB,full,16,42,446,45.0
UAB,full,16,42,447,45.0
UAB,full,16,42,448,45.0
UAB,full,16,42,449,45.0
UAB,full,16,42,450,45.0
UAB,full,16,42,451,45.0
UAB,full,16,42,452,45.0
UAB,full,16,42,453,45.0
UAB,full,16,42,454,45.0
UAB,full,16,42,455,45.0
UAB,full,16,42,456,45.0
UAB,full,16,42,457,45.0
UAB,full,16,42,458,45.0
UAB,full,16,42,459,45.0
UAB,full,16,42,460,45.0
UAB,full,16,42,461,45.0
UAB,full,16,42,462,45.0
UAB,full,16,42,463,45.0
UAB,full,16,42,464,45.0
UAB,full,16,42,465,45.0
UAB,full,16,42,466,46.0
UAB,full,16,42,467,46.0
UAB,full,16,42,468,46.0
UAB,full,16,42,469,47.0
UAB,full,16,42,470,47.0
UAB,full,16,42,471,47.0
UAB,full,16,42,472,47.0
UAB,full,16,42,473,47.0
UAB,full,16,42,474,47.0
UAB,full,16,42,475,48.0
UAB,full,16,42,476,48.0
UAB,full,16,42,477,48.0
UAB,full,16,42,478,48.0
UAB,full,16,42,479,48.0
UAB,full,16,42,480,48.0
UAB,full,16,42,481,48.0
UAB,full,16,42,482,48.0
UAB,full,16,42,483,48.0
UAB,full,16,42,484,48.0
UAB,full,16,42,485,48.0
UAB,full,16,42,486,48.0
UAB,full,16,42,487,48.0
UAB,full,16,42,488,48.0
UAB,full,16,42,489,48.0
UAB,full,16,42,490,48.0
UAB,full,16,42,491,48.0
UAB,full,16,42,492,48.0
UAB,full,16,42,493,48.0
UAB,full,16,42,494,48.0
UAB,full,16,42,495,48.0
UAB,full,16,42,496,48.0
UAB,full,16,42,497,48.0
UAB,full,16,42,498,49.0
UAB,full,16,42,499,49.0
UAB,full,16,42,500,49.0
UAB,full,16,42,501,50.0
UAB,full,16,42,502,50.0
UAB,full,16,42,503,50.0
UAB,full,16,42,504,50.0
UAB,full,16,42,505,50.0
UAB,full,16,42,506,50.0
UAB,full,16,42,507,50.0
UAB,full,16,42,508,50.0
UAB,full,16,42,509,50.0
UAB,full,16,42,510,50.0
UAB,full,16,42,511,50.0
UAB,full,16,42,512,50.0
UAB,full,16,42,513,50.0
UAB,full,16,42,514,51.0
UAB,full,16,42,515,51.0
UAB,full,16,42,516,51.0
UAB,full,16,42,517,51.0
UAB,full,16,42,518,51.0
UAB,full,16,42,519,51.0
UAB,full,16,42,520,51.0
UAB,full,16,42,521,51.0
UAB,full,16,42,522,51.0
UAB,full,16,42,523,51.0
UAB,full,16,42,524,51.0
UAB,full,16,42,525,51.0
UAB,nearear,1,42,0,0.0
UAB,nearear,1,42,1,0.0
UAB,nearear,1,42,2,1.0
UAB,nearear,1,42,3,2.0
UAB,nearear,1,42,4,2.0
UAB,nearear,1,42,5,3.0
UAB,nearear,1,42,6,3.0
UAB,nearear,1,42,7,3.0
UAB,nearear,1,42,8,4.0
UAB,nearear,1,42,9,4.0
UAB,nearear,1,42,10,5.0
UAB,nearear,1,42,11,5.0
UAB,nearear,1,42,12,5.0
UAB,nearear,1,42,13,5.0
UAB,nearear,1,42,14,5.0
UAB,nearear,1,42,15,6.0
UAB,nearear,1,42,16,6.0
UAB,nearear,1,42,17,7.0
UAB,nearear,1,42,18,7.0
UAB,nearear,1,42,19,7.0
UAB,nearear,1,42,20,7.0
UAB,nearear,1,42,21,7.0
UAB,nearear,1,42,22,7.0
UAB,nearear,1,42,23,7.0
UAB,nearear,1,42,24,7.0
UAB,nearear,1,42,25,7.0
UAB,nearear,1,42,26,8.0
UAB,nearear,1,42,27,9.0
UAB,nearear,1,42,28,10.0
UAB,nearear,1,42,29,10.0
UAB,nearear,1,42,30,10.0
UAB,nearear,1,42,31,11.0
UAB,nearear,1,42,32,11.0
UAB,nearear,1,42,33,11.0
UAB,nearear,1,42,34,11.0
UAB,nearear,1,42,35,12.0
UAB,nearear,1,42,36,13.0
UAB,nearear,1,42,37,14.0
UAB,nearear,1,42,38,15.0
UAB,nearear,1,42,39,15.0
UAB,nearear,1,42,40,15.0
UAB,nearear,1,42,41,16.0
UAB,nearear,1,42,42,17.0
UAB,nearear,1,42,43,17.0
UAB,nearear,1,42,44,17.0
UAB,nearear,1,42,45,18.0
UAB,nearear,1,42,46,18.0
UAB,nearear,1,42,47,19.0
UAB,nearear,1,42,48,20.0
UAB,nearear,1,42,49,21.0
UAB,nearear,1,42,50,22.0
UAB,nearear,1,42,51,23.0
UAB,nearear,1,42,52,23.0
UAB,nearear,1,42,53,24.0
UAB,nearear,1,42,54,24.0
UAB,nearear,1,42,55,24.0
UAB,nearear,1,42,56,25.0
UAB,nearear,1,42,57,25.0
UAB,nearear,1,42,58,25.0
UAB,nearear,1,42,59,26.0
UAB,nearear,1,42,60,27.0
UAB,nearear,1,42,61,28.0
UAB,nearear,1,42,62,29.0
UAB,nearear,1,42,63,29.0
UAB,nearear,1,42,64,30.0
UAB,nearear,1,42,65,30.0
UAB,nearear,1,42,66,30.0
UAB,nearear,1,42,67,30.0
UAB,nearear,1,42,68,31.0
UAB,nearear,1,42,69,31.0
UAB,nearear,1,42,70,31.0
UAB,nearear,1,42,71,31.0
UAB,nearear,1,42,72,31.0
UAB,nearear,1,42,73,31.0
UAB,nearear,1,42,74,32.0
UAB,nearear,1,42,75,32.0
UAB,nearear,1,42,76,32.0
UAB,nearear,1,42,77,32.0
UAB,nearear,1,42,78,33.0
UAB,nearear,1,42,79,34.0
UAB,nearear,1,42,80,34.0
UAB,nearear,1,42,81,34.0
UAB,nearear,1,42,82,34.0
UAB,nearear,1,42,83,34.0
UAB,nearear,1,42,84,34.0
UAB,nearear,1,42,85,34.0
UAB,nearear,1,42,86,35.0
UAB,nearear,1,42,87,36.0
UAB,nearear,1,42,88,37.0
UAB,nearear,1,42,89,38.0
UAB,nearear,1,42,90,39.0
UAB,nearear,1,42,91,39.0
UAB,nearear,1,42,92,39.0
UAB,nearear,1,42,93,40.0
UAB,nearear,1,42,94,40.0
UAB,nearear,1,42,95,40.0
UAB,nearear,1,42,96,40.0
UAB,nearear,1,42,97,41.0
UAB,nearear,1,42,98,41.0
UAB,nearear,1,42,99,41.0
UAB,nearear,1,42,100,41.0
UAB,nearear,1,42,101,41.0
UAB,nearear,1,42,102,42.0
UAB,nearear,1,42,103,43.0
UAB,nearear,1,42,104,44.0
UAB,nearear,1,42,105,44.0
UAB,nearear,1,42,106,45.0
UAB,nearear,1,42,107,45.0
UAB,nearear,1,42,108,45.0
UAB,nearear,1,42,109,45.0
UAB,nearear,1,42,110,45.0
UAB,nearear,1,42,111,45.0
UAB,nearear,1,42,112,46.0
UAB,nearear,1,42,113,47.0
UAB,nearear,1,42,114,47.0
UAB,nearear,1,42,115,47.0
UAB,nearear,1,42,116,47.0
UAB,nearear,1,42,117,48.0
UAB,nearear,1,42,118,48.0
UAB,nearear,1,42,119,48.0
UAB,nearear,1,42,120,48.0
UAB,nearear,1,42,121,48.0
UAB,nearear,1,42,122,49.0
UAB,nearear,1,42,123,49.0
UAB,nearear,1,42,124,49.0
UAB,nearear,1,42,125,49.0
UAB,nearear,1,42,126,50.0
UAB,nearear,1,42,127,51.0
UAB,nearear,1,42,128,51.0
UAB,nearear,1,42,129,51.0
UAB,nearear,1,42,130,52.0
UAB,nearear,1,42,131,52.0
UAB,nearear,1,42,132,52.0
UAB,nearear,1,42,133,52.0
UAB,nearear,1,42,134,52.0
UAB,nearear,1,42,135,53.0
UAB,nearear,1,42,136,53.0
UAB,nearear,1,42,137,53.0
UAB,nearear,1,42,138,53.0
UAB,nearear,1,42,139,53.0
UAB,nearear,1,42,140,53.0
UAB,nearear,1,42,141,53.0
UAB,nearear,1,42,142,53.0
UAB,nearear,1,42,143,53.0
UAB,nearear,1,42,144,54.0
UAB,nearear,1,42,145,54.0
UAB,nearear,1,42,146,55.0
UAB,nearear,1,42,147,56.0
UAB,nearear,1,42,148,56.0
UAB,nearear,1,42,149,57.0
UAB,nearear,1,42,150,58.0
UAB,nearear,1,42,151,58.0
UAB,nearear,1,42,152,58.0
UAB,nearear,1,42,153,58.0
UAB,nearear,1,42,154,59.0
UAB,nearear,1,42,155,59.0
UAB,nearear,1,42,156,59.0
UAB,nearear,1,42,157,59.0
UAB,nearear,1,42,158,59.0
UAB,nearear,1,42,159,60.0
UAB,nearear,1,42,160,60.0
UAB,nearear,1,42,161,61.0
UAB,nearear,1,42,162,61.0
UAB,nearear,1,42,163,62.0
UAB,nearear,1,42,164,62.0
UAB,nearear,1,42,165,62.0
UAB,nearear,1,42,166,62.0
UAB,nearear,1,42,167,63.0
UAB,nearear,1,42,168,64.0
UAB,nearear,1,42,169,65.0
UAB,nearear,1,42,170,65.0
UAB,nearear,1,42,171,66.0
UAB,nearear,1,42,172,66.0
UAB,nearear,1,42,173,66.0
UAB,nearear,1,42,174,67.0
UAB,nearear,1,42,175,67.0
UAB,nearear,1,42,176,67.0
UAB,nearear,1,42,177,68.0
UAB,nearear,1,42,178,68.0
UAB,nearear,1,42,179,69.0
UAB,nearear,1,42,180,69.0
UAB,nearear,1,42,181,69.0
UAB,nearear,1,42,182,69.0
UAB,nearear,1,42,183,69.0
UAB,nearear,1,42,184,70.0
UAB,nearear,1,42,185,71.0
UAB,nearear,1,42,186,72.0
UAB,nearear,1,42,187,72.0
UAB,nearear,1,42,188,73.0
UAB,nearear,1,42,189,74.0
UAB,nearear,1,42,190,74.0
UAB,nearear,1,42,191,74.0
UAB,nearear,1,42,192,74.0
UAB,nearear,1,42,193,75.0
UAB,nearear,1,42,194,75.0
UAB,nearear,1,42,195,76.0
UAB,nearear,1,42,196,77.0
UAB,nearear,1,42,197,78.0
UAB,nearear,1,42,198,78.0
UAB,nearear,1,42,199,78.0
UAB,nearear,1,42,200,78.0
UAB,nearear,1,42,201,78.0
UAB,nearear,1,42,202,78.0
UAB,nearear,1,42,203,78.0
UAB,nearear,1,42,204,78.0
UAB,nearear,1,42,205,79.0
UAB,nearear,1,42,206,79.0
UAB,nearear,1,42,207,79.0
UAB,nearear,1,42,208,79.0
UAB,nearear,1,42,209,80.0
UAB,nearear,1,42,210,80.0
UAB,nearear,1,42,211,80.0
UAB,nearear,1,42,212,80.0
UAB,nearear,1,42,213,80.0
UAB,nearear,1,42,214,81.0
UAB,nearear,1,42,215,81.0
UAB,nearear,1,42,216,82.0
UAB,nearear,1,42,217,82.0
UAB,nearear,1,42,218,83.0
UAB,nearear,1,42,219,84.0
UAB,nearear,1,42,220,84.0
UAB,nearear,1,42,221,85.0
UAB,nearear,1,42,222,86.0
UAB,nearear,1,42,223,87.0
UAB,nearear,1,42,224,87.0
UAB,nearear,1,42,225,88.0
UAB,nearear,1,42,226,88.0
UAB,nearear,1,42,227,88.0
UAB,nearear,1,42,228,89.0
UAB,nearear,1,42,229,89.0
UAB,nearear,1,42,230,89.0
UAB,nearear,1,42,231,89.0
UAB,nearear,1,42,232,90.0
UAB,nearear,1,42,233,90.0
UAB,nearear,1,42,234,90.0
UAB,nearear,1,42,235,91.0
UAB,nearear,1,42,236,91.0
UAB,nearear,1,42,237,92.0
UAB,nearear,1,42,238,92.0
UAB,nearear,1,42,239,93.0
UAB,nearear,1,42,240,93.0
UAB,nearear,1,42,241,94.0
UAB,nearear,1,42,242,94.0
UAB,nearear,1,42,243,94.0
UAB,nearear,1,42,244,94.0
UAB,nearear,1,42,245,95.0
UAB,nearear,1,42,246,95.0
UAB,nearear,1,42,247,96.0
UAB,nearear,1,42,248,96.0
UAB,nearear,1,42,249,97.0
UAB,nearear,1,42,250,97.0
UAB,nearear,1,42,251,97.0
UAB,nearear,1,42,252,97.0
UAB,nearear,1,42,253,97.0
UAB,nearear,1,42,254,97.0
UAB,nearear,1,42,255,97.0
UAB,nearear,1,42,256,98.0
UAB,nearear,1,42,257,98.0
UAB,nearear,1,42,258,99.0
UAB,nearear,1,42,259,99.0
UAB,nearear,1,42,260,99.0
UAB,nearear,1,42,261,100.0
UAB,nearear,1,42,262,101.0
UAB,nearear,1,42,263,101.0
UAB,nearear,1,42,264,101.0
UAB,nearear,1,42,265,102.0
UAB,nearear,1,42,266,102.0
UAB,nearear,1,42,267,103.0
UAB,nearear,1,42,268,103.0
UAB,nearear,1,42,269,104.0
UAB,nearear,1,42,270,104.0
UAB,nearear,1,42,271,104.0
UAB,nearear,1,42,272,105.0
UAB,nearear,1,42,273,105.0
UAB,nearear,1,42,274,105.0
UAB,nearear,1,42,275,105.0
UAB,nearear,1,42,276,105.0
UAB,nearear,1,42,277,106.0
UAB,nearear,1,42,278,106.0
UAB,nearear,1,42,279,106.0
UAB,nearear,1,42,280,107.0
UAB,nearear,1,42,281,107.0
UAB,nearear,1,42,282,108.0
UAB,nearear,1,42,283,108.0
UAB,nearear,1,42,284,108.0
UAB,nearear,1,42,285,109.0
UAB,nearear,1,42,286,109.0
UAB,nearear,1,42,287,110.0
UAB,nearear,1,42,288,111.0
UAB,nearear,1,42,289,111.0
UAB,nearear,1,42,290,112.0
UAB,nearear,1,42,291,113.0
UAB,nearear,1,42,292,114.0
UAB,nearear,1,42,293,115.0
UAB,nearear,1,42,294,115.0
UAB,nearear,1,42,295,115.0
UAB,nearear,1,42,296,115.0
UAB,nearear,1,42,297,116.0
UAB,nearear,1,42,298,117.0
UAB,nearear,1,42,299,117.0
UAB,nearear,1,42,300,118.0
UAB,nearear,1,42,301,119.0
UAB,nearear,1,42,302,120.0
UAB,nearear,1,42,303,120.0
UAB,nearear,1,42,304,121.0
UAB,nearear,1,42,305,122.0
UAB,nearear,1,42,306,122.0
UAB,nearear,1,42,307,123.0
UAB,nearear,1,42,308,124.0
UAB,nearear,1,42,309,124.0
UAB,nearear,1,42,310,125.0
UAB,nearear,1,42,311,125.0
UAB,nearear,1,42,312,125.0
UAB,nearear,1,42,313,125.0
UAB,nearear,1,42,314,125.0
UAB,nearear,1,42,315,126.0
UAB,nearear,1,42,316,126.0
UAB,nearear,1,42,317,126.0
UAB,nearear,1,42,318,126.0
UAB,nearear,1,42,319,126.0
UAB,nearear,1,42,320,126.0
UAB,nearear,1,42,321,127.0
UAB,nearear,1,42,322,127.0
UAB,nearear,1,42,323,127.0
UAB,nearear,1,42,324,128.0
UAB,nearear,1,42,325,129.0
UAB,nearear,1,42,326,129.0
UAB,nearear,1,42,327,130.0
UAB,nearear,1,42,328,131.0
UAB,nearear,1,42,329,132.0
UAB,nearear,1,42,330,132.0
UAB,nearear,1,42,331,132.0
UAB,nearear,1,42,332,132.0
UAB,nearear,1,42,333,132.0
UAB,nearear,1,42,334,133.0
UAB,nearear,1,42,335,134.0
UAB,nearear,1,42,336,134.0
UAB,nearear,1,42,337,134.0
UAB,nearear,1,42,338,134.0
UAB,nearear,1,42,339,134.0
UAB,nearear,1,42,340,135.0
UAB,nearear,1,42,341,136.0
UAB,nearear,1,42,342,136.0
UAB,nearear,1,42,343,136.0
UAB,nearear,1,42,344,136.0
UAB,nearear,1,42,345,136.0
UAB,nearear,1,42,346,136.0
UAB,nearear,1,42,347,137.0
UAB,nearear,1,42,348,137.0
UAB,nearear,1,42,349,137.0
UAB,nearear,1,42,350,137.0
UAB,nearear,1,42,351,137.0
UAB,nearear,1,42,352,138.0
UAB,nearear,1,42,353,139.0
UAB,nearear,1,42,354,139.0
UAB,nearear,1,42,355,139.0
UAB,nearear,1,42,356,139.0
UAB,nearear,1,42,357,140.0
UAB,nearear,1,42,358,140.0
UAB,nearear,1,42,359,141.0
UAB,nearear,1,42,360,141.0
UAB,nearear,1,42,361,141.0
UAB,nearear,1,42,362,142.0
UAB,nearear,1,42,363,142.0
UAB,nearear,1,42,364,142.0
UAB,nearear,1,42,365,142.0
UAB,nearear,1,42,366,142.0
UAB,nearear,1,42,367,143.0
UAB,nearear,1,42,368,144.0
UAB,nearear,1,42,369,145.0
UAB,nearear,1,42,370,145.0
UAB,nearear,1,42,371,145.0
UAB,nearear,1,42,372,146.0
UAB,nearear,1,42,373,146.0
UAB,nearear,1,42,374,146.0
UAB,nearear,1,42,375,147.0
UAB,nearear,1,42,376,147.0
UAB,nearear,1,42,377,148.0
UAB,nearear,1,42,378,149.0
UAB,nearear,1,42,379,149.0
UAB,nearear,1,42,380,150.0
UAB,nearear,1,42,381,151.0
UAB,nearear,1,42,382,152.0
UAB,nearear,1,42,383,153.0
UAB,nearear,1,42,384,154.0
UAB,nearear,1,42,385,154.0
UAB,nearear,1,42,386,154.0
UAB,nearear,1,42,387,155.0
UAB,nearear,1,42,388,156.0
UAB,nearear,1,42,389,157.0
UAB,nearear,1,42,390,157.0
UAB,nearear,1,42,391,157.0
UAB,nearear,1,42,392,158.0
UAB,nearear,1,42,393,159.0
UAB,nearear,1,42,394,160.0
UAB,nearear,1,42,395,161.0
UAB,nearear,1,42,396,161.0
UAB,nearear,1,42,397,162.0
UAB,nearear,1,42,398,162.0
UAB,nearear,1,42,399,162.0
UAB,nearear,1,42,400,162.0
UAB,nearear,1,42,401,162.0
UAB,nearear,1,42,402,162.0
UAB,nearear,1,42,403,163.0
UAB,nearear,1,42,404,164.0
UAB,nearear,1,42,405,164.0
UAB,nearear,1,42,406,164.0
UAB,nearear,1,42,407,164.0
UAB,nearear,1,42,408,164.0
UAB,nearear,1,42,409,164.0
UAB,nearear,1,42,410,164.0
UAB,nearear,1,42,411,165.0
UAB,nearear,1,42,412,165.0
UAB,nearear,1,42,413,165.0
UAB,nearear,1,42,414,165.0
UAB,nearear,1,42,415,166.0
UAB,nearear,1,42,416,167.0
UAB,nearear,1,42,417,167.0
UAB,nearear,1,42,418,167.0
UAB,nearear,1,42,419,168.0
UAB,nearear,1,42,420,168.0
UAB,nearear,1,42,421,168.0
UAB,nearear,1,42,422,168.0
UAB,nearear,1,42,423,169.0
UAB,nearear,1,42,424,169.0
UAB,nearear,1,42,425,170.0
UAB,nearear,1,42,426,171.0
UAB,nearear,1,42,427,171.0
UAB,nearear,1,42,428,171.0
UAB,nearear,1,42,429,172.0
UAB,nearear,1,42,430,173.0
UAB,nearear,1,42,431,173.0
UAB,nearear,1,42,432,173.0
UAB,nearear,1,42,433,173.0
UAB,nearear,1,42,434,173.0
UAB,nearear,1,42,435,174.0
UAB,nearear,1,42,436,174.0
UAB,nearear,1,42,437,175.0
UAB,nearear,1,42,438,175.0
UAB,nearear,1,42,439,175.0
UAB,nearear,1,42,440,175.0
UAB,nearear,1,42,441,175.0
UAB,nearear,1,42,442,176.0
UAB,nearear,1,42,443,176.0
UAB,nearear,1,42,444,177.0
UAB,nearear,1,42,445,178.0
UAB,nearear,1,42,446,179.0
UAB,nearear,1,42,447,180.0
UAB,nearear,1,42,448,181.0
UAB,nearear,1,42,449,182.0
UAB,nearear,1,42,450,182.0
UAB,nearear,1,42,451,182.0
UAB,nearear,1,42,452,182.0
UAB,nearear,1,42,453,182.0
UAB,nearear,1,42,454,182.0
UAB,nearear,1,42,455,182.0
UAB,nearear,1,42,456,182.0
UAB,nearear,1,42,457,183.0
UAB,nearear,1,42,458,183.0
UAB,nearear,1,42,459,183.0
UAB,nearear,1,42,460,183.0
UAB,nearear,1,42,461,183.0
UAB,nearear,1,42,462,183.0
UAB,nearear,1,42,463,184.0
UAB,nearear,1,42,464,185.0
UAB,nearear,1,42,465,185.0
UAB,nearear,1,42,466,185.0
UAB,nearear,1,42,467,185.0
UAB,nearear,1,42,468,186.0
UAB,nearear,1,42,469,186.0
UAB,nearear,1,42,470,186.0
UAB,nearear,1,42,471,187.0
UAB,nearear,1,42,472,187.0
UAB,nearear,1,42,473,187.0
UAB,nearear,1,42,474,187.0
UAB,nearear,1,42,475,188.0
UAB,nearear,1,42,476,188.0
UAB,nearear,1,42,477,189.0
UAB,nearear,1,42,478,190.0
UAB,nearear,1,42,479,190.0
UAB,nearear,1,42,480,191.0
UAB,nearear,1,42,481,191.0
UAB,nearear,1,42,482,191.0
UAB,nearear,1,42,483,192.0
UAB,nearear,1,42,484,192.0
UAB,nearear,1,42,485,192.0
UAB,nearear,1,42,486,192.0
UAB,nearear,1,42,487,192.0
UAB,nearear,1,42,488,192.0
UAB,nearear,1,42,489,192.0
UAB,nearear,1,42,490,193.0
UAB,nearear,1,42,491,193.0
UAB,nearear,1,42,492,193.0
UAB,nearear,1,42,493,194.0
UAB,nearear,1,42,494,195.0
UAB,nearear,1,42,495,195.0
UAB,nearear,1,42,496,195.0
UAB,nearear,1,42,497,195.0
UAB,nearear,1,42,498,196.0
UAB,nearear,1,42,499,197.0
UAB,nearear,1,42,500,197.0
UAB,nearear,1,42,501,198.0
UAB,nearear,1,42,502,198.0
UAB,nearear,1,42,503,198.0
UAB,nearear,1,42,504,198.0
UAB,nearear,1,42,505,199.0
UAB,nearear,1,42,506,199.0
UAB,nearear,1,42,507,199.0
UAB,nearear,1,42,508,199.0
UAB,nearear,1,42,509,199.0
UAB,nearear,1,42,510,199.0
UAB,nearear,1,42,511,199.0
UAB,nearear,1,42,512,200.0
UAB,nearear,1,42,513,200.0
UAB,nearear,1,42,514,201.0
UAB,nearear,1,42,515,201.0
UAB,nearear,1,42,516,202.0
UAB,nearear,1,42,517,203.0
UAB,nearear,1,42,518,204.0
UAB,nearear,1,42,519,205.0
UAB,nearear,1,42,520,206.0
UAB,nearear,1,42,521,207.0
UAB,nearear,1,42,522,207.0
UAB,nearear,1,42,523,207.0
UAB,nearear,1,42,524,208.0
UAB,nearear,1,42,525,209.0
UAB,nearear,1,42,526,209.0
UAB,nearear,1,42,527,210.0
UAB,nearear,1,42,528,210.0
UAB,nearear,1,42,529,210.0
UAB,nearear,1,42,530,210.0
UAB,nearear,1,42,531,211.0
UAB,nearear,2,42,0,0.0
UAB,nearear,2,42,1,0.0
UAB,nearear,2,42,2,0.0
UAB,nearear,2,42,3,0.0
UAB,nearear,2,42,4,0.0
UAB,nearear,2,42,5,0.0
UAB,nearear,2,42,6,0.0
UAB,nearear,2,42,7,1.0
UAB,nearear,2,42,8,1.0
UAB,nearear,2,42,9,2.0
UAB,nearear,2,42,10,2.0
UAB,nearear,2,42,11,2.0
UAB,nearear,2,42,12,2.0
UAB,nearear,2,42,13,2.0
UAB,nearear,2,42,14,3.0
UAB,nearear,2,42,15,3.0
UAB,nearear,2,42,16,4.0
UAB,nearear,2,42,17,5.0
UAB,nearear,2,42,18,5.0
UAB,nearear,2,42,19,5.0
UAB,nearear,2,42,20,5.0
UAB,nearear,2,42,21,6.0
UAB,nearear,2,42,22,6.0
UAB,nearear,2,42,23,6.0
UAB,nearear,2,42,24,7.0
UAB,nearear,2,42,25,7.0
UAB,nearear,2,42,26,8.0
UAB,nearear,2,42,27,8.0
UAB,nearear,2,42,28,8.0
UAB,nearear,2,42,29,9.0
UAB,nearear,2,42,30,10.0
UAB,nearear,2,42,31,10.0
UAB,nearear,2,42,32,10.0
UAB,nearear,2,42,33,10.0
UAB,nearear,2,42,34,10.0
UAB,nearear,2,42,35,10.0
UAB,nearear,2,42,36,10.0
UAB,nearear,2,42,37,11.0
UAB,nearear,2,42,38,11.0
UAB,nearear,2,42,39,11.0
UAB,nearear,2,42,40,11.0
UAB,nearear,2,42,41,11.0
UAB,nearear,2,42,42,11.0
UAB,nearear,2,42,43,11.0
UAB,nearear,2,42,44,12.0
UAB,nearear,2,42,45,13.0
UAB,nearear,2,42,46,13.0
UAB,nearear,2,42,47,13.0
UAB,nearear,2,42,48,14.0
UAB,nearear,2,42,49,14.0
UAB,nearear,2,42,50,15.0
UAB,nearear,2,42,51,15.0
UAB,nearear,2,42,52,15.0
UAB,nearear,2,42,53,16.0
UAB,nearear,2,42,54,17.0
UAB,nearear,2,42,55,17.0
UAB,nearear,2,42,56,17.0
UAB,nearear,2,42,57,18.0
UAB,nearear,2,42,58,18.0
UAB,nearear,2,42,59,19.0
UAB,nearear,2,42,60,19.0
UAB,nearear,2,42,61,19.0
UAB,nearear,2,42,62,19.0
UAB,nearear,2,42,63,19.0
UAB,nearear,2,42,64,19.0
UAB,nearear,2,42,65,20.0
UAB,nearear,2,42,66,20.0
UAB,nearear,2,42,67,20.0
UAB,nearear,2,42,68,20.0
UAB,nearear,2,42,69,21.0
UAB,nearear,2,42,70,21.0
UAB,nearear,2,42,71,21.0
UAB,nearear,2,42,72,21.0
UAB,nearear,2,42,73,22.0
UAB,nearear,2,42,74,23.0
UAB,nearear,2,42,75,23.0
UAB,nearear,2,42,76,23.0
UAB,nearear,2,42,77,23.0
UAB,nearear,2,42,78,23.0
UAB,nearear,2,42,79,24.0
UAB,nearear,2,42,80,25.0
UAB,nearear,2,42,81,25.0
UAB,nearear,2,42,82,25.0
UAB,nearear,2,42,83,26.0
UAB,nearear,2,42,84,26.0
UAB,nearear,2,42,85,26.0
UAB,nearear,2,42,86,27.0
UAB,nearear,2,42,87,27.0
UAB,nearear,2,42,88,28.0
UAB,nearear,2,42,89,28.0
UAB,nearear,2,42,90,28.0
UAB,nearear,2,42,91,28.0
UAB,nearear,2,42,92,29.0
UAB,nearear,2,42,93,30.0
UAB,nearear,2,42,94,31.0
UAB,nearear,2,42,95,31.0
UAB,nearear,2,42,96,31.0
UAB,nearear,2,42,97,31.0
UAB,nearear,2,42,98,31.0
UAB,nearear,2,42,99,31.0
UAB,nearear,2,42,100,32.0
UAB,nearear,2,42,101,33.0
UAB,nearear,2,42,102,33.0
UAB,nearear,2,42,103,34.0
UAB,nearear,2,42,104,34.0
UAB,nearear,2,42,105,34.0
UAB,nearear,2,42,106,35.0
UAB,nearear,2,42,107,35.0
UAB,nearear,2,42,108,35.0
UAB,nearear,2,42,109,36.0
UAB,nearear,2,42,110,36.0
UAB,nearear,2,42,111,36.0
UAB,nearear,2,42,112,36.0
UAB,nearear,2,42,113,36.0
UAB,nearear,2,42,114,36.0
UAB,nearear,2,42,115,37.0
UAB,nearear,2,42,116,37.0
UAB,nearear,2,42,117,38.0
UAB,nearear,2,42,118,39.0
UAB,nearear,2,42,119,39.0
UAB,nearear,2,42,120,39.0
UAB,nearear,2,42,121,39.0
UAB,nearear,2,42,122,39.0
UAB,nearear,2,42,123,40.0
UAB,nearear,2,42,124,41.0
UAB,nearear,2,42,125,42.0
UAB,nearear,2,42,126,42.0
UAB,nearear,2,42,127,43.0
UAB,nearear,2,42,128,43.0
UAB,nearear,2,42,129,43.0
UAB,nearear,2,42,130,44.0
UAB,nearear,2,42,131,45.0
UAB,nearear,2,42,132,46.0
UAB,nearear,2,42,133,46.0
UAB,nearear,2,42,134,47.0
UAB,nearear,2,42,135,47.0
UAB,nearear,2,42,136,47.0
UAB,nearear,2,42,137,48.0
UAB,nearear,2,42,138,48.0
UAB,nearear,2,42,139,48.0
UAB,nearear,2,42,140,49.0
UAB,nearear,2,42,141,50.0
UAB,nearear,2,42,142,51.0
UAB,nearear,2,42,143,51.0
UAB,nearear,2,42,144,52.0
UAB,nearear,2,42,145,52.0
UAB,nearear,2,42,146,52.0
UAB,nearear,2,42,147,52.0
UAB,nearear,2,42,148,53.0
UAB,nearear,2,42,149,53.0
UAB,nearear,2,42,150,53.0
UAB,nearear,2,42,151,54.0
UAB,nearear,2,42,152,54.0
UAB,nearear,2,42,153,54.0
UAB,nearear,2,42,154,55.0
UAB,nearear,2,42,155,56.0
UAB,nearear,2,42,156,56.0
UAB,nearear,2,42,157,56.0
UAB,nearear,2,42,158,56.0
UAB,nearear,2,42,159,57.0
UAB,nearear,2,42,160,57.0
UAB,nearear,2,42,161,58.0
UAB,nearear,2,42,162,58.0
UAB,nearear,2,42,163,59.0
UAB,nearear,2,42,164,60.0
UAB,nearear,2,42,165,60.0
UAB,nearear,2,42,166,61.0
UAB,nearear,2,42,167,61.0
UAB,nearear,2,42,168,62.0
UAB,nearear,2,42,169,62.0
UAB,nearear,2,42,170,63.0
UAB,nearear,2,42,171,63.0
UAB,nearear,2,42,172,63.0
UAB,nearear,2,42,173,64.0
UAB,nearear,2,42,174,64.0
UAB,nearear,2,42,175,65.0
UAB,nearear,2,42,176,65.0
UAB,nearear,2,42,177,66.0
UAB,nearear,2,42,178,66.0
UAB,nearear,2,42,179,66.0
UAB,nearear,2,42,180,66.0
UAB,nearear,2,42,181,67.0
UAB,nearear,2,42,182,67.0
UAB,nearear,2,42,183,68.0
UAB,nearear,2,42,184,69.0
UAB,nearear,2,42,185,70.0
UAB,nearear,2,42,186,71.0
UAB,nearear,2,42,187,71.0
UAB,nearear,2,42,188,72.0
UAB,nearear,2,42,189,73.0
UAB,nearear,2,42,190,73.0
UAB,nearear,2,42,191,73.0
UAB,nearear,2,42,192,74.0
UAB,nearear,2,42,193,74.0
UAB,nearear,2,42,194,74.0
UAB,nearear,2,42,195,75.0
UAB,nearear,2,42,196,75.0
UAB,nearear,2,42,197,76.0
UAB,nearear,2,42,198,76.0
UAB,nearear,2,42,199,77.0
UAB,nearear,2,42,200,77.0
UAB,nearear,2,42,201,77.0
UAB,nearear,2,42,202,78.0
UAB,nearear,2,42,203,79.0
UAB,nearear,2,42,204,80.0
UAB,nearear,2,42,205,81.0
UAB,nearear,2,42,206,82.0
UAB,nearear,2,42,207,82.0
UAB,nearear,2,42,208,83.0
UAB,nearear,2,42,209,83.0
UAB,nearear,2,42,210,83.0
UAB,nearear,2,42,211,84.0
UAB,nearear,2,42,212,84.0
UAB,nearear,2,42,213,84.0
UAB,nearear,2,42,214,84.0
UAB,nearear,2,42,215,85.0
UAB,nearear,2,42,216,86.0
UAB,nearear,2,42,217,87.0
UAB,nearear,2,42,218,88.0
UAB,nearear,2,42,219,89.0
UAB,nearear,2,42,220,89.0
UAB,nearear,2,42,221,89.0
UAB,nearear,2,42,222,89.0
UAB,nearear,2,42,223,89.0
UAB,nearear,2,42,224,90.0
UAB,nearear,2,42,225,90.0
UAB,nearear,2,42,226,90.0
UAB,nearear,2,42,227,90.0
UAB,nearear,2,42,228,90.0
UAB,nearear,2,42,229,90.0
UAB,nearear,2,42,230,91.0
UAB,nearear,2,42,231,92.0
UAB,nearear,2,42,232,93.0
UAB,nearear,2,42,233,93.0
UAB,nearear,2,42,234,93.0
UAB,nearear,2,42,235,93.0
UAB,nearear,2,42,236,93.0
UAB,nearear,2,42,237,93.0
UAB,nearear,2,42,238,94.0
UAB,nearear,2,42,239,94.0
UAB,nearear,2,42,240,94.0
UAB,nearear,2,42,241,95.0
UAB,nearear,2,42,242,96.0
UAB,nearear,2,42,243,96.0
UAB,nearear,2,42,244,96.0
UAB,nearear,2,42,245,97.0
UAB,nearear,2,42,246,98.0
UAB,nearear,2,42,247,99.0
UAB,nearear,2,42,248,99.0
UAB,nearear,2,42,249,99.0
UAB,nearear,2,42,250,100.0
UAB,nearear,2,42,251,100.0
UAB,nearear,2,42,252,101.0
UAB,nearear,2,42,253,101.0
UAB,nearear,2,42,254,101.0
UAB,nearear,2,42,255,101.0
UAB,nearear,2,42,256,101.0
UAB,nearear,2,42,257,102.0
UAB,nearear,2,42,258,102.0
UAB,nearear,2,42,259,102.0
UAB,nearear,2,42,260,102.0
UAB,nearear,2,42,261,102.0
UAB,nearear,2,42,262,102.0
UAB,nearear,2,42,263,102.0
UAB,nearear,2,42,264,103.0
UAB,nearear,2,42,265,103.0
UAB,nearear,2,42,266,103.0
UAB,nearear,2,42,267,104.0
UAB,nearear,2,42,268,104.0
UAB,nearear,2,42,269,104.0
UAB,nearear,2,42,270,105.0
UAB,nearear,2,42,271,106.0
UAB,nearear,2,42,272,106.0
UAB,nearear,2,42,273,107.0
UAB,nearear,2,42,274,107.0
UAB,nearear,2,42,275,107.0
UAB,nearear,2,42,276,107.0
UAB,nearear,2,42,277,108.0
UAB,nearear,2,42,278,108.0
UAB,nearear,2,42,279,108.0
UAB,nearear,2,42,280,108.0
UAB,nearear,2,42,281,108.0
UAB,nearear,2,42,282,108.0
UAB,nearear,2,42,283,109.0
UAB,nearear,2,42,284,109.0
UAB,nearear,2,42,285,110.0
UAB,nearear,2,42,286,111.0
UAB,nearear,2,42,287,112.0
UAB,nearear,2,42,288,112.0
UAB,nearear,2,42,289,112.0
UAB,nearear,2,42,290,112.0
UAB,nearear,2,42,291,112.0
UAB,nearear,2,42,292,113.0
UAB,nearear,2,42,293,113.0
UAB,nearear,2,42,294,113.0
UAB,nearear,2,42,295,113.0
UAB,nearear,2,42,296,113.0
UAB,nearear,2,42,297,114.0
UAB,nearear,2,42,298,115.0
UAB,nearear,2,42,299,116.0
UAB,nearear,2,42,300,117.0
UAB,nearear,2,42,301,117.0
UAB,nearear,2,42,302,118.0
UAB,nearear,2,42,303,119.0
UAB,nearear,2,42,304,120.0
UAB,nearear,2,42,305,120.0
UAB,nearear,2,42,306,121.0
UAB,nearear,2,42,307,122.0
UAB,nearear,2,42,308,122.0
UAB,nearear,2,42,309,123.0
UAB,nearear,2,42,310,124.0
UAB,nearear,2,42,311,124.0
UAB,nearear,2,42,312,125.0
UAB,nearear,2,42,313,126.0
UAB,nearear,2,42,314,126.0
UAB,nearear,2,42,315,127.0
UAB,nearear,2,42,316,128.0
UAB,nearear,2,42,317,129.0
UAB,nearear,2,42,318,130.0
UAB,nearear,2,42,319,131.0
UAB,nearear,2,42,320,131.0
UAB,nearear,2,42,321,131.0
UAB,nearear,2,42,322,131.0
UAB,nearear,2,42,323,132.0
UAB,nearear,2,42,324,133.0
UAB,nearear,2,42,325,133.0
UAB,nearear,2,42,326,133.0
UAB,nearear,2,42,327,134.0
UAB,nearear,2,42,328,134.0
UAB,nearear,2,42,329,134.0
UAB,nearear,2,42,330,134.0
UAB,nearear,2,42,331,134.0
UAB,nearear,2,42,332,134.0
UAB,nearear,2,42,333,134.0
UAB,nearear,2,42,334,134.0
UAB,nearear,2,42,335,135.0
UAB,nearear,2,42,336,135.0
UAB,nearear,2,42,337,135.0
UAB,nearear,2,42,338,136.0
UAB,nearear,2,42,339,136.0
UAB,nearear,2,42,340,136.0
UAB,nearear,2,42,341,136.0
UAB,nearear,2,42,342,137.0
UAB,nearear,2,42,343,138.0
UAB,nearear,2,42,344,138.0
UAB,nearear,2,42,345,139.0
UAB,nearear,2,42,346,140.0
UAB,nearear,2,42,347,140.0
UAB,nearear,2,42,348,140.0
UAB,nearear,2,42,349,140.0
UAB,nearear,2,42,350,140.0
UAB,nearear,2,42,351,141.0
UAB,nearear,2,42,352,141.0
UAB,nearear,2,42,353,141.0
UAB,nearear,2,42,354,141.0
UAB,nearear,2,42,355,141.0
UAB,nearear,2,42,356,142.0
UAB,nearear,2,42,357,142.0
UAB,nearear,2,42,358,143.0
UAB,nearear,2,42,359,143.0
UAB,nearear,2,42,360,143.0
UAB,nearear,2,42,361,144.0
UAB,nearear,2,42,362,144.0
UAB,nearear,2,42,363,144.0
UAB,nearear,2,42,364,144.0
UAB,nearear,2,42,365,145.0
UAB,nearear,2,42,366,146.0
UAB,nearear,2,42,367,147.0
UAB,nearear,2,42,368,148.0
UAB,nearear,2,42,369,149.0
UAB,nearear,2,42,370,149.0
UAB,nearear,2,42,371,149.0
UAB,nearear,2,42,372,150.0
UAB,nearear,2,42,373,150.0
UAB,nearear,2,42,374,150.0
UAB,nearear,2,42,375,151.0
UAB,nearear,2,42,376,152.0
UAB,nearear,2,42,377,153.0
UAB,nearear,2,42,378,153.0
UAB,nearear,2,42,379,153.0
UAB,nearear,2,42,380,154.0
UAB,nearear,2,42,381,155.0
UAB,nearear,2,42,382,156.0
UAB,nearear,2,42,383,157.0
UAB,nearear,2,42,384,157.0
UAB,nearear,2,42,385,157.0
UAB,nearear,2,42,386,157.0
UAB,nearear,2,42,387,158.0
UAB,nearear,2,42,388,159.0
UAB,nearear,2,42,389,159.0
UAB,nearear,2,42,390,160.0
UAB,nearear,2,42,391,160.0
UAB,nearear,2,42,392,161.0
UAB,nearear,2,42,393,161.0
UAB,nearear,2,42,394,162.0
UAB,nearear,2,42,395,162.0
UAB,nearear,2,42,396,162.0
UAB,nearear,2,42,397,163.0
UAB,nearear,2,42,398,163.0
UAB,nearear,2,42,399,163.0
UAB,nearear,2,42,400,163.0
UAB,nearear,2,42,401,163.0
UAB,nearear,2,42,402,163.0
UAB,nearear,2,42,403,163.0
UAB,nearear,2,42,404,163.0
UAB,nearear,2,42,405,164.0
UAB,nearear,2,42,406,165.0
UAB,nearear,2,42,407,165.0
UAB,nearear,2,42,408,166.0
UAB,nearear,2,42,409,166.0
UAB,nearear,2,42,410,166.0
UAB,nearear,2,42,411,166.0
UAB,nearear,2,42,412,166.0
UAB,nearear,2,42,413,167.0
UAB,nearear,2,42,414,168.0
UAB,nearear,2,42,415,168.0
UAB,nearear,2,42,416,168.0
UAB,nearear,2,42,417,168.0
UAB,nearear,2,42,418,168.0
UAB,nearear,2,42,419,169.0
UAB,nearear,2,42,420,170.0
UAB,nearear,2,42,421,171.0
UAB,nearear,2,42,422,172.0
UAB,nearear,2,42,423,172.0
UAB,nearear,2,42,424,173.0
UAB,nearear,2,42,425,173.0
UAB,nearear,2,42,426,174.0
UAB,nearear,2,42,427,175.0
UAB,nearear,2,42,428,175.0
UAB,nearear,2,42,429,175.0
UAB,nearear,2,42,430,175.0
UAB,nearear,2,42,431,176.0
UAB,nearear,2,42,432,176.0
UAB,nearear,2,42,433,176.0
UAB,nearear,2,42,434,176.0
UAB,nearear,2,42,435,177.0
UAB,nearear,2,42,436,178.0
UAB,nearear,2,42,437,178.0
UAB,nearear,2,42,438,179.0
UAB,nearear,2,42,439,180.0
UAB,nearear,2,42,440,181.0
UAB,nearear,2,42,441,182.0
UAB,nearear,2,42,442,183.0
UAB,nearear,2,42,443,184.0
UAB,nearear,2,42,444,185.0
UAB,nearear,2,42,445,185.0
UAB,nearear,2,42,446,185.0
UAB,nearear,2,42,447,185.0
UAB,nearear,2,42,448,186.0
UAB,nearear,2,42,449,186.0
UAB,nearear,2,42,450,187.0
UAB,nearear,2,42,451,188.0
UAB,nearear,2,42,452,189.0
UAB,nearear,2,42,453,189.0
UAB,nearear,2,42,454,189.0
UAB,nearear,2,42,455,189.0
UAB,nearear,2,42,456,189.0
UAB,nearear,2,42,457,189.0
UAB,nearear,2,42,458,190.0
UAB,nearear,2,42,459,190.0
UAB,nearear,2,42,460,190.0
UAB,nearear,2,42,461,190.0
UAB,nearear,2,42,462,190.0
UAB,nearear,2,42,463,190.0
UAB,nearear,2,42,464,190.0
UAB,nearear,2,42,465,191.0
UAB,nearear,2,42,466,191.0
UAB,nearear,2,42,467,191.0
UAB,nearear,2,42,468,191.0
UAB,nearear,2,42,469,192.0
UAB,nearear,2,42,470,193.0
UAB,nearear,2,42,471,194.0
UAB,nearear,2,42,472,195.0
UAB,nearear,2,42,473,196.0
UAB,nearear,2,42,474,196.0
UAB,nearear,2,42,475,196.0
UAB,nearear,2,42,476,196.0
UAB,nearear,2,42,477,197.0
UAB,nearear,2,42,478,197.0
UAB,nearear,2,42,479,198.0
UAB,nearear,2,42,480,199.0
UAB,nearear,2,42,481,200.0
UAB,nearear,2,42,482,200.0
UAB,nearear,2,42,483,201.0
UAB,nearear,2,42,484,201.0
UAB,nearear,2,42,485,201.0
UAB,nearear,2,42,486,202.0
UAB,nearear,2,42,487,202.0
UAB,nearear,2,42,488,203.0
UAB,nearear,2,42,489,203.0
UAB,nearear,2,42,490,204.0
UAB,nearear,2,42,491,204.0
UAB,nearear,2,42,492,204.0
UAB,nearear,2,42,493,205.0
UAB,nearear,2,42,494,206.0
UAB,nearear,2,42,495,206.0
UAB,nearear,2,42,496,207.0
UAB,nearear,2,42,497,208.0
UAB,nearear,2,42,498,208.0
UAB,nearear,2,42,499,209.0
UAB,nearear,2,42,500,210.0
UAB,nearear,2,42,501,211.0
UAB,nearear,2,42,502,211.0
UAB,nearear,2,42,503,212.0
UAB,nearear,2,42,504,212.0
UAB,nearear,2,42,505,213.0
UAB,nearear,2,42,506,213.0
UAB,nearear,2,42,507,214.0
UAB,nearear,2,42,508,214.0
UAB,nearear,2,42,509,215.0
UAB,nearear,2,42,510,215.0
UAB,nearear,2,42,511,216.0
UAB,nearear,2,42,512,216.0
UAB,nearear,2,42,513,216.0
UAB,nearear,2,42,514,217.0
UAB,nearear,2,42,515,217.0
UAB,nearear,2,42,516,217.0
UAB,nearear,2,42,517,218.0
UAB,nearear,2,42,518,219.0
UAB,nearear,2,42,519,219.0
UAB,nearear,2,42,520,220.0
UAB,nearear,2,42,521,220.0
UAB,nearear,2,42,522,220.0
UAB,nearear,2,42,523,220.0
UAB,nearear,2,42,524,221.0
UAB,nearear,2,42,525,221.0
UAB,nearear,3,42,0,0.0
UAB,nearear,3,42,1,0.0
UAB,nearear,3,42,2,0.0
UAB,nearear,3,42,3,1.0
UAB,nearear,3,42,4,1.0
UAB,nearear,3,42,5,2.0
UAB,nearear,3,42,6,3.0
UAB,nearear,3,42,7,4.0
UAB,nearear,3,42,8,5.0
UAB,nearear,3,42,9,5.0
UAB,nearear,3,42,10,5.0
UAB,nearear,3,42,11,5.0
UAB,nearear,3,42,12,5.0
UAB,nearear,3,42,13,6.0
UAB,nearear,3,42,14,6.0
UAB,nearear,3,42,15,6.0
UAB,nearear,3,42,16,6.0
UAB,nearear,3,42,17,6.0
UAB,nearear,3,42,18,6.0
UAB,nearear,3,42,19,6.0
UAB,nearear,3,42,20,6.0
UAB,nearear,3,42,21,6.0
UAB,nearear,3,42,22,7.0
UAB,nearear,3,42,23,8.0
UAB,nearear,3,42,24,9.0
UAB,nearear,3,42,25,9.0
UAB,nearear,3,42,26,10.0
UAB,nearear,3,42,27,10.0
UAB,nearear,3,42,28,11.0
UAB,nearear,3,42,29,11.0
UAB,nearear,3,42,30,12.0
UAB,nearear,3,42,31,12.0
UAB,nearear,3,42,32,12.0
UAB,nearear,3,42,33,13.0
UAB,nearear,3,42,34,13.0
UAB,nearear,3,42,35,13.0
UAB,nearear,3,42,36,13.0
UAB,nearear,3,42,37,13.0
UAB,nearear,3,42,38,13.0
UAB,nearear,3,42,39,13.0
UAB,nearear,3,42,40,13.0
UAB,nearear,3,42,41,14.0
UAB,nearear,3,42,42,14.0
UAB,nearear,3,42,43,14.0
UAB,nearear,3,42,44,14.0
UAB,nearear,3,42,45,15.0
UAB,nearear,3,42,46,15.0
UAB,nearear,3,42,47,15.0
UAB,nearear,3,42,48,15.0
UAB,nearear,3,42,49,15.0
UAB,nearear,3,42,50,16.0
UAB,nearear,3,42,51,16.0
UAB,nearear,3,42,52,16.0
UAB,nearear,3,42,53,16.0
UAB,nearear,3,42,54,17.0
UAB,nearear,3,42,55,18.0
UAB,nearear,3,42,56,18.0
UAB,nearear,3,42,57,18.0
UAB,nearear,3,42,58,18.0
UAB,nearear,3,42,59,18.0
UAB,nearear,3,42,60,18.0
UAB,nearear,3,42,61,18.0
UAB,nearear,3,42,62,18.0
UAB,nearear,3,42,63,18.0
UAB,nearear,3,42,64,18.0
UAB,nearear,3,42,65,19.0
UAB,nearear,3,42,66,19.0
UAB,nearear,3,42,67,20.0
UAB,nearear,3,42,68,20.0
UAB,nearear,3,42,69,21.0
UAB,nearear,3,42,70,21.0
UAB,nearear,3,42,71,21.0
UAB,nearear,3,42,72,21.0
UAB,nearear,3,42,73,22.0
UAB,nearear,3,42,74,22.0
UAB,nearear,3,42,75,22.0
UAB,nearear,3,42,76,23.0
UAB,nearear,3,42,77,24.0
UAB,nearear,3,42,78,25.0
UAB,nearear,3,42,79,25.0
UAB,nearear,3,42,80,25.0
UAB,nearear,3,42,81,26.0
UAB,nearear,3,42,82,26.0
UAB,nearear,3,42,83,26.0
UAB,nearear,3,42,84,26.0
UAB,nearear,3,42,85,26.0
UAB,nearear,3,42,86,27.0
UAB,nearear,3,42,87,28.0
UAB,nearear,3,42,88,29.0
UAB,nearear,3,42,89,29.0
UAB,nearear,3,42,90,29.0
UAB,nearear,3,42,91,30.0
UAB,nearear,3,42,92,30.0
UAB,nearear,3,42,93,30.0
UAB,nearear,3,42,94,30.0
UAB,nearear,3,42,95,31.0
UAB,nearear,3,42,96,32.0
UAB,nearear,3,42,97,33.0
UAB,nearear,3,42,98,34.0
UAB,nearear,3,42,99,34.0
UAB,nearear,3,42,100,34.0
UAB,nearear,3,42,101,35.0
UAB,nearear,3,42,102,35.0
UAB,nearear,3,42,103,35.0
UAB,nearear,3,42,104,35.0
UAB,nearear,3,42,105,36.0
UAB,nearear,3,42,106,37.0
UAB,nearear,3,42,107,37.0
UAB,nearear,3,42,108,38.0
UAB,nearear,3,42,109,38.0
UAB,nearear,3,42,110,38.0
UAB,nearear,3,42,111,39.0
UAB,nearear,3,42,112,39.0
UAB,nearear,3,42,113,39.0
UAB,nearear,3,42,114,39.0
UAB,nearear,3,42,115,40.0
UAB,nearear,3,42,116,41.0
UAB,nearear,3,42,117,42.0
UAB,nearear,3,42,118,42.0
UAB,nearear,3,42,119,43.0
UAB,nearear,3,42,120,43.0
UAB,nearear,3,42,121,43.0
UAB,nearear,3,42,122,43.0
UAB,nearear,3,42,123,43.0
UAB,nearear,3,42,124,44.0
UAB,nearear,3,42,125,44.0
UAB,nearear,3,42,126,44.0
UAB,nearear,3,42,127,44.0
UAB,nearear,3,42,128,44.0
UAB,nearear,3,42,129,45.0
UAB,nearear,3,42,130,46.0
UAB,nearear,3,42,131,47.0
UAB,nearear,3,42,132,47.0
UAB,nearear,3,42,133,47.0
UAB,nearear,3,42,134,47.0
UAB,nearear,3,42,135,48.0
UAB,nearear,3,42,136,48.0
UAB,nearear,3,42,137,49.0
UAB,nearear,3,42,138,49.0
UAB,nearear,3,42,139,49.0
UAB,nearear,3,42,140,49.0
UAB,nearear,3,42,141,49.0
UAB,nearear,3,42,142,49.0
UAB,nearear,3,42,143,50.0
UAB,nearear,3,42,144,50.0
UAB,nearear,3,42,145,51.0
UAB,nearear,3,42,146,52.0
UAB,nearear,3,42,147,52.0
UAB,nearear,3,42,148,52.0
UAB,nearear,3,42,149,52.0
UAB,nearear,3,42,150,52.0
UAB,nearear,3,42,151,53.0
UAB,nearear,3,42,152,53.0
UAB,nearear,3,42,153,53.0
UAB,nearear,3,42,154,54.0
UAB,nearear,3,42,155,55.0
UAB,nearear,3,42,156,55.0
UAB,nearear,3,42,157,56.0
UAB,nearear,3,42,158,56.0
UAB,nearear,3,42,159,56.0
UAB,nearear,3,42,160,56.0
UAB,nearear,3,42,161,56.0
UAB,nearear,3,42,162,56.0
UAB,nearear,3,42,163,56.0
UAB,nearear,3,42,164,57.0
UAB,nearear,3,42,165,57.0
UAB,nearear,3,42,166,57.0
UAB,nearear,3,42,167,58.0
UAB,nearear,3,42,168,59.0
UAB,nearear,3,42,169,59.0
UAB,nearear,3,42,170,59.0
UAB,nearear,3,42,171,59.0
UAB,nearear,3,42,172,59.0
UAB,nearear,3,42,173,59.0
UAB,nearear,3,42,174,60.0
UAB,nearear,3,42,175,60.0
UAB,nearear,3,42,176,60.0
UAB,nearear,3,42,177,60.0
UAB,nearear,3,42,178,61.0
UAB,nearear,3,42,179,62.0
UAB,nearear,3,42,180,62.0
UAB,nearear,3,42,181,63.0
UAB,nearear,3,42,182,63.0
UAB,nearear,3,42,183,63.0
UAB,nearear,3,42,184,63.0
UAB,nearear,3,42,185,63.0
UAB,nearear,3,42,186,63.0
UAB,nearear,3,42,187,63.0
UAB,nearear,3,42,188,63.0
UAB,nearear,3,42,189,64.0
UAB,nearear,3,42,190,65.0
UAB,nearear,3,42,191,65.0
UAB,nearear,3,42,192,65.0
UAB,nearear,3,42,193,65.0
UAB,nearear,3,42,194,65.0
UAB,nearear,3,42,195,65.0
UAB,nearear,3,42,196,66.0
UAB,nearear,3,42,197,67.0
UAB,nearear,3,42,198,68.0
UAB,nearear,3,42,199,68.0
UAB,nearear,3,42,200,68.0
UAB,nearear,3,42,201,68.0
UAB,nearear,3,42,202,69.0
UAB,nearear,3,42,203,69.0
UAB,nearear,3,42,204,69.0
UAB,nearear,3,42,205,69.0
UAB,nearear,3,42,206,69.0
UAB,nearear,3,42,207,69.0
UAB,nearear,3,42,208,69.0
UAB,nearear,3,42,209,70.0
UAB,nearear,3,42,210,70.0
UAB,nearear,3,42,211,70.0
UAB,nearear,3,42,212,70.0
UAB,nearear,3,42,213,70.0
UAB,nearear,3,42,214,70.0
UAB,nearear,3,42,215,71.0
UAB,nearear,3,42,216,71.0
UAB,nearear,3,42,217,71.0
UAB,nearear,3,42,218,71.0
UAB,nearear,3,42,219,71.0
UAB,nearear,3,42,220,71.0
UAB,nearear,3,42,221,71.0
UAB,nearear,3,42,222,71.0
UAB,nearear,3,42,223,72.0
UAB,nearear,3,42,224,73.0
UAB,nearear,3,42,225,73.0
UAB,nearear,3,42,226,73.0
UAB,nearear,3,42,227,73.0
UAB,nearear,3,42,228,73.0
UAB,nearear,3,42,229,74.0
UAB,nearear,3,42,230,74.0
UAB,nearear,3,42,231,74.0
UAB,nearear,3,42,232,74.0
UAB,nearear,3,42,233,75.0
UAB,nearear,3,42,234,76.0
UAB,nearear,3,42,235,76.0
UAB,nearear,3,42,236,76.0
UAB,nearear,3,42,237,76.0
UAB,nearear,3,42,238,76.0
UAB,nearear,3,42,239,76.0
UAB,nearear,3,42,240,77.0
UAB,nearear,3,42,241,77.0
UAB,nearear,3,42,242,77.0
UAB,nearear,3,42,243,78.0
UAB,nearear,3,42,244,79.0
UAB,nearear,3,42,245,79.0
UAB,nearear,3,42,246,79.0
UAB,nearear,3,42,247,79.0
UAB,nearear,3,42,248,79.0
UAB,nearear,3,42,249,79.0
UAB,nearear,3,42,250,80.0
UAB,nearear,3,42,251,80.0
UAB,nearear,3,42,252,81.0
UAB,nearear,3,42,253,81.0
UAB,nearear,3,42,254,81.0
UAB,nearear,3,42,255,81.0
UAB,nearear,3,42,256,81.0
UAB,nearear,3,42,257,81.0
UAB,nearear,3,42,258,81.0
UAB,nearear,3,42,259,81.0
UAB,nearear,3,42,260,81.0
UAB,nearear,3,42,261,81.0
UAB,nearear,3,42,262,81.0
UAB,nearear,3,42,263,81.0
UAB,nearear,3,42,264,82.0
UAB,nearear,3,42,265,83.0
UAB,nearear,3,42,266,84.0
UAB,nearear,3,42,267,84.0
UAB,nearear,3,42,268,84.0
UAB,nearear,3,42,269,84.0
UAB,nearear,3,42,270,84.0
UAB,nearear,3,42,271,84.0
UAB,nearear,3,42,272,84.0
UAB,nearear,3,42,273,85.0
UAB,nearear,3,42,274,85.0
UAB,nearear,3,42,275,86.0
UAB,nearear,3,42,276,86.0
UAB,nearear,3,42,277,86.0
UAB,nearear,3,42,278,86.0
UAB,nearear,3,42,279,86.0
UAB,nearear,3,42,280,86.0
UAB,nearear,3,42,281,86.0
UAB,nearear,3,42,282,86.0
UAB,nearear,3,42,283,87.0
UAB,nearear,3,42,284,87.0
UAB,nearear,3,42,285,88.0
UAB,nearear,3,42,286,89.0
UAB,nearear,3,42,287,89.0
UAB,nearear,3,42,288,89.0
UAB,nearear,3,42,289,89.0
UAB,nearear,3,42,290,89.0
UAB,nearear,3,42,291,90.0
UAB,nearear,3,42,292,91.0
UAB,nearear,3,42,293,91.0
UAB,nearear,3,42,294,91.0
UAB,nearear,3,42,295,92.0
UAB,nearear,3,42,296,93.0
UAB,nearear,3,42,297,93.0
UAB,nearear,3,42,298,93.0
UAB,nearear,3,42,299,93.0
UAB,nearear,3,42,300,93.0
UAB,nearear,3,42,301,93.0
UAB,nearear,3,42,302,93.0
UAB,nearear,3,42,303,93.0
UAB,nearear,3,42,304,94.0
UAB,nearear,3,42,305,94.0
UAB,nearear,3,42,306,94.0
UAB,nearear,3,42,307,94.0
UAB,nearear,3,42,308,94.0
UAB,nearear,3,42,309,94.0
UAB,nearear,3,42,310,94.0
UAB,nearear,3,42,311,94.0
UAB,nearear,3,42,312,95.0
UAB,nearear,3,42,313,95.0
UAB,nearear,3,42,314,96.0
UAB,nearear,3,42,315,96.0
UAB,nearear,3,42,316,97.0
UAB,nearear,3,42,317,97.0
UAB,nearear,3,42,318,97.0
UAB,nearear,3,42,319,97.0
UAB,nearear,3,42,320,97.0
UAB,nearear,3,42,321,98.0
UAB,nearear,3,42,322,98.0
UAB,nearear,3,42,323,98.0
UAB,nearear,3,42,324,98.0
UAB,nearear,3,42,325,99.0
UAB,nearear,3,42,326,100.0
UAB,nearear,3,42,327,101.0
UAB,nearear,3,42,328,102.0
UAB,nearear,3,42,329,103.0
UAB,nearear,3,42,330,104.0
UAB,nearear,3,42,331,105.0
UAB,nearear,3,42,332,105.0
UAB,nearear,3,42,333,105.0
UAB,nearear,3,42,334,105.0
UAB,nearear,3,42,335,105.0
UAB,nearear,3,42,336,105.0
UAB,nearear,3,42,337,105.0
UAB,nearear,3,42,338,106.0
UAB,nearear,3,42,339,106.0
UAB,nearear,3,42,340,106.0
UAB,nearear,3,42,341,106.0
UAB,nearear,3,42,342,106.0
UAB,nearear,3,42,343,107.0
UAB,nearear,3,42,344,107.0
UAB,nearear,3,42,345,108.0
UAB,nearear,3,42,346,108.0
UAB,nearear,3,42,347,108.0
UAB,nearear,3,42,348,108.0
UAB,nearear,3,42,349,108.0
UAB,nearear,3,42,350,108.0
UAB,nearear,3,42,351,108.0
UAB,nearear,3,42,352,108.0
UAB,nearear,3,42,353,108.0
UAB,nearear,3,42,354,108.0
UAB,nearear,3,42,355,108.0
UAB,nearear,3,42,356,109.0
UAB,nearear,3,42,357,110.0
UAB,nearear,3,42,358,110.0
UAB,nearear,3,42,359,111.0
UAB,nearear,3,42,360,111.0
UAB,nearear,3,42,361,112.0
UAB,nearear,3,42,362,112.0
UAB,nearear,3,42,363,113.0
UAB,nearear,3,42,364,113.0
UAB,nearear,3,42,365,114.0
UAB,nearear,3,42,366,115.0
UAB,nearear,3,42,367,115.0
UAB,nearear,3,42,368,116.0
UAB,nearear,3,42,369,116.0
UAB,nearear,3,42,370,116.0
UAB,nearear,3,42,371,117.0
UAB,nearear,3,42,372,117.0
UAB,nearear,3,42,373,117.0
UAB,nearear,3,42,374,117.0
UAB,nearear,3,42,375,118.0
UAB,nearear,3,42,376,119.0
UAB,nearear,3,42,377,119.0
UAB,nearear,3,42,378,119.0
UAB,nearear,3,42,379,119.0
UAB,nearear,3,42,380,120.0
UAB,nearear,3,42,381,121.0
UAB,nearear,3,42,382,121.0
UAB,nearear,3,42,383,121.0
UAB,nearear,3,42,384,122.0
UAB,nearear,3,42,385,122.0
UAB,nearear,3,42,386,123.0
UAB,nearear,3,42,387,123.0
UAB,nearear,3,42,388,123.0
UAB,nearear,3,42,389,124.0
UAB,nearear,3,42,390,124.0
UAB,nearear,3,42,391,124.0
UAB,nearear,3,42,392,124.0
UAB,nearear,3,42,393,124.0
UAB,nearear,3,42,394,124.0
UAB,nearear,3,42,395,124.0
UAB,nearear,3,42,396,124.0
UAB,nearear,3,42,397,124.0
UAB,nearear,3,42,398,125.0
UAB,nearear,3,42,399,126.0
UAB,nearear,3,42,400,126.0
UAB,nearear,3,42,401,127.0
UAB,nearear,3,42,402,127.0
UAB,nearear,3,42,403,127.0
UAB,nearear,3,42,404,127.0
UAB,nearear,3,42,405,128.0
UAB,nearear,3,42,406,129.0
UAB,nearear,3,42,407,129.0
UAB,nearear,3,42,408,130.0
UAB,nearear,3,42,409,130.0
UAB,nearear,3,42,410,130.0
UAB,nearear,3,42,411,130.0
UAB,nearear,3,42,412,130.0
UAB,nearear,3,42,413,130.0
UAB,nearear,3,42,414,130.0
UAB,nearear,3,42,415,130.0
UAB,nearear,3,42,416,130.0
UAB,nearear,3,42,417,130.0
UAB,nearear,3,42,418,130.0
UAB,nearear,3,42,419,130.0
UAB,nearear,3,42,420,131.0
UAB,nearear,3,42,421,131.0
UAB,nearear,3,42,422,131.0
UAB,nearear,3,42,423,131.0
UAB,nearear,3,42,424,132.0
UAB,nearear,3,42,425,132.0
UAB,nearear,3,42,426,132.0
UAB,nearear,3,42,427,132.0
UAB,nearear,3,42,428,132.0
UAB,nearear,3,42,429,132.0
UAB,nearear,3,42,430,132.0
UAB,nearear,3,42,431,132.0
UAB,nearear,3,42,432,133.0
UAB,nearear,3,42,433,133.0
UAB,nearear,3,42,434,134.0
UAB,nearear,3,42,435,134.0
UAB,nearear,3,42,436,135.0
UAB,nearear,3,42,437,135.0
UAB,nearear,3,42,438,136.0
UAB,nearear,3,42,439,137.0
UAB,nearear,3,42,440,137.0
UAB,nearear,3,42,441,138.0
UAB,nearear,3,42,442,139.0
UAB,nearear,3,42,443,139.0
UAB,nearear,3,42,444,139.0
UAB,nearear,3,42,445,139.0
UAB,nearear,3,42,446,140.0
UAB,nearear,3,42,447,140.0
UAB,nearear,3,42,448,140.0
UAB,nearear,3,42,449,141.0
UAB,nearear,3,42,450,142.0
UAB,nearear,3,42,451,143.0
UAB,nearear,3,42,452,143.0
UAB,nearear,3,42,453,143.0
UAB,nearear,3,42,454,143.0
UAB,nearear,3,42,455,143.0
UAB,nearear,3,42,456,144.0
UAB,nearear,3,42,457,144.0
UAB,nearear,3,42,458,145.0
UAB,nearear,3,42,459,146.0
UAB,nearear,3,42,460,146.0
UAB,nearear,3,42,461,146.0
UAB,nearear,3,42,462,146.0
UAB,nearear,3,42,463,147.0
UAB,nearear,3,42,464,148.0
UAB,nearear,3,42,465,148.0
UAB,nearear,3,42,466,148.0
UAB,nearear,3,42,467,148.0
UAB,nearear,3,42,468,149.0
UAB,nearear,3,42,469,149.0
UAB,nearear,3,42,470,149.0
UAB,nearear,3,42,471,149.0
UAB,nearear,3,42,472,150.0
UAB,nearear,3,42,473,151.0
UAB,nearear,3,42,474,151.0
UAB,nearear,3,42,475,152.0
UAB,nearear,3,42,476,152.0
UAB,nearear,3,42,477,152.0
UAB,nearear,3,42,478,152.0
UAB,nearear,3,42,479,153.0
UAB,nearear,3,42,480,153.0
UAB,nearear,3,42,481,153.0
UAB,nearear,3,42,482,154.0
UAB,nearear,3,42,483,155.0
UAB,nearear,3,42,484,156.0
UAB,nearear,3,42,485,156.0
UAB,nearear,3,42,486,156.0
UAB,nearear,3,42,487,156.0
UAB,nearear,3,42,488,157.0
UAB,nearear,3,42,489,157.0
UAB,nearear,3,42,490,157.0
UAB,nearear,3,42,491,158.0
UAB,nearear,3,42,492,158.0
UAB,nearear,3,42,493,158.0
UAB,nearear,3,42,494,158.0
UAB,nearear,3,42,495,158.0
UAB,nearear,3,42,496,158.0
UAB,nearear,3,42,497,159.0
UAB,nearear,3,42,498,159.0
UAB,nearear,3,42,499,159.0
UAB,nearear,3,42,500,160.0
UAB,nearear,3,42,501,160.0
UAB,nearear,3,42,502,160.0
UAB,nearear,3,42,503,160.0
UAB,nearear,3,42,504,160.0
UAB,nearear,3,42,505,160.0
UAB,nearear,3,42,506,161.0
UAB,nearear,3,42,507,162.0
UAB,nearear,3,42,508,163.0
UAB,nearear,3,42,509,163.0
UAB,nearear,3,42,510,163.0
UAB,nearear,3,42,511,163.0
UAB,nearear,3,42,512,163.0
UAB,nearear,3,42,513,164.0
UAB,nearear,3,42,514,164.0
UAB,nearear,3,42,515,165.0
UAB,nearear,3,42,516,165.0
UAB,nearear,3,42,517,165.0
UAB,nearear,3,42,518,165.0
UAB,nearear,3,42,519,166.0
UAB,nearear,3,42,520,166.0
UAB,nearear,3,42,521,166.0
UAB,nearear,3,42,522,166.0
UAB,nearear,3,42,523,166.0
UAB,nearear,3,42,524,167.0
UAB,nearear,3,42,525,167.0
UAB,nearear,3,42,526,168.0
UAB,nearear,4,42,0,0.0
UAB,nearear,4,42,1,0.0
UAB,nearear,4,42,2,0.0
UAB,nearear,4,42,3,0.0
UAB,nearear,4,42,4,0.0
UAB,nearear,4,42,5,0.0
UAB,nearear,4,42,6,0.0
UAB,nearear,4,42,7,0.0
UAB,nearear,4,42,8,1.0
UAB,nearear,4,42,9,1.0
UAB,nearear,4,42,10,2.0
UAB,nearear,4,42,11,3.0
UAB,nearear,4,42,12,4.0
UAB,nearear,4,42,13,4.0
UAB,nearear,4,42,14,5.0
UAB,nearear,4,42,15,5.0
UAB,nearear,4,42,16,6.0
UAB,nearear,4,42,17,6.0
UAB,nearear,4,42,18,7.0
UAB,nearear,4,42,19,7.0
UAB,nearear,4,42,20,8.0
UAB,nearear,4,42,21,8.0
UAB,nearear,4,42,22,8.0
UAB,nearear,4,42,23,8.0
UAB,nearear,4,42,24,9.0
UAB,nearear,4,42,25,9.0
UAB,nearear,4,42,26,10.0
UAB,nearear,4,42,27,10.0
UAB,nearear,4,42,28,10.0
UAB,nearear,4,42,29,11.0
UAB,nearear,4,42,30,11.0
UAB,nearear,4,42,31,12.0
UAB,nearear,4,42,32,12.0
UAB,nearear,4,42,33,13.0
UAB,nearear,4,42,34,14.0
UAB,nearear,4,42,35,15.0
UAB,nearear,4,42,36,16.0
UAB,nearear,4,42,37,16.0
UAB,nearear,4,42,38,16.0
UAB,nearear,4,42,39,17.0
UAB,nearear,4,42,40,18.0
UAB,nearear,4,42,41,18.0
UAB,nearear,4,42,42,18.0
UAB,nearear,4,42,43,18.0
UAB,nearear,4,42,44,18.0
UAB,nearear,4,42,45,18.0
UAB,nearear,4,42,46,18.0
UAB,nearear,4,42,47,19.0
UAB,nearear,4,42,48,19.0
UAB,nearear,4,42,49,19.0
UAB,nearear,4,42,50,20.0
UAB,nearear,4,42,51,20.0
UAB,nearear,4,42,52,21.0
UAB,nearear,4,42,53,21.0
UAB,nearear,4,42,54,21.0
UAB,nearear,4,42,55,21.0
UAB,nearear,4,42,56,22.0
UAB,nearear,4,42,57,23.0
UAB,nearear,4,42,58,23.0
UAB,nearear,4,42,59,24.0
UAB,nearear,4,42,60,25.0
UAB,nearear,4,42,61,25.0
UAB,nearear,4,42,62,26.0
UAB,nearear,4,42,63,26.0
UAB,nearear,4,42,64,27.0
UAB,nearear,4,42,65,28.0
UAB,nearear,4,42,66,29.0
UAB,nearear,4,42,67,29.0
UAB,nearear,4,42,68,29.0
UAB,nearear,4,42,69,29.0
UAB,nearear,4,42,70,29.0
UAB,nearear,4,42,71,29.0
UAB,nearear,4,42,72,29.0
UAB,nearear,4,42,73,29.0
UAB,nearear,4,42,74,30.0
UAB,nearear,4,42,75,31.0
UAB,nearear,4,42,76,32.0
UAB,nearear,4,42,77,32.0
UAB,nearear,4,42,78,33.0
UAB,nearear,4,42,79,33.0
UAB,nearear,4,42,80,34.0
UAB,nearear,4,42,81,34.0
UAB,nearear,4,42,82,34.0
UAB,nearear,4,42,83,34.0
UAB,nearear,4,42,84,35.0
UAB,nearear,4,42,85,35.0
UAB,nearear,4,42,86,35.0
UAB,nearear,4,42,87,35.0
UAB,nearear,4,42,88,36.0
UAB,nearear,4,42,89,36.0
UAB,nearear,4,42,90,36.0
UAB,nearear,4,42,91,36.0
UAB,nearear,4,42,92,36.0
UAB,nearear,4,42,93,37.0
UAB,nearear,4,42,94,38.0
UAB,nearear,4,42,95,38.0
UAB,nearear,4,42,96,39.0
UAB,nearear,4,42,97,39.0
UAB,nearear,4,42,98,40.0
UAB,nearear,4,42,99,41.0
UAB,nearear,4,42,100,41.0
UAB,nearear,4,42,101,42.0
UAB,nearear,4,42,102,43.0
UAB,nearear,4,42,103,43.0
UAB,nearear,4,42,104,43.0
UAB,nearear,4,42,105,43.0
UAB,nearear,4,42,106,43.0
UAB,nearear,4,42,107,44.0
UAB,nearear,4,42,108,45.0
UAB,nearear,4,42,109,46.0
UAB,nearear,4,42,110,46.0
UAB,nearear,4,42,111,46.0
UAB,nearear,4,42,112,47.0
UAB,nearear,4,42,113,48.0
UAB,nearear,4,42,114,48.0
UAB,nearear,4,42,115,49.0
UAB,nearear,4,42,116,50.0
UAB,nearear,4,42,117,50.0
UAB,nearear,4,42,118,51.0
UAB,nearear,4,42,119,51.0
UAB,nearear,4,42,120,52.0
UAB,nearear,4,42,121,52.0
UAB,nearear,4,42,122,53.0
UAB,nearear,4,42,123,54.0
UAB,nearear,4,42,124,54.0
UAB,nearear,4,42,125,54.0
UAB,nearear,4,42,126,54.0
UAB,nearear,4,42,127,54.0
UAB,nearear,4,42,128,55.0
UAB,nearear,4,42,129,55.0
UAB,nearear,4,42,130,56.0
UAB,nearear,4,42,131,57.0
UAB,nearear,4,42,132,58.0
UAB,nearear,4,42,133,58.0
UAB,nearear,4,42,134,58.0
UAB,nearear,4,42,135,59.0
UAB,nearear,4,42,136,59.0
UAB,nearear,4,42,137,59.0
UAB,nearear,4,42,138,60.0
UAB,nearear,4,42,139,61.0
UAB,nearear,4,42,140,62.0
UAB,nearear,4,42,141,62.0
UAB,nearear,4,42,142,62.0
UAB,nearear,4,42,143,63.0
UAB,nearear,4,42,144,63.0
UAB,nearear,4,42,145,63.0
UAB,nearear,4,42,146,63.0
UAB,nearear,4,42,147,64.0
UAB,nearear,4,42,148,64.0
UAB,nearear,4,42,149,65.0
UAB,nearear,4,42,150,65.0
UAB,nearear,4,42,151,66.0
UAB,nearear,4,42,152,66.0
UAB,nearear,4,42,153,66.0
UAB,nearear,4,42,154,66.0
UAB,nearear,4,42,155,67.0
UAB,nearear,4,42,156,67.0
UAB,nearear,4,42,157,68.0
UAB,nearear,4,42,158,69.0
UAB,nearear,4,42,159,69.0
UAB,nearear,4,42,160,70.0
UAB,nearear,4,42,161,70.0
UAB,nearear,4,42,162,71.0
UAB,nearear,4,42,163,71.0
UAB,nearear,4,42,164,71.0
UAB,nearear,4,42,165,71.0
UAB,nearear,4,42,166,71.0
UAB,nearear,4,42,167,71.0
UAB,nearear,4,42,168,71.0
UAB,nearear,4,42,169,72.0
UAB,nearear,4,42,170,73.0
UAB,nearear,4,42,171,74.0
UAB,nearear,4,42,172,75.0
UAB,nearear,4,42,173,75.0
UAB,nearear,4,42,174,75.0
UAB,nearear,4,42,175,75.0
UAB,nearear,4,42,176,75.0
UAB,nearear,4,42,177,76.0
UAB,nearear,4,42,178,77.0
UAB,nearear,4,42,179,77.0
UAB,nearear,4,42,180,78.0
UAB,nearear,4,42,181,78.0
UAB,nearear,4,42,182,78.0
UAB,nearear,4,42,183,78.0
UAB,nearear,4,42,184,78.0
UAB,nearear,4,42,185,78.0
UAB,nearear,4,42,186,78.0
UAB,nearear,4,42,187,78.0
UAB,nearear,4,42,188,78.0
UAB,nearear,4,42,189,79.0
UAB,nearear,4,42,190,80.0
UAB,nearear,4,42,191,80.0
UAB,nearear,4,42,192,80.0
UAB,nearear,4,42,193,80.0
UAB,nearear,4,42,194,81.0
UAB,nearear,4,42,195,81.0
UAB,nearear,4,42,196,81.0
UAB,nearear,4,42,197,81.0
UAB,nearear,4,42,198,81.0
UAB,nearear,4,42,199,81.0
UAB,nearear,4,42,200,82.0
UAB,nearear,4,42,201,82.0
UAB,nearear,4,42,202,83.0
UAB,nearear,4,42,203,83.0
UAB,nearear,4,42,204,84.0
UAB,nearear,4,42,205,84.0
UAB,nearear,4,42,206,84.0
UAB,nearear,4,42,207,84.0
UAB,nearear,4,42,208,85.0
UAB,nearear,4,42,209,85.0
UAB,nearear,4,42,210,85.0
UAB,nearear,4,42,211,85.0
UAB,nearear,4,42,212,86.0
UAB,nearear,4,42,213,87.0
UAB,nearear,4,42,214,88.0
UAB,nearear,4,42,215,89.0
UAB,nearear,4,42,216,89.0
UAB,nearear,4,42,217,89.0
UAB,nearear,4,42,218,89.0
UAB,nearear,4,42,219,89.0
UAB,nearear,4,42,220,90.0
UAB,nearear,4,42,221,91.0
UAB,nearear,4,42,222,91.0
UAB,nearear,4,42,223,91.0
UAB,nearear,4,42,224,91.0
UAB,nearear,4,42,225,91.0
UAB,nearear,4,42,226,92.0
UAB,nearear,4,42,227,93.0
UAB,nearear,4,42,228,93.0
UAB,nearear,4,42,229,94.0
UAB,nearear,4,42,230,94.0
UAB,nearear,4,42,231,94.0
UAB,nearear,4,42,232,95.0
UAB,nearear,4,42,233,95.0
UAB,nearear,4,42,234,95.0
UAB,nearear,4,42,235,95.0
UAB,nearear,4,42,236,96.0
UAB,nearear,4,42,237,97.0
UAB,nearear,4,42,238,97.0
UAB,nearear,4,42,239,97.0
UAB,nearear,4,42,240,97.0
UAB,nearear,4,42,241,97.0
UAB,nearear,4,42,242,98.0
UAB,nearear,4,42,243,99.0
UAB,nearear,4,42,244,99.0
UAB,nearear,4,42,245,99.0
UAB,nearear,4,42,246,99.0
UAB,nearear,4,42,247,100.0
UAB,nearear,4,42,248,101.0
UAB,nearear,4,42,249,101.0
UAB,nearear,4,42,250,101.0
UAB,nearear,4,42,251,102.0
UAB,nearear,4,42,252,102.0
UAB,nearear,4,42,253,102.0
UAB,nearear,4,42,254,102.0
UAB,nearear,4,42,255,102.0
UAB,nearear,4,42,256,102.0
UAB,nearear,4,42,257,102.0
UAB,nearear,4,42,258,102.0
UAB,nearear,4,42,259,102.0
UAB,nearear,4,42,260,102.0
UAB,nearear,4,42,261,103.0
UAB,nearear,4,42,262,104.0
UAB,nearear,4,42,263,105.0
UAB,nearear,4,42,264,106.0
UAB,nearear,4,42,265,106.0
UAB,nearear,4,42,266,106.0
UAB,nearear,4,42,267,107.0
UAB,nearear,4,42,268,107.0
UAB,nearear,4,42,269,107.0
UAB,nearear,4,42,270,108.0
UAB,nearear,4,42,271,109.0
UAB,nearear,4,42,272,109.0
UAB,nearear,4,42,273,110.0
UAB,nearear,4,42,274,111.0
UAB,nearear,4,42,275,111.0
UAB,nearear,4,42,276,112.0
UAB,nearear,4,42,277,113.0
UAB,nearear,4,42,278,114.0
UAB,nearear,4,42,279,115.0
UAB,nearear,4,42,280,115.0
UAB,nearear,4,42,281,116.0
UAB,nearear,4,42,282,117.0
UAB,nearear,4,42,283,117.0
UAB,nearear,4,42,284,118.0
UAB,nearear,4,42,285,119.0
UAB,nearear,4,42,286,119.0
UAB,nearear,4,42,287,120.0
UAB,nearear,4,42,288,121.0
UAB,nearear,4,42,289,121.0
UAB,nearear,4,42,290,122.0
UAB,nearear,4,42,291,122.0
UAB,nearear,4,42,292,123.0
UAB,nearear,4,42,293,124.0
UAB,nearear,4,42,294,124.0
UAB,nearear,4,42,295,125.0
UAB,nearear,4,42,296,125.0
UAB,nearear,4,42,297,126.0
UAB,nearear,4,42,298,126.0
UAB,nearear,4,42,299,127.0
UAB,nearear,4,42,300,128.0
UAB,nearear,4,42,301,128.0
UAB,nearear,4,42,302,129.0
UAB,nearear,4,42,303,129.0
UAB,nearear,4,42,304,129.0
UAB,nearear,4,42,305,129.0
UAB,nearear,4,42,306,130.0
UAB,nearear,4,42,307,130.0
UAB,nearear,4,42,308,130.0
UAB,nearear,4,42,309,130.0
UAB,nearear,4,42,310,130.0
UAB,nearear,4,42,311,131.0
UAB,nearear,4,42,312,132.0
UAB,nearear,4,42,313,132.0
UAB,nearear,4,42,314,133.0
UAB,nearear,4,42,315,134.0
UAB,nearear,4,42,316,134.0
UAB,nearear,4,42,317,134.0
UAB,nearear,4,42,318,134.0
UAB,nearear,4,42,319,135.0
UAB,nearear,4,42,320,135.0
UAB,nearear,4,42,321,136.0
UAB,nearear,4,42,322,136.0
UAB,nearear,4,42,323,137.0
UAB,nearear,4,42,324,138.0
UAB,nearear,4,42,325,138.0
UAB,nearear,4,42,326,138.0
UAB,nearear,4,42,327,139.0
UAB,nearear,4,42,328,140.0
UAB,nearear,4,42,329,140.0
UAB,nearear,4,42,330,140.0
UAB,nearear,4,42,331,141.0
UAB,nearear,4,42,332,141.0
UAB,nearear,4,42,333,141.0
UAB,nearear,4,42,334,142.0
UAB,nearear,4,42,335,142.0
UAB,nearear,4,42,336,142.0
UAB,nearear,4,42,337,142.0
UAB,nearear,4,42,338,142.0
UAB,nearear,4,42,339,143.0
UAB,nearear,4,42,340,144.0
UAB,nearear,4,42,341,144.0
UAB,nearear,4,42,342,145.0
UAB,nearear,4,42,343,145.0
UAB,nearear,4,42,344,145.0
UAB,nearear,4,42,345,145.0
UAB,nearear,4,42,346,146.0
UAB,nearear,4,42,347,147.0
UAB,nearear,4,42,348,147.0
UAB,nearear,4,42,349,148.0
UAB,nearear,4,42,350,149.0
UAB,nearear,4,42,351,149.0
UAB,nearear,4,42,352,149.0
UAB,nearear,4,42,353,149.0
UAB,nearear,4,42,354,149.0
UAB,nearear,4,42,355,150.0
UAB,nearear,4,42,356,150.0
UAB,nearear,4,42,357,150.0
UAB,nearear,4,42,358,151.0
UAB,nearear,4,42,359,151.0
UAB,nearear,4,42,360,152.0
UAB,nearear,4,42,361,152.0
UAB,nearear,4,42,362,152.0
UAB,nearear,4,42,363,153.0
UAB,nearear,4,42,364,154.0
UAB,nearear,4,42,365,154.0
UAB,nearear,4,42,366,154.0
UAB,nearear,4,42,367,154.0
UAB,nearear,4,42,368,154.0
UAB,nearear,4,42,369,154.0
UAB,nearear,4,42,370,155.0
UAB,nearear,4,42,371,156.0
UAB,nearear,4,42,372,157.0
UAB,nearear,4,42,373,157.0
UAB,nearear,4,42,374,157.0
UAB,nearear,4,42,375,157.0
UAB,nearear,4,42,376,158.0
UAB,nearear,4,42,377,158.0
UAB,nearear,4,42,378,159.0
UAB,nearear,4,42,379,160.0
UAB,nearear,4,42,380,161.0
UAB,nearear,4,42,381,161.0
UAB,nearear,4,42,382,162.0
UAB,nearear,4,42,383,162.0
UAB,nearear,4,42,384,162.0
UAB,nearear,4,42,385,163.0
UAB,nearear,4,42,386,164.0
UAB,nearear,4,42,387,164.0
UAB,nearear,4,42,388,164.0
UAB,nearear,4,42,389,165.0
UAB,nearear,4,42,390,165.0
UAB,nearear,4,42,391,165.0
UAB,nearear,4,42,392,165.0
UAB,nearear,4,42,393,165.0
UAB,nearear,4,42,394,165.0
UAB,nearear,4,42,395,165.0
UAB,nearear,4,42,396,165.0
UAB,nearear,4,42,397,165.0
UAB,nearear,4,42,398,166.0
UAB,nearear,4,42,399,166.0
UAB,nearear,4,42,400,166.0
UAB,nearear,4,42,401,166.0
UAB,nearear,4,42,402,166.0
UAB,nearear,4,42,403,167.0
UAB,nearear,4,42,404,167.0
UAB,nearear,4,42,405,167.0
UAB,nearear,4,42,406,167.0
UAB,nearear,4,42,407,168.0
UAB,nearear,4,42,408,168.0
UAB,nearear,4,42,409,168.0
UAB,nearear,4,42,410,169.0
UAB,nearear,4,42,411,169.0
UAB,nearear,4,42,412,169.0
UAB,nearear,4,42,413,170.0
UAB,nearear,4,42,414,171.0
UAB,nearear,4,42,415,172.0
UAB,nearear,4,42,416,172.0
UAB,nearear,4,42,417,172.0
UAB,nearear,4,42,418,173.0
UAB,nearear,4,42,419,173.0
UAB,nearear,4,42,420,174.0
UAB,nearear,4,42,421,175.0
UAB,nearear,4,42,422,175.0
UAB,nearear,4,42,423,176.0
UAB,nearear,4,42,424,176.0
UAB,nearear,4,42,425,177.0
UAB,nearear,4,42,426,177.0
UAB,nearear,4,42,427,177.0
UAB,nearear,4,42,428,177.0
UAB,nearear,4,42,429,178.0
UAB,nearear,4,42,430,178.0
UAB,nearear,4,42,431,179.0
UAB,nearear,4,42,432,180.0
UAB,nearear,4,42,433,181.0
UAB,nearear,4,42,434,182.0
UAB,nearear,4,42,435,182.0
UAB,nearear,4,42,436,182.0
UAB,nearear,4,42,437,182.0
UAB,nearear,4,42,438,182.0
UAB,nearear,4,42,439,183.0
UAB,nearear,4,42,440,183.0
UAB,nearear,4,42,441,183.0
UAB,nearear,4,42,442,183.0
UAB,nearear,4,42,443,184.0
UAB,nearear,4,42,444,184.0
UAB,nearear,4,42,445,184.0
UAB,nearear,4,42,446,184.0
UAB,nearear,4,42,447,185.0
UAB,nearear,4,42,448,185.0
UAB,nearear,4,42,449,186.0
UAB,nearear,4,42,450,186.0
UAB,nearear,4,42,451,186.0
UAB,nearear,4,42,452,186.0
UAB,nearear,4,42,453,187.0
UAB,nearear,4,42,454,187.0
UAB,nearear,4,42,455,187.0
UAB,nearear,4,42,456,187.0
UAB,nearear,4,42,457,187.0
UAB,nearear,4,42,458,187.0
UAB,nearear,4,42,459,188.0
UAB,nearear,4,42,460,189.0
UAB,nearear,4,42,461,189.0
UAB,nearear,4,42,462,190.0
UAB,nearear,4,42,463,191.0
UAB,nearear,4,42,464,191.0
UAB,nearear,4,42,465,192.0
UAB,nearear,4,42,466,193.0
UAB,nearear,4,42,467,193.0
UAB,nearear,4,42,468,193.0
UAB,nearear,4,42,469,194.0
UAB,nearear,4,42,470,194.0
UAB,nearear,4,42,471,195.0
UAB,nearear,4,42,472,195.0
UAB,nearear,4,42,473,195.0
UAB,nearear,4,42,474,196.0
UAB,nearear,4,42,475,197.0
UAB,nearear,4,42,476,197.0
UAB,nearear,4,42,477,198.0
UAB,nearear,4,42,478,199.0
UAB,nearear,4,42,479,200.0
UAB,nearear,4,42,480,201.0
UAB,nearear,4,42,481,201.0
UAB,nearear,4,42,482,202.0
UAB,nearear,4,42,483,202.0
UAB,nearear,4,42,484,202.0
UAB,nearear,4,42,485,203.0
UAB,nearear,4,42,486,204.0
UAB,nearear,4,42,487,204.0
UAB,nearear,4,42,488,205.0
UAB,nearear,4,42,489,205.0
UAB,nearear,4,42,490,206.0
UAB,nearear,4,42,491,206.0
UAB,nearear,4,42,492,207.0
UAB,nearear,4,42,493,207.0
UAB,nearear,4,42,494,208.0
UAB,nearear,4,42,495,208.0
UAB,nearear,4,42,496,209.0
UAB,nearear,4,42,497,210.0
UAB,nearear,4,42,498,210.0
UAB,nearear,4,42,499,210.0
UAB,nearear,4,42,500,210.0
UAB,nearear,4,42,501,211.0
UAB,nearear,4,42,502,211.0
UAB,nearear,4,42,503,212.0
UAB,nearear,4,42,504,213.0
UAB,nearear,4,42,505,213.0
UAB,nearear,4,42,506,213.0
UAB,nearear,4,42,507,213.0
UAB,nearear,4,42,508,213.0
UAB,nearear,4,42,509,213.0
UAB,nearear,4,42,510,213.0
UAB,nearear,4,42,511,214.0
UAB,nearear,4,42,512,214.0
UAB,nearear,4,42,513,214.0
UAB,nearear,4,42,514,214.0
UAB,nearear,4,42,515,214.0
UAB,nearear,4,42,516,214.0
UAB,nearear,4,42,517,214.0
UAB,nearear,4,42,518,214.0
UAB,nearear,4,42,519,214.0
UAB,nearear,4,42,520,214.0
UAB,nearear,4,42,521,215.0
UAB,nearear,4,42,522,215.0
UAB,nearear,4,42,523,216.0
UAB,nearear,4,42,524,217.0
UAB,nearear,4,42,525,217.0
UAB,nearear,4,42,526,218.0
UAB,nearear,4,42,527,219.0
UAB,nearear,4,42,528,219.0
UAB,nearear,4,42,529,219.0
UAB,nearear,4,42,530,219.0
UAB,nearear,4,42,531,220.0
UAB,nearear,4,42,532,220.0
UAB,nearear,4,42,533,221.0
UAB,nearear,4,42,534,221.0
UAB,nearear,4,42,535,222.0
UAB,nearear,4,42,536,222.0
UAB,nearear,4,42,537,223.0
UAB,nearear,4,42,538,224.0
UAB,nearear,4,42,539,225.0
UAB,nearear,4,42,540,226.0
UAB,nearear,4,42,541,226.0
UAB,nearear,4,42,542,226.0
UAB,nearear,5,42,0,0.0
UAB,nearear,5,42,1,0.0
UAB,nearear,5,42,2,0.0
UAB,nearear,5,42,3,1.0
UAB,nearear,5,42,4,1.0
UAB,nearear,5,42,5,2.0
UAB,nearear,5,42,6,2.0
UAB,nearear,5,42,7,3.0
UAB,nearear,5,42,8,3.0
UAB,nearear,5,42,9,3.0
UAB,nearear,5,42,10,3.0
UAB,nearear,5,42,11,3.0
UAB,nearear,5,42,12,4.0
UAB,nearear,5,42,13,4.0
UAB,nearear,5,42,14,4.0
UAB,nearear,5,42,15,4.0
UAB,nearear,5,42,16,5.0
UAB,nearear,5,42,17,5.0
UAB,nearear,5,42,18,6.0
UAB,nearear,5,42,19,7.0
UAB,nearear,5,42,20,8.0
UAB,nearear,5,42,21,8.0
UAB,nearear,5,42,22,9.0
UAB,nearear,5,42,23,10.0
UAB,nearear,5,42,24,10.0
UAB,nearear,5,42,25,11.0
UAB,nearear,5,42,26,11.0
UAB,nearear,5,42,27,11.0
UAB,nearear,5,42,28,11.0
UAB,nearear,5,42,29,11.0
UAB,nearear,5,42,30,12.0
UAB,nearear,5,42,31,12.0
UAB,nearear,5,42,32,12.0
UAB,nearear,5,42,33,12.0
UAB,nearear,5,42,34,13.0
UAB,nearear,5,42,35,13.0
UAB,nearear,5,42,36,13.0
UAB,nearear,5,42,37,14.0
UAB,nearear,5,42,38,15.0
UAB,nearear,5,42,39,16.0
UAB,nearear,5,42,40,17.0
UAB,nearear,5,42,41,17.0
UAB,nearear,5,42,42,18.0
UAB,nearear,5,42,43,19.0
UAB,nearear,5,42,44,20.0
UAB,nearear,5,42,45,20.0
UAB,nearear,5,42,46,21.0
UAB,nearear,5,42,47,21.0
UAB,nearear,5,42,48,22.0
UAB,nearear,5,42,49,23.0
UAB,nearear,5,42,50,23.0
UAB,nearear,5,42,51,23.0
UAB,nearear,5,42,52,23.0
UAB,nearear,5,42,53,23.0
UAB,nearear,5,42,54,24.0
UAB,nearear,5,42,55,25.0
UAB,nearear,5,42,56,25.0
UAB,nearear,5,42,57,25.0
UAB,nearear,5,42,58,26.0
UAB,nearear,5,42,59,27.0
UAB,nearear,5,42,60,28.0
UAB,nearear,5,42,61,29.0
UAB,nearear,5,42,62,30.0
UAB,nearear,5,42,63,30.0
UAB,nearear,5,42,64,30.0
UAB,nearear,5,42,65,30.0
UAB,nearear,5,42,66,31.0
UAB,nearear,5,42,67,31.0
UAB,nearear,5,42,68,31.0
UAB,nearear,5,42,69,31.0
UAB,nearear,5,42,70,31.0
UAB,nearear,5,42,71,32.0
UAB,nearear,5,42,72,33.0
UAB,nearear,5,42,73,34.0
UAB,nearear,5,42,74,34.0
UAB,nearear,5,42,75,35.0
UAB,nearear,5,42,76,35.0
UAB,nearear,5,42,77,36.0
UAB,nearear,5,42,78,36.0
UAB,nearear,5,42,79,36.0
UAB,nearear,5,42,80,36.0
UAB,nearear,5,42,81,36.0
UAB,nearear,5,42,82,36.0
UAB,nearear,5,42,83,37.0
UAB,nearear,5,42,84,37.0
UAB,nearear,5,42,85,38.0
UAB,nearear,5,42,86,39.0
UAB,nearear,5,42,87,40.0
UAB,nearear,5,42,88,41.0
UAB,nearear,5,42,89,42.0
UAB,nearear,5,42,90,42.0
UAB,nearear,5,42,91,42.0
UAB,nearear,5,42,92,42.0
UAB,nearear,5,42,93,42.0
UAB,nearear,5,42,94,43.0
UAB,nearear,5,42,95,44.0
UAB,nearear,5,42,96,44.0
UAB,nearear,5,42,97,44.0
UAB,nearear,5,42,98,45.0
UAB,nearear,5,42,99,46.0
UAB,nearear,5,42,100,47.0
UAB,nearear,5,42,101,47.0
UAB,nearear,5,42,102,47.0
UAB,nearear,5,42,103,47.0
UAB,nearear,5,42,104,48.0
UAB,nearear,5,42,105,48.0
UAB,nearear,5,42,106,48.0
UAB,nearear,5,42,107,48.0
UAB,nearear,5,42,108,48.0
UAB,nearear,5,42,109,49.0
UAB,nearear,5,42,110,49.0
UAB,nearear,5,42,111,50.0
UAB,nearear,5,42,112,51.0
UAB,nearear,5,42,113,51.0
UAB,nearear,5,42,114,51.0
UAB,nearear,5,42,115,51.0
UAB,nearear,5,42,116,51.0
UAB,nearear,5,42,117,51.0
UAB,nearear,5,42,118,51.0
UAB,nearear,5,42,119,52.0
UAB,nearear,5,42,120,52.0
UAB,nearear,5,42,121,52.0
UAB,nearear,5,42,122,52.0
UAB,nearear,5,42,123,53.0
UAB,nearear,5,42,124,53.0
UAB,nearear,5,42,125,53.0
UAB,nearear,5,42,126,54.0
UAB,nearear,5,42,127,55.0
UAB,nearear,5,42,128,55.0
UAB,nearear,5,42,129,55.0
UAB,nearear,5,42,130,55.0
UAB,nearear,5,42,131,55.0
UAB,nearear,5,42,132,56.0
UAB,nearear,5,42,133,57.0
UAB,nearear,5,42,134,58.0
UAB,nearear,5,42,135,59.0
UAB,nearear,5,42,136,60.0
UAB,nearear,5,42,137,61.0
UAB,nearear,5,42,138,62.0
UAB,nearear,5,42,139,63.0
UAB,nearear,5,42,140,63.0
UAB,nearear,5,42,141,64.0
UAB,nearear,5,42,142,65.0
UAB,nearear,5,42,143,66.0
UAB,nearear,5,42,144,66.0
UAB,nearear,5,42,145,67.0
UAB,nearear,5,42,146,67.0
UAB,nearear,5,42,147,67.0
UAB,nearear,5,42,148,67.0
UAB,nearear,5,42,149,67.0
UAB,nearear,5,42,150,67.0
UAB,nearear,5,42,151,67.0
UAB,nearear,5,42,152,68.0
UAB,nearear,5,42,153,68.0
UAB,nearear,5,42,154,68.0
UAB,nearear,5,42,155,69.0
UAB,nearear,5,42,156,69.0
UAB,nearear,5,42,157,69.0
UAB,nearear,5,42,158,70.0
UAB,nearear,5,42,159,71.0
UAB,nearear,5,42,160,71.0
UAB,nearear,5,42,161,72.0
UAB,nearear,5,42,162,72.0
UAB,nearear,5,42,163,72.0
UAB,nearear,5,42,164,73.0
UAB,nearear,5,42,165,73.0
UAB,nearear,5,42,166,73.0
UAB,nearear,5,42,167,73.0
UAB,nearear,5,42,168,73.0
UAB,nearear,5,42,169,73.0
UAB,nearear,5,42,170,74.0
UAB,nearear,5,42,171,74.0
UAB,nearear,5,42,172,75.0
UAB,nearear,5,42,173,75.0
UAB,nearear,5,42,174,76.0
UAB,nearear,5,42,175,76.0
UAB,nearear,5,42,176,76.0
UAB,nearear,5,42,177,76.0
UAB,nearear,5,42,178,77.0
UAB,nearear,5,42,179,78.0
UAB,nearear,5,42,180,79.0
UAB,nearear,5,42,181,79.0
UAB,nearear,5,42,182,79.0
UAB,nearear,5,42,183,80.0
UAB,nearear,5,42,184,81.0
UAB,nearear,5,42,185,81.0
UAB,nearear,5,42,186,82.0
UAB,nearear,5,42,187,83.0
UAB,nearear,5,42,188,84.0
UAB,nearear,5,42,189,85.0
UAB,nearear,5,42,190,85.0
UAB,nearear,5,42,191,86.0
UAB,nearear,5,42,192,87.0
UAB,nearear,5,42,193,87.0
UAB,nearear,5,42,194,87.0
UAB,nearear,5,42,195,88.0
UAB,nearear,5,42,196,88.0
UAB,nearear,5,42,197,89.0
UAB,nearear,5,42,198,90.0
UAB,nearear,5,42,199,90.0
UAB,nearear,5,42,200,90.0
UAB,nearear,5,42,201,90.0
UAB,nearear,5,42,202,91.0
UAB,nearear,5,42,203,92.0
UAB,nearear,5,42,204,93.0
UAB,nearear,5,42,205,94.0
UAB,nearear,5,42,206,94.0
UAB,nearear,5,42,207,94.0
UAB,nearear,5,42,208,95.0
UAB,nearear,5,42,209,96.0
UAB,nearear,5,42,210,97.0
UAB,nearear,5,42,211,97.0
UAB,nearear,5,42,212,98.0
UAB,nearear,5,42,213,98.0
UAB,nearear,5,42,214,98.0
UAB,nearear,5,42,215,99.0
UAB,nearear,5,42,216,100.0
UAB,nearear,5,42,217,101.0
UAB,nearear,5,42,218,101.0
UAB,nearear,5,42,219,101.0
UAB,nearear,5,42,220,101.0
UAB,nearear,5,42,221,101.0
UAB,nearear,5,42,222,102.0
UAB,nearear,5,42,223,103.0
UAB,nearear,5,42,224,103.0
UAB,nearear,5,42,225,103.0
UAB,nearear,5,42,226,104.0
UAB,nearear,5,42,227,104.0
UAB,nearear,5,42,228,105.0
UAB,nearear,5,42,229,105.0
UAB,nearear,5,42,230,105.0
UAB,nearear,5,42,231,105.0
UAB,nearear,5,42,232,106.0
UAB,nearear,5,42,233,106.0
UAB,nearear,5,42,234,107.0
UAB,nearear,5,42,235,107.0
UAB,nearear,5,42,236,108.0
UAB,nearear,5,42,237,108.0
UAB,nearear,5,42,238,108.0
UAB,nearear,5,42,239,109.0
UAB,nearear,5,42,240,110.0
UAB,nearear,5,42,241,110.0
UAB,nearear,5,42,242,111.0
UAB,nearear,5,42,243,112.0
UAB,nearear,5,42,244,113.0
UAB,nearear,5,42,245,113.0
UAB,nearear,5,42,246,114.0
UAB,nearear,5,42,247,114.0
UAB,nearear,5,42,248,115.0
UAB,nearear,5,42,249,115.0
UAB,nearear,5,42,250,115.0
UAB,nearear,5,42,251,116.0
UAB,nearear,5,42,252,117.0
UAB,nearear,5,42,253,117.0
UAB,nearear,5,42,254,117.0
UAB,nearear,5,42,255,118.0
UAB,nearear,5,42,256,118.0
UAB,nearear,5,42,257,118.0
UAB,nearear,5,42,258,118.0
UAB,nearear,5,42,259,119.0
UAB,nearear,5,42,260,120.0
UAB,nearear,5,42,261,121.0
UAB,nearear,5,42,262,121.0
UAB,nearear,5,42,263,121.0
UAB,nearear,5,42,264,122.0
UAB,nearear,5,42,265,123.0
UAB,nearear,5,42,266,124.0
UAB,nearear,5,42,267,124.0
UAB,nearear,5,42,268,125.0
UAB,nearear,5,42,269,126.0
UAB,nearear,5,42,270,127.0
UAB,nearear,5,42,271,127.0
UAB,nearear,5,42,272,128.0
UAB,nearear,5,42,273,129.0
UAB,nearear,5,42,274,129.0
UAB,nearear,5,42,275,130.0
UAB,nearear,5,42,276,130.0
UAB,nearear,5,42,277,130.0
UAB,nearear,5,42,278,130.0
UAB,nearear,5,42,279,130.0
UAB,nearear,5,42,280,130.0
UAB,nearear,5,42,281,130.0
UAB,nearear,5,42,282,131.0
UAB,nearear,5,42,283,132.0
UAB,nearear,5,42,284,132.0
UAB,nearear,5,42,285,132.0
UAB,nearear,5,42,286,132.0
UAB,nearear,5,42,287,133.0
UAB,nearear,5,42,288,133.0
UAB,nearear,5,42,289,134.0
UAB,nearear,5,42,290,134.0
UAB,nearear,5,42,291,135.0
UAB,nearear,5,42,292,135.0
UAB,nearear,5,42,293,136.0
UAB,nearear,5,42,294,136.0
UAB,nearear,5,42,295,137.0
UAB,nearear,5,42,296,137.0
UAB,nearear,5,42,297,137.0
UAB,nearear,5,42,298,137.0
UAB,nearear,5,42,299,138.0
UAB,nearear,5,42,300,139.0
UAB,nearear,5,42,301,139.0
UAB,nearear,5,42,302,140.0
UAB,nearear,5,42,303,141.0
UAB,nearear,5,42,304,142.0
UAB,nearear,5,42,305,143.0
UAB,nearear,5,42,306,144.0
UAB,nearear,5,42,307,145.0
UAB,nearear,5,42,308,146.0
UAB,nearear,5,42,309,147.0
UAB,nearear,5,42,310,148.0
UAB,nearear,5,42,311,149.0
UAB,nearear,5,42,312,150.0
UAB,nearear,5,42,313,151.0
UAB,nearear,5,42,314,152.0
UAB,nearear,5,42,315,152.0
UAB,nearear,5,42,316,153.0
UAB,nearear,5,42,317,153.0
UAB,nearear,5,42,318,153.0
UAB,nearear,5,42,319,154.0
UAB,nearear,5,42,320,154.0
UAB,nearear,5,42,321,154.0
UAB,nearear,5,42,322,155.0
UAB,nearear,5,42,323,156.0
UAB,nearear,5,42,324,157.0
UAB,nearear,5,42,325,157.0
UAB,nearear,5,42,326,158.0
UAB,nearear,5,42,327,158.0
UAB,nearear,5,42,328,159.0
UAB,nearear,5,42,329,160.0
UAB,nearear,5,42,330,160.0
UAB,nearear,5,42,331,161.0
UAB,nearear,5,42,332,161.0
UAB,nearear,5,42,333,161.0
UAB,nearear,5,42,334,162.0
UAB,nearear,5,42,335,162.0
UAB,nearear,5,42,336,162.0
UAB,nearear,5,42,337,163.0
UAB,nearear,5,42,338,164.0
UAB,nearear,5,42,339,164.0
UAB,nearear,5,42,340,164.0
UAB,nearear,5,42,341,165.0
UAB,nearear,5,42,342,165.0
UAB,nearear,5,42,343,166.0
UAB,nearear,5,42,344,166.0
UAB,nearear,5,42,345,166.0
UAB,nearear,5,42,346,166.0
UAB,nearear,5,42,347,167.0
UAB,nearear,5,42,348,167.0
UAB,nearear,5,42,349,168.0
UAB,nearear,5,42,350,168.0
UAB,nearear,5,42,351,169.0
UAB,nearear,5,42,352,169.0
UAB,nearear,5,42,353,170.0
UAB,nearear,5,42,354,170.0
UAB,nearear,5,42,355,171.0
UAB,nearear,5,42,356,171.0
UAB,nearear,5,42,357,172.0
UAB,nearear,5,42,358,173.0
UAB,nearear,5,42,359,174.0
UAB,nearear,5,42,360,174.0
UAB,nearear,5,42,361,175.0
UAB,nearear,5,42,362,176.0
UAB,nearear,5,42,363,177.0
UAB,nearear,5,42,364,178.0
UAB,nearear,5,42,365,179.0
UAB,nearear,5,42,366,180.0
UAB,nearear,5,42,367,180.0
UAB,nearear,5,42,368,181.0
UAB,nearear,5,42,369,181.0
UAB,nearear,5,42,370,181.0
UAB,nearear,5,42,371,181.0
UAB,nearear,5,42,372,181.0
UAB,nearear,5,42,373,182.0
UAB,nearear,5,42,374,182.0
UAB,nearear,5,42,375,183.0
UAB,nearear,5,42,376,183.0
UAB,nearear,5,42,377,184.0
UAB,nearear,5,42,378,184.0
UAB,nearear,5,42,379,185.0
UAB,nearear,5,42,380,185.0
UAB,nearear,5,42,381,185.0
UAB,nearear,5,42,382,185.0
UAB,nearear,5,42,383,186.0
UAB,nearear,5,42,384,187.0
UAB,nearear,5,42,385,188.0
UAB,nearear,5,42,386,189.0
UAB,nearear,5,42,387,189.0
UAB,nearear,5,42,388,190.0
UAB,nearear,5,42,389,191.0
UAB,nearear,5,42,390,191.0
UAB,nearear,5,42,391,191.0
UAB,nearear,5,42,392,191.0
UAB,nearear,5,42,393,191.0
UAB,nearear,5,42,394,192.0
UAB,nearear,5,42,395,192.0
UAB,nearear,5,42,396,193.0
UAB,nearear,5,42,397,193.0
UAB,nearear,5,42,398,193.0
UAB,nearear,5,42,399,194.0
UAB,nearear,5,42,400,194.0
UAB,nearear,5,42,401,195.0
UAB,nearear,5,42,402,195.0
UAB,nearear,5,42,403,195.0
UAB,nearear,5,42,404,196.0
UAB,nearear,5,42,405,197.0
UAB,nearear,5,42,406,197.0
UAB,nearear,5,42,407,198.0
UAB,nearear,5,42,408,199.0
UAB,nearear,5,42,409,200.0
UAB,nearear,5,42,410,200.0
UAB,nearear,5,42,411,201.0
UAB,nearear,5,42,412,201.0
UAB,nearear,5,42,413,201.0
UAB,nearear,5,42,414,201.0
UAB,nearear,5,42,415,201.0
UAB,nearear,5,42,416,202.0
UAB,nearear,5,42,417,203.0
UAB,nearear,5,42,418,204.0
UAB,nearear,5,42,419,204.0
UAB,nearear,5,42,420,205.0
UAB,nearear,5,42,421,205.0
UAB,nearear,5,42,422,205.0
UAB,nearear,5,42,423,205.0
UAB,nearear,5,42,424,205.0
UAB,nearear,5,42,425,206.0
UAB,nearear,5,42,426,206.0
UAB,nearear,5,42,427,206.0
UAB,nearear,5,42,428,207.0
UAB,nearear,5,42,429,208.0
UAB,nearear,5,42,430,208.0
UAB,nearear,5,42,431,209.0
UAB,nearear,5,42,432,209.0
UAB,nearear,5,42,433,210.0
UAB,nearear,5,42,434,210.0
UAB,nearear,5,42,435,210.0
UAB,nearear,5,42,436,211.0
UAB,nearear,5,42,437,211.0
UAB,nearear,5,42,438,212.0
UAB,nearear,5,42,439,212.0
UAB,nearear,5,42,440,213.0
UAB,nearear,5,42,441,213.0
UAB,nearear,5,42,442,213.0
UAB,nearear,5,42,443,213.0
UAB,nearear,5,42,444,214.0
UAB,nearear,5,42,445,214.0
UAB,nearear,5,42,446,214.0
UAB,nearear,5,42,447,214.0
UAB,nearear,5,42,448,215.0
UAB,nearear,5,42,449,215.0
UAB,nearear,5,42,450,216.0
UAB,nearear,5,42,451,217.0
UAB,nearear,5,42,452,217.0
UAB,nearear,5,42,453,217.0
UAB,nearear,5,42,454,217.0
UAB,nearear,5,42,455,217.0
UAB,nearear,5,42,456,217.0
UAB,nearear,5,42,457,217.0
UAB,nearear,5,42,458,217.0
UAB,nearear,5,42,459,218.0
UAB,nearear,5,42,460,219.0
UAB,nearear,5,42,461,219.0
UAB,nearear,5,42,462,219.0
UAB,nearear,5,42,463,219.0
UAB,nearear,5,42,464,220.0
UAB,nearear,5,42,465,220.0
UAB,nearear,5,42,466,221.0
UAB,nearear,5,42,467,221.0
UAB,nearear,5,42,468,221.0
UAB,nearear,5,42,469,221.0
UAB,nearear,5,42,470,221.0
UAB,nearear,5,42,471,221.0
UAB,nearear,5,42,472,221.0
UAB,nearear,5,42,473,221.0
UAB,nearear,5,42,474,221.0
UAB,nearear,5,42,475,222.0
UAB,nearear,5,42,476,222.0
UAB,nearear,5,42,477,222.0
UAB,nearear,5,42,478,223.0
UAB,nearear,5,42,479,224.0
UAB,nearear,5,42,480,225.0
UAB,nearear,5,42,481,226.0
UAB,nearear,5,42,482,226.0
UAB,nearear,5,42,483,226.0
UAB,nearear,5,42,484,226.0
UAB,nearear,5,42,485,226.0
UAB,nearear,5,42,486,227.0
UAB,nearear,5,42,487,227.0
UAB,nearear,5,42,488,227.0
UAB,nearear,5,42,489,227.0
UAB,nearear,5,42,490,228.0
UAB,nearear,5,42,491,229.0
UAB,nearear,5,42,492,229.0
UAB,nearear,5,42,493,229.0
UAB,nearear,5,42,494,230.0
UAB,nearear,5,42,495,230.0
UAB,nearear,5,42,496,230.0
UAB,nearear,5,42,497,230.0
UAB,nearear,5,42,498,231.0
UAB,nearear,5,42,499,231.0
UAB,nearear,5,42,500,231.0
UAB,nearear,5,42,501,232.0
UAB,nearear,5,42,502,233.0
UAB,nearear,5,42,503,234.0
UAB,nearear,5,42,504,234.0
UAB,nearear,5,42,505,234.0
UAB,nearear,5,42,506,235.0
UAB,nearear,5,42,507,235.0
UAB,nearear,5,42,508,236.0
UAB,nearear,5,42,509,236.0
UAB,nearear,5,42,510,237.0
UAB,nearear,5,42,511,238.0
UAB,nearear,5,42,512,239.0
UAB,nearear,5,42,513,239.0
UAB,nearear,5,42,514,240.0
UAB,nearear,5,42,515,240.0
UAB,nearear,5,42,516,240.0
UAB,nearear,5,42,517,241.0
UAB,nearear,5,42,518,241.0
UAB,nearear,5,42,519,241.0
UAB,nearear,5,42,520,242.0
UAB,nearear,5,42,521,243.0
UAB,nearear,5,42,522,244.0
UAB,nearear,5,42,523,244.0
UAB,nearear,5,42,524,245.0
UAB,nearear,5,42,525,245.0
UAB,nearear,5,42,526,245.0
UAB,nearear,5,42,527,246.0
UAB,nearear,5,42,528,247.0
UAB,nearear,5,42,529,248.0
UAB,nearear,5,42,530,249.0
UAB,nearear,5,42,531,249.0
UAB,nearear,5,42,532,249.0
UAB,nearear,5,42,533,249.0
UAB,nearear,5,42,534,249.0
UAB,nearear,6,42,0,0.0
UAB,nearear,6,42,1,0.0
UAB,nearear,6,42,2,0.0
UAB,nearear,6,42,3,0.0
UAB,nearear,6,42,4,1.0
UAB,nearear,6,42,5,2.0
UAB,nearear,6,42,6,2.0
UAB,nearear,6,42,7,3.0
UAB,nearear,6,42,8,4.0
UAB,nearear,6,42,9,4.0
UAB,nearear,6,42,10,5.0
UAB,nearear,6,42,11,5.0
UAB,nearear,6,42,12,5.0
UAB,nearear,6,42,13,6.0
UAB,nearear,6,42,14,7.0
UAB,nearear,6,42,15,7.0
UAB,nearear,6,42,16,7.0
UAB,nearear,6,42,17,7.0
UAB,nearear,6,42,18,7.0
UAB,nearear,6,42,19,8.0
UAB,nearear,6,42,20,9.0
UAB,nearear,6,42,21,9.0
UAB,nearear,6,42,22,10.0
UAB,nearear,6,42,23,10.0
UAB,nearear,6,42,24,11.0
UAB,nearear,6,42,25,12.0
UAB,nearear,6,42,26,12.0
UAB,nearear,6,42,27,12.0
UAB,nearear,6,42,28,13.0
UAB,nearear,6,42,29,14.0
UAB,nearear,6,42,30,15.0
UAB,nearear,6,42,31,16.0
UAB,nearear,6,42,32,16.0
UAB,nearear,6,42,33,17.0
UAB,nearear,6,42,34,18.0
UAB,nearear,6,42,35,19.0
UAB,nearear,6,42,36,19.0
UAB,nearear,6,42,37,20.0
UAB,nearear,6,42,38,21.0
UAB,nearear,6,42,39,22.0
UAB,nearear,6,42,40,22.0
UAB,nearear,6,42,41,23.0
UAB,nearear,6,42,42,23.0
UAB,nearear,6,42,43,23.0
UAB,nearear,6,42,44,23.0
UAB,nearear,6,42,45,23.0
UAB,nearear,6,42,46,23.0
UAB,nearear,6,42,47,24.0
UAB,nearear,6,42,48,24.0
UAB,nearear,6,42,49,24.0
UAB,nearear,6,42,50,24.0
UAB,nearear,6,42,51,24.0
UAB,nearear,6,42,52,25.0
UAB,nearear,6,42,53,25.0
UAB,nearear,6,42,54,25.0
UAB,nearear,6,42,55,26.0
UAB,nearear,6,42,56,26.0
UAB,nearear,6,42,57,27.0
UAB,nearear,6,42,58,28.0
UAB,nearear,6,42,59,28.0
UAB,nearear,6,42,60,29.0
UAB,nearear,6,42,61,29.0
UAB,nearear,6,42,62,30.0
UAB,nearear,6,42,63,31.0
UAB,nearear,6,42,64,32.0
UAB,nearear,6,42,65,33.0
UAB,nearear,6,42,66,34.0
UAB,nearear,6,42,67,34.0
UAB,nearear,6,42,68,35.0
UAB,nearear,6,42,69,36.0
UAB,nearear,6,42,70,37.0
UAB,nearear,6,42,71,37.0
UAB,nearear,6,42,72,37.0
UAB,nearear,6,42,73,38.0
UAB,nearear,6,42,74,39.0
UAB,nearear,6,42,75,40.0
UAB,nearear,6,42,76,40.0
UAB,nearear,6,42,77,40.0
UAB,nearear,6,42,78,40.0
UAB,nearear,6,42,79,41.0
UAB,nearear,6,42,80,41.0
UAB,nearear,6,42,81,42.0
UAB,nearear,6,42,82,42.0
UAB,nearear,6,42,83,43.0
UAB,nearear,6,42,84,44.0
UAB,nearear,6,42,85,44.0
UAB,nearear,6,42,86,45.0
UAB,nearear,6,42,87,45.0
UAB,nearear,6,42,88,46.0
UAB,nearear,6,42,89,47.0
UAB,nearear,6,42,90,48.0
UAB,nearear,6,42,91,49.0
UAB,nearear,6,42,92,50.0
UAB,nearear,6,42,93,50.0
UAB,nearear,6,42,94,51.0
UAB,nearear,6,42,95,52.0
UAB,nearear,6,42,96,53.0
UAB,nearear,6,42,97,54.0
UAB,nearear,6,42,98,55.0
UAB,nearear,6,42,99,55.0
UAB,nearear,6,42,100,55.0
UAB,nearear,6,42,101,55.0
UAB,nearear,6,42,102,56.0
UAB,nearear,6,42,103,56.0
UAB,nearear,6,42,104,56.0
UAB,nearear,6,42,105,56.0
UAB,nearear,6,42,106,57.0
UAB,nearear,6,42,107,57.0
UAB,nearear,6,42,108,58.0
UAB,nearear,6,42,109,59.0
UAB,nearear,6,42,110,60.0
UAB,nearear,6,42,111,60.0
UAB,nearear,6,42,112,60.0
UAB,nearear,6,42,113,60.0
UAB,nearear,6,42,114,61.0
UAB,nearear,6,42,115,62.0
UAB,nearear,6,42,116,63.0
UAB,nearear,6,42,117,64.0
UAB,nearear,6,42,118,65.0
UAB,nearear,6,42,119,65.0
UAB,nearear,6,42,120,65.0
UAB,nearear,6,42,121,65.0
UAB,nearear,6,42,122,65.0
UAB,nearear,6,42,123,66.0
UAB,nearear,6,42,124,67.0
UAB,nearear,6,42,125,67.0
UAB,nearear,6,42,126,67.0
UAB,nearear,6,42,127,67.0
UAB,nearear,6,42,128,68.0
UAB,nearear,6,42,129,69.0
UAB,nearear,6,42,130,70.0
UAB,nearear,6,42,131,71.0
UAB,nearear,6,42,132,71.0
UAB,nearear,6,42,133,71.0
UAB,nearear,6,42,134,71.0
UAB,nearear,6,42,135,72.0
UAB,nearear,6,42,136,72.0
UAB,nearear,6,42,137,72.0
UAB,nearear,6,42,138,73.0
UAB,nearear,6,42,139,73.0
UAB,nearear,6,42,140,73.0
UAB,nearear,6,42,141,73.0
UAB,nearear,6,42,142,73.0
UAB,nearear,6,42,143,73.0
UAB,nearear,6,42,144,73.0
UAB,nearear,6,42,145,73.0
UAB,nearear,6,42,146,74.0
UAB,nearear,6,42,147,74.0
UAB,nearear,6,42,148,74.0
UAB,nearear,6,42,149,74.0
UAB,nearear,6,42,150,75.0
UAB,nearear,6,42,151,76.0
UAB,nearear,6,42,152,76.0
UAB,nearear,6,42,153,76.0
UAB,nearear,6,42,154,76.0
UAB,nearear,6,42,155,76.0
UAB,nearear,6,42,156,76.0
UAB,nearear,6,42,157,77.0
UAB,nearear,6,42,158,77.0
UAB,nearear,6,42,159,78.0
UAB,nearear,6,42,160,78.0
UAB,nearear,6,42,161,79.0
UAB,nearear,6,42,162,79.0
UAB,nearear,6,42,163,79.0
UAB,nearear,6,42,164,79.0
UAB,nearear,6,42,165,79.0
UAB,nearear,6,42,166,79.0
UAB,nearear,6,42,167,79.0
UAB,nearear,6,42,168,79.0
UAB,nearear,6,42,169,80.0
UAB,nearear,6,42,170,80.0
UAB,nearear,6,42,171,80.0
UAB,nearear,6,42,172,80.0
UAB,nearear,6,42,173,80.0
UAB,nearear,6,42,174,80.0
UAB,nearear,6,42,175,81.0
UAB,nearear,6,42,176,81.0
UAB,nearear,6,42,177,82.0
UAB,nearear,6,42,178,83.0
UAB,nearear,6,42,179,83.0
UAB,nearear,6,42,180,83.0
UAB,nearear,6,42,181,83.0
UAB,nearear,6,42,182,84.0
UAB,nearear,6,42,183,84.0
UAB,nearear,6,42,184,84.0
UAB,nearear,6,42,185,84.0
UAB,nearear,6,42,186,84.0
UAB,nearear,6,42,187,85.0
UAB,nearear,6,42,188,85.0
UAB,nearear,6,42,189,85.0
UAB,nearear,6,42,190,86.0
UAB,nearear,6,42,191,86.0
UAB,nearear,6,42,192,86.0
UAB,nearear,6,42,193,87.0
UAB,nearear,6,42,194,88.0
UAB,nearear,6,42,195,88.0
UAB,nearear,6,42,196,89.0
UAB,nearear,6,42,197,90.0
UAB,nearear,6,42,198,91.0
UAB,nearear,6,42,199,91.0
UAB,nearear,6,42,200,92.0
UAB,nearear,6,42,201,93.0
UAB,nearear,6,42,202,93.0
UAB,nearear,6,42,203,94.0
UAB,nearear,6,42,204,94.0
UAB,nearear,6,42,205,94.0
UAB,nearear,6,42,206,94.0
UAB,nearear,6,42,207,95.0
UAB,nearear,6,42,208,95.0
UAB,nearear,6,42,209,96.0
UAB,nearear,6,42,210,96.0
UAB,nearear,6,42,211,96.0
UAB,nearear,6,42,212,97.0
UAB,nearear,6,42,213,98.0
UAB,nearear,6,42,214,98.0
UAB,nearear,6,42,215,98.0
UAB,nearear,6,42,216,98.0
UAB,nearear,6,42,217,98.0
UAB,nearear,6,42,218,98.0
UAB,nearear,6,42,219,98.0
UAB,nearear,6,42,220,98.0
UAB,nearear,6,42,221,98.0
UAB,nearear,6,42,222,99.0
UAB,nearear,6,42,223,100.0
UAB,nearear,6,42,224,100.0
UAB,nearear,6,42,225,100.0
UAB,nearear,6,42,226,100.0
UAB,nearear,6,42,227,101.0
UAB,nearear,6,42,228,101.0
UAB,nearear,6,42,229,101.0
UAB,nearear,6,42,230,101.0
UAB,nearear,6,42,231,101.0
UAB,nearear,6,42,232,101.0
UAB,nearear,6,42,233,101.0
UAB,nearear,6,42,234,102.0
UAB,nearear,6,42,235,102.0
UAB,nearear,6,42,236,102.0
UAB,nearear,6,42,237,102.0
UAB,nearear,6,42,238,102.0
UAB,nearear,6,42,239,103.0
UAB,nearear,6,42,240,103.0
UAB,nearear,6,42,241,103.0
UAB,nearear,6,42,242,104.0
UAB,nearear,6,42,243,105.0
UAB,nearear,6,42,244,105.0
UAB,nearear,6,42,245,105.0
UAB,nearear,6,42,246,106.0
UAB,nearear,6,42,247,106.0
UAB,nearear,6,42,248,106.0
UAB,nearear,6,42,249,106.0
UAB,nearear,6,42,250,106.0
UAB,nearear,6,42,251,107.0
UAB,nearear,6,42,252,107.0
UAB,nearear,6,42,253,108.0
UAB,nearear,6,42,254,108.0
UAB,nearear,6,42,255,108.0
UAB,nearear,6,42,256,109.0
UAB,nearear,6,42,257,109.0
UAB,nearear,6,42,258,109.0
UAB,nearear,6,42,259,109.0
UAB,nearear,6,42,260,110.0
UAB,nearear,6,42,261,111.0
UAB,nearear,6,42,262,112.0
UAB,nearear,6,42,263,112.0
UAB,nearear,6,42,264,113.0
UAB,nearear,6,42,265,113.0
UAB,nearear,6,42,266,113.0
UAB,nearear,6,42,267,113.0
UAB,nearear,6,42,268,113.0
UAB,nearear,6,42,269,114.0
UAB,nearear,6,42,270,115.0
UAB,nearear,6,42,271,116.0
UAB,nearear,6,42,272,116.0
UAB,nearear,6,42,273,116.0
UAB,nearear,6,42,274,117.0
UAB,nearear,6,42,275,117.0
UAB,nearear,6,42,276,118.0
UAB,nearear,6,42,277,118.0
UAB,nearear,6,42,278,118.0
UAB,nearear,6,42,279,118.0
UAB,nearear,6,42,280,118.0
UAB,nearear,6,42,281,118.0
UAB,nearear,6,42,282,118.0
UAB,nearear,6,42,283,118.0
UAB,nearear,6,42,284,119.0
UAB,nearear,6,42,285,119.0
UAB,nearear,6,42,286,120.0
UAB,nearear,6,42,287,121.0
UAB,nearear,6,42,288,121.0
UAB,nearear,6,42,289,121.0
UAB,nearear,6,42,290,122.0
UAB,nearear,6,42,291,122.0
UAB,nearear,6,42,292,123.0
UAB,nearear,6,42,293,123.0
UAB,nearear,6,42,294,124.0
UAB,nearear,6,42,295,125.0
UAB,nearear,6,42,296,125.0
UAB,nearear,6,42,297,126.0
UAB,nearear,6,42,298,127.0
UAB,nearear,6,42,299,128.0
UAB,nearear,6,42,300,129.0
UAB,nearear,6,42,301,130.0
UAB,nearear,6,42,302,131.0
UAB,nearear,6,42,303,131.0
UAB,nearear,6,42,304,131.0
UAB,nearear,6,42,305,131.0
UAB,nearear,6,42,306,131.0
UAB,nearear,6,42,307,132.0
UAB,nearear,6,42,308,133.0
UAB,nearear,6,42,309,133.0
UAB,nearear,6,42,310,133.0
UAB,nearear,6,42,311,133.0
UAB,nearear,6,42,312,134.0
UAB,nearear,6,42,313,134.0
UAB,nearear,6,42,314,135.0
UAB,nearear,6,42,315,135.0
UAB,nearear,6,42,316,136.0
UAB,nearear,6,42,317,137.0
UAB,nearear,6,42,318,137.0
UAB,nearear,6,42,319,138.0
UAB,nearear,6,42,320,139.0
UAB,nearear,6,42,321,140.0
UAB,nearear,6,42,322,140.0
UAB,nearear,6,42,323,141.0
UAB,nearear,6,42,324,141.0
UAB,nearear,6,42,325,141.0
UAB,nearear,6,42,326,142.0
UAB,nearear,6,42,327,143.0
UAB,nearear,6,42,328,143.0
UAB,nearear,6,42,329,144.0
UAB,nearear,6,42,330,145.0
UAB,nearear,6,42,331,146.0
UAB,nearear,6,42,332,147.0
UAB,nearear,6,42,333,147.0
UAB,nearear,6,42,334,148.0
UAB,nearear,6,42,335,149.0
UAB,nearear,6,42,336,150.0
UAB,nearear,6,42,337,151.0
UAB,nearear,6,42,338,152.0
UAB,nearear,6,42,339,153.0
UAB,nearear,6,42,340,153.0
UAB,nearear,6,42,341,153.0
UAB,nearear,6,42,342,154.0
UAB,nearear,6,42,343,155.0
UAB,nearear,6,42,344,156.0
UAB,nearear,6,42,345,156.0
UAB,nearear,6,42,346,157.0
UAB,nearear,6,42,347,158.0
UAB,nearear,6,42,348,158.0
UAB,nearear,6,42,349,159.0
UAB,nearear,6,42,350,159.0
UAB,nearear,6,42,351,159.0
UAB,nearear,6,42,352,159.0
UAB,nearear,6,42,353,160.0
UAB,nearear,6,42,354,160.0
UAB,nearear,6,42,355,161.0
UAB,nearear,6,42,356,161.0
UAB,nearear,6,42,357,162.0
UAB,nearear,6,42,358,162.0
UAB,nearear,6,42,359,163.0
UAB,nearear,6,42,360,163.0
UAB,nearear,6,42,361,163.0
UAB,nearear,6,42,362,163.0
UAB,nearear,6,42,363,164.0
UAB,nearear,6,42,364,164.0
UAB,nearear,6,42,365,164.0
UAB,nearear,6,42,366,165.0
UAB,nearear,6,42,367,166.0
UAB,nearear,6,42,368,167.0
UAB,nearear,6,42,369,167.0
UAB,nearear,6,42,370,168.0
UAB,nearear,6,42,371,168.0
UAB,nearear,6,42,372,169.0
UAB,nearear,6,42,373,169.0
UAB,nearear,6,42,374,169.0
UAB,nearear,6,42,375,170.0
UAB,nearear,6,42,376,170.0
UAB,nearear,6,42,377,171.0
UAB,nearear,6,42,378,171.0
UAB,nearear,6,42,379,171.0
UAB,nearear,6,42,380,171.0
UAB,nearear,6,42,381,172.0
UAB,nearear,6,42,382,172.0
UAB,nearear,6,42,383,173.0
UAB,nearear,6,42,384,174.0
UAB,nearear,6,42,385,174.0
UAB,nearear,6,42,386,174.0
UAB,nearear,6,42,387,174.0
UAB,nearear,6,42,388,175.0
UAB,nearear,6,42,389,176.0
UAB,nearear,6,42,390,177.0
UAB,nearear,6,42,391,177.0
UAB,nearear,6,42,392,177.0
UAB,nearear,6,42,393,178.0
UAB,nearear,6,42,394,179.0
UAB,nearear,6,42,395,179.0
UAB,nearear,6,42,396,180.0
UAB,nearear,6,42,397,181.0
UAB,nearear,6,42,398,181.0
UAB,nearear,6,42,399,181.0
UAB,nearear,6,42,400,182.0
UAB,nearear,6,42,401,182.0
UAB,nearear,6,42,402,182.0
UAB,nearear,6,42,403,182.0
UAB,nearear,6,42,404,183.0
UAB,nearear,6,42,405,184.0
UAB,nearear,6,42,406,185.0
UAB,nearear,6,42,407,186.0
UAB,nearear,6,42,408,186.0
UAB,nearear,6,42,409,186.0
UAB,nearear,6,42,410,186.0
UAB,nearear,6,42,411,186.0
UAB,nearear,6,42,412,186.0
UAB,nearear,6,42,413,187.0
UAB,nearear,6,42,414,187.0
UAB,nearear,6,42,415,187.0
UAB,nearear,6,42,416,188.0
UAB,nearear,6,42,417,188.0
UAB,nearear,6,42,418,188.0
UAB,nearear,6,42,419,189.0
UAB,nearear,6,42,420,189.0
UAB,nearear,6,42,421,190.0
UAB,nearear,6,42,422,190.0
UAB,nearear,6,42,423,191.0
UAB,nearear,6,42,424,191.0
UAB,nearear,6,42,425,192.0
UAB,nearear,6,42,426,192.0
UAB,nearear,6,42,427,192.0
UAB,nearear,6,42,428,192.0
UAB,nearear,6,42,429,192.0
UAB,nearear,6,42,430,192.0
UAB,nearear,6,42,431,192.0
UAB,nearear,6,42,432,192.0
UAB,nearear,6,42,433,193.0
UAB,nearear,6,42,434,194.0
UAB,nearear,6,42,435,195.0
UAB,nearear,6,42,436,196.0
UAB,nearear,6,42,437,196.0
UAB,nearear,6,42,438,197.0
UAB,nearear,6,42,439,198.0
UAB,nearear,6,42,440,199.0
UAB,nearear,6,42,441,200.0
UAB,nearear,6,42,442,200.0
UAB,nearear,6,42,443,201.0
UAB,nearear,6,42,444,201.0
UAB,nearear,6,42,445,202.0
UAB,nearear,6,42,446,203.0
UAB,nearear,6,42,447,204.0
UAB,nearear,6,42,448,205.0
UAB,nearear,6,42,449,205.0
UAB,nearear,6,42,450,205.0
UAB,nearear,6,42,451,205.0
UAB,nearear,6,42,452,205.0
UAB,nearear,6,42,453,206.0
UAB,nearear,6,42,454,206.0
UAB,nearear,6,42,455,206.0
UAB,nearear,6,42,456,207.0
UAB,nearear,6,42,457,207.0
UAB,nearear,6,42,458,208.0
UAB,nearear,6,42,459,208.0
UAB,nearear,6,42,460,208.0
UAB,nearear,6,42,461,209.0
UAB,nearear,6,42,462,210.0
UAB,nearear,6,42,463,210.0
UAB,nearear,6,42,464,210.0
UAB,nearear,6,42,465,211.0
UAB,nearear,6,42,466,211.0
UAB,nearear,6,42,467,211.0
UAB,nearear,6,42,468,211.0
UAB,nearear,6,42,469,211.0
UAB,nearear,6,42,470,211.0
UAB,nearear,6,42,471,211.0
UAB,nearear,6,42,472,212.0
UAB,nearear,6,42,473,213.0
UAB,nearear,6,42,474,214.0
UAB,nearear,6,42,475,215.0
UAB,nearear,6,42,476,216.0
UAB,nearear,6,42,477,217.0
UAB,nearear,6,42,478,217.0
UAB,nearear,6,42,479,218.0
UAB,nearear,6,42,480,219.0
UAB,nearear,6,42,481,220.0
UAB,nearear,6,42,482,220.0
UAB,nearear,6,42,483,221.0
UAB,nearear,6,42,484,221.0
UAB,nearear,6,42,485,222.0
UAB,nearear,6,42,486,223.0
UAB,nearear,6,42,487,223.0
UAB,nearear,6,42,488,223.0
UAB,nearear,6,42,489,224.0
UAB,nearear,6,42,490,225.0
UAB,nearear,6,42,491,226.0
UAB,nearear,6,42,492,227.0
UAB,nearear,6,42,493,227.0
UAB,nearear,6,42,494,227.0
UAB,nearear,6,42,495,227.0
UAB,nearear,6,42,496,227.0
UAB,nearear,6,42,497,228.0
UAB,nearear,6,42,498,229.0
UAB,nearear,6,42,499,229.0
UAB,nearear,6,42,500,229.0
UAB,nearear,6,42,501,230.0
UAB,nearear,6,42,502,230.0
UAB,nearear,6,42,503,230.0
UAB,nearear,6,42,504,230.0
UAB,nearear,6,42,505,231.0
UAB,nearear,6,42,506,232.0
UAB,nearear,6,42,507,233.0
UAB,nearear,6,42,508,234.0
UAB,nearear,6,42,509,234.0
UAB,nearear,6,42,510,235.0
UAB,nearear,6,42,511,236.0
UAB,nearear,6,42,512,237.0
UAB,nearear,6,42,513,238.0
UAB,nearear,6,42,514,239.0
UAB,nearear,6,42,515,239.0
UAB,nearear,6,42,516,240.0
UAB,nearear,6,42,517,240.0
UAB,nearear,6,42,518,240.0
UAB,nearear,6,42,519,240.0
UAB,nearear,7,42,0,0.0
UAB,nearear,7,42,1,0.0
UAB,nearear,7,42,2,1.0
UAB,nearear,7,42,3,1.0
UAB,nearear,7,42,4,2.0
UAB,nearear,7,42,5,3.0
UAB,nearear,7,42,6,3.0
UAB,nearear,7,42,7,3.0
UAB,nearear,7,42,8,4.0
UAB,nearear,7,42,9,5.0
UAB,nearear,7,42,10,5.0
UAB,nearear,7,42,11,5.0
UAB,nearear,7,42,12,5.0
UAB,nearear,7,42,13,5.0
UAB,nearear,7,42,14,6.0
UAB,nearear,7,42,15,6.0
UAB,nearear,7,42,16,7.0
UAB,nearear,7,42,17,7.0
UAB,nearear,7,42,18,8.0
UAB,nearear,7,42,19,9.0
UAB,nearear,7,42,20,10.0
UAB,nearear,7,42,21,10.0
UAB,nearear,7,42,22,11.0
UAB,nearear,7,42,23,11.0
UAB,nearear,7,42,24,11.0
UAB,nearear,7,42,25,12.0
UAB,nearear,7,42,26,13.0
UAB,nearear,7,42,27,13.0
UAB,nearear,7,42,28,14.0
UAB,nearear,7,42,29,14.0
UAB,nearear,7,42,30,14.0
UAB,nearear,7,42,31,14.0
UAB,nearear,7,42,32,14.0
UAB,nearear,7,42,33,14.0
UAB,nearear,7,42,34,14.0
UAB,nearear,7,42,35,14.0
UAB,nearear,7,42,36,14.0
UAB,nearear,7,42,37,15.0
UAB,nearear,7,42,38,16.0
UAB,nearear,7,42,39,17.0
UAB,nearear,7,42,40,17.0
UAB,nearear,7,42,41,17.0
UAB,nearear,7,42,42,17.0
UAB,nearear,7,42,43,18.0
UAB,nearear,7,42,44,18.0
UAB,nearear,7,42,45,18.0
UAB,nearear,7,42,46,18.0
UAB,nearear,7,42,47,19.0
UAB,nearear,7,42,48,19.0
UAB,nearear,7,42,49,20.0
UAB,nearear,7,42,50,20.0
UAB,nearear,7,42,51,21.0
UAB,nearear,7,42,52,22.0
UAB,nearear,7,42,53,22.0
UAB,nearear,7,42,54,22.0
UAB,nearear,7,42,55,23.0
UAB,nearear,7,42,56,24.0
UAB,nearear,7,42,57,25.0
UAB,nearear,7,42,58,25.0
UAB,nearear,7,42,59,25.0
UAB,nearear,7,42,60,25.0
UAB,nearear,7,42,61,25.0
UAB,nearear,7,42,62,26.0
UAB,nearear,7,42,63,26.0
UAB,nearear,7,42,64,27.0
UAB,nearear,7,42,65,27.0
UAB,nearear,7,42,66,28.0
UAB,nearear,7,42,67,28.0
UAB,nearear,7,42,68,29.0
UAB,nearear,7,42,69,30.0
UAB,nearear,7,42,70,30.0
UAB,nearear,7,42,71,30.0
UAB,nearear,7,42,72,31.0
UAB,nearear,7,42,73,32.0
UAB,nearear,7,42,74,33.0
UAB,nearear,7,42,75,34.0
UAB,nearear,7,42,76,35.0
UAB,nearear,7,42,77,35.0
UAB,nearear,7,42,78,36.0
UAB,nearear,7,42,79,36.0
UAB,nearear,7,42,80,37.0
UAB,nearear,7,42,81,37.0
UAB,nearear,7,42,82,37.0
UAB,nearear,7,42,83,38.0
UAB,nearear,7,42,84,38.0
UAB,nearear,7,42,85,39.0
UAB,nearear,7,42,86,40.0
UAB,nearear,7,42,87,41.0
UAB,nearear,7,42,88,41.0
UAB,nearear,7,42,89,42.0
UAB,nearear,7,42,90,43.0
UAB,nearear,7,42,91,44.0
UAB,nearear,7,42,92,45.0
UAB,nearear,7,42,93,45.0
UAB,nearear,7,42,94,45.0
UAB,nearear,7,42,95,46.0
UAB,nearear,7,42,96,47.0
UAB,nearear,7,42,97,48.0
UAB,nearear,7,42,98,49.0
UAB,nearear,7,42,99,50.0
UAB,nearear,7,42,100,51.0
UAB,nearear,7,42,101,52.0
UAB,nearear,7,42,102,53.0
UAB,nearear,7,42,103,53.0
UAB,nearear,7,42,104,54.0
UAB,nearear,7,42,105,54.0
UAB,nearear,7,42,106,55.0
UAB,nearear,7,42,107,55.0
UAB,nearear,7,42,108,55.0
UAB,nearear,7,42,109,55.0
UAB,nearear,7,42,110,56.0
UAB,nearear,7,42,111,57.0
UAB,nearear,7,42,112,58.0
UAB,nearear,7,42,113,58.0
UAB,nearear,7,42,114,59.0
UAB,nearear,7,42,115,60.0
UAB,nearear,7,42,116,61.0
UAB,nearear,7,42,117,62.0
UAB,nearear,7,42,118,63.0
UAB,nearear,7,42,119,64.0
UAB,nearear,7,42,120,65.0
UAB,nearear,7,42,121,65.0
UAB,nearear,7,42,122,66.0
UAB,nearear,7,42,123,66.0
UAB,nearear,7,42,124,66.0
UAB,nearear,7,42,125,67.0
UAB,nearear,7,42,126,68.0
UAB,nearear,7,42,127,68.0
UAB,nearear,7,42,128,69.0
UAB,nearear,7,42,129,70.0
UAB,nearear,7,42,130,71.0
UAB,nearear,7,42,131,71.0
UAB,nearear,7,42,132,72.0
UAB,nearear,7,42,133,72.0
UAB,nearear,7,42,134,72.0
UAB,nearear,7,42,135,72.0
UAB,nearear,7,42,136,72.0
UAB,nearear,7,42,137,72.0
UAB,nearear,7,42,138,72.0
UAB,nearear,7,42,139,73.0
UAB,nearear,7,42,140,73.0
UAB,nearear,7,42,141,74.0
UAB,nearear,7,42,142,75.0
UAB,nearear,7,42,143,75.0
UAB,nearear,7,42,144,76.0
UAB,nearear,7,42,145,76.0
UAB,nearear,7,42,146,77.0
UAB,nearear,7,42,147,77.0
UAB,nearear,7,42,148,78.0
UAB,nearear,7,42,149,79.0
UAB,nearear,7,42,150,80.0
UAB,nearear,7,42,151,81.0
UAB,nearear,7,42,152,82.0
UAB,nearear,7,42,153,82.0
UAB,nearear,7,42,154,82.0
UAB,nearear,7,42,155,83.0
UAB,nearear,7,42,156,84.0
UAB,nearear,7,42,157,84.0
UAB,nearear,7,42,158,85.0
UAB,nearear,7,42,159,86.0
UAB,nearear,7,42,160,86.0
UAB,nearear,7,42,161,86.0
UAB,nearear,7,42,162,87.0
UAB,nearear,7,42,163,87.0
UAB,nearear,7,42,164,87.0
UAB,nearear,7,42,165,88.0
UAB,nearear,7,42,166,89.0
UAB,nearear,7,42,167,89.0
UAB,nearear,7,42,168,90.0
UAB,nearear,7,42,169,91.0
UAB,nearear,7,42,170,91.0
UAB,nearear,7,42,171,91.0
UAB,nearear,7,42,172,92.0
UAB,nearear,7,42,173,93.0
UAB,nearear,7,42,174,94.0
UAB,nearear,7,42,175,94.0
UAB,nearear,7,42,176,94.0
UAB,nearear,7,42,177,94.0
UAB,nearear,7,42,178,95.0
UAB,nearear,7,42,179,96.0
UAB,nearear,7,42,180,97.0
UAB,nearear,7,42,181,98.0
UAB,nearear,7,42,182,98.0
UAB,nearear,7,42,183,99.0
UAB,nearear,7,42,184,99.0
UAB,nearear,7,42,185,100.0
UAB,nearear,7,42,186,100.0
UAB,nearear,7,42,187,101.0
UAB,nearear,7,42,188,101.0
UAB,nearear,7,42,189,101.0
UAB,nearear,7,42,190,101.0
UAB,nearear,7,42,191,102.0
UAB,nearear,7,42,192,103.0
UAB,nearear,7,42,193,104.0
UAB,nearear,7,42,194,105.0
UAB,nearear,7,42,195,106.0
UAB,nearear,7,42,196,106.0
UAB,nearear,7,42,197,107.0
UAB,nearear,7,42,198,107.0
UAB,nearear,7,42,199,108.0
UAB,nearear,7,42,200,108.0
UAB,nearear,7,42,201,109.0
UAB,nearear,7,42,202,109.0
UAB,nearear,7,42,203,110.0
UAB,nearear,7,42,204,110.0
UAB,nearear,7,42,205,110.0
UAB,nearear,7,42,206,111.0
UAB,nearear,7,42,207,112.0
UAB,nearear,7,42,208,113.0
UAB,nearear,7,42,209,113.0
UAB,nearear,7,42,210,114.0
UAB,nearear,7,42,211,115.0
UAB,nearear,7,42,212,116.0
UAB,nearear,7,42,213,117.0
UAB,nearear,7,42,214,118.0
UAB,nearear,7,42,215,118.0
UAB,nearear,7,42,216,118.0
UAB,nearear,7,42,217,119.0
UAB,nearear,7,42,218,120.0
UAB,nearear,7,42,219,120.0
UAB,nearear,7,42,220,121.0
UAB,nearear,7,42,221,121.0
UAB,nearear,7,42,222,122.0
UAB,nearear,7,42,223,122.0
UAB,nearear,7,42,224,122.0
UAB,nearear,7,42,225,123.0
UAB,nearear,7,42,226,124.0
UAB,nearear,7,42,227,124.0
UAB,nearear,7,42,228,124.0
UAB,nearear,7,42,229,124.0
UAB,nearear,7,42,230,125.0
UAB,nearear,7,42,231,125.0
UAB,nearear,7,42,232,125.0
UAB,nearear,7,42,233,125.0
UAB,nearear,7,42,234,125.0
UAB,nearear,7,42,235,125.0
UAB,nearear,7,42,236,125.0
UAB,nearear,7,42,237,126.0
UAB,nearear,7,42,238,127.0
UAB,nearear,7,42,239,127.0
UAB,nearear,7,42,240,127.0
UAB,nearear,7,42,241,127.0
UAB,nearear,7,42,242,127.0
UAB,nearear,7,42,243,127.0
UAB,nearear,7,42,244,127.0
UAB,nearear,7,42,245,128.0
UAB,nearear,7,42,246,129.0
UAB,nearear,7,42,247,130.0
UAB,nearear,7,42,248,130.0
UAB,nearear,7,42,249,131.0
UAB,nearear,7,42,250,131.0
UAB,nearear,7,42,251,131.0
UAB,nearear,7,42,252,132.0
UAB,nearear,7,42,253,132.0
UAB,nearear,7,42,254,133.0
UAB,nearear,7,42,255,133.0
UAB,nearear,7,42,256,133.0
UAB,nearear,7,42,257,134.0
UAB,nearear,7,42,258,135.0
UAB,nearear,7,42,259,136.0
UAB,nearear,7,42,260,136.0
UAB,nearear,7,42,261,137.0
UAB,nearear,7,42,262,137.0
UAB,nearear,7,42,263,138.0
UAB,nearear,7,42,264,139.0
UAB,nearear,7,42,265,140.0
UAB,nearear,7,42,266,141.0
UAB,nearear,7,42,267,141.0
UAB,nearear,7,42,268,141.0
UAB,nearear,7,42,269,141.0
UAB,nearear,7,42,270,142.0
UAB,nearear,7,42,271,143.0
UAB,nearear,7,42,272,144.0
UAB,nearear,7,42,273,144.0
UAB,nearear,7,42,274,144.0
UAB,nearear,7,42,275,145.0
UAB,nearear,7,42,276,146.0
UAB,nearear,7,42,277,147.0
UAB,nearear,7,42,278,148.0
UAB,nearear,7,42,279,148.0
UAB,nearear,7,42,280,149.0
UAB,nearear,7,42,281,149.0
UAB,nearear,7,42,282,150.0
UAB,nearear,7,42,283,150.0
UAB,nearear,7,42,284,151.0
UAB,nearear,7,42,285,151.0
UAB,nearear,7,42,286,152.0
UAB,nearear,7,42,287,153.0
UAB,nearear,7,42,288,153.0
UAB,nearear,7,42,289,154.0
UAB,nearear,7,42,290,154.0
UAB,nearear,7,42,291,154.0
UAB,nearear,7,42,292,154.0
UAB,nearear,7,42,293,154.0
UAB,nearear,7,42,294,154.0
UAB,nearear,7,42,295,155.0
UAB,nearear,7,42,296,155.0
UAB,nearear,7,42,297,155.0
UAB,nearear,7,42,298,156.0
UAB,nearear,7,42,299,157.0
UAB,nearear,7,42,300,158.0
UAB,nearear,7,42,301,158.0
UAB,nearear,7,42,302,159.0
UAB,nearear,7,42,303,160.0
UAB,nearear,7,42,304,160.0
UAB,nearear,7,42,305,161.0
UAB,nearear,7,42,306,161.0
UAB,nearear,7,42,307,161.0
UAB,nearear,7,42,308,161.0
UAB,nearear,7,42,309,161.0
UAB,nearear,7,42,310,161.0
UAB,nearear,7,42,311,161.0
UAB,nearear,7,42,312,161.0
UAB,nearear,7,42,313,161.0
UAB,nearear,7,42,314,162.0
UAB,nearear,7,42,315,162.0
UAB,nearear,7,42,316,163.0
UAB,nearear,7,42,317,164.0
UAB,nearear,7,42,318,164.0
UAB,nearear,7,42,319,165.0
UAB,nearear,7,42,320,165.0
UAB,nearear,7,42,321,166.0
UAB,nearear,7,42,322,166.0
UAB,nearear,7,42,323,166.0
UAB,nearear,7,42,324,167.0
UAB,nearear,7,42,325,167.0
UAB,nearear,7,42,326,168.0
UAB,nearear,7,42,327,168.0
UAB,nearear,7,42,328,168.0
UAB,nearear,7,42,329,169.0
UAB,nearear,7,42,330,170.0
UAB,nearear,7,42,331,170.0
UAB,nearear,7,42,332,170.0
UAB,nearear,7,42,333,171.0
UAB,nearear,7,42,334,171.0
UAB,nearear,7,42,335,171.0
UAB,nearear,7,42,336,171.0
UAB,nearear,7,42,337,171.0
UAB,nearear,7,42,338,171.0
UAB,nearear,7,42,339,171.0
UAB,nearear,7,42,340,171.0
UAB,nearear,7,42,341,172.0
UAB,nearear,7,42,342,172.0
UAB,nearear,7,42,343,173.0
UAB,nearear,7,42,344,174.0
UAB,nearear,7,42,345,175.0
UAB,nearear,7,42,346,176.0
UAB,nearear,7,42,347,177.0
UAB,nearear,7,42,348,177.0
UAB,nearear,7,42,349,178.0
UAB,nearear,7,42,350,178.0
UAB,nearear,7,42,351,178.0
UAB,nearear,7,42,352,178.0
UAB,nearear,7,42,353,179.0
UAB,nearear,7,42,354,179.0
UAB,nearear,7,42,355,180.0
UAB,nearear,7,42,356,181.0
UAB,nearear,7,42,357,182.0
UAB,nearear,7,42,358,183.0
UAB,nearear,7,42,359,183.0
UAB,nearear,7,42,360,184.0
UAB,nearear,7,42,361,185.0
UAB,nearear,7,42,362,186.0
UAB,nearear,7,42,363,187.0
UAB,nearear,7,42,364,187.0
UAB,nearear,7,42,365,187.0
UAB,nearear,7,42,366,188.0
UAB,nearear,7,42,367,189.0
UAB,nearear,7,42,368,190.0
UAB,nearear,7,42,369,191.0
UAB,nearear,7,42,370,192.0
UAB,nearear,7,42,371,193.0
UAB,nearear,7,42,372,193.0
UAB,nearear,7,42,373,194.0
UAB,nearear,7,42,374,194.0
UAB,nearear,7,42,375,194.0
UAB,nearear,7,42,376,195.0
UAB,nearear,7,42,377,196.0
UAB,nearear,7,42,378,197.0
UAB,nearear,7,42,379,198.0
UAB,nearear,7,42,380,198.0
UAB,nearear,7,42,381,199.0
UAB,nearear,7,42,382,200.0
UAB,nearear,7,42,383,201.0
UAB,nearear,7,42,384,202.0
UAB,nearear,7,42,385,202.0
UAB,nearear,7,42,386,202.0
UAB,nearear,7,42,387,203.0
UAB,nearear,7,42,388,204.0
UAB,nearear,7,42,389,204.0
UAB,nearear,7,42,390,205.0
UAB,nearear,7,42,391,205.0
UAB,nearear,7,42,392,205.0
UAB,nearear,7,42,393,205.0
UAB,nearear,7,42,394,205.0
UAB,nearear,7,42,395,205.0
UAB,nearear,7,42,396,205.0
UAB,nearear,7,42,397,205.0
UAB,nearear,7,42,398,206.0
UAB,nearear,7,42,399,206.0
UAB,nearear,7,42,400,207.0
UAB,nearear,7,42,401,208.0
UAB,nearear,7,42,402,208.0
UAB,nearear,7,42,403,209.0
UAB,nearear,7,42,404,210.0
UAB,nearear,7,42,405,211.0
UAB,nearear,7,42,406,212.0
UAB,nearear,7,42,407,212.0
UAB,nearear,7,42,408,213.0
UAB,nearear,7,42,409,214.0
UAB,nearear,7,42,410,214.0
UAB,nearear,7,42,411,214.0
UAB,nearear,7,42,412,215.0
UAB,nearear,7,42,413,215.0
UAB,nearear,7,42,414,215.0
UAB,nearear,7,42,415,216.0
UAB,nearear,7,42,416,217.0
UAB,nearear,7,42,417,217.0
UAB,nearear,7,42,418,217.0
UAB,nearear,7,42,419,218.0
UAB,nearear,7,42,420,219.0
UAB,nearear,7,42,421,219.0
UAB,nearear,7,42,422,220.0
UAB,nearear,7,42,423,220.0
UAB,nearear,7,42,424,220.0
UAB,nearear,7,42,425,220.0
UAB,nearear,7,42,426,221.0
UAB,nearear,7,42,427,221.0
UAB,nearear,7,42,428,222.0
UAB,nearear,7,42,429,222.0
UAB,nearear,7,42,430,222.0
UAB,nearear,7,42,431,223.0
UAB,nearear,7,42,432,224.0
UAB,nearear,7,42,433,225.0
UAB,nearear,7,42,434,225.0
UAB,nearear,7,42,435,226.0
UAB,nearear,7,42,436,227.0
UAB,nearear,7,42,437,227.0
UAB,nearear,7,42,438,227.0
UAB,nearear,7,42,439,228.0
UAB,nearear,7,42,440,229.0
UAB,nearear,7,42,441,230.0
UAB,nearear,7,42,442,231.0
UAB,nearear,7,42,443,231.0
UAB,nearear,7,42,444,232.0
UAB,nearear,7,42,445,232.0
UAB,nearear,7,42,446,233.0
UAB,nearear,7,42,447,234.0
UAB,nearear,7,42,448,234.0
UAB,nearear,7,42,449,235.0
UAB,nearear,7,42,450,236.0
UAB,nearear,7,42,451,236.0
UAB,nearear,7,42,452,237.0
UAB,nearear,7,42,453,238.0
UAB,nearear,7,42,454,238.0
UAB,nearear,7,42,455,239.0
UAB,nearear,7,42,456,239.0
UAB,nearear,7,42,457,239.0
UAB,nearear,7,42,458,239.0
UAB,nearear,7,42,459,239.0
UAB,nearear,7,42,460,240.0
UAB,nearear,7,42,461,240.0
UAB,nearear,7,42,462,241.0
UAB,nearear,7,42,463,242.0
UAB,nearear,7,42,464,243.0
UAB,nearear,7,42,465,244.0
UAB,nearear,7,42,466,244.0
UAB,nearear,7,42,467,245.0
UAB,nearear,7,42,468,245.0
UAB,nearear,7,42,469,245.0
UAB,nearear,7,42,470,246.0
UAB,nearear,7,42,471,246.0
UAB,nearear,7,42,472,247.0
UAB,nearear,7,42,473,247.0
UAB,nearear,7,42,474,247.0
UAB,nearear,7,42,475,248.0
UAB,nearear,7,42,476,249.0
UAB,nearear,7,42,477,250.0
UAB,nearear,7,42,478,250.0
UAB,nearear,7,42,479,251.0
UAB,nearear,7,42,480,251.0
UAB,nearear,7,42,481,252.0
UAB,nearear,7,42,482,253.0
UAB,nearear,7,42,483,254.0
UAB,nearear,7,42,484,255.0
UAB,nearear,7,42,485,255.0
UAB,nearear,7,42,486,256.0
UAB,nearear,7,42,487,256.0
UAB,nearear,7,42,488,256.0
UAB,nearear,7,42,489,257.0
UAB,nearear,7,42,490,258.0
UAB,nearear,7,42,491,259.0
UAB,nearear,7,42,492,259.0
UAB,nearear,7,42,493,259.0
UAB,nearear,7,42,494,259.0
UAB,nearear,7,42,495,260.0
UAB,nearear,7,42,496,260.0
UAB,nearear,7,42,497,261.0
UAB,nearear,7,42,498,261.0
UAB,nearear,7,42,499,261.0
UAB,nearear,7,42,500,261.0
UAB,nearear,7,42,501,261.0
UAB,nearear,7,42,502,262.0
UAB,nearear,7,42,503,263.0
UAB,nearear,7,42,504,264.0
UAB,nearear,7,42,505,265.0
UAB,nearear,7,42,506,265.0
UAB,nearear,7,42,507,266.0
UAB,nearear,7,42,508,267.0
UAB,nearear,7,42,509,268.0
UAB,nearear,7,42,510,269.0
UAB,nearear,7,42,511,270.0
UAB,nearear,7,42,512,271.0
UAB,nearear,7,42,513,271.0
UAB,nearear,7,42,514,272.0
UAB,nearear,8,42,0,1.0
UAB,nearear,8,42,1,2.0
UAB,nearear,8,42,2,3.0
UAB,nearear,8,42,3,3.0
UAB,nearear,8,42,4,3.0
UAB,nearear,8,42,5,4.0
UAB,nearear,8,42,6,5.0
UAB,nearear,8,42,7,6.0
UAB,nearear,8,42,8,6.0
UAB,nearear,8,42,9,6.0
UAB,nearear,8,42,10,7.0
UAB,nearear,8,42,11,8.0
UAB,nearear,8,42,12,8.0
UAB,nearear,8,42,13,9.0
UAB,nearear,8,42,14,9.0
UAB,nearear,8,42,15,10.0
UAB,nearear,8,42,16,10.0
UAB,nearear,8,42,17,11.0
UAB,nearear,8,42,18,12.0
UAB,nearear,8,42,19,12.0
UAB,nearear,8,42,20,12.0
UAB,nearear,8,42,21,13.0
UAB,nearear,8,42,22,13.0
UAB,nearear,8,42,23,14.0
UAB,nearear,8,42,24,15.0
UAB,nearear,8,42,25,16.0
UAB,nearear,8,42,26,17.0
UAB,nearear,8,42,27,17.0
UAB,nearear,8,42,28,18.0
UAB,nearear,8,42,29,18.0
UAB,nearear,8,42,30,18.0
UAB,nearear,8,42,31,18.0
UAB,nearear,8,42,32,19.0
UAB,nearear,8,42,33,20.0
UAB,nearear,8,42,34,21.0
UAB,nearear,8,42,35,21.0
UAB,nearear,8,42,36,21.0
UAB,nearear,8,42,37,22.0
UAB,nearear,8,42,38,22.0
UAB,nearear,8,42,39,23.0
UAB,nearear,8,42,40,23.0
UAB,nearear,8,42,41,24.0
UAB,nearear,8,42,42,25.0
UAB,nearear,8,42,43,25.0
UAB,nearear,8,42,44,26.0
UAB,nearear,8,42,45,26.0
UAB,nearear,8,42,46,27.0
UAB,nearear,8,42,47,28.0
UAB,nearear,8,42,48,28.0
UAB,nearear,8,42,49,29.0
UAB,nearear,8,42,50,29.0
UAB,nearear,8,42,51,30.0
UAB,nearear,8,42,52,30.0
UAB,nearear,8,42,53,30.0
UAB,nearear,8,42,54,30.0
UAB,nearear,8,42,55,30.0
UAB,nearear,8,42,56,30.0
UAB,nearear,8,42,57,30.0
UAB,nearear,8,42,58,31.0
UAB,nearear,8,42,59,32.0
UAB,nearear,8,42,60,32.0
UAB,nearear,8,42,61,33.0
UAB,nearear,8,42,62,34.0
UAB,nearear,8,42,63,34.0
UAB,nearear,8,42,64,34.0
UAB,nearear,8,42,65,35.0
UAB,nearear,8,42,66,35.0
UAB,nearear,8,42,67,35.0
UAB,nearear,8,42,68,36.0
UAB,nearear,8,42,69,36.0
UAB,nearear,8,42,70,36.0
UAB,nearear,8,42,71,36.0
UAB,nearear,8,42,72,36.0
UAB,nearear,8,42,73,36.0
UAB,nearear,8,42,74,36.0
UAB,nearear,8,42,75,37.0
UAB,nearear,8,42,76,37.0
UAB,nearear,8,42,77,38.0
UAB,nearear,8,42,78,39.0
UAB,nearear,8,42,79,40.0
UAB,nearear,8,42,80,40.0
UAB,nearear,8,42,81,41.0
UAB,nearear,8,42,82,41.0
UAB,nearear,8,42,83,42.0
UAB,nearear,8,42,84,43.0
UAB,nearear,8,42,85,43.0
UAB,nearear,8,42,86,44.0
UAB,nearear,8,42,87,45.0
UAB,nearear,8,42,88,45.0
UAB,nearear,8,42,89,46.0
UAB,nearear,8,42,90,47.0
UAB,nearear,8,42,91,47.0
UAB,nearear,8,42,92,47.0
UAB,nearear,8,42,93,47.0
UAB,nearear,8,42,94,48.0
UAB,nearear,8,42,95,48.0
UAB,nearear,8,42,96,49.0
UAB,nearear,8,42,97,49.0
UAB,nearear,8,42,98,50.0
UAB,nearear,8,42,99,51.0
UAB,nearear,8,42,100,51.0
UAB,nearear,8,42,101,51.0
UAB,nearear,8,42,102,52.0
UAB,nearear,8,42,103,52.0
UAB,nearear,8,42,104,52.0
UAB,nearear,8,42,105,53.0
UAB,nearear,8,42,106,54.0
UAB,nearear,8,42,107,54.0
UAB,nearear,8,42,108,55.0
UAB,nearear,8,42,109,55.0
UAB,nearear,8,42,110,56.0
UAB,nearear,8,42,111,56.0
UAB,nearear,8,42,112,56.0
UAB,nearear,8,42,113,57.0
UAB,nearear,8,42,114,57.0
UAB,nearear,8,42,115,57.0
UAB,nearear,8,42,116,57.0
UAB,nearear,8,42,117,57.0
UAB,nearear,8,42,118,57.0
UAB,nearear,8,42,119,58.0
UAB,nearear,8,42,120,59.0
UAB,nearear,8,42,121,60.0
UAB,nearear,8,42,122,61.0
UAB,nearear,8,42,123,61.0
UAB,nearear,8,42,124,61.0
UAB,nearear,8,42,125,62.0
UAB,nearear,8,42,126,63.0
UAB,nearear,8,42,127,63.0
UAB,nearear,8,42,128,63.0
UAB,nearear,8,42,129,63.0
UAB,nearear,8,42,130,64.0
UAB,nearear,8,42,131,64.0
UAB,nearear,8,42,132,65.0
UAB,nearear,8,42,133,65.0
UAB,nearear,8,42,134,66.0
UAB,nearear,8,42,135,66.0
UAB,nearear,8,42,136,66.0
UAB,nearear,8,42,137,66.0
UAB,nearear,8,42,138,67.0
UAB,nearear,8,42,139,67.0
UAB,nearear,8,42,140,67.0
UAB,nearear,8,42,141,67.0
UAB,nearear,8,42,142,67.0
UAB,nearear,8,42,143,68.0
UAB,nearear,8,42,144,68.0
UAB,nearear,8,42,145,68.0
UAB,nearear,8,42,146,69.0
UAB,nearear,8,42,147,69.0
UAB,nearear,8,42,148,69.0
UAB,nearear,8,42,149,70.0
UAB,nearear,8,42,150,71.0
UAB,nearear,8,42,151,71.0
UAB,nearear,8,42,152,72.0
UAB,nearear,8,42,153,72.0
UAB,nearear,8,42,154,72.0
UAB,nearear,8,42,155,73.0
UAB,nearear,8,42,156,73.0
UAB,nearear,8,42,157,74.0
UAB,nearear,8,42,158,74.0
UAB,nearear,8,42,159,74.0
UAB,nearear,8,42,160,75.0
UAB,nearear,8,42,161,75.0
UAB,nearear,8,42,162,76.0
UAB,nearear,8,42,163,76.0
UAB,nearear,8,42,164,77.0
UAB,nearear,8,42,165,78.0
UAB,nearear,8,42,166,78.0
UAB,nearear,8,42,167,79.0
UAB,nearear,8,42,168,80.0
UAB,nearear,8,42,169,80.0
UAB,nearear,8,42,170,80.0
UAB,nearear,8,42,171,81.0
UAB,nearear,8,42,172,82.0
UAB,nearear,8,42,173,83.0
UAB,nearear,8,42,174,84.0
UAB,nearear,8,42,175,84.0
UAB,nearear,8,42,176,84.0
UAB,nearear,8,42,177,84.0
UAB,nearear,8,42,178,85.0
UAB,nearear,8,42,179,86.0
UAB,nearear,8,42,180,86.0
UAB,nearear,8,42,181,86.0
UAB,nearear,8,42,182,86.0
UAB,nearear,8,42,183,87.0
UAB,nearear,8,42,184,87.0
UAB,nearear,8,42,185,87.0
UAB,nearear,8,42,186,88.0
UAB,nearear,8,42,187,89.0
UAB,nearear,8,42,188,90.0
UAB,nearear,8,42,189,91.0
UAB,nearear,8,42,190,91.0
UAB,nearear,8,42,191,91.0
UAB,nearear,8,42,192,91.0
UAB,nearear,8,42,193,92.0
UAB,nearear,8,42,194,93.0
UAB,nearear,8,42,195,93.0
UAB,nearear,8,42,196,94.0
UAB,nearear,8,42,197,95.0
UAB,nearear,8,42,198,95.0
UAB,nearear,8,42,199,95.0
UAB,nearear,8,42,200,95.0
UAB,nearear,8,42,201,95.0
UAB,nearear,8,42,202,96.0
UAB,nearear,8,42,203,96.0
UAB,nearear,8,42,204,97.0
UAB,nearear,8,42,205,98.0
UAB,nearear,8,42,206,99.0
UAB,nearear,8,42,207,100.0
UAB,nearear,8,42,208,100.0
UAB,nearear,8,42,209,100.0
UAB,nearear,8,42,210,100.0
UAB,nearear,8,42,211,100.0
UAB,nearear,8,42,212,100.0
UAB,nearear,8,42,213,100.0
UAB,nearear,8,42,214,101.0
UAB,nearear,8,42,215,102.0
UAB,nearear,8,42,216,102.0
UAB,nearear,8,42,217,102.0
UAB,nearear,8,42,218,102.0
UAB,nearear,8,42,219,103.0
UAB,nearear,8,42,220,103.0
UAB,nearear,8,42,221,103.0
UAB,nearear,8,42,222,104.0
UAB,nearear,8,42,223,105.0
UAB,nearear,8,42,224,106.0
UAB,nearear,8,42,225,106.0
UAB,nearear,8,42,226,106.0
UAB,nearear,8,42,227,107.0
UAB,nearear,8,42,228,108.0
UAB,nearear,8,42,229,108.0
UAB,nearear,8,42,230,108.0
UAB,nearear,8,42,231,108.0
UAB,nearear,8,42,232,108.0
UAB,nearear,8,42,233,108.0
UAB,nearear,8,42,234,108.0
UAB,nearear,8,42,235,109.0
UAB,nearear,8,42,236,110.0
UAB,nearear,8,42,237,111.0
UAB,nearear,8,42,238,112.0
UAB,nearear,8,42,239,113.0
UAB,nearear,8,42,240,113.0
UAB,nearear,8,42,241,114.0
UAB,nearear,8,42,242,114.0
UAB,nearear,8,42,243,115.0
UAB,nearear,8,42,244,115.0
UAB,nearear,8,42,245,115.0
UAB,nearear,8,42,246,115.0
UAB,nearear,8,42,247,116.0
UAB,nearear,8,42,248,116.0
UAB,nearear,8,42,249,116.0
UAB,nearear,8,42,250,116.0
UAB,nearear,8,42,251,116.0
UAB,nearear,8,42,252,117.0
UAB,nearear,8,42,253,117.0
UAB,nearear,8,42,254,118.0
UAB,nearear,8,42,255,119.0
UAB,nearear,8,42,256,119.0
UAB,nearear,8,42,257,120.0
UAB,nearear,8,42,258,120.0
UAB,nearear,8,42,259,121.0
UAB,nearear,8,42,260,121.0
UAB,nearear,8,42,261,121.0
UAB,nearear,8,42,262,121.0
UAB,nearear,8,42,263,121.0
UAB,nearear,8,42,264,122.0
UAB,nearear,8,42,265,122.0
UAB,nearear,8,42,266,123.0
UAB,nearear,8,42,267,124.0
UAB,nearear,8,42,268,124.0
UAB,nearear,8,42,269,125.0
UAB,nearear,8,42,270,125.0
UAB,nearear,8,42,271,125.0
UAB,nearear,8,42,272,126.0
UAB,nearear,8,42,273,127.0
UAB,nearear,8,42,274,128.0
UAB,nearear,8,42,275,129.0
UAB,nearear,8,42,276,129.0
UAB,nearear,8,42,277,129.0
UAB,nearear,8,42,278,130.0
UAB,nearear,8,42,279,130.0
UAB,nearear,8,42,280,130.0
UAB,nearear,8,42,281,130.0
UAB,nearear,8,42,282,130.0
UAB,nearear,8,42,283,130.0
UAB,nearear,8,42,284,130.0
UAB,nearear,8,42,285,130.0
UAB,nearear,8,42,286,130.0
UAB,nearear,8,42,287,130.0
UAB,nearear,8,42,288,130.0
UAB,nearear,8,42,289,130.0
UAB,nearear,8,42,290,131.0
UAB,nearear,8,42,291,131.0
UAB,nearear,8,42,292,131.0
UAB,nearear,8,42,293,131.0
UAB,nearear,8,42,294,131.0
UAB,nearear,8,42,295,132.0
UAB,nearear,8,42,296,132.0
UAB,nearear,8,42,297,133.0
UAB,nearear,8,42,298,133.0
UAB,nearear,8,42,299,134.0
UAB,nearear,8,42,300,134.0
UAB,nearear,8,42,301,134.0
UAB,nearear,8,42,302,135.0
UAB,nearear,8,42,303,135.0
UAB,nearear,8,42,304,135.0
UAB,nearear,8,42,305,135.0
UAB,nearear,8,42,306,136.0
UAB,nearear,8,42,307,136.0
UAB,nearear,8,42,308,136.0
UAB,nearear,8,42,309,137.0
UAB,nearear,8,42,310,138.0
UAB,nearear,8,42,311,138.0
UAB,nearear,8,42,312,138.0
UAB,nearear,8,42,313,138.0
UAB,nearear,8,42,314,139.0
UAB,nearear,8,42,315,139.0
UAB,nearear,8,42,316,140.0
UAB,nearear,8,42,317,140.0
UAB,nearear,8,42,318,141.0
UAB,nearear,8,42,319,142.0
UAB,nearear,8,42,320,142.0
UAB,nearear,8,42,321,142.0
UAB,nearear,8,42,322,142.0
UAB,nearear,8,42,323,142.0
UAB,nearear,8,42,324,142.0
UAB,nearear,8,42,325,142.0
UAB,nearear,8,42,326,142.0
UAB,nearear,8,42,327,143.0
UAB,nearear,8,42,328,143.0
UAB,nearear,8,42,329,144.0
UAB,nearear,8,42,330,145.0
UAB,nearear,8,42,331,146.0
UAB,nearear,8,42,332,146.0
UAB,nearear,8,42,333,146.0
UAB,nearear,8,42,334,147.0
UAB,nearear,8,42,335,147.0
UAB,nearear,8,42,336,148.0
UAB,nearear,8,42,337,148.0
UAB,nearear,8,42,338,149.0
UAB,nearear,8,42,339,149.0
UAB,nearear,8,42,340,150.0
UAB,nearear,8,42,341,150.0
UAB,nearear,8,42,342,151.0
UAB,nearear,8,42,343,151.0
UAB,nearear,8,42,344,152.0
UAB,nearear,8,42,345,153.0
UAB,nearear,8,42,346,154.0
UAB,nearear,8,42,347,154.0
UAB,nearear,8,42,348,154.0
UAB,nearear,8,42,349,154.0
UAB,nearear,8,42,350,154.0
UAB,nearear,8,42,351,154.0
UAB,nearear,8,42,352,155.0
UAB,nearear,8,42,353,156.0
UAB,nearear,8,42,354,157.0
UAB,nearear,8,42,355,157.0
UAB,nearear,8,42,356,157.0
UAB,nearear,8,42,357,158.0
UAB,nearear,8,42,358,158.0
UAB,nearear,8,42,359,159.0
UAB,nearear,8,42,360,159.0
UAB,nearear,8,42,361,160.0
UAB,nearear,8,42,362,160.0
UAB,nearear,8,42,363,161.0
UAB,nearear,8,42,364,161.0
UAB,nearear,8,42,365,162.0
UAB,nearear,8,42,366,163.0
UAB,nearear,8,42,367,163.0
UAB,nearear,8,42,368,164.0
UAB,nearear,8,42,369,164.0
UAB,nearear,8,42,370,164.0
UAB,nearear,8,42,371,165.0
UAB,nearear,8,42,372,166.0
UAB,nearear,8,42,373,167.0
UAB,nearear,8,42,374,168.0
UAB,nearear,8,42,375,169.0
UAB,nearear,8,42,376,169.0
UAB,nearear,8,42,377,170.0
UAB,nearear,8,42,378,170.0
UAB,nearear,8,42,379,171.0
UAB,nearear,8,42,380,172.0
UAB,nearear,8,42,381,172.0
UAB,nearear,8,42,382,172.0
UAB,nearear,8,42,383,173.0
UAB,nearear,8,42,384,173.0
UAB,nearear,8,42,385,173.0
UAB,nearear,8,42,386,174.0
UAB,nearear,8,42,387,174.0
UAB,nearear,8,42,388,174.0
UAB,nearear,8,42,389,175.0
UAB,nearear,8,42,390,176.0
UAB,nearear,8,42,391,176.0
UAB,nearear,8,42,392,176.0
UAB,nearear,8,42,393,176.0
UAB,nearear,8,42,394,176.0
UAB,nearear,8,42,395,177.0
UAB,nearear,8,42,396,178.0
UAB,nearear,8,42,397,179.0
UAB,nearear,8,42,398,179.0
UAB,nearear,8,42,399,180.0
UAB,nearear,8,42,400,180.0
UAB,nearear,8,42,401,181.0
UAB,nearear,8,42,402,181.0
UAB,nearear,8,42,403,182.0
UAB,nearear,8,42,404,183.0
UAB,nearear,8,42,405,184.0
UAB,nearear,8,42,406,184.0
UAB,nearear,8,42,407,185.0
UAB,nearear,8,42,408,186.0
UAB,nearear,8,42,409,186.0
UAB,nearear,8,42,410,186.0
UAB,nearear,8,42,411,187.0
UAB,nearear,8,42,412,187.0
UAB,nearear,8,42,413,188.0
UAB,nearear,8,42,414,188.0
UAB,nearear,8,42,415,189.0
UAB,nearear,8,42,416,189.0
UAB,nearear,8,42,417,189.0
UAB,nearear,8,42,418,189.0
UAB,nearear,8,42,419,189.0
UAB,nearear,8,42,420,190.0
UAB,nearear,8,42,421,190.0
UAB,nearear,8,42,422,190.0
UAB,nearear,8,42,423,190.0
UAB,nearear,8,42,424,191.0
UAB,nearear,8,42,425,191.0
UAB,nearear,8,42,426,191.0
UAB,nearear,8,42,427,192.0
UAB,nearear,8,42,428,193.0
UAB,nearear,8,42,429,193.0
UAB,nearear,8,42,430,193.0
UAB,nearear,8,42,431,193.0
UAB,nearear,8,42,432,193.0
UAB,nearear,8,42,433,193.0
UAB,nearear,8,42,434,193.0
UAB,nearear,8,42,435,194.0
UAB,nearear,8,42,436,195.0
UAB,nearear,8,42,437,195.0
UAB,nearear,8,42,438,196.0
UAB,nearear,8,42,439,197.0
UAB,nearear,8,42,440,197.0
UAB,nearear,8,42,441,198.0
UAB,nearear,8,42,442,199.0
UAB,nearear,8,42,443,200.0
UAB,nearear,8,42,444,200.0
UAB,nearear,8,42,445,200.0
UAB,nearear,8,42,446,200.0
UAB,nearear,8,42,447,200.0
UAB,nearear,8,42,448,200.0
UAB,nearear,8,42,449,200.0
UAB,nearear,8,42,450,200.0
UAB,nearear,8,42,451,201.0
UAB,nearear,8,42,452,202.0
UAB,nearear,8,42,453,202.0
UAB,nearear,8,42,454,202.0
UAB,nearear,8,42,455,202.0
UAB,nearear,8,42,456,202.0
UAB,nearear,8,42,457,203.0
UAB,nearear,8,42,458,204.0
UAB,nearear,8,42,459,204.0
UAB,nearear,8,42,460,204.0
UAB,nearear,8,42,461,204.0
UAB,nearear,8,42,462,205.0
UAB,nearear,8,42,463,206.0
UAB,nearear,8,42,464,207.0
UAB,nearear,8,42,465,207.0
UAB,nearear,8,42,466,207.0
UAB,nearear,8,42,467,208.0
UAB,nearear,8,42,468,208.0
UAB,nearear,8,42,469,209.0
UAB,nearear,8,42,470,209.0
UAB,nearear,8,42,471,210.0
UAB,nearear,8,42,472,210.0
UAB,nearear,8,42,473,211.0
UAB,nearear,8,42,474,212.0
UAB,nearear,8,42,475,213.0
UAB,nearear,8,42,476,213.0
UAB,nearear,8,42,477,213.0
UAB,nearear,8,42,478,214.0
UAB,nearear,8,42,479,215.0
UAB,nearear,8,42,480,215.0
UAB,nearear,8,42,481,215.0
UAB,nearear,8,42,482,216.0
UAB,nearear,8,42,483,217.0
UAB,nearear,8,42,484,217.0
UAB,nearear,8,42,485,218.0
UAB,nearear,8,42,486,218.0
UAB,nearear,8,42,487,219.0
UAB,nearear,8,42,488,219.0
UAB,nearear,8,42,489,220.0
UAB,nearear,8,42,490,221.0
UAB,nearear,8,42,491,221.0
UAB,nearear,8,42,492,222.0
UAB,nearear,8,42,493,223.0
UAB,nearear,8,42,494,223.0
UAB,nearear,8,42,495,224.0
UAB,nearear,8,42,496,225.0
UAB,nearear,8,42,497,226.0
UAB,nearear,8,42,498,226.0
UAB,nearear,8,42,499,227.0
UAB,nearear,8,42,500,228.0
UAB,nearear,8,42,501,228.0
UAB,nearear,8,42,502,229.0
UAB,nearear,8,42,503,230.0
UAB,nearear,8,42,504,230.0
UAB,nearear,8,42,505,230.0
UAB,nearear,8,42,506,230.0
UAB,nearear,8,42,507,231.0
UAB,nearear,8,42,508,231.0
UAB,nearear,8,42,509,231.0
UAB,nearear,8,42,510,231.0
UAB,nearear,8,42,511,232.0
UAB,nearear,8,42,512,232.0
UAB,nearear,8,42,513,233.0
UAB,nearear,8,42,514,233.0
UAB,nearear,8,42,515,233.0
UAB,nearear,8,42,516,233.0
UAB,nearear,8,42,517,233.0
UAB,nearear,8,42,518,233.0
UAB,nearear,8,42,519,233.0
UAB,nearear,8,42,520,233.0
UAB,nearear,9,42,0,1.0
UAB,nearear,9,42,1,1.0
UAB,nearear,9,42,2,1.0
UAB,nearear,9,42,3,1.0
UAB,nearear,9,42,4,1.0
UAB,nearear,9,42,5,2.0
UAB,nearear,9,42,6,2.0
UAB,nearear,9,42,7,2.0
UAB,nearear,9,42,8,3.0
UAB,nearear,9,42,9,4.0
UAB,nearear,9,42,10,5.0
UAB,nearear,9,42,11,6.0
UAB,nearear,9,42,12,6.0
UAB,nearear,9,42,13,6.0
UAB,nearear,9,42,14,7.0
UAB,nearear,9,42,15,7.0
UAB,nearear,9,42,16,7.0
UAB,nearear,9,42,17,7.0
UAB,nearear,9,42,18,7.0
UAB,nearear,9,42,19,7.0
UAB,nearear,9,42,20,7.0
UAB,nearear,9,42,21,8.0
UAB,nearear,9,42,22,8.0
UAB,nearear,9,42,23,9.0
UAB,nearear,9,42,24,10.0
UAB,nearear,9,42,25,10.0
UAB,nearear,9,42,26,10.0
UAB,nearear,9,42,27,10.0
UAB,nearear,9,42,28,11.0
UAB,nearear,9,42,29,12.0
UAB,nearear,9,42,30,12.0
UAB,nearear,9,42,31,13.0
UAB,nearear,9,42,32,14.0
UAB,nearear,9,42,33,14.0
UAB,nearear,9,42,34,14.0
UAB,nearear,9,42,35,15.0
UAB,nearear,9,42,36,16.0
UAB,nearear,9,42,37,16.0
UAB,nearear,9,42,38,16.0
UAB,nearear,9,42,39,17.0
UAB,nearear,9,42,40,17.0
UAB,nearear,9,42,41,17.0
UAB,nearear,9,42,42,17.0
UAB,nearear,9,42,43,17.0
UAB,nearear,9,42,44,18.0
UAB,nearear,9,42,45,19.0
UAB,nearear,9,42,46,19.0
UAB,nearear,9,42,47,19.0
UAB,nearear,9,42,48,19.0
UAB,nearear,9,42,49,20.0
UAB,nearear,9,42,50,20.0
UAB,nearear,9,42,51,20.0
UAB,nearear,9,42,52,21.0
UAB,nearear,9,42,53,21.0
UAB,nearear,9,42,54,21.0
UAB,nearear,9,42,55,21.0
UAB,nearear,9,42,56,21.0
UAB,nearear,9,42,57,21.0
UAB,nearear,9,42,58,22.0
UAB,nearear,9,42,59,22.0
UAB,nearear,9,42,60,23.0
UAB,nearear,9,42,61,24.0
UAB,nearear,9,42,62,24.0
UAB,nearear,9,42,63,24.0
UAB,nearear,9,42,64,24.0
UAB,nearear,9,42,65,25.0
UAB,nearear,9,42,66,25.0
UAB,nearear,9,42,67,26.0
UAB,nearear,9,42,68,27.0
UAB,nearear,9,42,69,27.0
UAB,nearear,9,42,70,27.0
UAB,nearear,9,42,71,27.0
UAB,nearear,9,42,72,27.0
UAB,nearear,9,42,73,27.0
UAB,nearear,9,42,74,27.0
UAB,nearear,9,42,75,27.0
UAB,nearear,9,42,76,27.0
UAB,nearear,9,42,77,27.0
UAB,nearear,9,42,78,27.0
UAB,nearear,9,42,79,27.0
UAB,nearear,9,42,80,28.0
UAB,nearear,9,42,81,28.0
UAB,nearear,9,42,82,29.0
UAB,nearear,9,42,83,29.0
UAB,nearear,9,42,84,29.0
UAB,nearear,9,42,85,30.0
UAB,nearear,9,42,86,31.0
UAB,nearear,9,42,87,32.0
UAB,nearear,9,42,88,32.0
UAB,nearear,9,42,89,32.0
UAB,nearear,9,42,90,32.0
UAB,nearear,9,42,91,32.0
UAB,nearear,9,42,92,32.0
UAB,nearear,9,42,93,32.0
UAB,nearear,9,42,94,32.0
UAB,nearear,9,42,95,33.0
UAB,nearear,9,42,96,33.0
UAB,nearear,9,42,97,33.0
UAB,nearear,9,42,98,34.0
UAB,nearear,9,42,99,34.0
UAB,nearear,9,42,100,34.0
UAB,nearear,9,42,101,35.0
UAB,nearear,9,42,102,35.0
UAB,nearear,9,42,103,35.0
UAB,nearear,9,42,104,35.0
UAB,nearear,9,42,105,36.0
UAB,nearear,9,42,106,36.0
UAB,nearear,9,42,107,36.0
UAB,nearear,9,42,108,36.0
UAB,nearear,9,42,109,37.0
UAB,nearear,9,42,110,37.0
UAB,nearear,9,42,111,37.0
UAB,nearear,9,42,112,37.0
UAB,nearear,9,42,113,37.0
UAB,nearear,9,42,114,38.0
UAB,nearear,9,42,115,38.0
UAB,nearear,9,42,116,39.0
UAB,nearear,9,42,117,40.0
UAB,nearear,9,42,118,40.0
UAB,nearear,9,42,119,40.0
UAB,nearear,9,42,120,40.0
UAB,nearear,9,42,121,40.0
UAB,nearear,9,42,122,41.0
UAB,nearear,9,42,123,42.0
UAB,nearear,9,42,124,42.0
UAB,nearear,9,42,125,42.0
UAB,nearear,9,42,126,42.0
UAB,nearear,9,42,127,43.0
UAB,nearear,9,42,128,44.0
UAB,nearear,9,42,129,44.0
UAB,nearear,9,42,130,44.0
UAB,nearear,9,42,131,44.0
UAB,nearear,9,42,132,44.0
UAB,nearear,9,42,133,45.0
UAB,nearear,9,42,134,46.0
UAB,nearear,9,42,135,46.0
UAB,nearear,9,42,136,46.0
UAB,nearear,9,42,137,46.0
UAB,nearear,9,42,138,47.0
UAB,nearear,9,42,139,47.0
UAB,nearear,9,42,140,48.0
UAB,nearear,9,42,141,49.0
UAB,nearear,9,42,142,49.0
UAB,nearear,9,42,143,50.0
UAB,nearear,9,42,144,51.0
UAB,nearear,9,42,145,52.0
UAB,nearear,9,42,146,52.0
UAB,nearear,9,42,147,52.0
UAB,nearear,9,42,148,53.0
UAB,nearear,9,42,149,53.0
UAB,nearear,9,42,150,54.0
UAB,nearear,9,42,151,54.0
UAB,nearear,9,42,152,54.0
UAB,nearear,9,42,153,54.0
UAB,nearear,9,42,154,55.0
UAB,nearear,9,42,155,55.0
UAB,nearear,9,42,156,55.0
UAB,nearear,9,42,157,55.0
UAB,nearear,9,42,158,55.0
UAB,nearear,9,42,159,55.0
UAB,nearear,9,42,160,55.0
UAB,nearear,9,42,161,55.0
UAB,nearear,9,42,162,55.0
UAB,nearear,9,42,163,56.0
UAB,nearear,9,42,164,56.0
UAB,nearear,9,42,165,56.0
UAB,nearear,9,42,166,56.0
UAB,nearear,9,42,167,56.0
UAB,nearear,9,42,168,57.0
UAB,nearear,9,42,169,57.0
UAB,nearear,9,42,170,58.0
UAB,nearear,9,42,171,59.0
UAB,nearear,9,42,172,59.0
UAB,nearear,9,42,173,60.0
UAB,nearear,9,42,174,60.0
UAB,nearear,9,42,175,61.0
UAB,nearear,9,42,176,61.0
UAB,nearear,9,42,177,61.0
UAB,nearear,9,42,178,61.0
UAB,nearear,9,42,179,62.0
UAB,nearear,9,42,180,62.0
UAB,nearear,9,42,181,62.0
UAB,nearear,9,42,182,63.0
UAB,nearear,9,42,183,63.0
UAB,nearear,9,42,184,63.0
UAB,nearear,9,42,185,63.0
UAB,nearear,9,42,186,63.0
UAB,nearear,9,42,187,63.0
UAB,nearear,9,42,188,64.0
UAB,nearear,9,42,189,64.0
UAB,nearear,9,42,190,65.0
UAB,nearear,9,42,191,65.0
UAB,nearear,9,42,192,65.0
UAB,nearear,9,42,193,65.0
UAB,nearear,9,42,194,66.0
UAB,nearear,9,42,195,67.0
UAB,nearear,9,42,196,68.0
UAB,nearear,9,42,197,68.0
UAB,nearear,9,42,198,69.0
UAB,nearear,9,42,199,69.0
UAB,nearear,9,42,200,69.0
UAB,nearear,9,42,201,69.0
UAB,nearear,9,42,202,69.0
UAB,nearear,9,42,203,69.0
UAB,nearear,9,42,204,69.0
UAB,nearear,9,42,205,70.0
UAB,nearear,9,42,206,70.0
UAB,nearear,9,42,207,71.0
UAB,nearear,9,42,208,71.0
UAB,nearear,9,42,209,72.0
UAB,nearear,9,42,210,72.0
UAB,nearear,9,42,211,72.0
UAB,nearear,9,42,212,73.0
UAB,nearear,9,42,213,73.0
UAB,nearear,9,42,214,73.0
UAB,nearear,9,42,215,73.0
UAB,nearear,9,42,216,74.0
UAB,nearear,9,42,217,74.0
UAB,nearear,9,42,218,74.0
UAB,nearear,9,42,219,75.0
UAB,nearear,9,42,220,76.0
UAB,nearear,9,42,221,76.0
UAB,nearear,9,42,222,76.0
UAB,nearear,9,42,223,76.0
UAB,nearear,9,42,224,77.0
UAB,nearear,9,42,225,78.0
UAB,nearear,9,42,226,78.0
UAB,nearear,9,42,227,78.0
UAB,nearear,9,42,228,78.0
UAB,nearear,9,42,229,79.0
UAB,nearear,9,42,230,79.0
UAB,nearear,9,42,231,80.0
UAB,nearear,9,42,232,80.0
UAB,nearear,9,42,233,81.0
UAB,nearear,9,42,234,82.0
UAB,nearear,9,42,235,82.0
UAB,nearear,9,42,236,82.0
UAB,nearear,9,42,237,83.0
UAB,nearear,9,42,238,83.0
UAB,nearear,9,42,239,83.0
UAB,nearear,9,42,240,83.0
UAB,nearear,9,42,241,83.0
UAB,nearear,9,42,242,84.0
UAB,nearear,9,42,243,85.0
UAB,nearear,9,42,244,85.0
UAB,nearear,9,42,245,86.0
UAB,nearear,9,42,246,87.0
UAB,nearear,9,42,247,87.0
UAB,nearear,9,42,248,87.0
UAB,nearear,9,42,249,88.0
UAB,nearear,9,42,250,88.0
UAB,nearear,9,42,251,88.0
UAB,nearear,9,42,252,88.0
UAB,nearear,9,42,253,88.0
UAB,nearear,9,42,254,88.0
UAB,nearear,9,42,255,88.0
UAB,nearear,9,42,256,88.0
UAB,nearear,9,42,257,89.0
UAB,nearear,9,42,258,90.0
UAB,nearear,9,42,259,90.0
UAB,nearear,9,42,260,90.0
UAB,nearear,9,42,261,90.0
UAB,nearear,9,42,262,90.0
UAB,nearear,9,42,263,91.0
UAB,nearear,9,42,264,91.0
UAB,nearear,9,42,265,92.0
UAB,nearear,9,42,266,93.0
UAB,nearear,9,42,267,93.0
UAB,nearear,9,42,268,93.0
UAB,nearear,9,42,269,94.0
UAB,nearear,9,42,270,94.0
UAB,nearear,9,42,271,94.0
UAB,nearear,9,42,272,94.0
UAB,nearear,9,42,273,95.0
UAB,nearear,9,42,274,96.0
UAB,nearear,9,42,275,96.0
UAB,nearear,9,42,276,97.0
UAB,nearear,9,42,277,97.0
UAB,nearear,9,42,278,97.0
UAB,nearear,9,42,279,97.0
UAB,nearear,9,42,280,98.0
UAB,nearear,9,42,281,98.0
UAB,nearear,9,42,282,98.0
UAB,nearear,9,42,283,99.0
UAB,nearear,9,42,284,99.0
UAB,nearear,9,42,285,100.0
UAB,nearear,9,42,286,100.0
UAB,nearear,9,42,287,101.0
UAB,nearear,9,42,288,102.0
UAB,nearear,9,42,289,103.0
UAB,nearear,9,42,290,103.0
UAB,nearear,9,42,291,104.0
UAB,nearear,9,42,292,104.0
UAB,nearear,9,42,293,104.0
UAB,nearear,9,42,294,105.0
UAB,nearear,9,42,295,105.0
UAB,nearear,9,42,296,105.0
UAB,nearear,9,42,297,106.0
UAB,nearear,9,42,298,106.0
UAB,nearear,9,42,299,106.0
UAB,nearear,9,42,300,106.0
UAB,nearear,9,42,301,107.0
UAB,nearear,9,42,302,108.0
UAB,nearear,9,42,303,108.0
UAB,nearear,9,42,304,108.0
UAB,nearear,9,42,305,108.0
UAB,nearear,9,42,306,108.0
UAB,nearear,9,42,307,108.0
UAB,nearear,9,42,308,108.0
UAB,nearear,9,42,309,109.0
UAB,nearear,9,42,310,110.0
UAB,nearear,9,42,311,110.0
UAB,nearear,9,42,312,111.0
UAB,nearear,9,42,313,111.0
UAB,nearear,9,42,314,111.0
UAB,nearear,9,42,315,111.0
UAB,nearear,9,42,316,112.0
UAB,nearear,9,42,317,112.0
UAB,nearear,9,42,318,113.0
UAB,nearear,9,42,319,113.0
UAB,nearear,9,42,320,113.0
UAB,nearear,9,42,321,114.0
UAB,nearear,9,42,322,114.0
UAB,nearear,9,42,323,114.0
UAB,nearear,9,42,324,114.0
UAB,nearear,9,42,325,114.0
UAB,nearear,9,42,326,115.0
UAB,nearear,9,42,327,116.0
UAB,nearear,9,42,328,117.0
UAB,nearear,9,42,329,118.0
UAB,nearear,9,42,330,119.0
UAB,nearear,9,42,331,119.0
UAB,nearear,9,42,332,120.0
UAB,nearear,9,42,333,120.0
UAB,nearear,9,42,334,121.0
UAB,nearear,9,42,335,122.0
UAB,nearear,9,42,336,123.0
UAB,nearear,9,42,337,124.0
UAB,nearear,9,42,338,124.0
UAB,nearear,9,42,339,125.0
UAB,nearear,9,42,340,125.0
UAB,nearear,9,42,341,125.0
UAB,nearear,9,42,342,125.0
UAB,nearear,9,42,343,126.0
UAB,nearear,9,42,344,126.0
UAB,nearear,9,42,345,127.0
UAB,nearear,9,42,346,128.0
UAB,nearear,9,42,347,128.0
UAB,nearear,9,42,348,129.0
UAB,nearear,9,42,349,130.0
UAB,nearear,9,42,350,130.0
UAB,nearear,9,42,351,131.0
UAB,nearear,9,42,352,131.0
UAB,nearear,9,42,353,131.0
UAB,nearear,9,42,354,131.0
UAB,nearear,9,42,355,131.0
UAB,nearear,9,42,356,131.0
UAB,nearear,9,42,357,131.0
UAB,nearear,9,42,358,132.0
UAB,nearear,9,42,359,133.0
UAB,nearear,9,42,360,133.0
UAB,nearear,9,42,361,133.0
UAB,nearear,9,42,362,134.0
UAB,nearear,9,42,363,134.0
UAB,nearear,9,42,364,135.0
UAB,nearear,9,42,365,135.0
UAB,nearear,9,42,366,135.0
UAB,nearear,9,42,367,135.0
UAB,nearear,9,42,368,136.0
UAB,nearear,9,42,369,137.0
UAB,nearear,9,42,370,137.0
UAB,nearear,9,42,371,138.0
UAB,nearear,9,42,372,139.0
UAB,nearear,9,42,373,140.0
UAB,nearear,9,42,374,140.0
UAB,nearear,9,42,375,140.0
UAB,nearear,9,42,376,140.0
UAB,nearear,9,42,377,140.0
UAB,nearear,9,42,378,140.0
UAB,nearear,9,42,379,141.0
UAB,nearear,9,42,380,141.0
UAB,nearear,9,42,381,142.0
UAB,nearear,9,42,382,143.0
UAB,nearear,9,42,383,143.0
UAB,nearear,9,42,384,144.0
UAB,nearear,9,42,385,145.0
UAB,nearear,9,42,386,146.0
UAB,nearear,9,42,387,146.0
UAB,nearear,9,42,388,146.0
UAB,nearear,9,42,389,147.0
UAB,nearear,9,42,390,147.0
UAB,nearear,9,42,391,148.0
UAB,nearear,9,42,392,148.0
UAB,nearear,9,42,393,148.0
UAB,nearear,9,42,394,148.0
UAB,nearear,9,42,395,149.0
UAB,nearear,9,42,396,149.0
UAB,nearear,9,42,397,149.0
UAB,nearear,9,42,398,150.0
UAB,nearear,9,42,399,150.0
UAB,nearear,9,42,400,151.0
UAB,nearear,9,42,401,151.0
UAB,nearear,9,42,402,151.0
UAB,nearear,9,42,403,152.0
UAB,nearear,9,42,404,152.0
UAB,nearear,9,42,405,153.0
UAB,nearear,9,42,406,154.0
UAB,nearear,9,42,407,154.0
UAB,nearear,9,42,408,154.0
UAB,nearear,9,42,409,154.0
UAB,nearear,9,42,410,154.0
UAB,nearear,9,42,411,154.0
UAB,nearear,9,42,412,155.0
UAB,nearear,9,42,413,155.0
UAB,nearear,9,42,414,156.0
UAB,nearear,9,42,415,156.0
UAB,nearear,9,42,416,157.0
UAB,nearear,9,42,417,157.0
UAB,nearear,9,42,418,158.0
UAB,nearear,9,42,419,158.0
UAB,nearear,9,42,420,159.0
UAB,nearear,9,42,421,160.0
UAB,nearear,9,42,422,161.0
UAB,nearear,9,42,423,161.0
UAB,nearear,9,42,424,161.0
UAB,nearear,9,42,425,161.0
UAB,nearear,9,42,426,161.0
UAB,nearear,9,42,427,161.0
UAB,nearear,9,42,428,162.0
UAB,nearear,9,42,429,162.0
UAB,nearear,9,42,430,163.0
UAB,nearear,9,42,431,164.0
UAB,nearear,9,42,432,164.0
UAB,nearear,9,42,433,164.0
UAB,nearear,9,42,434,165.0
UAB,nearear,9,42,435,166.0
UAB,nearear,9,42,436,166.0
UAB,nearear,9,42,437,166.0
UAB,nearear,9,42,438,166.0
UAB,nearear,9,42,439,166.0
UAB,nearear,9,42,440,167.0
UAB,nearear,9,42,441,167.0
UAB,nearear,9,42,442,167.0
UAB,nearear,9,42,443,167.0
UAB,nearear,9,42,444,168.0
UAB,nearear,9,42,445,168.0
UAB,nearear,9,42,446,168.0
UAB,nearear,9,42,447,168.0
UAB,nearear,9,42,448,168.0
UAB,nearear,9,42,449,169.0
UAB,nearear,9,42,450,169.0
UAB,nearear,9,42,451,170.0
UAB,nearear,9,42,452,170.0
UAB,nearear,9,42,453,171.0
UAB,nearear,9,42,454,172.0
UAB,nearear,9,42,455,172.0
UAB,nearear,9,42,456,172.0
UAB,nearear,9,42,457,172.0
UAB,nearear,9,42,458,172.0
UAB,nearear,9,42,459,172.0
UAB,nearear,9,42,460,172.0
UAB,nearear,9,42,461,173.0
UAB,nearear,9,42,462,174.0
UAB,nearear,9,42,463,175.0
UAB,nearear,9,42,464,176.0
UAB,nearear,9,42,465,177.0
UAB,nearear,9,42,466,177.0
UAB,nearear,9,42,467,177.0
UAB,nearear,9,42,468,178.0
UAB,nearear,9,42,469,179.0
UAB,nearear,9,42,470,179.0
UAB,nearear,9,42,471,180.0
UAB,nearear,9,42,472,180.0
UAB,nearear,9,42,473,180.0
UAB,nearear,9,42,474,180.0
UAB,nearear,9,42,475,180.0
UAB,nearear,9,42,476,181.0
UAB,nearear,9,42,477,181.0
UAB,nearear,9,42,478,181.0
UAB,nearear,9,42,479,181.0
UAB,nearear,9,42,480,182.0
UAB,nearear,9,42,481,183.0
UAB,nearear,9,42,482,183.0
UAB,nearear,9,42,483,183.0
UAB,nearear,9,42,484,183.0
UAB,nearear,9,42,485,184.0
UAB,nearear,9,42,486,184.0
UAB,nearear,9,42,487,185.0
UAB,nearear,9,42,488,186.0
UAB,nearear,9,42,489,186.0
UAB,nearear,9,42,490,186.0
UAB,nearear,9,42,491,187.0
UAB,nearear,9,42,492,188.0
UAB,nearear,9,42,493,189.0
UAB,nearear,9,42,494,189.0
UAB,nearear,9,42,495,189.0
UAB,nearear,9,42,496,189.0
UAB,nearear,9,42,497,190.0
UAB,nearear,9,42,498,190.0
UAB,nearear,9,42,499,190.0
UAB,nearear,9,42,500,190.0
UAB,nearear,9,42,501,190.0
UAB,nearear,9,42,502,190.0
UAB,nearear,9,42,503,191.0
UAB,nearear,9,42,504,192.0
UAB,nearear,9,42,505,192.0
UAB,nearear,9,42,506,192.0
UAB,nearear,9,42,507,192.0
UAB,nearear,9,42,508,192.0
UAB,nearear,9,42,509,193.0
UAB,nearear,9,42,510,194.0
UAB,nearear,9,42,511,195.0
UAB,nearear,9,42,512,195.0
UAB,nearear,9,42,513,195.0
UAB,nearear,9,42,514,195.0
UAB,nearear,9,42,515,196.0
UAB,nearear,9,42,516,196.0
UAB,nearear,10,42,0,1.0
UAB,nearear,10,42,1,1.0
UAB,nearear,10,42,2,2.0
UAB,nearear,10,42,3,2.0
UAB,nearear,10,42,4,2.0
UAB,nearear,10,42,5,2.0
UAB,nearear,10,42,6,2.0
UAB,nearear,10,42,7,2.0
UAB,nearear,10,42,8,3.0
UAB,nearear,10,42,9,4.0
UAB,nearear,10,42,10,4.0
UAB,nearear,10,42,11,5.0
UAB,nearear,10,42,12,5.0
UAB,nearear,10,42,13,5.0
UAB,nearear,10,42,14,5.0
UAB,nearear,10,42,15,5.0
UAB,nearear,10,42,16,6.0
UAB,nearear,10,42,17,6.0
UAB,nearear,10,42,18,7.0
UAB,nearear,10,42,19,8.0
UAB,nearear,10,42,20,9.0
UAB,nearear,10,42,21,9.0
UAB,nearear,10,42,22,10.0
UAB,nearear,10,42,23,11.0
UAB,nearear,10,42,24,12.0
UAB,nearear,10,42,25,12.0
UAB,nearear,10,42,26,13.0
UAB,nearear,10,42,27,14.0
UAB,nearear,10,42,28,15.0
UAB,nearear,10,42,29,15.0
UAB,nearear,10,42,30,16.0
UAB,nearear,10,42,31,16.0
UAB,nearear,10,42,32,16.0
UAB,nearear,10,42,33,16.0
UAB,nearear,10,42,34,16.0
UAB,nearear,10,42,35,16.0
UAB,nearear,10,42,36,16.0
UAB,nearear,10,42,37,16.0
UAB,nearear,10,42,38,16.0
UAB,nearear,10,42,39,16.0
UAB,nearear,10,42,40,17.0
UAB,nearear,10,42,41,17.0
UAB,nearear,10,42,42,18.0
UAB,nearear,10,42,43,19.0
UAB,nearear,10,42,44,20.0
UAB,nearear,10,42,45,21.0
UAB,nearear,10,42,46,22.0
UAB,nearear,10,42,47,23.0
UAB,nearear,10,42,48,23.0
UAB,nearear,10,42,49,23.0
UAB,nearear,10,42,50,24.0
UAB,nearear,10,42,51,24.0
UAB,nearear,10,42,52,24.0
UAB,nearear,10,42,53,24.0
UAB,nearear,10,42,54,24.0
UAB,nearear,10,42,55,25.0
UAB,nearear,10,42,56,25.0
UAB,nearear,10,42,57,25.0
UAB,nearear,10,42,58,26.0
UAB,nearear,10,42,59,27.0
UAB,nearear,10,42,60,27.0
UAB,nearear,10,42,61,28.0
UAB,nearear,10,42,62,29.0
UAB,nearear,10,42,63,29.0
UAB,nearear,10,42,64,30.0
UAB,nearear,10,42,65,30.0
UAB,nearear,10,42,66,30.0
UAB,nearear,10,42,67,30.0
UAB,nearear,10,42,68,31.0
UAB,nearear,10,42,69,31.0
UAB,nearear,10,42,70,32.0
UAB,nearear,10,42,71,32.0
UAB,nearear,10,42,72,33.0
UAB,nearear,10,42,73,33.0
UAB,nearear,10,42,74,33.0
UAB,nearear,10,42,75,33.0
UAB,nearear,10,42,76,34.0
UAB,nearear,10,42,77,34.0
UAB,nearear,10,42,78,34.0
UAB,nearear,10,42,79,35.0
UAB,nearear,10,42,80,36.0
UAB,nearear,10,42,81,37.0
UAB,nearear,10,42,82,38.0
UAB,nearear,10,42,83,38.0
UAB,nearear,10,42,84,38.0
UAB,nearear,10,42,85,38.0
UAB,nearear,10,42,86,38.0
UAB,nearear,10,42,87,38.0
UAB,nearear,10,42,88,39.0
UAB,nearear,10,42,89,39.0
UAB,nearear,10,42,90,40.0
UAB,nearear,10,42,91,40.0
UAB,nearear,10,42,92,41.0
UAB,nearear,10,42,93,41.0
UAB,nearear,10,42,94,42.0
UAB,nearear,10,42,95,43.0
UAB,nearear,10,42,96,44.0
UAB,nearear,10,42,97,44.0
UAB,nearear,10,42,98,44.0
UAB,nearear,10,42,99,45.0
UAB,nearear,10,42,100,45.0
UAB,nearear,10,42,101,45.0
UAB,nearear,10,42,102,46.0
UAB,nearear,10,42,103,46.0
UAB,nearear,10,42,104,47.0
UAB,nearear,10,42,105,47.0
UAB,nearear,10,42,106,47.0
UAB,nearear,10,42,107,47.0
UAB,nearear,10,42,108,47.0
UAB,nearear,10,42,109,48.0
UAB,nearear,10,42,110,48.0
UAB,nearear,10,42,111,49.0
UAB,nearear,10,42,112,50.0
UAB,nearear,10,42,113,50.0
UAB,nearear,10,42,114,50.0
UAB,nearear,10,42,115,50.0
UAB,nearear,10,42,116,51.0
UAB,nearear,10,42,117,52.0
UAB,nearear,10,42,118,52.0
UAB,nearear,10,42,119,53.0
UAB,nearear,10,42,120,53.0
UAB,nearear,10,42,121,53.0
UAB,nearear,10,42,122,53.0
UAB,nearear,10,42,123,54.0
UAB,nearear,10,42,124,55.0
UAB,nearear,10,42,125,55.0
UAB,nearear,10,42,126,55.0
UAB,nearear,10,42,127,55.0
UAB,nearear,10,42,128,55.0
UAB,nearear,10,42,129,55.0
UAB,nearear,10,42,130,55.0
UAB,nearear,10,42,131,55.0
UAB,nearear,10,42,132,55.0
UAB,nearear,10,42,133,56.0
UAB,nearear,10,42,134,57.0
UAB,nearear,10,42,135,57.0
UAB,nearear,10,42,136,58.0
UAB,nearear,10,42,137,58.0
UAB,nearear,10,42,138,59.0
UAB,nearear,10,42,139,60.0
UAB,nearear,10,42,140,60.0
UAB,nearear,10,42,141,60.0
UAB,nearear,10,42,142,60.0
UAB,nearear,10,42,143,61.0
UAB,nearear,10,42,144,62.0
UAB,nearear,10,42,145,62.0
UAB,nearear,10,42,146,62.0
UAB,nearear,10,42,147,63.0
UAB,nearear,10,42,148,63.0
UAB,nearear,10,42,149,63.0
UAB,nearear,10,42,150,64.0
UAB,nearear,10,42,151,65.0
UAB,nearear,10,42,152,65.0
UAB,nearear,10,42,153,66.0
UAB,nearear,10,42,154,66.0
UAB,nearear,10,42,155,66.0
UAB,nearear,10,42,156,67.0
UAB,nearear,10,42,157,67.0
UAB,nearear,10,42,158,67.0
UAB,nearear,10,42,159,68.0
UAB,nearear,10,42,160,69.0
UAB,nearear,10,42,161,69.0
UAB,nearear,10,42,162,70.0
UAB,nearear,10,42,163,71.0
UAB,nearear,10,42,164,71.0
UAB,nearear,10,42,165,71.0
UAB,nearear,10,42,166,71.0
UAB,nearear,10,42,167,72.0
UAB,nearear,10,42,168,72.0
UAB,nearear,10,42,169,73.0
UAB,nearear,10,42,170,74.0
UAB,nearear,10,42,171,74.0
UAB,nearear,10,42,172,74.0
UAB,nearear,10,42,173,74.0
UAB,nearear,10,42,174,75.0
UAB,nearear,10,42,175,76.0
UAB,nearear,10,42,176,77.0
UAB,nearear,10,42,177,78.0
UAB,nearear,10,42,178,78.0
UAB,nearear,10,42,179,78.0
UAB,nearear,10,42,180,78.0
UAB,nearear,10,42,181,79.0
UAB,nearear,10,42,182,79.0
UAB,nearear,10,42,183,79.0
UAB,nearear,10,42,184,79.0
UAB,nearear,10,42,185,79.0
UAB,nearear,10,42,186,79.0
UAB,nearear,10,42,187,79.0
UAB,nearear,10,42,188,79.0
UAB,nearear,10,42,189,80.0
UAB,nearear,10,42,190,81.0
UAB,nearear,10,42,191,82.0
UAB,nearear,10,42,192,83.0
UAB,nearear,10,42,193,83.0
UAB,nearear,10,42,194,84.0
UAB,nearear,10,42,195,84.0
UAB,nearear,10,42,196,85.0
UAB,nearear,10,42,197,85.0
UAB,nearear,10,42,198,85.0
UAB,nearear,10,42,199,85.0
UAB,nearear,10,42,200,86.0
UAB,nearear,10,42,201,87.0
UAB,nearear,10,42,202,87.0
UAB,nearear,10,42,203,88.0
UAB,nearear,10,42,204,88.0
UAB,nearear,10,42,205,88.0
UAB,nearear,10,42,206,89.0
UAB,nearear,10,42,207,90.0
UAB,nearear,10,42,208,90.0
UAB,nearear,10,42,209,90.0
UAB,nearear,10,42,210,90.0
UAB,nearear,10,42,211,91.0
UAB,nearear,10,42,212,91.0
UAB,nearear,10,42,213,92.0
UAB,nearear,10,42,214,93.0
UAB,nearear,10,42,215,93.0
UAB,nearear,10,42,216,93.0
UAB,nearear,10,42,217,93.0
UAB,nearear,10,42,218,93.0
UAB,nearear,10,42,219,93.0
UAB,nearear,10,42,220,93.0
UAB,nearear,10,42,221,94.0
UAB,nearear,10,42,222,95.0
UAB,nearear,10,42,223,96.0
UAB,nearear,10,42,224,96.0
UAB,nearear,10,42,225,97.0
UAB,nearear,10,42,226,98.0
UAB,nearear,10,42,227,98.0
UAB,nearear,10,42,228,99.0
UAB,nearear,10,42,229,99.0
UAB,nearear,10,42,230,100.0
UAB,nearear,10,42,231,101.0
UAB,nearear,10,42,232,102.0
UAB,nearear,10,42,233,102.0
UAB,nearear,10,42,234,103.0
UAB,nearear,10,42,235,103.0
UAB,nearear,10,42,236,104.0
UAB,nearear,10,42,237,105.0
UAB,nearear,10,42,238,106.0
UAB,nearear,10,42,239,106.0
UAB,nearear,10,42,240,106.0
UAB,nearear,10,42,241,107.0
UAB,nearear,10,42,242,107.0
UAB,nearear,10,42,243,107.0
UAB,nearear,10,42,244,108.0
UAB,nearear,10,42,245,108.0
UAB,nearear,10,42,246,109.0
UAB,nearear,10,42,247,109.0
UAB,nearear,10,42,248,109.0
UAB,nearear,10,42,249,109.0
UAB,nearear,10,42,250,109.0
UAB,nearear,10,42,251,109.0
UAB,nearear,10,42,252,109.0
UAB,nearear,10,42,253,109.0
UAB,nearear,10,42,254,109.0
UAB,nearear,10,42,255,109.0
UAB,nearear,10,42,256,110.0
UAB,nearear,10,42,257,110.0
UAB,nearear,10,42,258,111.0
UAB,nearear,10,42,259,111.0
UAB,nearear,10,42,260,112.0
UAB,nearear,10,42,261,113.0
UAB,nearear,10,42,262,114.0
UAB,nearear,10,42,263,114.0
UAB,nearear,10,42,264,115.0
UAB,nearear,10,42,265,115.0
UAB,nearear,10,42,266,116.0
UAB,nearear,10,42,267,116.0
UAB,nearear,10,42,268,116.0
UAB,nearear,10,42,269,116.0
UAB,nearear,10,42,270,116.0
UAB,nearear,10,42,271,117.0
UAB,nearear,10,42,272,117.0
UAB,nearear,10,42,273,117.0
UAB,nearear,10,42,274,117.0
UAB,nearear,10,42,275,118.0
UAB,nearear,10,42,276,119.0
UAB,nearear,10,42,277,120.0
UAB,nearear,10,42,278,121.0
UAB,nearear,10,42,279,122.0
UAB,nearear,10,42,280,123.0
UAB,nearear,10,42,281,124.0
UAB,nearear,10,42,282,124.0
UAB,nearear,10,42,283,125.0
UAB,nearear,10,42,284,125.0
UAB,nearear,10,42,285,126.0
UAB,nearear,10,42,286,127.0
UAB,nearear,10,42,287,127.0
UAB,nearear,10,42,288,128.0
UAB,nearear,10,42,289,128.0
UAB,nearear,10,42,290,129.0
UAB,nearear,10,42,291,130.0
UAB,nearear,10,42,292,130.0
UAB,nearear,10,42,293,130.0
UAB,nearear,10,42,294,130.0
UAB,nearear,10,42,295,130.0
UAB,nearear,10,42,296,130.0
UAB,nearear,10,42,297,130.0
UAB,nearear,10,42,298,130.0
UAB,nearear,10,42,299,130.0
UAB,nearear,10,42,300,131.0
UAB,nearear,10,42,301,131.0
UAB,nearear,10,42,302,132.0
UAB,nearear,10,42,303,132.0
UAB,nearear,10,42,304,132.0
UAB,nearear,10,42,305,132.0
UAB,nearear,10,42,306,133.0
UAB,nearear,10,42,307,134.0
UAB,nearear,10,42,308,134.0
UAB,nearear,10,42,309,134.0
UAB,nearear,10,42,310,134.0
UAB,nearear,10,42,311,134.0
UAB,nearear,10,42,312,134.0
UAB,nearear,10,42,313,134.0
UAB,nearear,10,42,314,135.0
UAB,nearear,10,42,315,135.0
UAB,nearear,10,42,316,135.0
UAB,nearear,10,42,317,135.0
UAB,nearear,10,42,318,135.0
UAB,nearear,10,42,319,136.0
UAB,nearear,10,42,320,136.0
UAB,nearear,10,42,321,137.0
UAB,nearear,10,42,322,137.0
UAB,nearear,10,42,323,137.0
UAB,nearear,10,42,324,137.0
UAB,nearear,10,42,325,138.0
UAB,nearear,10,42,326,138.0
UAB,nearear,10,42,327,139.0
UAB,nearear,10,42,328,140.0
UAB,nearear,10,42,329,141.0
UAB,nearear,10,42,330,141.0
UAB,nearear,10,42,331,142.0
UAB,nearear,10,42,332,142.0
UAB,nearear,10,42,333,142.0
UAB,nearear,10,42,334,143.0
UAB,nearear,10,42,335,143.0
UAB,nearear,10,42,336,144.0
UAB,nearear,10,42,337,144.0
UAB,nearear,10,42,338,144.0
UAB,nearear,10,42,339,144.0
UAB,nearear,10,42,340,144.0
UAB,nearear,10,42,341,144.0
UAB,nearear,10,42,342,144.0
UAB,nearear,10,42,343,145.0
UAB,nearear,10,42,344,145.0
UAB,nearear,10,42,345,146.0
UAB,nearear,10,42,346,146.0
UAB,nearear,10,42,347,146.0
UAB,nearear,10,42,348,146.0
UAB,nearear,10,42,349,146.0
UAB,nearear,10,42,350,146.0
UAB,nearear,10,42,351,146.0
UAB,nearear,10,42,352,146.0
UAB,nearear,10,42,353,147.0
UAB,nearear,10,42,354,148.0
UAB,nearear,10,42,355,148.0
UAB,nearear,10,42,356,148.0
UAB,nearear,10,42,357,148.0
UAB,nearear,10,42,358,149.0
UAB,nearear,10,42,359,150.0
UAB,nearear,10,42,360,151.0
UAB,nearear,10,42,361,152.0
UAB,nearear,10,42,362,153.0
UAB,nearear,10,42,363,154.0
UAB,nearear,10,42,364,154.0
UAB,nearear,10,42,365,154.0
UAB,nearear,10,42,366,154.0
UAB,nearear,10,42,367,155.0
UAB,nearear,10,42,368,156.0
UAB,nearear,10,42,369,157.0
UAB,nearear,10,42,370,157.0
UAB,nearear,10,42,371,158.0
UAB,nearear,10,42,372,158.0
UAB,nearear,10,42,373,158.0
UAB,nearear,10,42,374,159.0
UAB,nearear,10,42,375,159.0
UAB,nearear,10,42,376,159.0
UAB,nearear,10,42,377,159.0
UAB,nearear,10,42,378,159.0
UAB,nearear,10,42,379,160.0
UAB,nearear,10,42,380,160.0
UAB,nearear,10,42,381,161.0
UAB,nearear,10,42,382,162.0
UAB,nearear,10,42,383,162.0
UAB,nearear,10,42,384,162.0
UAB,nearear,10,42,385,162.0
UAB,nearear,10,42,386,162.0
UAB,nearear,10,42,387,162.0
UAB,nearear,10,42,388,163.0
UAB,nearear,10,42,389,163.0
UAB,nearear,10,42,390,163.0
UAB,nearear,10,42,391,163.0
UAB,nearear,10,42,392,163.0
UAB,nearear,10,42,393,163.0
UAB,nearear,10,42,394,163.0
UAB,nearear,10,42,395,163.0
UAB,nearear,10,42,396,163.0
UAB,nearear,10,42,397,163.0
UAB,nearear,10,42,398,163.0
UAB,nearear,10,42,399,163.0
UAB,nearear,10,42,400,164.0
UAB,nearear,10,42,401,165.0
UAB,nearear,10,42,402,165.0
UAB,nearear,10,42,403,166.0
UAB,nearear,10,42,404,167.0
UAB,nearear,10,42,405,168.0
UAB,nearear,10,42,406,168.0
UAB,nearear,10,42,407,169.0
UAB,nearear,10,42,408,170.0
UAB,nearear,10,42,409,170.0
UAB,nearear,10,42,410,171.0
UAB,nearear,10,42,411,172.0
UAB,nearear,10,42,412,172.0
UAB,nearear,10,42,413,173.0
UAB,nearear,10,42,414,174.0
UAB,nearear,10,42,415,174.0
UAB,nearear,10,42,416,174.0
UAB,nearear,10,42,417,174.0
UAB,nearear,10,42,418,174.0
UAB,nearear,10,42,419,175.0
UAB,nearear,10,42,420,175.0
UAB,nearear,10,42,421,175.0
UAB,nearear,10,42,422,176.0
UAB,nearear,10,42,423,176.0
UAB,nearear,10,42,424,176.0
UAB,nearear,10,42,425,176.0
UAB,nearear,10,42,426,176.0
UAB,nearear,10,42,427,176.0
UAB,nearear,10,42,428,176.0
UAB,nearear,10,42,429,176.0
UAB,nearear,10,42,430,177.0
UAB,nearear,10,42,431,177.0
UAB,nearear,10,42,432,177.0
UAB,nearear,10,42,433,177.0
UAB,nearear,10,42,434,178.0
UAB,nearear,10,42,435,178.0
UAB,nearear,10,42,436,179.0
UAB,nearear,10,42,437,179.0
UAB,nearear,10,42,438,179.0
UAB,nearear,10,42,439,180.0
UAB,nearear,10,42,440,181.0
UAB,nearear,10,42,441,182.0
UAB,nearear,10,42,442,182.0
UAB,nearear,10,42,443,182.0
UAB,nearear,10,42,444,182.0
UAB,nearear,10,42,445,182.0
UAB,nearear,10,42,446,183.0
UAB,nearear,10,42,447,183.0
UAB,nearear,10,42,448,183.0
UAB,nearear,10,42,449,183.0
UAB,nearear,10,42,450,183.0
UAB,nearear,10,42,451,183.0
UAB,nearear,10,42,452,183.0
UAB,nearear,10,42,453,183.0
UAB,nearear,10,42,454,183.0
UAB,nearear,10,42,455,184.0
UAB,nearear,10,42,456,184.0
UAB,nearear,10,42,457,185.0
UAB,nearear,10,42,458,185.0
UAB,nearear,10,42,459,186.0
UAB,nearear,10,42,460,186.0
UAB,nearear,10,42,461,187.0
UAB,nearear,10,42,462,188.0
UAB,nearear,10,42,463,188.0
UAB,nearear,10,42,464,188.0
UAB,nearear,10,42,465,189.0
UAB,nearear,10,42,466,189.0
UAB,nearear,10,42,467,189.0
UAB,nearear,10,42,468,190.0
UAB,nearear,10,42,469,190.0
UAB,nearear,10,42,470,190.0
UAB,nearear,10,42,471,190.0
UAB,nearear,10,42,472,191.0
UAB,nearear,10,42,473,192.0
UAB,nearear,10,42,474,192.0
UAB,nearear,10,42,475,192.0
UAB,nearear,10,42,476,193.0
UAB,nearear,10,42,477,193.0
UAB,nearear,10,42,478,193.0
UAB,nearear,10,42,479,194.0
UAB,nearear,10,42,480,194.0
UAB,nearear,10,42,481,195.0
UAB,nearear,10,42,482,196.0
UAB,nearear,10,42,483,197.0
UAB,nearear,10,42,484,197.0
UAB,nearear,10,42,485,197.0
UAB,nearear,10,42,486,197.0
UAB,nearear,10,42,487,197.0
UAB,nearear,10,42,488,198.0
UAB,nearear,10,42,489,199.0
UAB,nearear,10,42,490,199.0
UAB,nearear,10,42,491,199.0
UAB,nearear,10,42,492,199.0
UAB,nearear,10,42,493,199.0
UAB,nearear,10,42,494,199.0
UAB,nearear,10,42,495,199.0
UAB,nearear,10,42,496,199.0
UAB,nearear,10,42,497,200.0
UAB,nearear,10,42,498,200.0
UAB,nearear,10,42,499,200.0
UAB,nearear,10,42,500,200.0
UAB,nearear,10,42,501,201.0
UAB,nearear,10,42,502,201.0
UAB,nearear,10,42,503,202.0
UAB,nearear,10,42,504,203.0
UAB,nearear,11,42,0,0.0
UAB,nearear,11,42,1,1.0
UAB,nearear,11,42,2,1.0
UAB,nearear,11,42,3,1.0
UAB,nearear,11,42,4,1.0
UAB,nearear,11,42,5,1.0
UAB,nearear,11,42,6,1.0
UAB,nearear,11,42,7,1.0
UAB,nearear,11,42,8,1.0
UAB,nearear,11,42,9,1.0
UAB,nearear,11,42,10,1.0
UAB,nearear,11,42,11,2.0
UAB,nearear,11,42,12,2.0
UAB,nearear,11,42,13,2.0
UAB,nearear,11,42,14,2.0
UAB,nearear,11,42,15,2.0
UAB,nearear,11,42,16,3.0
UAB,nearear,11,42,17,3.0
UAB,nearear,11,42,18,4.0
UAB,nearear,11,42,19,4.0
UAB,nearear,11,42,20,4.0
UAB,nearear,11,42,21,4.0
UAB,nearear,11,42,22,4.0
UAB,nearear,11,42,23,5.0
UAB,nearear,11,42,24,6.0
UAB,nearear,11,42,25,7.0
UAB,nearear,11,42,26,7.0
UAB,nearear,11,42,27,7.0
UAB,nearear,11,42,28,8.0
UAB,nearear,11,42,29,8.0
UAB,nearear,11,42,30,8.0
UAB,nearear,11,42,31,9.0
UAB,nearear,11,42,32,9.0
UAB,nearear,11,42,33,9.0
UAB,nearear,11,42,34,9.0
UAB,nearear,11,42,35,9.0
UAB,nearear,11,42,36,9.0
UAB,nearear,11,42,37,9.0
UAB,nearear,11,42,38,9.0
UAB,nearear,11,42,39,10.0
UAB,nearear,11,42,40,11.0
UAB,nearear,11,42,41,12.0
UAB,nearear,11,42,42,12.0
UAB,nearear,11,42,43,12.0
UAB,nearear,11,42,44,13.0
UAB,nearear,11,42,45,13.0
UAB,nearear,11,42,46,13.0
UAB,nearear,11,42,47,14.0
UAB,nearear,11,42,48,14.0
UAB,nearear,11,42,49,14.0
UAB,nearear,11,42,50,14.0
UAB,nearear,11,42,51,15.0
UAB,nearear,11,42,52,15.0
UAB,nearear,11,42,53,15.0
UAB,nearear,11,42,54,15.0
UAB,nearear,11,42,55,16.0
UAB,nearear,11,42,56,16.0
UAB,nearear,11,42,57,17.0
UAB,nearear,11,42,58,17.0
UAB,nearear,11,42,59,18.0
UAB,nearear,11,42,60,19.0
UAB,nearear,11,42,61,19.0
UAB,nearear,11,42,62,19.0
UAB,nearear,11,42,63,19.0
UAB,nearear,11,42,64,20.0
UAB,nearear,11,42,65,21.0
UAB,nearear,11,42,66,21.0
UAB,nearear,11,42,67,21.0
UAB,nearear,11,42,68,21.0
UAB,nearear,11,42,69,21.0
UAB,nearear,11,42,70,22.0
UAB,nearear,11,42,71,22.0
UAB,nearear,11,42,72,23.0
UAB,nearear,11,42,73,24.0
UAB,nearear,11,42,74,24.0
UAB,nearear,11,42,75,24.0
UAB,nearear,11,42,76,24.0
UAB,nearear,11,42,77,25.0
UAB,nearear,11,42,78,26.0
UAB,nearear,11,42,79,26.0
UAB,nearear,11,42,80,26.0
UAB,nearear,11,42,81,26.0
UAB,nearear,11,42,82,27.0
UAB,nearear,11,42,83,27.0
UAB,nearear,11,42,84,27.0
UAB,nearear,11,42,85,27.0
UAB,nearear,11,42,86,27.0
UAB,nearear,11,42,87,27.0
UAB,nearear,11,42,88,28.0
UAB,nearear,11,42,89,28.0
UAB,nearear,11,42,90,28.0
UAB,nearear,11,42,91,29.0
UAB,nearear,11,42,92,29.0
UAB,nearear,11,42,93,29.0
UAB,nearear,11,42,94,30.0
UAB,nearear,11,42,95,30.0
UAB,nearear,11,42,96,30.0
UAB,nearear,11,42,97,30.0
UAB,nearear,11,42,98,30.0
UAB,nearear,11,42,99,31.0
UAB,nearear,11,42,100,32.0
UAB,nearear,11,42,101,33.0
UAB,nearear,11,42,102,33.0
UAB,nearear,11,42,103,34.0
UAB,nearear,11,42,104,35.0
UAB,nearear,11,42,105,35.0
UAB,nearear,11,42,106,35.0
UAB,nearear,11,42,107,35.0
UAB,nearear,11,42,108,35.0
UAB,nearear,11,42,109,35.0
UAB,nearear,11,42,110,35.0
UAB,nearear,11,42,111,35.0
UAB,nearear,11,42,112,36.0
UAB,nearear,11,42,113,36.0
UAB,nearear,11,42,114,36.0
UAB,nearear,11,42,115,36.0
UAB,nearear,11,42,116,36.0
UAB,nearear,11,42,117,36.0
UAB,nearear,11,42,118,36.0
UAB,nearear,11,42,119,37.0
UAB,nearear,11,42,120,37.0
UAB,nearear,11,42,121,37.0
UAB,nearear,11,42,122,38.0
UAB,nearear,11,42,123,39.0
UAB,nearear,11,42,124,39.0
UAB,nearear,11,42,125,39.0
UAB,nearear,11,42,126,39.0
UAB,nearear,11,42,127,39.0
UAB,nearear,11,42,128,39.0
UAB,nearear,11,42,129,40.0
UAB,nearear,11,42,130,41.0
UAB,nearear,11,42,131,42.0
UAB,nearear,11,42,132,43.0
UAB,nearear,11,42,133,43.0
UAB,nearear,11,42,134,43.0
UAB,nearear,11,42,135,44.0
UAB,nearear,11,42,136,45.0
UAB,nearear,11,42,137,45.0
UAB,nearear,11,42,138,46.0
UAB,nearear,11,42,139,46.0
UAB,nearear,11,42,140,47.0
UAB,nearear,11,42,141,47.0
UAB,nearear,11,42,142,47.0
UAB,nearear,11,42,143,47.0
UAB,nearear,11,42,144,47.0
UAB,nearear,11,42,145,47.0
UAB,nearear,11,42,146,47.0
UAB,nearear,11,42,147,47.0
UAB,nearear,11,42,148,47.0
UAB,nearear,11,42,149,48.0
UAB,nearear,11,42,150,49.0
UAB,nearear,11,42,151,50.0
UAB,nearear,11,42,152,51.0
UAB,nearear,11,42,153,51.0
UAB,nearear,11,42,154,51.0
UAB,nearear,11,42,155,51.0
UAB,nearear,11,42,156,51.0
UAB,nearear,11,42,157,52.0
UAB,nearear,11,42,158,52.0
UAB,nearear,11,42,159,52.0
UAB,nearear,11,42,160,53.0
UAB,nearear,11,42,161,53.0
UAB,nearear,11,42,162,53.0
UAB,nearear,11,42,163,54.0
UAB,nearear,11,42,164,54.0
UAB,nearear,11,42,165,54.0
UAB,nearear,11,42,166,54.0
UAB,nearear,11,42,167,54.0
UAB,nearear,11,42,168,54.0
UAB,nearear,11,42,169,54.0
UAB,nearear,11,42,170,54.0
UAB,nearear,11,42,171,54.0
UAB,nearear,11,42,172,54.0
UAB,nearear,11,42,173,54.0
UAB,nearear,11,42,174,54.0
UAB,nearear,11,42,175,55.0
UAB,nearear,11,42,176,55.0
UAB,nearear,11,42,177,55.0
UAB,nearear,11,42,178,55.0
UAB,nearear,11,42,179,56.0
UAB,nearear,11,42,180,57.0
UAB,nearear,11,42,181,57.0
UAB,nearear,11,42,182,57.0
UAB,nearear,11,42,183,57.0
UAB,nearear,11,42,184,57.0
UAB,nearear,11,42,185,57.0
UAB,nearear,11,42,186,58.0
UAB,nearear,11,42,187,58.0
UAB,nearear,11,42,188,59.0
UAB,nearear,11,42,189,59.0
UAB,nearear,11,42,190,59.0
UAB,nearear,11,42,191,59.0
UAB,nearear,11,42,192,59.0
UAB,nearear,11,42,193,59.0
UAB,nearear,11,42,194,60.0
UAB,nearear,11,42,195,61.0
UAB,nearear,11,42,196,61.0
UAB,nearear,11,42,197,61.0
UAB,nearear,11,42,198,61.0
UAB,nearear,11,42,199,61.0
UAB,nearear,11,42,200,62.0
UAB,nearear,11,42,201,62.0
UAB,nearear,11,42,202,63.0
UAB,nearear,11,42,203,64.0
UAB,nearear,11,42,204,65.0
UAB,nearear,11,42,205,66.0
UAB,nearear,11,42,206,67.0
UAB,nearear,11,42,207,68.0
UAB,nearear,11,42,208,68.0
UAB,nearear,11,42,209,69.0
UAB,nearear,11,42,210,70.0
UAB,nearear,11,42,211,71.0
UAB,nearear,11,42,212,72.0
UAB,nearear,11,42,213,72.0
UAB,nearear,11,42,214,72.0
UAB,nearear,11,42,215,72.0
UAB,nearear,11,42,216,73.0
UAB,nearear,11,42,217,74.0
UAB,nearear,11,42,218,74.0
UAB,nearear,11,42,219,74.0
UAB,nearear,11,42,220,75.0
UAB,nearear,11,42,221,75.0
UAB,nearear,11,42,222,76.0
UAB,nearear,11,42,223,77.0
UAB,nearear,11,42,224,78.0
UAB,nearear,11,42,225,78.0
UAB,nearear,11,42,226,78.0
UAB,nearear,11,42,227,79.0
UAB,nearear,11,42,228,79.0
UAB,nearear,11,42,229,80.0
UAB,nearear,11,42,230,80.0
UAB,nearear,11,42,231,80.0
UAB,nearear,11,42,232,80.0
UAB,nearear,11,42,233,80.0
UAB,nearear,11,42,234,80.0
UAB,nearear,11,42,235,81.0
UAB,nearear,11,42,236,82.0
UAB,nearear,11,42,237,82.0
UAB,nearear,11,42,238,82.0
UAB,nearear,11,42,239,82.0
UAB,nearear,11,42,240,82.0
UAB,nearear,11,42,241,82.0
UAB,nearear,11,42,242,82.0
UAB,nearear,11,42,243,83.0
UAB,nearear,11,42,244,83.0
UAB,nearear,11,42,245,83.0
UAB,nearear,11,42,246,84.0
UAB,nearear,11,42,247,84.0
UAB,nearear,11,42,248,85.0
UAB,nearear,11,42,249,86.0
UAB,nearear,11,42,250,86.0
UAB,nearear,11,42,251,86.0
UAB,nearear,11,42,252,86.0
UAB,nearear,11,42,253,86.0
UAB,nearear,11,42,254,87.0
UAB,nearear,11,42,255,87.0
UAB,nearear,11,42,256,87.0
UAB,nearear,11,42,257,87.0
UAB,nearear,11,42,258,88.0
UAB,nearear,11,42,259,89.0
UAB,nearear,11,42,260,90.0
UAB,nearear,11,42,261,90.0
UAB,nearear,11,42,262,90.0
UAB,nearear,11,42,263,91.0
UAB,nearear,11,42,264,91.0
UAB,nearear,11,42,265,92.0
UAB,nearear,11,42,266,92.0
UAB,nearear,11,42,267,92.0
UAB,nearear,11,42,268,92.0
UAB,nearear,11,42,269,92.0
UAB,nearear,11,42,270,92.0
UAB,nearear,11,42,271,93.0
UAB,nearear,11,42,272,94.0
UAB,nearear,11,42,273,94.0
UAB,nearear,11,42,274,94.0
UAB,nearear,11,42,275,95.0
UAB,nearear,11,42,276,95.0
UAB,nearear,11,42,277,96.0
UAB,nearear,11,42,278,96.0
UAB,nearear,11,42,279,96.0
UAB,nearear,11,42,280,96.0
UAB,nearear,11,42,281,96.0
UAB,nearear,11,42,282,96.0
UAB,nearear,11,42,283,96.0
UAB,nearear,11,42,284,96.0
UAB,nearear,11,42,285,96.0
UAB,nearear,11,42,286,96.0
UAB,nearear,11,42,287,96.0
UAB,nearear,11,42,288,97.0
UAB,nearear,11,42,289,97.0
UAB,nearear,11,42,290,97.0
UAB,nearear,11,42,291,97.0
UAB,nearear,11,42,292,97.0
UAB,nearear,11,42,293,97.0
UAB,nearear,11,42,294,98.0
UAB,nearear,11,42,295,98.0
UAB,nearear,11,42,296,98.0
UAB,nearear,11,42,297,98.0
UAB,nearear,11,42,298,98.0
UAB,nearear,11,42,299,98.0
UAB,nearear,11,42,300,99.0
UAB,nearear,11,42,301,99.0
UAB,nearear,11,42,302,99.0
UAB,nearear,11,42,303,99.0
UAB,nearear,11,42,304,99.0
UAB,nearear,11,42,305,99.0
UAB,nearear,11,42,306,99.0
UAB,nearear,11,42,307,100.0
UAB,nearear,11,42,308,101.0
UAB,nearear,11,42,309,102.0
UAB,nearear,11,42,310,103.0
UAB,nearear,11,42,311,103.0
UAB,nearear,11,42,312,103.0
UAB,nearear,11,42,313,103.0
UAB,nearear,11,42,314,104.0
UAB,nearear,11,42,315,104.0
UAB,nearear,11,42,316,105.0
UAB,nearear,11,42,317,105.0
UAB,nearear,11,42,318,106.0
UAB,nearear,11,42,319,106.0
UAB,nearear,11,42,320,106.0
UAB,nearear,11,42,321,106.0
UAB,nearear,11,42,322,107.0
UAB,nearear,11,42,323,107.0
UAB,nearear,11,42,324,107.0
UAB,nearear,11,42,325,108.0
UAB,nearear,11,42,326,108.0
UAB,nearear,11,42,327,108.0
UAB,nearear,11,42,328,108.0
UAB,nearear,11,42,329,108.0
UAB,nearear,11,42,330,108.0
UAB,nearear,11,42,331,109.0
UAB,nearear,11,42,332,109.0
UAB,nearear,11,42,333,110.0
UAB,nearear,11,42,334,110.0
UAB,nearear,11,42,335,110.0
UAB,nearear,11,42,336,110.0
UAB,nearear,11,42,337,111.0
UAB,nearear,11,42,338,111.0
UAB,nearear,11,42,339,112.0
UAB,nearear,11,42,340,113.0
UAB,nearear,11,42,341,113.0
UAB,nearear,11,42,342,113.0
UAB,nearear,11,42,343,114.0
UAB,nearear,11,42,344,115.0
UAB,nearear,11,42,345,116.0
UAB,nearear,11,42,346,117.0
UAB,nearear,11,42,347,117.0
UAB,nearear,11,42,348,117.0
UAB,nearear,11,42,349,117.0
UAB,nearear,11,42,350,117.0
UAB,nearear,11,42,351,118.0
UAB,nearear,11,42,352,118.0
UAB,nearear,11,42,353,119.0
UAB,nearear,11,42,354,119.0
UAB,nearear,11,42,355,119.0
UAB,nearear,11,42,356,119.0
UAB,nearear,11,42,357,119.0
UAB,nearear,11,42,358,120.0
UAB,nearear,11,42,359,120.0
UAB,nearear,11,42,360,120.0
UAB,nearear,11,42,361,120.0
UAB,nearear,11,42,362,120.0
UAB,nearear,11,42,363,121.0
UAB,nearear,11,42,364,121.0
UAB,nearear,11,42,365,121.0
UAB,nearear,11,42,366,121.0
UAB,nearear,11,42,367,122.0
UAB,nearear,11,42,368,122.0
UAB,nearear,11,42,369,122.0
UAB,nearear,11,42,370,122.0
UAB,nearear,11,42,371,122.0
UAB,nearear,11,42,372,123.0
UAB,nearear,11,42,373,123.0
UAB,nearear,11,42,374,123.0
UAB,nearear,11,42,375,123.0
UAB,nearear,11,42,376,123.0
UAB,nearear,11,42,377,123.0
UAB,nearear,11,42,378,124.0
UAB,nearear,11,42,379,124.0
UAB,nearear,11,42,380,124.0
UAB,nearear,11,42,381,124.0
UAB,nearear,11,42,382,125.0
UAB,nearear,11,42,383,126.0
UAB,nearear,11,42,384,126.0
UAB,nearear,11,42,385,127.0
UAB,nearear,11,42,386,127.0
UAB,nearear,11,42,387,128.0
UAB,nearear,11,42,388,129.0
UAB,nearear,11,42,389,130.0
UAB,nearear,11,42,390,131.0
UAB,nearear,11,42,391,131.0
UAB,nearear,11,42,392,131.0
UAB,nearear,11,42,393,132.0
UAB,nearear,11,42,394,133.0
UAB,nearear,11,42,395,133.0
UAB,nearear,11,42,396,133.0
UAB,nearear,11,42,397,133.0
UAB,nearear,11,42,398,134.0
UAB,nearear,11,42,399,134.0
UAB,nearear,11,42,400,134.0
UAB,nearear,11,42,401,135.0
UAB,nearear,11,42,402,135.0
UAB,nearear,11,42,403,135.0
UAB,nearear,11,42,404,135.0
UAB,nearear,11,42,405,135.0
UAB,nearear,11,42,406,135.0
UAB,nearear,11,42,407,135.0
UAB,nearear,11,42,408,136.0
UAB,nearear,11,42,409,137.0
UAB,nearear,11,42,410,137.0
UAB,nearear,11,42,411,137.0
UAB,nearear,11,42,412,137.0
UAB,nearear,11,42,413,138.0
UAB,nearear,11,42,414,139.0
UAB,nearear,11,42,415,139.0
UAB,nearear,11,42,416,140.0
UAB,nearear,11,42,417,140.0
UAB,nearear,11,42,418,140.0
UAB,nearear,11,42,419,141.0
UAB,nearear,11,42,420,141.0
UAB,nearear,11,42,421,141.0
UAB,nearear,11,42,422,141.0
UAB,nearear,11,42,423,141.0
UAB,nearear,11,42,424,141.0
UAB,nearear,11,42,425,141.0
UAB,nearear,11,42,426,142.0
UAB,nearear,11,42,427,142.0
UAB,nearear,11,42,428,143.0
UAB,nearear,11,42,429,143.0
UAB,nearear,11,42,430,143.0
UAB,nearear,11,42,431,143.0
UAB,nearear,11,42,432,144.0
UAB,nearear,11,42,433,144.0
UAB,nearear,11,42,434,144.0
UAB,nearear,11,42,435,144.0
UAB,nearear,11,42,436,145.0
UAB,nearear,11,42,437,145.0
UAB,nearear,11,42,438,145.0
UAB,nearear,11,42,439,145.0
UAB,nearear,11,42,440,145.0
UAB,nearear,11,42,441,145.0
UAB,nearear,11,42,442,145.0
UAB,nearear,11,42,443,145.0
UAB,nearear,11,42,444,145.0
UAB,nearear,11,42,445,146.0
UAB,nearear,11,42,446,147.0
UAB,nearear,11,42,447,147.0
UAB,nearear,11,42,448,148.0
UAB,nearear,11,42,449,148.0
UAB,nearear,11,42,450,149.0
UAB,nearear,11,42,451,149.0
UAB,nearear,11,42,452,149.0
UAB,nearear,11,42,453,150.0
UAB,nearear,11,42,454,151.0
UAB,nearear,11,42,455,151.0
UAB,nearear,11,42,456,151.0
UAB,nearear,11,42,457,151.0
UAB,nearear,11,42,458,152.0
UAB,nearear,11,42,459,152.0
UAB,nearear,11,42,460,152.0
UAB,nearear,11,42,461,152.0
UAB,nearear,11,42,462,152.0
UAB,nearear,11,42,463,152.0
UAB,nearear,11,42,464,152.0
UAB,nearear,11,42,465,153.0
UAB,nearear,11,42,466,153.0
UAB,nearear,11,42,467,153.0
UAB,nearear,11,42,468,153.0
UAB,nearear,11,42,469,153.0
UAB,nearear,11,42,470,154.0
UAB,nearear,11,42,471,154.0
UAB,nearear,11,42,472,154.0
UAB,nearear,11,42,473,154.0
UAB,nearear,11,42,474,154.0
UAB,nearear,11,42,475,154.0
UAB,nearear,11,42,476,154.0
UAB,nearear,11,42,477,154.0
UAB,nearear,11,42,478,154.0
UAB,nearear,11,42,479,155.0
UAB,nearear,11,42,480,156.0
UAB,nearear,11,42,481,156.0
UAB,nearear,11,42,482,156.0
UAB,nearear,11,42,483,156.0
UAB,nearear,11,42,484,157.0
UAB,nearear,11,42,485,157.0
UAB,nearear,11,42,486,157.0
UAB,nearear,11,42,487,157.0
UAB,nearear,11,42,488,157.0
UAB,nearear,11,42,489,158.0
UAB,nearear,11,42,490,159.0
UAB,nearear,11,42,491,159.0
UAB,nearear,11,42,492,159.0
UAB,nearear,11,42,493,159.0
UAB,nearear,11,42,494,160.0
UAB,nearear,11,42,495,160.0
UAB,nearear,11,42,496,160.0
UAB,nearear,11,42,497,160.0
UAB,nearear,11,42,498,160.0
UAB,nearear,11,42,499,161.0
UAB,nearear,11,42,500,161.0
UAB,nearear,11,42,501,161.0
UAB,nearear,11,42,502,162.0
UAB,nearear,11,42,503,162.0
UAB,nearear,11,42,504,162.0
UAB,nearear,11,42,505,162.0
UAB,nearear,11,42,506,162.0
UAB,nearear,11,42,507,162.0
UAB,nearear,11,42,508,162.0
UAB,nearear,11,42,509,163.0
UAB,nearear,11,42,510,164.0
UAB,nearear,11,42,511,164.0
UAB,nearear,11,42,512,164.0
UAB,nearear,11,42,513,164.0
UAB,nearear,11,42,514,164.0
UAB,nearear,11,42,515,164.0
UAB,nearear,11,42,516,165.0
UAB,nearear,11,42,517,165.0
UAB,nearear,11,42,518,166.0
UAB,nearear,11,42,519,166.0
UAB,nearear,11,42,520,167.0
UAB,nearear,11,42,521,167.0
UAB,nearear,11,42,522,168.0
UAB,nearear,11,42,523,168.0
UAB,nearear,11,42,524,169.0
UAB,nearear,11,42,525,169.0
UAB,nearear,11,42,526,169.0
UAB,nearear,11,42,527,170.0
UAB,nearear,11,42,528,170.0
UAB,nearear,11,42,529,170.0
UAB,nearear,11,42,530,170.0
UAB,nearear,11,42,531,170.0
UAB,nearear,11,42,532,171.0
UAB,nearear,12,42,0,0.0
UAB,nearear,12,42,1,1.0
UAB,nearear,12,42,2,1.0
UAB,nearear,12,42,3,2.0
UAB,nearear,12,42,4,3.0
UAB,nearear,12,42,5,3.0
UAB,nearear,12,42,6,3.0
UAB,nearear,12,42,7,3.0
UAB,nearear,12,42,8,4.0
UAB,nearear,12,42,9,5.0
UAB,nearear,12,42,10,5.0
UAB,nearear,12,42,11,5.0
UAB,nearear,12,42,12,5.0
UAB,nearear,12,42,13,5.0
UAB,nearear,12,42,14,5.0
UAB,nearear,12,42,15,5.0
UAB,nearear,12,42,16,5.0
UAB,nearear,12,42,17,6.0
UAB,nearear,12,42,18,7.0
UAB,nearear,12,42,19,7.0
UAB,nearear,12,42,20,8.0
UAB,nearear,12,42,21,8.0
UAB,nearear,12,42,22,9.0
UAB,nearear,12,42,23,10.0
UAB,nearear,12,42,24,10.0
UAB,nearear,12,42,25,10.0
UAB,nearear,12,42,26,10.0
UAB,nearear,12,42,27,11.0
UAB,nearear,12,42,28,11.0
UAB,nearear,12,42,29,12.0
UAB,nearear,12,42,30,12.0
UAB,nearear,12,42,31,13.0
UAB,nearear,12,42,32,14.0
UAB,nearear,12,42,33,15.0
UAB,nearear,12,42,34,16.0
UAB,nearear,12,42,35,16.0
UAB,nearear,12,42,36,17.0
UAB,nearear,12,42,37,17.0
UAB,nearear,12,42,38,17.0
UAB,nearear,12,42,39,17.0
UAB,nearear,12,42,40,18.0
UAB,nearear,12,42,41,18.0
UAB,nearear,12,42,42,18.0
UAB,nearear,12,42,43,18.0
UAB,nearear,12,42,44,19.0
UAB,nearear,12,42,45,19.0
UAB,nearear,12,42,46,19.0
UAB,nearear,12,42,47,20.0
UAB,nearear,12,42,48,21.0
UAB,nearear,12,42,49,21.0
UAB,nearear,12,42,50,21.0
UAB,nearear,12,42,51,22.0
UAB,nearear,12,42,52,22.0
UAB,nearear,12,42,53,22.0
UAB,nearear,12,42,54,23.0
UAB,nearear,12,42,55,24.0
UAB,nearear,12,42,56,24.0
UAB,nearear,12,42,57,25.0
UAB,nearear,12,42,58,25.0
UAB,nearear,12,42,59,26.0
UAB,nearear,12,42,60,27.0
UAB,nearear,12,42,61,28.0
UAB,nearear,12,42,62,28.0
UAB,nearear,12,42,63,29.0
UAB,nearear,12,42,64,30.0
UAB,nearear,12,42,65,30.0
UAB,nearear,12,42,66,30.0
UAB,nearear,12,42,67,30.0
UAB,nearear,12,42,68,31.0
UAB,nearear,12,42,69,31.0
UAB,nearear,12,42,70,32.0
UAB,nearear,12,42,71,33.0
UAB,nearear,12,42,72,34.0
UAB,nearear,12,42,73,34.0
UAB,nearear,12,42,74,34.0
UAB,nearear,12,42,75,34.0
UAB,nearear,12,42,76,35.0
UAB,nearear,12,42,77,36.0
UAB,nearear,12,42,78,37.0
UAB,nearear,12,42,79,37.0
UAB,nearear,12,42,80,37.0
UAB,nearear,12,42,81,37.0
UAB,nearear,12,42,82,37.0
UAB,nearear,12,42,83,38.0
UAB,nearear,12,42,84,39.0
UAB,nearear,12,42,85,39.0
UAB,nearear,12,42,86,39.0
UAB,nearear,12,42,87,40.0
UAB,nearear,12,42,88,40.0
UAB,nearear,12,42,89,41.0
UAB,nearear,12,42,90,41.0
UAB,nearear,12,42,91,41.0
UAB,nearear,12,42,92,41.0
UAB,nearear,12,42,93,41.0
UAB,nearear,12,42,94,42.0
UAB,nearear,12,42,95,42.0
UAB,nearear,12,42,96,42.0
UAB,nearear,12,42,97,42.0
UAB,nearear,12,42,98,42.0
UAB,nearear,12,42,99,42.0
UAB,nearear,12,42,100,42.0
UAB,nearear,12,42,101,42.0
UAB,nearear,12,42,102,43.0
UAB,nearear,12,42,103,43.0
UAB,nearear,12,42,104,43.0
UAB,nearear,12,42,105,43.0
UAB,nearear,12,42,106,44.0
UAB,nearear,12,42,107,45.0
UAB,nearear,12,42,108,45.0
UAB,nearear,12,42,109,46.0
UAB,nearear,12,42,110,46.0
UAB,nearear,12,42,111,47.0
UAB,nearear,12,42,112,48.0
UAB,nearear,12,42,113,48.0
UAB,nearear,12,42,114,48.0
UAB,nearear,12,42,115,48.0
UAB,nearear,12,42,116,49.0
UAB,nearear,12,42,117,49.0
UAB,nearear,12,42,118,49.0
UAB,nearear,12,42,119,49.0
UAB,nearear,12,42,120,49.0
UAB,nearear,12,42,121,49.0
UAB,nearear,12,42,122,49.0
UAB,nearear,12,42,123,49.0
UAB,nearear,12,42,124,50.0
UAB,nearear,12,42,125,50.0
UAB,nearear,12,42,126,51.0
UAB,nearear,12,42,127,51.0
UAB,nearear,12,42,128,51.0
UAB,nearear,12,42,129,51.0
UAB,nearear,12,42,130,51.0
UAB,nearear,12,42,131,51.0
UAB,nearear,12,42,132,51.0
UAB,nearear,12,42,133,52.0
UAB,nearear,12,42,134,52.0
UAB,nearear,12,42,135,52.0
UAB,nearear,12,42,136,52.0
UAB,nearear,12,42,137,52.0
UAB,nearear,12,42,138,52.0
UAB,nearear,12,42,139,53.0
UAB,nearear,12,42,140,54.0
UAB,nearear,12,42,141,55.0
UAB,nearear,12,42,142,55.0
UAB,nearear,12,42,143,55.0
UAB,nearear,12,42,144,55.0
UAB,nearear,12,42,145,55.0
UAB,nearear,12,42,146,56.0
UAB,nearear,12,42,147,56.0
UAB,nearear,12,42,148,57.0
UAB,nearear,12,42,149,57.0
UAB,nearear,12,42,150,57.0
UAB,nearear,12,42,151,57.0
UAB,nearear,12,42,152,57.0
UAB,nearear,12,42,153,57.0
UAB,nearear,12,42,154,58.0
UAB,nearear,12,42,155,58.0
UAB,nearear,12,42,156,59.0
UAB,nearear,12,42,157,59.0
UAB,nearear,12,42,158,60.0
UAB,nearear,12,42,159,61.0
UAB,nearear,12,42,160,61.0
UAB,nearear,12,42,161,61.0
UAB,nearear,12,42,162,61.0
UAB,nearear,12,42,163,62.0
UAB,nearear,12,42,164,62.0
UAB,nearear,12,42,165,62.0
UAB,nearear,12,42,166,62.0
UAB,nearear,12,42,167,62.0
UAB,nearear,12,42,168,63.0
UAB,nearear,12,42,169,64.0
UAB,nearear,12,42,170,64.0
UAB,nearear,12,42,171,64.0
UAB,nearear,12,42,172,64.0
UAB,nearear,12,42,173,64.0
UAB,nearear,12,42,174,64.0
UAB,nearear,12,42,175,65.0
UAB,nearear,12,42,176,65.0
UAB,nearear,12,42,177,65.0
UAB,nearear,12,42,178,66.0
UAB,nearear,12,42,179,67.0
UAB,nearear,12,42,180,67.0
UAB,nearear,12,42,181,68.0
UAB,nearear,12,42,182,69.0
UAB,nearear,12,42,183,70.0
UAB,nearear,12,42,184,71.0
UAB,nearear,12,42,185,72.0
UAB,nearear,12,42,186,72.0
UAB,nearear,12,42,187,72.0
UAB,nearear,12,42,188,72.0
UAB,nearear,12,42,189,72.0
UAB,nearear,12,42,190,72.0
UAB,nearear,12,42,191,73.0
UAB,nearear,12,42,192,74.0
UAB,nearear,12,42,193,74.0
UAB,nearear,12,42,194,74.0
UAB,nearear,12,42,195,74.0
UAB,nearear,12,42,196,75.0
UAB,nearear,12,42,197,75.0
UAB,nearear,12,42,198,76.0
UAB,nearear,12,42,199,77.0
UAB,nearear,12,42,200,77.0
UAB,nearear,12,42,201,77.0
UAB,nearear,12,42,202,78.0
UAB,nearear,12,42,203,78.0
UAB,nearear,12,42,204,78.0
UAB,nearear,12,42,205,79.0
UAB,nearear,12,42,206,80.0
UAB,nearear,12,42,207,81.0
UAB,nearear,12,42,208,82.0
UAB,nearear,12,42,209,82.0
UAB,nearear,12,42,210,82.0
UAB,nearear,12,42,211,82.0
UAB,nearear,12,42,212,82.0
UAB,nearear,12,42,213,83.0
UAB,nearear,12,42,214,83.0
UAB,nearear,12,42,215,83.0
UAB,nearear,12,42,216,83.0
UAB,nearear,12,42,217,84.0
UAB,nearear,12,42,218,85.0
UAB,nearear,12,42,219,85.0
UAB,nearear,12,42,220,85.0
UAB,nearear,12,42,221,85.0
UAB,nearear,12,42,222,85.0
UAB,nearear,12,42,223,85.0
UAB,nearear,12,42,224,85.0
UAB,nearear,12,42,225,85.0
UAB,nearear,12,42,226,85.0
UAB,nearear,12,42,227,85.0
UAB,nearear,12,42,228,85.0
UAB,nearear,12,42,229,86.0
UAB,nearear,12,42,230,86.0
UAB,nearear,12,42,231,87.0
UAB,nearear,12,42,232,88.0
UAB,nearear,12,42,233,88.0
UAB,nearear,12,42,234,88.0
UAB,nearear,12,42,235,89.0
UAB,nearear,12,42,236,90.0
UAB,nearear,12,42,237,90.0
UAB,nearear,12,42,238,91.0
UAB,nearear,12,42,239,92.0
UAB,nearear,12,42,240,92.0
UAB,nearear,12,42,241,93.0
UAB,nearear,12,42,242,94.0
UAB,nearear,12,42,243,95.0
UAB,nearear,12,42,244,96.0
UAB,nearear,12,42,245,97.0
UAB,nearear,12,42,246,98.0
UAB,nearear,12,42,247,98.0
UAB,nearear,12,42,248,99.0
UAB,nearear,12,42,249,100.0
UAB,nearear,12,42,250,100.0
UAB,nearear,12,42,251,100.0
UAB,nearear,12,42,252,101.0
UAB,nearear,12,42,253,101.0
UAB,nearear,12,42,254,101.0
UAB,nearear,12,42,255,102.0
UAB,nearear,12,42,256,102.0
UAB,nearear,12,42,257,103.0
UAB,nearear,12,42,258,103.0
UAB,nearear,12,42,259,104.0
UAB,nearear,12,42,260,105.0
UAB,nearear,12,42,261,105.0
UAB,nearear,12,42,262,105.0
UAB,nearear,12,42,263,105.0
UAB,nearear,12,42,264,105.0
UAB,nearear,12,42,265,106.0
UAB,nearear,12,42,266,106.0
UAB,nearear,12,42,267,106.0
UAB,nearear,12,42,268,106.0
UAB,nearear,12,42,269,106.0
UAB,nearear,12,42,270,106.0
UAB,nearear,12,42,271,106.0
UAB,nearear,12,42,272,106.0
UAB,nearear,12,42,273,107.0
UAB,nearear,12,42,274,107.0
UAB,nearear,12,42,275,108.0
UAB,nearear,12,42,276,108.0
UAB,nearear,12,42,277,109.0
UAB,nearear,12,42,278,109.0
UAB,nearear,12,42,279,109.0
UAB,nearear,12,42,280,110.0
UAB,nearear,12,42,281,111.0
UAB,nearear,12,42,282,112.0
UAB,nearear,12,42,283,112.0
UAB,nearear,12,42,284,112.0
UAB,nearear,12,42,285,112.0
UAB,nearear,12,42,286,113.0
UAB,nearear,12,42,287,113.0
UAB,nearear,12,42,288,114.0
UAB,nearear,12,42,289,114.0
UAB,nearear,12,42,290,114.0
UAB,nearear,12,42,291,115.0
UAB,nearear,12,42,292,116.0
UAB,nearear,12,42,293,116.0
UAB,nearear,12,42,294,117.0
UAB,nearear,12,42,295,117.0
UAB,nearear,12,42,296,117.0
UAB,nearear,12,42,297,117.0
UAB,nearear,12,42,298,117.0
UAB,nearear,12,42,299,117.0
UAB,nearear,12,42,300,117.0
UAB,nearear,12,42,301,117.0
UAB,nearear,12,42,302,117.0
UAB,nearear,12,42,303,117.0
UAB,nearear,12,42,304,118.0
UAB,nearear,12,42,305,118.0
UAB,nearear,12,42,306,118.0
UAB,nearear,12,42,307,119.0
UAB,nearear,12,42,308,120.0
UAB,nearear,12,42,309,120.0
UAB,nearear,12,42,310,120.0
UAB,nearear,12,42,311,121.0
UAB,nearear,12,42,312,122.0
UAB,nearear,12,42,313,123.0
UAB,nearear,12,42,314,123.0
UAB,nearear,12,42,315,123.0
UAB,nearear,12,42,316,123.0
UAB,nearear,12,42,317,123.0
UAB,nearear,12,42,318,123.0
UAB,nearear,12,42,319,124.0
UAB,nearear,12,42,320,124.0
UAB,nearear,12,42,321,124.0
UAB,nearear,12,42,322,125.0
UAB,nearear,12,42,323,125.0
UAB,nearear,12,42,324,126.0
UAB,nearear,12,42,325,126.0
UAB,nearear,12,42,326,127.0
UAB,nearear,12,42,327,127.0
UAB,nearear,12,42,328,127.0
UAB,nearear,12,42,329,127.0
UAB,nearear,12,42,330,128.0
UAB,nearear,12,42,331,128.0
UAB,nearear,12,42,332,129.0
UAB,nearear,12,42,333,129.0
UAB,nearear,12,42,334,129.0
UAB,nearear,12,42,335,129.0
UAB,nearear,12,42,336,129.0
UAB,nearear,12,42,337,129.0
UAB,nearear,12,42,338,129.0
UAB,nearear,12,42,339,130.0
UAB,nearear,12,42,340,131.0
UAB,nearear,12,42,341,131.0
UAB,nearear,12,42,342,131.0
UAB,nearear,12,42,343,131.0
UAB,nearear,12,42,344,132.0
UAB,nearear,12,42,345,132.0
UAB,nearear,12,42,346,132.0
UAB,nearear,12,42,347,132.0
UAB,nearear,12,42,348,132.0
UAB,nearear,12,42,349,132.0
UAB,nearear,12,42,350,132.0
UAB,nearear,12,42,351,133.0
UAB,nearear,12,42,352,133.0
UAB,nearear,12,42,353,133.0
UAB,nearear,12,42,354,133.0
UAB,nearear,12,42,355,133.0
UAB,nearear,12,42,356,133.0
UAB,nearear,12,42,357,133.0
UAB,nearear,12,42,358,134.0
UAB,nearear,12,42,359,134.0
UAB,nearear,12,42,360,135.0
UAB,nearear,12,42,361,135.0
UAB,nearear,12,42,362,135.0
UAB,nearear,12,42,363,135.0
UAB,nearear,12,42,364,136.0
UAB,nearear,12,42,365,136.0
UAB,nearear,12,42,366,136.0
UAB,nearear,12,42,367,136.0
UAB,nearear,12,42,368,136.0
UAB,nearear,12,42,369,137.0
UAB,nearear,12,42,370,138.0
UAB,nearear,12,42,371,138.0
UAB,nearear,12,42,372,138.0
UAB,nearear,12,42,373,139.0
UAB,nearear,12,42,374,140.0
UAB,nearear,12,42,375,141.0
UAB,nearear,12,42,376,141.0
UAB,nearear,12,42,377,142.0
UAB,nearear,12,42,378,142.0
UAB,nearear,12,42,379,142.0
UAB,nearear,12,42,380,142.0
UAB,nearear,12,42,381,142.0
UAB,nearear,12,42,382,142.0
UAB,nearear,12,42,383,143.0
UAB,nearear,12,42,384,143.0
UAB,nearear,12,42,385,143.0
UAB,nearear,12,42,386,143.0
UAB,nearear,12,42,387,144.0
UAB,nearear,12,42,388,144.0
UAB,nearear,12,42,389,144.0
UAB,nearear,12,42,390,144.0
UAB,nearear,12,42,391,144.0
UAB,nearear,12,42,392,144.0
UAB,nearear,12,42,393,145.0
UAB,nearear,12,42,394,145.0
UAB,nearear,12,42,395,146.0
UAB,nearear,12,42,396,146.0
UAB,nearear,12,42,397,147.0
UAB,nearear,12,42,398,147.0
UAB,nearear,12,42,399,147.0
UAB,nearear,12,42,400,147.0
UAB,nearear,12,42,401,147.0
UAB,nearear,12,42,402,148.0
UAB,nearear,12,42,403,149.0
UAB,nearear,12,42,404,149.0
UAB,nearear,12,42,405,149.0
UAB,nearear,12,42,406,149.0
UAB,nearear,12,42,407,149.0
UAB,nearear,12,42,408,150.0
UAB,nearear,12,42,409,151.0
UAB,nearear,12,42,410,151.0
UAB,nearear,12,42,411,151.0
UAB,nearear,12,42,412,151.0
UAB,nearear,12,42,413,151.0
UAB,nearear,12,42,414,151.0
UAB,nearear,12,42,415,152.0
UAB,nearear,12,42,416,152.0
UAB,nearear,12,42,417,153.0
UAB,nearear,12,42,418,154.0
UAB,nearear,12,42,419,154.0
UAB,nearear,12,42,420,155.0
UAB,nearear,12,42,421,156.0
UAB,nearear,12,42,422,157.0
UAB,nearear,12,42,423,158.0
UAB,nearear,12,42,424,158.0
UAB,nearear,12,42,425,158.0
UAB,nearear,12,42,426,158.0
UAB,nearear,12,42,427,159.0
UAB,nearear,12,42,428,159.0
UAB,nearear,12,42,429,159.0
UAB,nearear,12,42,430,159.0
UAB,nearear,12,42,431,159.0
UAB,nearear,12,42,432,159.0
UAB,nearear,12,42,433,160.0
UAB,nearear,12,42,434,160.0
UAB,nearear,12,42,435,160.0
UAB,nearear,12,42,436,160.0
UAB,nearear,12,42,437,160.0
UAB,nearear,12,42,438,160.0
UAB,nearear,12,42,439,161.0
UAB,nearear,12,42,440,161.0
UAB,nearear,12,42,441,162.0
UAB,nearear,12,42,442,162.0
UAB,nearear,12,42,443,163.0
UAB,nearear,12,42,444,163.0
UAB,nearear,12,42,445,163.0
UAB,nearear,12,42,446,163.0
UAB,nearear,12,42,447,163.0
UAB,nearear,12,42,448,163.0
UAB,nearear,12,42,449,163.0
UAB,nearear,12,42,450,163.0
UAB,nearear,12,42,451,163.0
UAB,nearear,12,42,452,163.0
UAB,nearear,12,42,453,163.0
UAB,nearear,12,42,454,164.0
UAB,nearear,12,42,455,164.0
UAB,nearear,12,42,456,164.0
UAB,nearear,12,42,457,165.0
UAB,nearear,12,42,458,165.0
UAB,nearear,12,42,459,165.0
UAB,nearear,12,42,460,165.0
UAB,nearear,12,42,461,165.0
UAB,nearear,12,42,462,165.0
UAB,nearear,12,42,463,165.0
UAB,nearear,12,42,464,166.0
UAB,nearear,12,42,465,167.0
UAB,nearear,12,42,466,167.0
UAB,nearear,12,42,467,167.0
UAB,nearear,12,42,468,168.0
UAB,nearear,12,42,469,168.0
UAB,nearear,12,42,470,169.0
UAB,nearear,12,42,471,170.0
UAB,nearear,12,42,472,170.0
UAB,nearear,12,42,473,170.0
UAB,nearear,12,42,474,171.0
UAB,nearear,12,42,475,171.0
UAB,nearear,12,42,476,171.0
UAB,nearear,12,42,477,172.0
UAB,nearear,12,42,478,173.0
UAB,nearear,12,42,479,174.0
UAB,nearear,12,42,480,174.0
UAB,nearear,12,42,481,175.0
UAB,nearear,12,42,482,175.0
UAB,nearear,12,42,483,175.0
UAB,nearear,12,42,484,175.0
UAB,nearear,12,42,485,175.0
UAB,nearear,12,42,486,176.0
UAB,nearear,12,42,487,176.0
UAB,nearear,12,42,488,177.0
UAB,nearear,12,42,489,177.0
UAB,nearear,12,42,490,177.0
UAB,nearear,12,42,491,177.0
UAB,nearear,12,42,492,178.0
UAB,nearear,12,42,493,178.0
UAB,nearear,12,42,494,179.0
UAB,nearear,12,42,495,180.0
UAB,nearear,12,42,496,181.0
UAB,nearear,12,42,497,181.0
UAB,nearear,12,42,498,182.0
UAB,nearear,12,42,499,182.0
UAB,nearear,12,42,500,182.0
UAB,nearear,12,42,501,182.0
UAB,nearear,12,42,502,182.0
UAB,nearear,12,42,503,182.0
UAB,nearear,12,42,504,182.0
UAB,nearear,12,42,505,182.0
UAB,nearear,12,42,506,182.0
UAB,nearear,12,42,507,182.0
UAB,nearear,12,42,508,182.0
UAB,nearear,12,42,509,182.0
UAB,nearear,12,42,510,183.0
UAB,nearear,12,42,511,184.0
UAB,nearear,12,42,512,185.0
UAB,nearear,12,42,513,185.0
UAB,nearear,12,42,514,185.0
UAB,nearear,12,42,515,186.0
UAB,nearear,12,42,516,186.0
UAB,nearear,12,42,517,186.0
UAB,nearear,12,42,518,186.0
UAB,nearear,12,42,519,186.0
UAB,nearear,12,42,520,186.0
UAB,nearear,12,42,521,186.0
UAB,nearear,12,42,522,187.0
UAB,nearear,12,42,523,187.0
UAB,nearear,12,42,524,187.0
UAB,nearear,12,42,525,188.0
UAB,nearear,12,42,526,188.0
UAB,nearear,12,42,527,188.0
UAB,nearear,12,42,528,188.0
UAB,nearear,12,42,529,188.0
UAB,nearear,12,42,530,189.0
UAB,nearear,13,42,0,1.0
UAB,nearear,13,42,1,2.0
UAB,nearear,13,42,2,2.0
UAB,nearear,13,42,3,3.0
UAB,nearear,13,42,4,4.0
UAB,nearear,13,42,5,4.0
UAB,nearear,13,42,6,4.0
UAB,nearear,13,42,7,4.0
UAB,nearear,13,42,8,4.0
UAB,nearear,13,42,9,4.0
UAB,nearear,13,42,10,5.0
UAB,nearear,13,42,11,5.0
UAB,nearear,13,42,12,6.0
UAB,nearear,13,42,13,6.0
UAB,nearear,13,42,14,7.0
UAB,nearear,13,42,15,7.0
UAB,nearear,13,42,16,7.0
UAB,nearear,13,42,17,8.0
UAB,nearear,13,42,18,9.0
UAB,nearear,13,42,19,9.0
UAB,nearear,13,42,20,9.0
UAB,nearear,13,42,21,10.0
UAB,nearear,13,42,22,10.0
UAB,nearear,13,42,23,10.0
UAB,nearear,13,42,24,10.0
UAB,nearear,13,42,25,11.0
UAB,nearear,13,42,26,12.0
UAB,nearear,13,42,27,13.0
UAB,nearear,13,42,28,13.0
UAB,nearear,13,42,29,13.0
UAB,nearear,13,42,30,13.0
UAB,nearear,13,42,31,14.0
UAB,nearear,13,42,32,15.0
UAB,nearear,13,42,33,16.0
UAB,nearear,13,42,34,16.0
UAB,nearear,13,42,35,16.0
UAB,nearear,13,42,36,16.0
UAB,nearear,13,42,37,17.0
UAB,nearear,13,42,38,17.0
UAB,nearear,13,42,39,18.0
UAB,nearear,13,42,40,18.0
UAB,nearear,13,42,41,19.0
UAB,nearear,13,42,42,19.0
UAB,nearear,13,42,43,20.0
UAB,nearear,13,42,44,20.0
UAB,nearear,13,42,45,21.0
UAB,nearear,13,42,46,21.0
UAB,nearear,13,42,47,21.0
UAB,nearear,13,42,48,21.0
UAB,nearear,13,42,49,21.0
UAB,nearear,13,42,50,22.0
UAB,nearear,13,42,51,22.0
UAB,nearear,13,42,52,23.0
UAB,nearear,13,42,53,24.0
UAB,nearear,13,42,54,25.0
UAB,nearear,13,42,55,25.0
UAB,nearear,13,42,56,25.0
UAB,nearear,13,42,57,26.0
UAB,nearear,13,42,58,26.0
UAB,nearear,13,42,59,27.0
UAB,nearear,13,42,60,27.0
UAB,nearear,13,42,61,27.0
UAB,nearear,13,42,62,27.0
UAB,nearear,13,42,63,27.0
UAB,nearear,13,42,64,28.0
UAB,nearear,13,42,65,29.0
UAB,nearear,13,42,66,30.0
UAB,nearear,13,42,67,31.0
UAB,nearear,13,42,68,31.0
UAB,nearear,13,42,69,32.0
UAB,nearear,13,42,70,32.0
UAB,nearear,13,42,71,33.0
UAB,nearear,13,42,72,33.0
UAB,nearear,13,42,73,33.0
UAB,nearear,13,42,74,34.0
UAB,nearear,13,42,75,35.0
UAB,nearear,13,42,76,35.0
UAB,nearear,13,42,77,35.0
UAB,nearear,13,42,78,35.0
UAB,nearear,13,42,79,35.0
UAB,nearear,13,42,80,36.0
UAB,nearear,13,42,81,37.0
UAB,nearear,13,42,82,37.0
UAB,nearear,13,42,83,38.0
UAB,nearear,13,42,84,39.0
UAB,nearear,13,42,85,39.0
UAB,nearear,13,42,86,39.0
UAB,nearear,13,42,87,40.0
UAB,nearear,13,42,88,40.0
UAB,nearear,13,42,89,41.0
UAB,nearear,13,42,90,41.0
UAB,nearear,13,42,91,42.0
UAB,nearear,13,42,92,43.0
UAB,nearear,13,42,93,43.0
UAB,nearear,13,42,94,44.0
UAB,nearear,13,42,95,44.0
UAB,nearear,13,42,96,44.0
UAB,nearear,13,42,97,44.0
UAB,nearear,13,42,98,44.0
UAB,nearear,13,42,99,44.0
UAB,nearear,13,42,100,45.0
UAB,nearear,13,42,101,45.0
UAB,nearear,13,42,102,46.0
UAB,nearear,13,42,103,47.0
UAB,nearear,13,42,104,47.0
UAB,nearear,13,42,105,48.0
UAB,nearear,13,42,106,49.0
UAB,nearear,13,42,107,50.0
UAB,nearear,13,42,108,50.0
UAB,nearear,13,42,109,51.0
UAB,nearear,13,42,110,51.0
UAB,nearear,13,42,111,52.0
UAB,nearear,13,42,112,53.0
UAB,nearear,13,42,113,54.0
UAB,nearear,13,42,114,55.0
UAB,nearear,13,42,115,55.0
UAB,nearear,13,42,116,55.0
UAB,nearear,13,42,117,56.0
UAB,nearear,13,42,118,56.0
UAB,nearear,13,42,119,56.0
UAB,nearear,13,42,120,56.0
UAB,nearear,13,42,121,56.0
UAB,nearear,13,42,122,56.0
UAB,nearear,13,42,123,57.0
UAB,nearear,13,42,124,57.0
UAB,nearear,13,42,125,58.0
UAB,nearear,13,42,126,59.0
UAB,nearear,13,42,127,59.0
UAB,nearear,13,42,128,59.0
UAB,nearear,13,42,129,60.0
UAB,nearear,13,42,130,60.0
UAB,nearear,13,42,131,60.0
UAB,nearear,13,42,132,61.0
UAB,nearear,13,42,133,62.0
UAB,nearear,13,42,134,63.0
UAB,nearear,13,42,135,64.0
UAB,nearear,13,42,136,65.0
UAB,nearear,13,42,137,66.0
UAB,nearear,13,42,138,66.0
UAB,nearear,13,42,139,67.0
UAB,nearear,13,42,140,67.0
UAB,nearear,13,42,141,68.0
UAB,nearear,13,42,142,68.0
UAB,nearear,13,42,143,69.0
UAB,nearear,13,42,144,70.0
UAB,nearear,13,42,145,70.0
UAB,nearear,13,42,146,70.0
UAB,nearear,13,42,147,70.0
UAB,nearear,13,42,148,70.0
UAB,nearear,13,42,149,70.0
UAB,nearear,13,42,150,71.0
UAB,nearear,13,42,151,71.0
UAB,nearear,13,42,152,71.0
UAB,nearear,13,42,153,71.0
UAB,nearear,13,42,154,71.0
UAB,nearear,13,42,155,72.0
UAB,nearear,13,42,156,73.0
UAB,nearear,13,42,157,73.0
UAB,nearear,13,42,158,73.0
UAB,nearear,13,42,159,74.0
UAB,nearear,13,42,160,75.0
UAB,nearear,13,42,161,75.0
UAB,nearear,13,42,162,76.0
UAB,nearear,13,42,163,76.0
UAB,nearear,13,42,164,76.0
UAB,nearear,13,42,165,76.0
UAB,nearear,13,42,166,76.0
UAB,nearear,13,42,167,76.0
UAB,nearear,13,42,168,77.0
UAB,nearear,13,42,169,78.0
UAB,nearear,13,42,170,79.0
UAB,nearear,13,42,171,80.0
UAB,nearear,13,42,172,81.0
UAB,nearear,13,42,173,82.0
UAB,nearear,13,42,174,82.0
UAB,nearear,13,42,175,83.0
UAB,nearear,13,42,176,84.0
UAB,nearear,13,42,177,84.0
UAB,nearear,13,42,178,85.0
UAB,nearear,13,42,179,86.0
UAB,nearear,13,42,180,86.0
UAB,nearear,13,42,181,87.0
UAB,nearear,13,42,182,87.0
UAB,nearear,13,42,183,87.0
UAB,nearear,13,42,184,87.0
UAB,nearear,13,42,185,88.0
UAB,nearear,13,42,186,88.0
UAB,nearear,13,42,187,88.0
UAB,nearear,13,42,188,88.0
UAB,nearear,13,42,189,88.0
UAB,nearear,13,42,190,88.0
UAB,nearear,13,42,191,89.0
UAB,nearear,13,42,192,89.0
UAB,nearear,13,42,193,89.0
UAB,nearear,13,42,194,89.0
UAB,nearear,13,42,195,90.0
UAB,nearear,13,42,196,91.0
UAB,nearear,13,42,197,92.0
UAB,nearear,13,42,198,92.0
UAB,nearear,13,42,199,92.0
UAB,nearear,13,42,200,92.0
UAB,nearear,13,42,201,92.0
UAB,nearear,13,42,202,93.0
UAB,nearear,13,42,203,94.0
UAB,nearear,13,42,204,94.0
UAB,nearear,13,42,205,94.0
UAB,nearear,13,42,206,95.0
UAB,nearear,13,42,207,95.0
UAB,nearear,13,42,208,96.0
UAB,nearear,13,42,209,97.0
UAB,nearear,13,42,210,98.0
UAB,nearear,13,42,211,98.0
UAB,nearear,13,42,212,98.0
UAB,nearear,13,42,213,98.0
UAB,nearear,13,42,214,98.0
UAB,nearear,13,42,215,98.0
UAB,nearear,13,42,216,99.0
UAB,nearear,13,42,217,99.0
UAB,nearear,13,42,218,100.0
UAB,nearear,13,42,219,101.0
UAB,nearear,13,42,220,102.0
UAB,nearear,13,42,221,102.0
UAB,nearear,13,42,222,103.0
UAB,nearear,13,42,223,103.0
UAB,nearear,13,42,224,103.0
UAB,nearear,13,42,225,103.0
UAB,nearear,13,42,226,104.0
UAB,nearear,13,42,227,105.0
UAB,nearear,13,42,228,105.0
UAB,nearear,13,42,229,105.0
UAB,nearear,13,42,230,105.0
UAB,nearear,13,42,231,105.0
UAB,nearear,13,42,232,105.0
UAB,nearear,13,42,233,105.0
UAB,nearear,13,42,234,105.0
UAB,nearear,13,42,235,105.0
UAB,nearear,13,42,236,105.0
UAB,nearear,13,42,237,106.0
UAB,nearear,13,42,238,107.0
UAB,nearear,13,42,239,107.0
UAB,nearear,13,42,240,107.0
UAB,nearear,13,42,241,107.0
UAB,nearear,13,42,242,108.0
UAB,nearear,13,42,243,108.0
UAB,nearear,13,42,244,108.0
UAB,nearear,13,42,245,108.0
UAB,nearear,13,42,246,108.0
UAB,nearear,13,42,247,108.0
UAB,nearear,13,42,248,109.0
UAB,nearear,13,42,249,109.0
UAB,nearear,13,42,250,110.0
UAB,nearear,13,42,251,110.0
UAB,nearear,13,42,252,111.0
UAB,nearear,13,42,253,112.0
UAB,nearear,13,42,254,113.0
UAB,nearear,13,42,255,114.0
UAB,nearear,13,42,256,114.0
UAB,nearear,13,42,257,114.0
UAB,nearear,13,42,258,115.0
UAB,nearear,13,42,259,115.0
UAB,nearear,13,42,260,115.0
UAB,nearear,13,42,261,115.0
UAB,nearear,13,42,262,115.0
UAB,nearear,13,42,263,115.0
UAB,nearear,13,42,264,116.0
UAB,nearear,13,42,265,117.0
UAB,nearear,13,42,266,117.0
UAB,nearear,13,42,267,117.0
UAB,nearear,13,42,268,117.0
UAB,nearear,13,42,269,117.0
UAB,nearear,13,42,270,118.0
UAB,nearear,13,42,271,119.0
UAB,nearear,13,42,272,120.0
UAB,nearear,13,42,273,121.0
UAB,nearear,13,42,274,121.0
UAB,nearear,13,42,275,121.0
UAB,nearear,13,42,276,121.0
UAB,nearear,13,42,277,121.0
UAB,nearear,13,42,278,121.0
UAB,nearear,13,42,279,122.0
UAB,nearear,13,42,280,123.0
UAB,nearear,13,42,281,123.0
UAB,nearear,13,42,282,123.0
UAB,nearear,13,42,283,123.0
UAB,nearear,13,42,284,124.0
UAB,nearear,13,42,285,125.0
UAB,nearear,13,42,286,126.0
UAB,nearear,13,42,287,126.0
UAB,nearear,13,42,288,126.0
UAB,nearear,13,42,289,126.0
UAB,nearear,13,42,290,126.0
UAB,nearear,13,42,291,126.0
UAB,nearear,13,42,292,127.0
UAB,nearear,13,42,293,127.0
UAB,nearear,13,42,294,127.0
UAB,nearear,13,42,295,127.0
UAB,nearear,13,42,296,128.0
UAB,nearear,13,42,297,128.0
UAB,nearear,13,42,298,128.0
UAB,nearear,13,42,299,129.0
UAB,nearear,13,42,300,130.0
UAB,nearear,13,42,301,130.0
UAB,nearear,13,42,302,131.0
UAB,nearear,13,42,303,132.0
UAB,nearear,13,42,304,132.0
UAB,nearear,13,42,305,132.0
UAB,nearear,13,42,306,132.0
UAB,nearear,13,42,307,133.0
UAB,nearear,13,42,308,133.0
UAB,nearear,13,42,309,134.0
UAB,nearear,13,42,310,135.0
UAB,nearear,13,42,311,136.0
UAB,nearear,13,42,312,137.0
UAB,nearear,13,42,313,138.0
UAB,nearear,13,42,314,138.0
UAB,nearear,13,42,315,139.0
UAB,nearear,13,42,316,140.0
UAB,nearear,13,42,317,140.0
UAB,nearear,13,42,318,140.0
UAB,nearear,13,42,319,140.0
UAB,nearear,13,42,320,140.0
UAB,nearear,13,42,321,140.0
UAB,nearear,13,42,322,141.0
UAB,nearear,13,42,323,141.0
UAB,nearear,13,42,324,141.0
UAB,nearear,13,42,325,142.0
UAB,nearear,13,42,326,143.0
UAB,nearear,13,42,327,144.0
UAB,nearear,13,42,328,144.0
UAB,nearear,13,42,329,144.0
UAB,nearear,13,42,330,144.0
UAB,nearear,13,42,331,145.0
UAB,nearear,13,42,332,145.0
UAB,nearear,13,42,333,146.0
UAB,nearear,13,42,334,146.0
UAB,nearear,13,42,335,146.0
UAB,nearear,13,42,336,147.0
UAB,nearear,13,42,337,148.0
UAB,nearear,13,42,338,149.0
UAB,nearear,13,42,339,149.0
UAB,nearear,13,42,340,149.0
UAB,nearear,13,42,341,149.0
UAB,nearear,13,42,342,149.0
UAB,nearear,13,42,343,150.0
UAB,nearear,13,42,344,150.0
UAB,nearear,13,42,345,150.0
UAB,nearear,13,42,346,151.0
UAB,nearear,13,42,347,151.0
UAB,nearear,13,42,348,152.0
UAB,nearear,13,42,349,152.0
UAB,nearear,13,42,350,152.0
UAB,nearear,13,42,351,152.0
UAB,nearear,13,42,352,153.0
UAB,nearear,13,42,353,154.0
UAB,nearear,13,42,354,154.0
UAB,nearear,13,42,355,155.0
UAB,nearear,13,42,356,155.0
UAB,nearear,13,42,357,156.0
UAB,nearear,13,42,358,156.0
UAB,nearear,13,42,359,157.0
UAB,nearear,13,42,360,157.0
UAB,nearear,13,42,361,157.0
UAB,nearear,13,42,362,158.0
UAB,nearear,13,42,363,158.0
UAB,nearear,13,42,364,158.0
UAB,nearear,13,42,365,158.0
UAB,nearear,13,42,366,159.0
UAB,nearear,13,42,367,159.0
UAB,nearear,13,42,368,160.0
UAB,nearear,13,42,369,160.0
UAB,nearear,13,42,370,160.0
UAB,nearear,13,42,371,160.0
UAB,nearear,13,42,372,160.0
UAB,nearear,13,42,373,160.0
UAB,nearear,13,42,374,160.0
UAB,nearear,13,42,375,160.0
UAB,nearear,13,42,376,160.0
UAB,nearear,13,42,377,160.0
UAB,nearear,13,42,378,160.0
UAB,nearear,13,42,379,160.0
UAB,nearear,13,42,380,160.0
UAB,nearear,13,42,381,160.0
UAB,nearear,13,42,382,160.0
UAB,nearear,13,42,383,160.0
UAB,nearear,13,42,384,160.0
UAB,nearear,13,42,385,161.0
UAB,nearear,13,42,386,161.0
UAB,nearear,13,42,387,161.0
UAB,nearear,13,42,388,162.0
UAB,nearear,13,42,389,163.0
UAB,nearear,13,42,390,163.0
UAB,nearear,13,42,391,163.0
UAB,nearear,13,42,392,164.0
UAB,nearear,13,42,393,164.0
UAB,nearear,13,42,394,165.0
UAB,nearear,13,42,395,166.0
UAB,nearear,13,42,396,166.0
UAB,nearear,13,42,397,167.0
UAB,nearear,13,42,398,168.0
UAB,nearear,13,42,399,168.0
UAB,nearear,13,42,400,168.0
UAB,nearear,13,42,401,169.0
UAB,nearear,13,42,402,169.0
UAB,nearear,13,42,403,170.0
UAB,nearear,13,42,404,171.0
UAB,nearear,13,42,405,171.0
UAB,nearear,13,42,406,171.0
UAB,nearear,13,42,407,171.0
UAB,nearear,13,42,408,171.0
UAB,nearear,13,42,409,171.0
UAB,nearear,13,42,410,171.0
UAB,nearear,13,42,411,172.0
UAB,nearear,13,42,412,172.0
UAB,nearear,13,42,413,173.0
UAB,nearear,13,42,414,174.0
UAB,nearear,13,42,415,174.0
UAB,nearear,13,42,416,175.0
UAB,nearear,13,42,417,175.0
UAB,nearear,13,42,418,176.0
UAB,nearear,13,42,419,176.0
UAB,nearear,13,42,420,176.0
UAB,nearear,13,42,421,176.0
UAB,nearear,13,42,422,176.0
UAB,nearear,13,42,423,176.0
UAB,nearear,13,42,424,177.0
UAB,nearear,13,42,425,177.0
UAB,nearear,13,42,426,178.0
UAB,nearear,13,42,427,178.0
UAB,nearear,13,42,428,178.0
UAB,nearear,13,42,429,178.0
UAB,nearear,13,42,430,179.0
UAB,nearear,13,42,431,179.0
UAB,nearear,13,42,432,180.0
UAB,nearear,13,42,433,180.0
UAB,nearear,13,42,434,180.0
UAB,nearear,13,42,435,181.0
UAB,nearear,13,42,436,181.0
UAB,nearear,13,42,437,182.0
UAB,nearear,13,42,438,182.0
UAB,nearear,13,42,439,183.0
UAB,nearear,13,42,440,184.0
UAB,nearear,13,42,441,185.0
UAB,nearear,13,42,442,186.0
UAB,nearear,13,42,443,187.0
UAB,nearear,13,42,444,188.0
UAB,nearear,13,42,445,188.0
UAB,nearear,13,42,446,188.0
UAB,nearear,13,42,447,188.0
UAB,nearear,13,42,448,188.0
UAB,nearear,13,42,449,189.0
UAB,nearear,13,42,450,189.0
UAB,nearear,13,42,451,190.0
UAB,nearear,13,42,452,190.0
UAB,nearear,13,42,453,190.0
UAB,nearear,13,42,454,190.0
UAB,nearear,13,42,455,190.0
UAB,nearear,13,42,456,190.0
UAB,nearear,13,42,457,190.0
UAB,nearear,13,42,458,190.0
UAB,nearear,13,42,459,191.0
UAB,nearear,13,42,460,191.0
UAB,nearear,13,42,461,192.0
UAB,nearear,13,42,462,192.0
UAB,nearear,13,42,463,192.0
UAB,nearear,13,42,464,193.0
UAB,nearear,13,42,465,193.0
UAB,nearear,13,42,466,193.0
UAB,nearear,13,42,467,194.0
UAB,nearear,13,42,468,194.0
UAB,nearear,13,42,469,195.0
UAB,nearear,13,42,470,196.0
UAB,nearear,13,42,471,197.0
UAB,nearear,13,42,472,197.0
UAB,nearear,13,42,473,198.0
UAB,nearear,13,42,474,198.0
UAB,nearear,13,42,475,198.0
UAB,nearear,13,42,476,198.0
UAB,nearear,13,42,477,198.0
UAB,nearear,13,42,478,199.0
UAB,nearear,13,42,479,199.0
UAB,nearear,13,42,480,199.0
UAB,nearear,13,42,481,199.0
UAB,nearear,13,42,482,199.0
UAB,nearear,13,42,483,199.0
UAB,nearear,13,42,484,199.0
UAB,nearear,13,42,485,199.0
UAB,nearear,13,42,486,200.0
UAB,nearear,13,42,487,200.0
UAB,nearear,13,42,488,201.0
UAB,nearear,13,42,489,201.0
UAB,nearear,13,42,490,201.0
UAB,nearear,13,42,491,201.0
UAB,nearear,13,42,492,201.0
UAB,nearear,13,42,493,202.0
UAB,nearear,13,42,494,203.0
UAB,nearear,13,42,495,204.0
UAB,nearear,13,42,496,204.0
UAB,nearear,13,42,497,205.0
UAB,nearear,13,42,498,205.0
UAB,nearear,13,42,499,206.0
UAB,nearear,13,42,500,207.0
UAB,nearear,13,42,501,208.0
UAB,nearear,13,42,502,209.0
UAB,nearear,13,42,503,209.0
UAB,nearear,13,42,504,210.0
UAB,nearear,13,42,505,210.0
UAB,nearear,13,42,506,211.0
UAB,nearear,13,42,507,212.0
UAB,nearear,13,42,508,212.0
UAB,nearear,13,42,509,213.0
UAB,nearear,13,42,510,213.0
UAB,nearear,13,42,511,213.0
UAB,nearear,13,42,512,213.0
UAB,nearear,13,42,513,213.0
UAB,nearear,13,42,514,214.0
UAB,nearear,13,42,515,214.0
UAB,nearear,13,42,516,215.0
UAB,nearear,13,42,517,215.0
UAB,nearear,13,42,518,215.0
UAB,nearear,13,42,519,215.0
UAB,nearear,13,42,520,215.0
UAB,nearear,13,42,521,216.0
UAB,nearear,13,42,522,216.0
UAB,nearear,13,42,523,216.0
UAB,nearear,13,42,524,217.0
UAB,nearear,13,42,525,217.0
UAB,nearear,14,42,0,0.0
UAB,nearear,14,42,1,0.0
UAB,nearear,14,42,2,1.0
UAB,nearear,14,42,3,2.0
UAB,nearear,14,42,4,2.0
UAB,nearear,14,42,5,3.0
UAB,nearear,14,42,6,4.0
UAB,nearear,14,42,7,5.0
UAB,nearear,14,42,8,6.0
UAB,nearear,14,42,9,6.0
UAB,nearear,14,42,10,6.0
UAB,nearear,14,42,11,6.0
UAB,nearear,14,42,12,6.0
UAB,nearear,14,42,13,7.0
UAB,nearear,14,42,14,7.0
UAB,nearear,14,42,15,7.0
UAB,nearear,14,42,16,8.0
UAB,nearear,14,42,17,9.0
UAB,nearear,14,42,18,9.0
UAB,nearear,14,42,19,9.0
UAB,nearear,14,42,20,10.0
UAB,nearear,14,42,21,11.0
UAB,nearear,14,42,22,12.0
UAB,nearear,14,42,23,12.0
UAB,nearear,14,42,24,13.0
UAB,nearear,14,42,25,13.0
UAB,nearear,14,42,26,13.0
UAB,nearear,14,42,27,13.0
UAB,nearear,14,42,28,14.0
UAB,nearear,14,42,29,14.0
UAB,nearear,14,42,30,15.0
UAB,nearear,14,42,31,16.0
UAB,nearear,14,42,32,16.0
UAB,nearear,14,42,33,17.0
UAB,nearear,14,42,34,18.0
UAB,nearear,14,42,35,18.0
UAB,nearear,14,42,36,19.0
UAB,nearear,14,42,37,20.0
UAB,nearear,14,42,38,20.0
UAB,nearear,14,42,39,20.0
UAB,nearear,14,42,40,21.0
UAB,nearear,14,42,41,22.0
UAB,nearear,14,42,42,23.0
UAB,nearear,14,42,43,24.0
UAB,nearear,14,42,44,25.0
UAB,nearear,14,42,45,25.0
UAB,nearear,14,42,46,25.0
UAB,nearear,14,42,47,26.0
UAB,nearear,14,42,48,27.0
UAB,nearear,14,42,49,28.0
UAB,nearear,14,42,50,28.0
UAB,nearear,14,42,51,29.0
UAB,nearear,14,42,52,29.0
UAB,nearear,14,42,53,30.0
UAB,nearear,14,42,54,31.0
UAB,nearear,14,42,55,31.0
UAB,nearear,14,42,56,31.0
UAB,nearear,14,42,57,32.0
UAB,nearear,14,42,58,33.0
UAB,nearear,14,42,59,33.0
UAB,nearear,14,42,60,34.0
UAB,nearear,14,42,61,34.0
UAB,nearear,14,42,62,34.0
UAB,nearear,14,42,63,34.0
UAB,nearear,14,42,64,35.0
UAB,nearear,14,42,65,35.0
UAB,nearear,14,42,66,36.0
UAB,nearear,14,42,67,36.0
UAB,nearear,14,42,68,37.0
UAB,nearear,14,42,69,38.0
UAB,nearear,14,42,70,38.0
UAB,nearear,14,42,71,39.0
UAB,nearear,14,42,72,40.0
UAB,nearear,14,42,73,40.0
UAB,nearear,14,42,74,40.0
UAB,nearear,14,42,75,40.0
UAB,nearear,14,42,76,40.0
UAB,nearear,14,42,77,40.0
UAB,nearear,14,42,78,41.0
UAB,nearear,14,42,79,42.0
UAB,nearear,14,42,80,42.0
UAB,nearear,14,42,81,43.0
UAB,nearear,14,42,82,44.0
UAB,nearear,14,42,83,45.0
UAB,nearear,14,42,84,45.0
UAB,nearear,14,42,85,45.0
UAB,nearear,14,42,86,45.0
UAB,nearear,14,42,87,46.0
UAB,nearear,14,42,88,47.0
UAB,nearear,14,42,89,47.0
UAB,nearear,14,42,90,47.0
UAB,nearear,14,42,91,48.0
UAB,nearear,14,42,92,48.0
UAB,nearear,14,42,93,49.0
UAB,nearear,14,42,94,50.0
UAB,nearear,14,42,95,50.0
UAB,nearear,14,42,96,50.0
UAB,nearear,14,42,97,51.0
UAB,nearear,14,42,98,51.0
UAB,nearear,14,42,99,52.0
UAB,nearear,14,42,100,52.0
UAB,nearear,14,42,101,53.0
UAB,nearear,14,42,102,54.0
UAB,nearear,14,42,103,55.0
UAB,nearear,14,42,104,56.0
UAB,nearear,14,42,105,56.0
UAB,nearear,14,42,106,57.0
UAB,nearear,14,42,107,57.0
UAB,nearear,14,42,108,58.0
UAB,nearear,14,42,109,58.0
UAB,nearear,14,42,110,59.0
UAB,nearear,14,42,111,60.0
UAB,nearear,14,42,112,60.0
UAB,nearear,14,42,113,61.0
UAB,nearear,14,42,114,61.0
UAB,nearear,14,42,115,62.0
UAB,nearear,14,42,116,63.0
UAB,nearear,14,42,117,64.0
UAB,nearear,14,42,118,65.0
UAB,nearear,14,42,119,66.0
UAB,nearear,14,42,120,66.0
UAB,nearear,14,42,121,66.0
UAB,nearear,14,42,122,67.0
UAB,nearear,14,42,123,68.0
UAB,nearear,14,42,124,68.0
UAB,nearear,14,42,125,68.0
UAB,nearear,14,42,126,68.0
UAB,nearear,14,42,127,68.0
UAB,nearear,14,42,128,69.0
UAB,nearear,14,42,129,69.0
UAB,nearear,14,42,130,70.0
UAB,nearear,14,42,131,71.0
UAB,nearear,14,42,132,71.0
UAB,nearear,14,42,133,71.0
UAB,nearear,14,42,134,71.0
UAB,nearear,14,42,135,72.0
UAB,nearear,14,42,136,73.0
UAB,nearear,14,42,137,74.0
UAB,nearear,14,42,138,75.0
UAB,nearear,14,42,139,75.0
UAB,nearear,14,42,140,75.0
UAB,nearear,14,42,141,76.0
UAB,nearear,14,42,142,77.0
UAB,nearear,14,42,143,78.0
UAB,nearear,14,42,144,79.0
UAB,nearear,14,42,145,79.0
UAB,nearear,14,42,146,80.0
UAB,nearear,14,42,147,81.0
UAB,nearear,14,42,148,82.0
UAB,nearear,14,42,149,83.0
UAB,nearear,14,42,150,83.0
UAB,nearear,14,42,151,84.0
UAB,nearear,14,42,152,85.0
UAB,nearear,14,42,153,86.0
UAB,nearear,14,42,154,86.0
UAB,nearear,14,42,155,86.0
UAB,nearear,14,42,156,86.0
UAB,nearear,14,42,157,86.0
UAB,nearear,14,42,158,86.0
UAB,nearear,14,42,159,87.0
UAB,nearear,14,42,160,88.0
UAB,nearear,14,42,161,89.0
UAB,nearear,14,42,162,89.0
UAB,nearear,14,42,163,90.0
UAB,nearear,14,42,164,91.0
UAB,nearear,14,42,165,92.0
UAB,nearear,14,42,166,92.0
UAB,nearear,14,42,167,93.0
UAB,nearear,14,42,168,94.0
UAB,nearear,14,42,169,95.0
UAB,nearear,14,42,170,96.0
UAB,nearear,14,42,171,96.0
UAB,nearear,14,42,172,97.0
UAB,nearear,14,42,173,98.0
UAB,nearear,14,42,174,98.0
UAB,nearear,14,42,175,98.0
UAB,nearear,14,42,176,99.0
UAB,nearear,14,42,177,99.0
UAB,nearear,14,42,178,100.0
UAB,nearear,14,42,179,101.0
UAB,nearear,14,42,180,101.0
UAB,nearear,14,42,181,102.0
UAB,nearear,14,42,182,102.0
UAB,nearear,14,42,183,102.0
UAB,nearear,14,42,184,103.0
UAB,nearear,14,42,185,103.0
UAB,nearear,14,42,186,103.0
UAB,nearear,14,42,187,103.0
UAB,nearear,14,42,188,104.0
UAB,nearear,14,42,189,104.0
UAB,nearear,14,42,190,105.0
UAB,nearear,14,42,191,106.0
UAB,nearear,14,42,192,107.0
UAB,nearear,14,42,193,108.0
UAB,nearear,14,42,194,108.0
UAB,nearear,14,42,195,109.0
UAB,nearear,14,42,196,110.0
UAB,nearear,14,42,197,111.0
UAB,nearear,14,42,198,111.0
UAB,nearear,14,42,199,111.0
UAB,nearear,14,42,200,112.0
UAB,nearear,14,42,201,112.0
UAB,nearear,14,42,202,113.0
UAB,nearear,14,42,203,113.0
UAB,nearear,14,42,204,113.0
UAB,nearear,14,42,205,114.0
UAB,nearear,14,42,206,115.0
UAB,nearear,14,42,207,115.0
UAB,nearear,14,42,208,116.0
UAB,nearear,14,42,209,116.0
UAB,nearear,14,42,210,116.0
UAB,nearear,14,42,211,117.0
UAB,nearear,14,42,212,118.0
UAB,nearear,14,42,213,118.0
UAB,nearear,14,42,214,119.0
UAB,nearear,14,42,215,119.0
UAB,nearear,14,42,216,120.0
UAB,nearear,14,42,217,120.0
UAB,nearear,14,42,218,120.0
UAB,nearear,14,42,219,120.0
UAB,nearear,14,42,220,120.0
UAB,nearear,14,42,221,121.0
UAB,nearear,14,42,222,122.0
UAB,nearear,14,42,223,122.0
UAB,nearear,14,42,224,123.0
UAB,nearear,14,42,225,124.0
UAB,nearear,14,42,226,124.0
UAB,nearear,14,42,227,125.0
UAB,nearear,14,42,228,125.0
UAB,nearear,14,42,229,125.0
UAB,nearear,14,42,230,125.0
UAB,nearear,14,42,231,126.0
UAB,nearear,14,42,232,127.0
UAB,nearear,14,42,233,128.0
UAB,nearear,14,42,234,128.0
UAB,nearear,14,42,235,129.0
UAB,nearear,14,42,236,129.0
UAB,nearear,14,42,237,129.0
UAB,nearear,14,42,238,129.0
UAB,nearear,14,42,239,129.0
UAB,nearear,14,42,240,130.0
UAB,nearear,14,42,241,130.0
UAB,nearear,14,42,242,131.0
UAB,nearear,14,42,243,131.0
UAB,nearear,14,42,244,131.0
UAB,nearear,14,42,245,132.0
UAB,nearear,14,42,246,133.0
UAB,nearear,14,42,247,134.0
UAB,nearear,14,42,248,135.0
UAB,nearear,14,42,249,136.0
UAB,nearear,14,42,250,136.0
UAB,nearear,14,42,251,137.0
UAB,nearear,14,42,252,137.0
UAB,nearear,14,42,253,138.0
UAB,nearear,14,42,254,139.0
UAB,nearear,14,42,255,140.0
UAB,nearear,14,42,256,141.0
UAB,nearear,14,42,257,141.0
UAB,nearear,14,42,258,142.0
UAB,nearear,14,42,259,142.0
UAB,nearear,14,42,260,142.0
UAB,nearear,14,42,261,143.0
UAB,nearear,14,42,262,143.0
UAB,nearear,14,42,263,143.0
UAB,nearear,14,42,264,143.0
UAB,nearear,14,42,265,143.0
UAB,nearear,14,42,266,144.0
UAB,nearear,14,42,267,144.0
UAB,nearear,14,42,268,145.0
UAB,nearear,14,42,269,146.0
UAB,nearear,14,42,270,147.0
UAB,nearear,14,42,271,147.0
UAB,nearear,14,42,272,148.0
UAB,nearear,14,42,273,149.0
UAB,nearear,14,42,274,149.0
UAB,nearear,14,42,275,150.0
UAB,nearear,14,42,276,151.0
UAB,nearear,14,42,277,152.0
UAB,nearear,14,42,278,152.0
UAB,nearear,14,42,279,152.0
UAB,nearear,14,42,280,153.0
UAB,nearear,14,42,281,153.0
UAB,nearear,14,42,282,153.0
UAB,nearear,14,42,283,154.0
UAB,nearear,14,42,284,155.0
UAB,nearear,14,42,285,156.0
UAB,nearear,14,42,286,156.0
UAB,nearear,14,42,287,156.0
UAB,nearear,14,42,288,157.0
UAB,nearear,14,42,289,157.0
UAB,nearear,14,42,290,158.0
UAB,nearear,14,42,291,159.0
UAB,nearear,14,42,292,159.0
UAB,nearear,14,42,293,160.0
UAB,nearear,14,42,294,161.0
UAB,nearear,14,42,295,161.0
UAB,nearear,14,42,296,161.0
UAB,nearear,14,42,297,161.0
UAB,nearear,14,42,298,162.0
UAB,nearear,14,42,299,162.0
UAB,nearear,14,42,300,162.0
UAB,nearear,14,42,301,163.0
UAB,nearear,14,42,302,163.0
UAB,nearear,14,42,303,163.0
UAB,nearear,14,42,304,164.0
UAB,nearear,14,42,305,164.0
UAB,nearear,14,42,306,164.0
UAB,nearear,14,42,307,164.0
UAB,nearear,14,42,308,164.0
UAB,nearear,14,42,309,164.0
UAB,nearear,14,42,310,165.0
UAB,nearear,14,42,311,165.0
UAB,nearear,14,42,312,165.0
UAB,nearear,14,42,313,166.0
UAB,nearear,14,42,314,167.0
UAB,nearear,14,42,315,167.0
UAB,nearear,14,42,316,168.0
UAB,nearear,14,42,317,168.0
UAB,nearear,14,42,318,169.0
UAB,nearear,14,42,319,170.0
UAB,nearear,14,42,320,170.0
UAB,nearear,14,42,321,171.0
UAB,nearear,14,42,322,172.0
UAB,nearear,14,42,323,172.0
UAB,nearear,14,42,324,173.0
UAB,nearear,14,42,325,173.0
UAB,nearear,14,42,326,173.0
UAB,nearear,14,42,327,174.0
UAB,nearear,14,42,328,175.0
UAB,nearear,14,42,329,176.0
UAB,nearear,14,42,330,177.0
UAB,nearear,14,42,331,178.0
UAB,nearear,14,42,332,179.0
UAB,nearear,14,42,333,179.0
UAB,nearear,14,42,334,180.0
UAB,nearear,14,42,335,181.0
UAB,nearear,14,42,336,181.0
UAB,nearear,14,42,337,181.0
UAB,nearear,14,42,338,182.0
UAB,nearear,14,42,339,182.0
UAB,nearear,14,42,340,182.0
UAB,nearear,14,42,341,183.0
UAB,nearear,14,42,342,183.0
UAB,nearear,14,42,343,183.0
UAB,nearear,14,42,344,183.0
UAB,nearear,14,42,345,184.0
UAB,nearear,14,42,346,184.0
UAB,nearear,14,42,347,185.0
UAB,nearear,14,42,348,185.0
UAB,nearear,14,42,349,185.0
UAB,nearear,14,42,350,185.0
UAB,nearear,14,42,351,186.0
UAB,nearear,14,42,352,186.0
UAB,nearear,14,42,353,186.0
UAB,nearear,14,42,354,186.0
UAB,nearear,14,42,355,186.0
UAB,nearear,14,42,356,186.0
UAB,nearear,14,42,357,187.0
UAB,nearear,14,42,358,188.0
UAB,nearear,14,42,359,188.0
UAB,nearear,14,42,360,189.0
UAB,nearear,14,42,361,189.0
UAB,nearear,14,42,362,190.0
UAB,nearear,14,42,363,191.0
UAB,nearear,14,42,364,192.0
UAB,nearear,14,42,365,193.0
UAB,nearear,14,42,366,193.0
UAB,nearear,14,42,367,193.0
UAB,nearear,14,42,368,194.0
UAB,nearear,14,42,369,194.0
UAB,nearear,14,42,370,195.0
UAB,nearear,14,42,371,196.0
UAB,nearear,14,42,372,197.0
UAB,nearear,14,42,373,197.0
UAB,nearear,14,42,374,198.0
UAB,nearear,14,42,375,199.0
UAB,nearear,14,42,376,199.0
UAB,nearear,14,42,377,200.0
UAB,nearear,14,42,378,200.0
UAB,nearear,14,42,379,201.0
UAB,nearear,14,42,380,201.0
UAB,nearear,14,42,381,201.0
UAB,nearear,14,42,382,202.0
UAB,nearear,14,42,383,203.0
UAB,nearear,14,42,384,204.0
UAB,nearear,14,42,385,204.0
UAB,nearear,14,42,386,205.0
UAB,nearear,14,42,387,206.0
UAB,nearear,14,42,388,207.0
UAB,nearear,14,42,389,207.0
UAB,nearear,14,42,390,207.0
UAB,nearear,14,42,391,207.0
UAB,nearear,14,42,392,207.0
UAB,nearear,14,42,393,208.0
UAB,nearear,14,42,394,208.0
UAB,nearear,14,42,395,209.0
UAB,nearear,14,42,396,209.0
UAB,nearear,14,42,397,209.0
UAB,nearear,14,42,398,209.0
UAB,nearear,14,42,399,210.0
UAB,nearear,14,42,400,210.0
UAB,nearear,14,42,401,210.0
UAB,nearear,14,42,402,211.0
UAB,nearear,14,42,403,211.0
UAB,nearear,14,42,404,211.0
UAB,nearear,14,42,405,212.0
UAB,nearear,14,42,406,212.0
UAB,nearear,14,42,407,213.0
UAB,nearear,14,42,408,214.0
UAB,nearear,14,42,409,214.0
UAB,nearear,14,42,410,214.0
UAB,nearear,14,42,411,215.0
UAB,nearear,14,42,412,216.0
UAB,nearear,14,42,413,217.0
UAB,nearear,14,42,414,217.0
UAB,nearear,14,42,415,218.0
UAB,nearear,14,42,416,218.0
UAB,nearear,14,42,417,218.0
UAB,nearear,14,42,418,219.0
UAB,nearear,14,42,419,220.0
UAB,nearear,14,42,420,220.0
UAB,nearear,14,42,421,221.0
UAB,nearear,14,42,422,222.0
UAB,nearear,14,42,423,223.0
UAB,nearear,14,42,424,224.0
UAB,nearear,14,42,425,225.0
UAB,nearear,14,42,426,226.0
UAB,nearear,14,42,427,227.0
UAB,nearear,14,42,428,228.0
UAB,nearear,14,42,429,229.0
UAB,nearear,14,42,430,230.0
UAB,nearear,14,42,431,230.0
UAB,nearear,14,42,432,230.0
UAB,nearear,14,42,433,230.0
UAB,nearear,14,42,434,230.0
UAB,nearear,14,42,435,231.0
UAB,nearear,14,42,436,231.0
UAB,nearear,14,42,437,232.0
UAB,nearear,14,42,438,233.0
UAB,nearear,14,42,439,233.0
UAB,nearear,14,42,440,234.0
UAB,nearear,14,42,441,234.0
UAB,nearear,14,42,442,234.0
UAB,nearear,14,42,443,234.0
UAB,nearear,14,42,444,234.0
UAB,nearear,14,42,445,234.0
UAB,nearear,14,42,446,235.0
UAB,nearear,14,42,447,236.0
UAB,nearear,14,42,448,237.0
UAB,nearear,14,42,449,238.0
UAB,nearear,14,42,450,239.0
UAB,nearear,14,42,451,239.0
UAB,nearear,14,42,452,239.0
UAB,nearear,14,42,453,239.0
UAB,nearear,14,42,454,239.0
UAB,nearear,14,42,455,240.0
UAB,nearear,14,42,456,240.0
UAB,nearear,14,42,457,240.0
UAB,nearear,14,42,458,240.0
UAB,nearear,14,42,459,240.0
UAB,nearear,14,42,460,240.0
UAB,nearear,14,42,461,240.0
UAB,nearear,14,42,462,240.0
UAB,nearear,14,42,463,240.0
UAB,nearear,14,42,464,240.0
UAB,nearear,14,42,465,240.0
UAB,nearear,14,42,466,240.0
UAB,nearear,14,42,467,241.0
UAB,nearear,14,42,468,242.0
UAB,nearear,14,42,469,242.0
UAB,nearear,14,42,470,243.0
UAB,nearear,14,42,471,244.0
UAB,nearear,14,42,472,245.0
UAB,nearear,14,42,473,245.0
UAB,nearear,14,42,474,245.0
UAB,nearear,14,42,475,246.0
UAB,nearear,14,42,476,246.0
UAB,nearear,14,42,477,246.0
UAB,nearear,14,42,478,246.0
UAB,nearear,14,42,479,246.0
UAB,nearear,14,42,480,246.0
UAB,nearear,14,42,481,246.0
UAB,nearear,14,42,482,247.0
UAB,nearear,14,42,483,248.0
UAB,nearear,14,42,484,249.0
UAB,nearear,14,42,485,249.0
UAB,nearear,14,42,486,249.0
UAB,nearear,14,42,487,250.0
UAB,nearear,14,42,488,251.0
UAB,nearear,14,42,489,252.0
UAB,nearear,14,42,490,253.0
UAB,nearear,14,42,491,253.0
UAB,nearear,14,42,492,254.0
UAB,nearear,14,42,493,255.0
UAB,nearear,14,42,494,256.0
UAB,nearear,14,42,495,257.0
UAB,nearear,14,42,496,257.0
UAB,nearear,14,42,497,257.0
UAB,nearear,14,42,498,258.0
UAB,nearear,14,42,499,258.0
UAB,nearear,14,42,500,258.0
UAB,nearear,14,42,501,259.0
UAB,nearear,14,42,502,259.0
UAB,nearear,14,42,503,259.0
UAB,nearear,14,42,504,260.0
UAB,nearear,14,42,505,261.0
UAB,nearear,14,42,506,262.0
UAB,nearear,14,42,507,263.0
UAB,nearear,14,42,508,264.0
UAB,nearear,14,42,509,264.0
UAB,nearear,14,42,510,264.0
UAB,nearear,14,42,511,264.0
UAB,nearear,14,42,512,264.0
UAB,nearear,14,42,513,264.0
UAB,nearear,14,42,514,265.0
UAB,nearear,14,42,515,265.0
UAB,nearear,14,42,516,265.0
UAB,nearear,14,42,517,266.0
UAB,nearear,14,42,518,266.0
UAB,nearear,14,42,519,267.0
UAB,nearear,14,42,520,267.0
UAB,nearear,14,42,521,268.0
UAB,nearear,14,42,522,268.0
UAB,nearear,14,42,523,268.0
UAB,nearear,14,42,524,268.0
UAB,nearear,14,42,525,268.0
UAB,nearear,14,42,526,269.0
UAB,nearear,14,42,527,269.0
UAB,nearear,14,42,528,270.0
UAB,nearear,14,42,529,271.0
UAB,nearear,14,42,530,272.0
UAB,nearear,14,42,531,272.0
UAB,nearear,15,42,0,0.0
UAB,nearear,15,42,1,1.0
UAB,nearear,15,42,2,1.0
UAB,nearear,15,42,3,1.0
UAB,nearear,15,42,4,1.0
UAB,nearear,15,42,5,1.0
UAB,nearear,15,42,6,1.0
UAB,nearear,15,42,7,2.0
UAB,nearear,15,42,8,3.0
UAB,nearear,15,42,9,3.0
UAB,nearear,15,42,10,3.0
UAB,nearear,15,42,11,3.0
UAB,nearear,15,42,12,3.0
UAB,nearear,15,42,13,3.0
UAB,nearear,15,42,14,4.0
UAB,nearear,15,42,15,4.0
UAB,nearear,15,42,16,4.0
UAB,nearear,15,42,17,4.0
UAB,nearear,15,42,18,4.0
UAB,nearear,15,42,19,4.0
UAB,nearear,15,42,20,5.0
UAB,nearear,15,42,21,6.0
UAB,nearear,15,42,22,7.0
UAB,nearear,15,42,23,8.0
UAB,nearear,15,42,24,8.0
UAB,nearear,15,42,25,9.0
UAB,nearear,15,42,26,9.0
UAB,nearear,15,42,27,10.0
UAB,nearear,15,42,28,10.0
UAB,nearear,15,42,29,10.0
UAB,nearear,15,42,30,10.0
UAB,nearear,15,42,31,10.0
UAB,nearear,15,42,32,10.0
UAB,nearear,15,42,33,10.0
UAB,nearear,15,42,34,10.0
UAB,nearear,15,42,35,10.0
UAB,nearear,15,42,36,10.0
UAB,nearear,15,42,37,10.0
UAB,nearear,15,42,38,11.0
UAB,nearear,15,42,39,11.0
UAB,nearear,15,42,40,11.0
UAB,nearear,15,42,41,11.0
UAB,nearear,15,42,42,11.0
UAB,nearear,15,42,43,11.0
UAB,nearear,15,42,44,12.0
UAB,nearear,15,42,45,13.0
UAB,nearear,15,42,46,13.0
UAB,nearear,15,42,47,14.0
UAB,nearear,15,42,48,14.0
UAB,nearear,15,42,49,14.0
UAB,nearear,15,42,50,14.0
UAB,nearear,15,42,51,15.0
UAB,nearear,15,42,52,15.0
UAB,nearear,15,42,53,15.0
UAB,nearear,15,42,54,16.0
UAB,nearear,15,42,55,16.0
UAB,nearear,15,42,56,17.0
UAB,nearear,15,42,57,18.0
UAB,nearear,15,42,58,19.0
UAB,nearear,15,42,59,20.0
UAB,nearear,15,42,60,20.0
UAB,nearear,15,42,61,20.0
UAB,nearear,15,42,62,20.0
UAB,nearear,15,42,63,20.0
UAB,nearear,15,42,64,21.0
UAB,nearear,15,42,65,21.0
UAB,nearear,15,42,66,21.0
UAB,nearear,15,42,67,22.0
UAB,nearear,15,42,68,22.0
UAB,nearear,15,42,69,23.0
UAB,nearear,15,42,70,24.0
UAB,nearear,15,42,71,25.0
UAB,nearear,15,42,72,25.0
UAB,nearear,15,42,73,26.0
UAB,nearear,15,42,74,26.0
UAB,nearear,15,42,75,26.0
UAB,nearear,15,42,76,27.0
UAB,nearear,15,42,77,27.0
UAB,nearear,15,42,78,28.0
UAB,nearear,15,42,79,28.0
UAB,nearear,15,42,80,29.0
UAB,nearear,15,42,81,30.0
UAB,nearear,15,42,82,31.0
UAB,nearear,15,42,83,31.0
UAB,nearear,15,42,84,32.0
UAB,nearear,15,42,85,33.0
UAB,nearear,15,42,86,34.0
UAB,nearear,15,42,87,34.0
UAB,nearear,15,42,88,34.0
UAB,nearear,15,42,89,34.0
UAB,nearear,15,42,90,34.0
UAB,nearear,15,42,91,35.0
UAB,nearear,15,42,92,36.0
UAB,nearear,15,42,93,36.0
UAB,nearear,15,42,94,36.0
UAB,nearear,15,42,95,36.0
UAB,nearear,15,42,96,37.0
UAB,nearear,15,42,97,37.0
UAB,nearear,15,42,98,38.0
UAB,nearear,15,42,99,38.0
UAB,nearear,15,42,100,39.0
UAB,nearear,15,42,101,40.0
UAB,nearear,15,42,102,40.0
UAB,nearear,15,42,103,40.0
UAB,nearear,15,42,104,40.0
UAB,nearear,15,42,105,40.0
UAB,nearear,15,42,106,40.0
UAB,nearear,15,42,107,40.0
UAB,nearear,15,42,108,40.0
UAB,nearear,15,42,109,41.0
UAB,nearear,15,42,110,41.0
UAB,nearear,15,42,111,42.0
UAB,nearear,15,42,112,43.0
UAB,nearear,15,42,113,44.0
UAB,nearear,15,42,114,45.0
UAB,nearear,15,42,115,45.0
UAB,nearear,15,42,116,46.0
UAB,nearear,15,42,117,47.0
UAB,nearear,15,42,118,47.0
UAB,nearear,15,42,119,48.0
UAB,nearear,15,42,120,48.0
UAB,nearear,15,42,121,48.0
UAB,nearear,15,42,122,48.0
UAB,nearear,15,42,123,48.0
UAB,nearear,15,42,124,48.0
UAB,nearear,15,42,125,48.0
UAB,nearear,15,42,126,48.0
UAB,nearear,15,42,127,49.0
UAB,nearear,15,42,128,50.0
UAB,nearear,15,42,129,51.0
UAB,nearear,15,42,130,51.0
UAB,nearear,15,42,131,51.0
UAB,nearear,15,42,132,52.0
UAB,nearear,15,42,133,53.0
UAB,nearear,15,42,134,53.0
UAB,nearear,15,42,135,53.0
UAB,nearear,15,42,136,54.0
UAB,nearear,15,42,137,54.0
UAB,nearear,15,42,138,55.0
UAB,nearear,15,42,139,55.0
UAB,nearear,15,42,140,55.0
UAB,nearear,15,42,141,55.0
UAB,nearear,15,42,142,55.0
UAB,nearear,15,42,143,56.0
UAB,nearear,15,42,144,57.0
UAB,nearear,15,42,145,58.0
UAB,nearear,15,42,146,58.0
UAB,nearear,15,42,147,58.0
UAB,nearear,15,42,148,59.0
UAB,nearear,15,42,149,59.0
UAB,nearear,15,42,150,59.0
UAB,nearear,15,42,151,60.0
UAB,nearear,15,42,152,60.0
UAB,nearear,15,42,153,61.0
UAB,nearear,15,42,154,61.0
UAB,nearear,15,42,155,62.0
UAB,nearear,15,42,156,62.0
UAB,nearear,15,42,157,62.0
UAB,nearear,15,42,158,63.0
UAB,nearear,15,42,159,63.0
UAB,nearear,15,42,160,63.0
UAB,nearear,15,42,161,64.0
UAB,nearear,15,42,162,65.0
UAB,nearear,15,42,163,65.0
UAB,nearear,15,42,164,65.0
UAB,nearear,15,42,165,65.0
UAB,nearear,15,42,166,65.0
UAB,nearear,15,42,167,65.0
UAB,nearear,15,42,168,66.0
UAB,nearear,15,42,169,66.0
UAB,nearear,15,42,170,66.0
UAB,nearear,15,42,171,66.0
UAB,nearear,15,42,172,66.0
UAB,nearear,15,42,173,67.0
UAB,nearear,15,42,174,68.0
UAB,nearear,15,42,175,68.0
UAB,nearear,15,42,176,68.0
UAB,nearear,15,42,177,69.0
UAB,nearear,15,42,178,69.0
UAB,nearear,15,42,179,69.0
UAB,nearear,15,42,180,69.0
UAB,nearear,15,42,181,70.0
UAB,nearear,15,42,182,71.0
UAB,nearear,15,42,183,71.0
UAB,nearear,15,42,184,71.0
UAB,nearear,15,42,185,71.0
UAB,nearear,15,42,186,72.0
UAB,nearear,15,42,187,73.0
UAB,nearear,15,42,188,74.0
UAB,nearear,15,42,189,74.0
UAB,nearear,15,42,190,75.0
UAB,nearear,15,42,191,75.0
UAB,nearear,15,42,192,75.0
UAB,nearear,15,42,193,76.0
UAB,nearear,15,42,194,76.0
UAB,nearear,15,42,195,77.0
UAB,nearear,15,42,196,78.0
UAB,nearear,15,42,197,78.0
UAB,nearear,15,42,198,79.0
UAB,nearear,15,42,199,79.0
UAB,nearear,15,42,200,79.0
UAB,nearear,15,42,201,80.0
UAB,nearear,15,42,202,80.0
UAB,nearear,15,42,203,81.0
UAB,nearear,15,42,204,81.0
UAB,nearear,15,42,205,81.0
UAB,nearear,15,42,206,81.0
UAB,nearear,15,42,207,81.0
UAB,nearear,15,42,208,81.0
UAB,nearear,15,42,209,82.0
UAB,nearear,15,42,210,83.0
UAB,nearear,15,42,211,83.0
UAB,nearear,15,42,212,84.0
UAB,nearear,15,42,213,84.0
UAB,nearear,15,42,214,84.0
UAB,nearear,15,42,215,84.0
UAB,nearear,15,42,216,85.0
UAB,nearear,15,42,217,85.0
UAB,nearear,15,42,218,85.0
UAB,nearear,15,42,219,86.0
UAB,nearear,15,42,220,86.0
UAB,nearear,15,42,221,86.0
UAB,nearear,15,42,222,87.0
UAB,nearear,15,42,223,88.0
UAB,nearear,15,42,224,88.0
UAB,nearear,15,42,225,88.0
UAB,nearear,15,42,226,88.0
UAB,nearear,15,42,227,89.0
UAB,nearear,15,42,228,89.0
UAB,nearear,15,42,229,89.0
UAB,nearear,15,42,230,89.0
UAB,nearear,15,42,231,90.0
UAB,nearear,15,42,232,91.0
UAB,nearear,15,42,233,91.0
UAB,nearear,15,42,234,91.0
UAB,nearear,15,42,235,92.0
UAB,nearear,15,42,236,92.0
UAB,nearear,15,42,237,93.0
UAB,nearear,15,42,238,94.0
UAB,nearear,15,42,239,95.0
UAB,nearear,15,42,240,96.0
UAB,nearear,15,42,241,96.0
UAB,nearear,15,42,242,96.0
UAB,nearear,15,42,243,97.0
UAB,nearear,15,42,244,97.0
UAB,nearear,15,42,245,97.0
UAB,nearear,15,42,246,97.0
UAB,nearear,15,42,247,98.0
UAB,nearear,15,42,248,98.0
UAB,nearear,15,42,249,98.0
UAB,nearear,15,42,250,99.0
UAB,nearear,15,42,251,100.0
UAB,nearear,15,42,252,101.0
UAB,nearear,15,42,253,101.0
UAB,nearear,15,42,254,102.0
UAB,nearear,15,42,255,103.0
UAB,nearear,15,42,256,104.0
UAB,nearear,15,42,257,104.0
UAB,nearear,15,42,258,105.0
UAB,nearear,15,42,259,105.0
UAB,nearear,15,42,260,105.0
UAB,nearear,15,42,261,106.0
UAB,nearear,15,42,262,106.0
UAB,nearear,15,42,263,106.0
UAB,nearear,15,42,264,106.0
UAB,nearear,15,42,265,106.0
UAB,nearear,15,42,266,106.0
UAB,nearear,15,42,267,106.0
UAB,nearear,15,42,268,107.0
UAB,nearear,15,42,269,107.0
UAB,nearear,15,42,270,107.0
UAB,nearear,15,42,271,107.0
UAB,nearear,15,42,272,108.0
UAB,nearear,15,42,273,109.0
UAB,nearear,15,42,274,109.0
UAB,nearear,15,42,275,109.0
UAB,nearear,15,42,276,109.0
UAB,nearear,15,42,277,110.0
UAB,nearear,15,42,278,111.0
UAB,nearear,15,42,279,112.0
UAB,nearear,15,42,280,112.0
UAB,nearear,15,42,281,112.0
UAB,nearear,15,42,282,112.0
UAB,nearear,15,42,283,113.0
UAB,nearear,15,42,284,114.0
UAB,nearear,15,42,285,114.0
UAB,nearear,15,42,286,115.0
UAB,nearear,15,42,287,116.0
UAB,nearear,15,42,288,117.0
UAB,nearear,15,42,289,117.0
UAB,nearear,15,42,290,118.0
UAB,nearear,15,42,291,118.0
UAB,nearear,15,42,292,118.0
UAB,nearear,15,42,293,118.0
UAB,nearear,15,42,294,119.0
UAB,nearear,15,42,295,120.0
UAB,nearear,15,42,296,121.0
UAB,nearear,15,42,297,121.0
UAB,nearear,15,42,298,121.0
UAB,nearear,15,42,299,122.0
UAB,nearear,15,42,300,123.0
UAB,nearear,15,42,301,124.0
UAB,nearear,15,42,302,124.0
UAB,nearear,15,42,303,124.0
UAB,nearear,15,42,304,125.0
UAB,nearear,15,42,305,125.0
UAB,nearear,15,42,306,125.0
UAB,nearear,15,42,307,125.0
UAB,nearear,15,42,308,126.0
UAB,nearear,15,42,309,126.0
UAB,nearear,15,42,310,126.0
UAB,nearear,15,42,311,126.0
UAB,nearear,15,42,312,126.0
UAB,nearear,15,42,313,126.0
UAB,nearear,15,42,314,126.0
UAB,nearear,15,42,315,126.0
UAB,nearear,15,42,316,126.0
UAB,nearear,15,42,317,127.0
UAB,nearear,15,42,318,127.0
UAB,nearear,15,42,319,128.0
UAB,nearear,15,42,320,128.0
UAB,nearear,15,42,321,128.0
UAB,nearear,15,42,322,129.0
UAB,nearear,15,42,323,129.0
UAB,nearear,15,42,324,130.0
UAB,nearear,15,42,325,131.0
UAB,nearear,15,42,326,131.0
UAB,nearear,15,42,327,132.0
UAB,nearear,15,42,328,133.0
UAB,nearear,15,42,329,133.0
UAB,nearear,15,42,330,133.0
UAB,nearear,15,42,331,133.0
UAB,nearear,15,42,332,134.0
UAB,nearear,15,42,333,134.0
UAB,nearear,15,42,334,135.0
UAB,nearear,15,42,335,136.0
UAB,nearear,15,42,336,136.0
UAB,nearear,15,42,337,136.0
UAB,nearear,15,42,338,136.0
UAB,nearear,15,42,339,136.0
UAB,nearear,15,42,340,136.0
UAB,nearear,15,42,341,137.0
UAB,nearear,15,42,342,138.0
UAB,nearear,15,42,343,138.0
UAB,nearear,15,42,344,138.0
UAB,nearear,15,42,345,139.0
UAB,nearear,15,42,346,139.0
UAB,nearear,15,42,347,139.0
UAB,nearear,15,42,348,139.0
UAB,nearear,15,42,349,139.0
UAB,nearear,15,42,350,139.0
UAB,nearear,15,42,351,140.0
UAB,nearear,15,42,352,140.0
UAB,nearear,15,42,353,140.0
UAB,nearear,15,42,354,141.0
UAB,nearear,15,42,355,142.0
UAB,nearear,15,42,356,142.0
UAB,nearear,15,42,357,143.0
UAB,nearear,15,42,358,143.0
UAB,nearear,15,42,359,143.0
UAB,nearear,15,42,360,144.0
UAB,nearear,15,42,361,145.0
UAB,nearear,15,42,362,146.0
UAB,nearear,15,42,363,146.0
UAB,nearear,15,42,364,146.0
UAB,nearear,15,42,365,147.0
UAB,nearear,15,42,366,147.0
UAB,nearear,15,42,367,147.0
UAB,nearear,15,42,368,147.0
UAB,nearear,15,42,369,147.0
UAB,nearear,15,42,370,147.0
UAB,nearear,15,42,371,148.0
UAB,nearear,15,42,372,148.0
UAB,nearear,15,42,373,149.0
UAB,nearear,15,42,374,149.0
UAB,nearear,15,42,375,149.0
UAB,nearear,15,42,376,150.0
UAB,nearear,15,42,377,150.0
UAB,nearear,15,42,378,151.0
UAB,nearear,15,42,379,151.0
UAB,nearear,15,42,380,152.0
UAB,nearear,15,42,381,152.0
UAB,nearear,15,42,382,152.0
UAB,nearear,15,42,383,152.0
UAB,nearear,15,42,384,152.0
UAB,nearear,15,42,385,153.0
UAB,nearear,15,42,386,153.0
UAB,nearear,15,42,387,153.0
UAB,nearear,15,42,388,154.0
UAB,nearear,15,42,389,154.0
UAB,nearear,15,42,390,155.0
UAB,nearear,15,42,391,155.0
UAB,nearear,15,42,392,156.0
UAB,nearear,15,42,393,156.0
UAB,nearear,15,42,394,157.0
UAB,nearear,15,42,395,157.0
UAB,nearear,15,42,396,158.0
UAB,nearear,15,42,397,159.0
UAB,nearear,15,42,398,160.0
UAB,nearear,15,42,399,161.0
UAB,nearear,15,42,400,162.0
UAB,nearear,15,42,401,163.0
UAB,nearear,15,42,402,163.0
UAB,nearear,15,42,403,164.0
UAB,nearear,15,42,404,164.0
UAB,nearear,15,42,405,164.0
UAB,nearear,15,42,406,164.0
UAB,nearear,15,42,407,165.0
UAB,nearear,15,42,408,166.0
UAB,nearear,15,42,409,166.0
UAB,nearear,15,42,410,166.0
UAB,nearear,15,42,411,166.0
UAB,nearear,15,42,412,167.0
UAB,nearear,15,42,413,168.0
UAB,nearear,15,42,414,169.0
UAB,nearear,15,42,415,170.0
UAB,nearear,15,42,416,170.0
UAB,nearear,15,42,417,170.0
UAB,nearear,15,42,418,171.0
UAB,nearear,15,42,419,171.0
UAB,nearear,15,42,420,172.0
UAB,nearear,15,42,421,172.0
UAB,nearear,15,42,422,172.0
UAB,nearear,15,42,423,172.0
UAB,nearear,15,42,424,172.0
UAB,nearear,15,42,425,172.0
UAB,nearear,15,42,426,172.0
UAB,nearear,15,42,427,173.0
UAB,nearear,15,42,428,173.0
UAB,nearear,15,42,429,173.0
UAB,nearear,15,42,430,174.0
UAB,nearear,15,42,431,175.0
UAB,nearear,15,42,432,175.0
UAB,nearear,15,42,433,176.0
UAB,nearear,15,42,434,176.0
UAB,nearear,15,42,435,177.0
UAB,nearear,15,42,436,177.0
UAB,nearear,15,42,437,177.0
UAB,nearear,15,42,438,178.0
UAB,nearear,15,42,439,179.0
UAB,nearear,15,42,440,179.0
UAB,nearear,15,42,441,179.0
UAB,nearear,15,42,442,179.0
UAB,nearear,15,42,443,180.0
UAB,nearear,15,42,444,180.0
UAB,nearear,15,42,445,181.0
UAB,nearear,15,42,446,182.0
UAB,nearear,15,42,447,183.0
UAB,nearear,15,42,448,183.0
UAB,nearear,15,42,449,183.0
UAB,nearear,15,42,450,183.0
UAB,nearear,15,42,451,183.0
UAB,nearear,15,42,452,184.0
UAB,nearear,15,42,453,184.0
UAB,nearear,15,42,454,184.0
UAB,nearear,15,42,455,185.0
UAB,nearear,15,42,456,186.0
UAB,nearear,15,42,457,186.0
UAB,nearear,15,42,458,187.0
UAB,nearear,15,42,459,187.0
UAB,nearear,15,42,460,187.0
UAB,nearear,15,42,461,187.0
UAB,nearear,15,42,462,187.0
UAB,nearear,15,42,463,187.0
UAB,nearear,15,42,464,188.0
UAB,nearear,15,42,465,188.0
UAB,nearear,15,42,466,189.0
UAB,nearear,15,42,467,189.0
UAB,nearear,15,42,468,189.0
UAB,nearear,15,42,469,190.0
UAB,nearear,15,42,470,190.0
UAB,nearear,15,42,471,190.0
UAB,nearear,15,42,472,191.0
UAB,nearear,15,42,473,192.0
UAB,nearear,15,42,474,192.0
UAB,nearear,15,42,475,192.0
UAB,nearear,15,42,476,193.0
UAB,nearear,15,42,477,193.0
UAB,nearear,15,42,478,194.0
UAB,nearear,15,42,479,194.0
UAB,nearear,15,42,480,194.0
UAB,nearear,15,42,481,195.0
UAB,nearear,15,42,482,195.0
UAB,nearear,15,42,483,196.0
UAB,nearear,15,42,484,197.0
UAB,nearear,15,42,485,197.0
UAB,nearear,15,42,486,198.0
UAB,nearear,15,42,487,198.0
UAB,nearear,15,42,488,199.0
UAB,nearear,15,42,489,199.0
UAB,nearear,15,42,490,200.0
UAB,nearear,15,42,491,200.0
UAB,nearear,15,42,492,200.0
UAB,nearear,15,42,493,200.0
UAB,nearear,15,42,494,200.0
UAB,nearear,15,42,495,200.0
UAB,nearear,15,42,496,200.0
UAB,nearear,15,42,497,201.0
UAB,nearear,15,42,498,201.0
UAB,nearear,15,42,499,201.0
UAB,nearear,15,42,500,201.0
UAB,nearear,15,42,501,202.0
UAB,nearear,15,42,502,202.0
UAB,nearear,15,42,503,202.0
UAB,nearear,15,42,504,203.0
UAB,nearear,15,42,505,203.0
UAB,nearear,15,42,506,203.0
UAB,nearear,15,42,507,203.0
UAB,nearear,15,42,508,203.0
UAB,nearear,15,42,509,204.0
UAB,nearear,15,42,510,205.0
UAB,nearear,16,42,0,0.0
UAB,nearear,16,42,1,0.0
UAB,nearear,16,42,2,0.0
UAB,nearear,16,42,3,0.0
UAB,nearear,16,42,4,0.0
UAB,nearear,16,42,5,0.0
UAB,nearear,16,42,6,0.0
UAB,nearear,16,42,7,0.0
UAB,nearear,16,42,8,0.0
UAB,nearear,16,42,9,0.0
UAB,nearear,16,42,10,0.0
UAB,nearear,16,42,11,1.0
UAB,nearear,16,42,12,1.0
UAB,nearear,16,42,13,2.0
UAB,nearear,16,42,14,3.0
UAB,nearear,16,42,15,3.0
UAB,nearear,16,42,16,4.0
UAB,nearear,16,42,17,4.0
UAB,nearear,16,42,18,4.0
UAB,nearear,16,42,19,5.0
UAB,nearear,16,42,20,5.0
UAB,nearear,16,42,21,6.0
UAB,nearear,16,42,22,6.0
UAB,nearear,16,42,23,7.0
UAB,nearear,16,42,24,7.0
UAB,nearear,16,42,25,7.0
UAB,nearear,16,42,26,7.0
UAB,nearear,16,42,27,7.0
UAB,nearear,16,42,28,8.0
UAB,nearear,16,42,29,8.0
UAB,nearear,16,42,30,8.0
UAB,nearear,16,42,31,8.0
UAB,nearear,16,42,32,9.0
UAB,nearear,16,42,33,9.0
UAB,nearear,16,42,34,10.0
UAB,nearear,16,42,35,10.0
UAB,nearear,16,42,36,11.0
UAB,nearear,16,42,37,11.0
UAB,nearear,16,42,38,11.0
UAB,nearear,16,42,39,11.0
UAB,nearear,16,42,40,11.0
UAB,nearear,16,42,41,12.0
UAB,nearear,16,42,42,13.0
UAB,nearear,16,42,43,13.0
UAB,nearear,16,42,44,13.0
UAB,nearear,16,42,45,13.0
UAB,nearear,16,42,46,13.0
UAB,nearear,16,42,47,13.0
UAB,nearear,16,42,48,13.0
UAB,nearear,16,42,49,13.0
UAB,nearear,16,42,50,13.0
UAB,nearear,16,42,51,13.0
UAB,nearear,16,42,52,14.0
UAB,nearear,16,42,53,14.0
UAB,nearear,16,42,54,14.0
UAB,nearear,16,42,55,14.0
UAB,nearear,16,42,56,14.0
UAB,nearear,16,42,57,14.0
UAB,nearear,16,42,58,14.0
UAB,nearear,16,42,59,14.0
UAB,nearear,16,42,60,14.0
UAB,nearear,16,42,61,14.0
UAB,nearear,16,42,62,14.0
UAB,nearear,16,42,63,15.0
UAB,nearear,16,42,64,16.0
UAB,nearear,16,42,65,16.0
UAB,nearear,16,42,66,16.0
UAB,nearear,16,42,67,16.0
UAB,nearear,16,42,68,16.0
UAB,nearear,16,42,69,17.0
UAB,nearear,16,42,70,17.0
UAB,nearear,16,42,71,18.0
UAB,nearear,16,42,72,18.0
UAB,nearear,16,42,73,18.0
UAB,nearear,16,42,74,18.0
UAB,nearear,16,42,75,18.0
UAB,nearear,16,42,76,18.0
UAB,nearear,16,42,77,18.0
UAB,nearear,16,42,78,18.0
UAB,nearear,16,42,79,18.0
UAB,nearear,16,42,80,18.0
UAB,nearear,16,42,81,18.0
UAB,nearear,16,42,82,18.0
UAB,nearear,16,42,83,18.0
UAB,nearear,16,42,84,19.0
UAB,nearear,16,42,85,19.0
UAB,nearear,16,42,86,19.0
UAB,nearear,16,42,87,19.0
UAB,nearear,16,42,88,19.0
UAB,nearear,16,42,89,19.0
UAB,nearear,16,42,90,20.0
UAB,nearear,16,42,91,20.0
UAB,nearear,16,42,92,20.0
UAB,nearear,16,42,93,20.0
UAB,nearear,16,42,94,20.0
UAB,nearear,16,42,95,20.0
UAB,nearear,16,42,96,21.0
UAB,nearear,16,42,97,21.0
UAB,nearear,16,42,98,21.0
UAB,nearear,16,42,99,22.0
UAB,nearear,16,42,100,22.0
UAB,nearear,16,42,101,22.0
UAB,nearear,16,42,102,23.0
UAB,nearear,16,42,103,23.0
UAB,nearear,16,42,104,23.0
UAB,nearear,16,42,105,24.0
UAB,nearear,16,42,106,24.0
UAB,nearear,16,42,107,25.0
UAB,nearear,16,42,108,25.0
UAB,nearear,16,42,109,25.0
UAB,nearear,16,42,110,25.0
UAB,nearear,16,42,111,25.0
UAB,nearear,16,42,112,25.0
UAB,nearear,16,42,113,26.0
UAB,nearear,16,42,114,26.0
UAB,nearear,16,42,115,27.0
UAB,nearear,16,42,116,27.0
UAB,nearear,16,42,117,27.0
UAB,nearear,16,42,118,27.0
UAB,nearear,16,42,119,28.0
UAB,nearear,16,42,120,28.0
UAB,nearear,16,42,121,28.0
UAB,nearear,16,42,122,28.0
UAB,nearear,16,42,123,28.0
UAB,nearear,16,42,124,28.0
UAB,nearear,16,42,125,29.0
UAB,nearear,16,42,126,30.0
UAB,nearear,16,42,127,30.0
UAB,nearear,16,42,128,30.0
UAB,nearear,16,42,129,31.0
UAB,nearear,16,42,130,31.0
UAB,nearear,16,42,131,31.0
UAB,nearear,16,42,132,31.0
UAB,nearear,16,42,133,31.0
UAB,nearear,16,42,134,32.0
UAB,nearear,16,42,135,32.0
UAB,nearear,16,42,136,33.0
UAB,nearear,16,42,137,33.0
UAB,nearear,16,42,138,34.0
UAB,nearear,16,42,139,34.0
UAB,nearear,16,42,140,34.0
UAB,nearear,16,42,141,35.0
UAB,nearear,16,42,142,35.0
UAB,nearear,16,42,143,35.0
UAB,nearear,16,42,144,36.0
UAB,nearear,16,42,145,36.0
UAB,nearear,16,42,146,36.0
UAB,nearear,16,42,147,36.0
UAB,nearear,16,42,148,36.0
UAB,nearear,16,42,149,36.0
UAB,nearear,16,42,150,36.0
UAB,nearear,16,42,151,36.0
UAB,nearear,16,42,152,36.0
UAB,nearear,16,42,153,36.0
UAB,nearear,16,42,154,36.0
UAB,nearear,16,42,155,36.0
UAB,nearear,16,42,156,37.0
UAB,nearear,16,42,157,37.0
UAB,nearear,16,42,158,37.0
UAB,nearear,16,42,159,38.0
UAB,nearear,16,42,160,38.0
UAB,nearear,16,42,161,38.0
UAB,nearear,16,42,162,38.0
UAB,nearear,16,42,163,38.0
UAB,nearear,16,42,164,38.0
UAB,nearear,16,42,165,38.0
UAB,nearear,16,42,166,38.0
UAB,nearear,16,42,167,38.0
UAB,nearear,16,42,168,38.0
UAB,nearear,16,42,169,38.0
UAB,nearear,16,42,170,38.0
UAB,nearear,16,42,171,38.0
UAB,nearear,16,42,172,38.0
UAB,nearear,16,42,173,39.0
UAB,nearear,16,42,174,39.0
UAB,nearear,16,42,175,39.0
UAB,nearear,16,42,176,40.0
UAB,nearear,16,42,177,40.0
UAB,nearear,16,42,178,41.0
UAB,nearear,16,42,179,41.0
UAB,nearear,16,42,180,41.0
UAB,nearear,16,42,181,41.0
UAB,nearear,16,42,182,42.0
UAB,nearear,16,42,183,42.0
UAB,nearear,16,42,184,43.0
UAB,nearear,16,42,185,43.0
UAB,nearear,16,42,186,43.0
UAB,nearear,16,42,187,43.0
UAB,nearear,16,42,188,44.0
UAB,nearear,16,42,189,44.0
UAB,nearear,16,42,190,44.0
UAB,nearear,16,42,191,44.0
UAB,nearear,16,42,192,44.0
UAB,nearear,16,42,193,44.0
UAB,nearear,16,42,194,44.0
UAB,nearear,16,42,195,45.0
UAB,nearear,16,42,196,45.0
UAB,nearear,16,42,197,46.0
UAB,nearear,16,42,198,46.0
UAB,nearear,16,42,199,46.0
UAB,nearear,16,42,200,46.0
UAB,nearear,16,42,201,46.0
UAB,nearear,16,42,202,46.0
UAB,nearear,16,42,203,46.0
UAB,nearear,16,42,204,46.0
UAB,nearear,16,42,205,47.0
UAB,nearear,16,42,206,47.0
UAB,nearear,16,42,207,47.0
UAB,nearear,16,42,208,47.0
UAB,nearear,16,42,209,47.0
UAB,nearear,16,42,210,47.0
UAB,nearear,16,42,211,47.0
UAB,nearear,16,42,212,48.0
UAB,nearear,16,42,213,48.0
UAB,nearear,16,42,214,49.0
UAB,nearear,16,42,215,49.0
UAB,nearear,16,42,216,49.0
UAB,nearear,16,42,217,49.0
UAB,nearear,16,42,218,50.0
UAB,nearear,16,42,219,50.0
UAB,nearear,16,42,220,51.0
UAB,nearear,16,42,221,51.0
UAB,nearear,16,42,222,52.0
UAB,nearear,16,42,223,52.0
UAB,nearear,16,42,224,53.0
UAB,nearear,16,42,225,54.0
UAB,nearear,16,42,226,54.0
UAB,nearear,16,42,227,54.0
UAB,nearear,16,42,228,54.0
UAB,nearear,16,42,229,54.0
UAB,nearear,16,42,230,54.0
UAB,nearear,16,42,231,55.0
UAB,nearear,16,42,232,55.0
UAB,nearear,16,42,233,55.0
UAB,nearear,16,42,234,55.0
UAB,nearear,16,42,235,55.0
UAB,nearear,16,42,236,55.0
UAB,nearear,16,42,237,55.0
UAB,nearear,16,42,238,56.0
UAB,nearear,16,42,239,57.0
UAB,nearear,16,42,240,57.0
UAB,nearear,16,42,241,58.0
UAB,nearear,16,42,242,58.0
UAB,nearear,16,42,243,58.0
UAB,nearear,16,42,244,58.0
UAB,nearear,16,42,245,58.0
UAB,nearear,16,42,246,58.0
UAB,nearear,16,42,247,58.0
UAB,nearear,16,42,248,58.0
UAB,nearear,16,42,249,59.0
UAB,nearear,16,42,250,59.0
UAB,nearear,16,42,251,59.0
UAB,nearear,16,42,252,60.0
UAB,nearear,16,42,253,60.0
UAB,nearear,16,42,254,60.0
UAB,nearear,16,42,255,60.0
UAB,nearear,16,42,256,60.0
UAB,nearear,16,42,257,61.0
UAB,nearear,16,42,258,61.0
UAB,nearear,16,42,259,61.0
UAB,nearear,16,42,260,61.0
UAB,nearear,16,42,261,61.0
UAB,nearear,16,42,262,61.0
UAB,nearear,16,42,263,61.0
UAB,nearear,16,42,264,61.0
UAB,nearear,16,42,265,62.0
UAB,nearear,16,42,266,62.0
UAB,nearear,16,42,267,63.0
UAB,nearear,16,42,268,63.0
UAB,nearear,16,42,269,63.0
UAB,nearear,16,42,270,63.0
UAB,nearear,16,42,271,64.0
UAB,nearear,16,42,272,64.0
UAB,nearear,16,42,273,64.0
UAB,nearear,16,42,274,64.0
UAB,nearear,16,42,275,64.0
UAB,nearear,16,42,276,64.0
UAB,nearear,16,42,277,64.0
UAB,nearear,16,42,278,64.0
UAB,nearear,16,42,279,64.0
UAB,nearear,16,42,280,65.0
UAB,nearear,16,42,281,65.0
UAB,nearear,16,42,282,65.0
UAB,nearear,16,42,283,65.0
UAB,nearear,16,42,284,65.0
UAB,nearear,16,42,285,65.0
UAB,nearear,16,42,286,65.0
UAB,nearear,16,42,287,65.0
UAB,nearear,16,42,288,65.0
UAB,nearear,16,42,289,65.0
UAB,nearear,16,42,290,65.0
UAB,nearear,16,42,291,65.0
UAB,nearear,16,42,292,66.0
UAB,nearear,16,42,293,66.0
UAB,nearear,16,42,294,66.0
UAB,nearear,16,42,295,66.0
UAB,nearear,16,42,296,66.0
UAB,nearear,16,42,297,67.0
UAB,nearear,16,42,298,67.0
UAB,nearear,16,42,299,67.0
UAB,nearear,16,42,300,67.0
UAB,nearear,16,42,301,67.0
UAB,nearear,16,42,302,67.0
UAB,nearear,16,42,303,68.0
UAB,nearear,16,42,304,68.0
UAB,nearear,16,42,305,69.0
UAB,nearear,16,42,306,69.0
UAB,nearear,16,42,307,69.0
UAB,nearear,16,42,308,69.0
UAB,nearear,16,42,309,69.0
UAB,nearear,16,42,310,70.0
UAB,nearear,16,42,311,70.0
UAB,nearear,16,42,312,71.0
UAB,nearear,16,42,313,71.0
UAB,nearear,16,42,314,71.0
UAB,nearear,16,42,315,72.0
UAB,nearear,16,42,316,72.0
UAB,nearear,16,42,317,73.0
UAB,nearear,16,42,318,73.0
UAB,nearear,16,42,319,74.0
UAB,nearear,16,42,320,74.0
UAB,nearear,16,42,321,74.0
UAB,nearear,16,42,322,74.0
UAB,nearear,16,42,323,75.0
UAB,nearear,16,42,324,75.0
UAB,nearear,16,42,325,76.0
UAB,nearear,16,42,326,76.0
UAB,nearear,16,42,327,76.0
UAB,nearear,16,42,328,77.0
UAB,nearear,16,42,329,77.0
UAB,nearear,16,42,330,77.0
UAB,nearear,16,42,331,77.0
UAB,nearear,16,42,332,77.0
UAB,nearear,16,42,333,77.0
UAB,nearear,16,42,334,77.0
UAB,nearear,16,42,335,77.0
UAB,nearear,16,42,336,77.0
UAB,nearear,16,42,337,77.0
UAB,nearear,16,42,338,77.0
UAB,nearear,16,42,339,77.0
UAB,nearear,16,42,340,77.0
UAB,nearear,16,42,341,77.0
UAB,nearear,16,42,342,78.0
UAB,nearear,16,42,343,78.0
UAB,nearear,16,42,344,78.0
UAB,nearear,16,42,345,78.0
UAB,nearear,16,42,346,78.0
UAB,nearear,16,42,347,78.0
UAB,nearear,16,42,348,78.0
UAB,nearear,16,42,349,78.0
UAB,nearear,16,42,350,78.0
UAB,nearear,16,42,351,78.0
UAB,nearear,16,42,352,78.0
UAB,nearear,16,42,353,78.0
UAB,nearear,16,42,354,78.0
UAB,nearear,16,42,355,78.0
UAB,nearear,16,42,356,78.0
UAB,nearear,16,42,357,78.0
UAB,nearear,16,42,358,79.0
UAB,nearear,16,42,359,79.0
UAB,nearear,16,42,360,79.0
UAB,nearear,16,42,361,79.0
UAB,nearear,16,42,362,80.0
UAB,nearear,16,42,363,80.0
UAB,nearear,16,42,364,80.0
UAB,nearear,16,42,365,80.0
UAB,nearear,16,42,366,80.0
UAB,nearear,16,42,367,81.0
UAB,nearear,16,42,368,81.0
UAB,nearear,16,42,369,81.0
UAB,nearear,16,42,370,81.0
UAB,nearear,16,42,371,81.0
UAB,nearear,16,42,372,81.0
UAB,nearear,16,42,373,82.0
UAB,nearear,16,42,374,82.0
UAB,nearear,16,42,375,82.0
UAB,nearear,16,42,376,82.0
UAB,nearear,16,42,377,82.0
UAB,nearear,16,42,378,82.0
UAB,nearear,16,42,379,82.0
UAB,nearear,16,42,380,83.0
UAB,nearear,16,42,381,84.0
UAB,nearear,16,42,382,84.0
UAB,nearear,16,42,383,84.0
UAB,nearear,16,42,384,84.0
UAB,nearear,16,42,385,84.0
UAB,nearear,16,42,386,84.0
UAB,nearear,16,42,387,85.0
UAB,nearear,16,42,388,86.0
UAB,nearear,16,42,389,86.0
UAB,nearear,16,42,390,86.0
UAB,nearear,16,42,391,86.0
UAB,nearear,16,42,392,87.0
UAB,nearear,16,42,393,87.0
UAB,nearear,16,42,394,88.0
UAB,nearear,16,42,395,88.0
UAB,nearear,16,42,396,88.0
UAB,nearear,16,42,397,88.0
UAB,nearear,16,42,398,89.0
UAB,nearear,16,42,399,90.0
UAB,nearear,16,42,400,91.0
UAB,nearear,16,42,401,91.0
UAB,nearear,16,42,402,92.0
UAB,nearear,16,42,403,92.0
UAB,nearear,16,42,404,93.0
UAB,nearear,16,42,405,94.0
UAB,nearear,16,42,406,94.0
UAB,nearear,16,42,407,94.0
UAB,nearear,16,42,408,94.0
UAB,nearear,16,42,409,94.0
UAB,nearear,16,42,410,95.0
UAB,nearear,16,42,411,95.0
UAB,nearear,16,42,412,95.0
UAB,nearear,16,42,413,95.0
UAB,nearear,16,42,414,96.0
UAB,nearear,16,42,415,96.0
UAB,nearear,16,42,416,96.0
UAB,nearear,16,42,417,97.0
UAB,nearear,16,42,418,98.0
UAB,nearear,16,42,419,98.0
UAB,nearear,16,42,420,99.0
UAB,nearear,16,42,421,100.0
UAB,nearear,16,42,422,101.0
UAB,nearear,16,42,423,101.0
UAB,nearear,16,42,424,101.0
UAB,nearear,16,42,425,101.0
UAB,nearear,16,42,426,101.0
UAB,nearear,16,42,427,101.0
UAB,nearear,16,42,428,101.0
UAB,nearear,16,42,429,101.0
UAB,nearear,16,42,430,102.0
UAB,nearear,16,42,431,103.0
UAB,nearear,16,42,432,103.0
UAB,nearear,16,42,433,103.0
UAB,nearear,16,42,434,103.0
UAB,nearear,16,42,435,103.0
UAB,nearear,16,42,436,103.0
UAB,nearear,16,42,437,103.0
UAB,nearear,16,42,438,103.0
UAB,nearear,16,42,439,103.0
UAB,nearear,16,42,440,103.0
UAB,nearear,16,42,441,104.0
UAB,nearear,16,42,442,105.0
UAB,nearear,16,42,443,106.0
UAB,nearear,16,42,444,107.0
UAB,nearear,16,42,445,108.0
UAB,nearear,16,42,446,108.0
UAB,nearear,16,42,447,108.0
UAB,nearear,16,42,448,108.0
UAB,nearear,16,42,449,108.0
UAB,nearear,16,42,450,108.0
UAB,nearear,16,42,451,108.0
UAB,nearear,16,42,452,108.0
UAB,nearear,16,42,453,108.0
UAB,nearear,16,42,454,108.0
UAB,nearear,16,42,455,108.0
UAB,nearear,16,42,456,108.0
UAB,nearear,16,42,457,108.0
UAB,nearear,16,42,458,109.0
UAB,nearear,16,42,459,109.0
UAB,nearear,16,42,460,110.0
UAB,nearear,16,42,461,111.0
UAB,nearear,16,42,462,111.0
UAB,nearear,16,42,463,112.0
UAB,nearear,16,42,464,113.0
UAB,nearear,16,42,465,113.0
UAB,nearear,16,42,466,113.0
UAB,nearear,16,42,467,113.0
UAB,nearear,16,42,468,113.0
UAB,nearear,16,42,469,113.0
UAB,nearear,16,42,470,114.0
UAB,nearear,16,42,471,115.0
UAB,nearear,16,42,472,115.0
UAB,nearear,16,42,473,115.0
UAB,nearear,16,42,474,115.0
UAB,nearear,16,42,475,115.0
UAB,nearear,16,42,476,115.0
UAB,nearear,16,42,477,115.0
UAB,nearear,16,42,478,115.0
UAB,nearear,16,42,479,115.0
UAB,nearear,16,42,480,115.0
UAB,nearear,16,42,481,115.0
UAB,nearear,16,42,482,115.0
UAB,nearear,16,42,483,115.0
UAB,nearear,16,42,484,116.0
UAB,nearear,16,42,485,116.0
UAB,nearear,16,42,486,117.0
UAB,nearear,16,42,487,118.0
UAB,nearear,16,42,488,118.0
UAB,nearear,16,42,489,119.0
UAB,nearear,16,42,490,119.0
UAB,nearear,16,42,491,120.0
UAB,nearear,16,42,492,120.0
UAB,nearear,16,42,493,121.0
UAB,nearear,16,42,494,122.0
UAB,nearear,16,42,495,122.0
UAB,nearear,16,42,496,123.0
UAB,nearear,16,42,497,123.0
UAB,nearear,16,42,498,123.0
UAB,nearear,16,42,499,123.0
UAB,nearear,16,42,500,124.0
UAB,nearear,16,42,501,125.0
UAB,nearear,16,42,502,125.0
UAB,nearear,16,42,503,125.0
UAB,nearear,16,42,504,125.0
UAB,nearear,16,42,505,125.0
UAB,nearear,16,42,506,125.0
UAB,nearear,16,42,507,125.0
UAB,nearear,16,42,508,125.0
UAB,nearear,16,42,509,126.0
UAB,nearear,16,42,510,126.0
UAB,nearear,16,42,511,126.0
UAB,nearear,16,42,512,126.0
UAB,nearear,16,42,513,126.0
UAB,nearear,16,42,514,127.0
UAB,nearear,16,42,515,127.0
UAB,nearear,16,42,516,128.0
UAB,nearear,16,42,517,129.0
UAB,nearear,16,42,518,130.0
UAB,nearear,16,42,519,130.0
UAB,nearear,16,42,520,130.0
UAB,nearear,16,42,521,130.0
UAB,nearear,16,42,522,130.0
UAB,nearear,16,42,523,130.0
UAB,nearear,16,42,524,130.0
UAB,nearear,16,42,525,131.0
